ZCTA,Population_65plus,Median_Income,Heart_Disease_Prevalence,Diabetes_Prevalence,Obesity_Prevalence,Arthritis_Prevalence
27751,232,136165,12.4,24.0,30.1,32.7
27752,3067,65541,4.7,21.6,41.0,33.4
27753,1826,131912,7.3,10.3,28.6,33.0
27754,125,41700,8.7,12.9,20.7,28.2
27755,2748,134795,12.7,23.2,47.5,35.3
27756,4740,44347,10.6,21.6,23.3,33.1
27757,1361,124395,12.0,21.1,43.4,34.0
27758,2165,144766,5.9,24.4,31.1,37.9
27759,3445,117956,5.8,6.5,33.7,23.6
27760,1033,143573,7.6,6.3,27.6,39.1
27761,1150,46983,3.2,13.7,24.1,38.0
27762,916,107596,13.0,23.3,21.4,34.3
27763,4303,124428,7.4,15.7,20.5,28.8
27764,837,101018,3.8,23.7,37.4,15.1
27765,3014,124417,13.5,8.1,46.9,33.9
27766,3702,92508,14.6,19.7,26.8,38.0
27767,892,36140,10.8,11.4,22.3,26.2
27768,3275,98303,7.3,18.5,35.9,20.5
27769,1455,111142,8.0,13.6,35.0,33.5
27770,1485,62482,6.1,11.1,42.0,30.0
27771,4092,144617,11.5,22.1,25.9,40.0
27772,4484,149302,7.3,12.8,45.9,19.5
27773,1160,85717,3.4,9.6,22.0,22.9
27774,1471,98197,3.6,8.0,35.6,36.3
27775,4238,32143,10.4,8.5,39.3,31.5
27776,1249,132251,6.5,15.4,27.1,35.6
27777,3302,135264,5.0,6.1,21.6,32.3
27778,3453,144559,9.6,6.5,22.7,20.6
27779,3042,122700,6.3,14.0,46.4,30.1
27780,4728,127140,3.9,19.0,20.0,38.5
27781,3548,114229,5.3,18.8,28.1,31.3
27782,3147,102700,12.3,23.0,49.4,31.1
27783,2810,72356,13.2,15.1,31.4,35.6
27784,1600,97917,13.5,9.4,23.6,32.6
27785,168,144162,9.4,21.0,21.7,35.1
27786,1966,56018,14.4,8.0,48.1,22.3
27787,2048,148371,4.8,18.5,46.4,28.1
27788,4001,25683,11.1,19.0,22.5,36.8
27789,3608,59743,11.5,8.9,37.6,31.1
27790,400,90839,3.6,6.1,38.6,23.2
27791,4222,37189,6.4,8.8,41.0,22.1
27792,3077,76104,14.4,20.9,24.2,34.1
27793,2700,143257,12.1,21.7,25.3,32.3
27794,2253,131213,3.7,10.2,48.2,27.3
27795,4781,127308,9.5,15.4,39.0,20.0
27796,4829,145753,10.8,6.1,30.6,22.3
27797,4118,99988,14.7,8.9,45.6,37.0
27798,3182,97933,11.6,16.3,35.8,23.5
27799,4854,75182,10.7,9.7,23.3,27.9
27800,1339,30826,13.9,6.0,42.9,23.0
27801,3033,78503,10.9,22.8,45.3,34.7
27802,2468,34386,14.2,9.6,21.4,19.9
27803,559,131023,8.9,20.5,23.5,35.8
27804,4128,69319,11.6,13.4,26.8,26.3
27805,2726,139403,10.6,19.1,24.3,26.0
27806,3863,98961,9.6,12.1,41.2,38.1
27807,2901,36112,6.9,17.1,22.7,21.1
27808,4355,59486,13.8,18.1,22.9,34.4
27809,563,91028,6.2,7.5,49.9,39.1
27810,1097,102010,4.9,22.7,36.3,38.9
27811,3106,141702,11.5,12.1,31.6,33.7
27812,1778,98565,9.6,20.7,30.2,21.7
27813,964,81686,6.2,16.0,33.8,37.4
27814,1290,70284,13.4,8.7,27.8,25.3
27815,2797,131840,6.4,12.1,47.9,24.6
27816,2474,30886,3.8,6.7,48.0,24.8
27817,964,39412,3.2,10.4,48.9,16.5
27818,2676,147315,14.1,9.1,47.4,23.9
27819,4015,98992,7.8,10.5,48.0,38.0
27820,3026,85919,5.6,21.1,33.4,21.7
27821,4529,54415,9.8,6.6,28.4,22.5
27822,2497,43056,8.9,17.6,30.6,34.4
27823,2321,110567,15.0,12.1,42.8,16.6
27824,1882,47772,13.7,14.7,24.1,35.6
27825,4098,66388,6.3,9.3,20.1,36.4
27826,2903,77314,11.4,24.1,41.3,18.6
27827,4267,105316,7.6,18.3,35.4,20.9
27828,4647,120464,7.4,9.0,42.2,33.0
27829,3058,142598,7.4,14.8,39.0,26.8
27830,1878,99181,10.7,8.1,24.7,22.8
27831,925,49924,9.5,23.2,39.6,24.9
27832,3761,73221,12.1,14.4,49.2,34.4
27833,3469,66381,4.8,6.5,37.6,18.1
27834,3195,117874,8.1,8.0,26.2,34.6
27835,2257,129937,13.3,15.0,25.4,21.7
27836,151,70741,3.0,8.9,25.6,34.3
27837,3461,106019,10.5,19.2,41.1,38.9
27838,3615,41965,12.4,13.5,44.5,38.3
27839,4662,60430,7.6,16.3,24.7,39.7
27840,3430,112272,13.6,17.4,49.4,20.5
27841,1774,56807,11.8,24.0,39.9,39.3
27842,2965,40966,10.3,23.7,31.3,19.9
27843,1461,29258,5.4,12.5,29.0,16.2
27844,886,31923,11.0,22.9,42.4,19.3
27845,655,117463,13.0,24.9,35.7,15.5
27846,2139,133862,11.8,22.6,30.7,15.1
27847,1862,146516,9.9,6.0,23.6,30.1
27848,2212,50605,11.6,11.5,38.3,16.1
27849,2310,59092,14.7,7.2,34.6,22.3
27850,1801,137473,3.1,18.7,41.5,26.3
27851,2186,57868,11.0,12.0,49.5,20.6
27852,2812,41799,12.5,8.8,33.5,38.8
27853,2507,111979,10.7,9.1,49.2,22.7
27854,2416,100111,6.3,12.5,21.2,15.6
27855,1710,71210,12.9,16.9,37.3,25.0
27856,4452,40230,14.0,18.6,44.8,17.8
27857,4805,124347,11.2,5.4,26.1,36.3
27858,1227,43130,9.1,24.6,35.5,28.4
27859,1004,121550,7.4,5.8,44.5,17.3
27860,263,45875,7.0,24.6,34.9,24.1
27861,1236,87908,11.7,10.4,37.6,24.3
27862,4810,105163,10.3,22.8,21.9,34.2
27863,2125,49041,4.9,22.6,46.1,39.3
27864,205,29443,4.7,14.7,20.2,22.7
27865,4894,34480,3.9,20.0,35.4,20.4
27866,4559,79012,11.2,18.3,34.2,33.6
27867,3192,86483,6.8,21.4,22.5,27.8
27868,2121,29170,3.2,16.1,26.9,33.4
27869,1252,127452,7.1,11.7,41.8,16.3
27870,798,147141,13.0,13.4,46.9,39.9
27871,3967,113129,6.0,7.8,25.0,27.1
27872,3370,57805,10.6,10.7,48.8,35.9
27873,846,66725,8.3,24.3,25.4,19.5
27874,1060,69837,9.6,13.6,38.5,18.9
27875,3591,68424,10.1,19.3,39.5,24.0
27876,3397,29806,8.5,11.2,40.2,21.1
27877,3077,62611,3.7,19.4,42.8,19.1
27878,308,137084,9.8,14.5,36.7,17.4
27879,3416,118003,7.8,20.8,20.8,17.6
27880,1991,123419,5.4,13.0,35.9,19.1
27881,1276,147452,13.8,24.3,45.0,17.5
27882,3606,41662,11.8,8.7,37.3,28.9
27883,2139,74605,6.4,15.1,24.7,36.2
27884,3389,142901,9.5,8.3,26.2,36.4
27885,1552,111623,14.6,10.3,34.9,38.7
27886,4861,71128,5.9,15.4,23.7,25.4
27887,3960,45848,14.4,8.5,23.9,35.5
27888,1717,119577,11.2,7.2,37.3,32.8
27889,534,74452,9.5,21.9,48.6,38.0
27890,2427,132212,14.8,12.3,27.3,30.3
27891,1746,31042,7.0,19.2,34.0,19.9
27892,3263,95602,6.3,14.6,29.7,35.3
27893,4862,149255,7.1,19.9,42.0,19.8
27894,1540,123498,12.0,10.2,36.1,25.9
27895,4543,91864,7.0,7.0,37.9,32.8
27896,4960,96929,4.2,15.4,36.0,37.1
27897,1033,144041,10.7,17.7,44.4,22.1
27898,4378,130437,5.7,24.0,25.4,18.8
27899,2655,84323,3.0,20.5,45.5,30.4
27900,1246,104297,5.4,22.5,23.6,24.7
27901,4096,39182,12.8,19.6,38.1,31.1
27902,480,39394,14.3,24.9,34.9,36.1
27903,924,81540,10.9,19.8,31.7,27.3
27904,1638,38883,6.7,18.1,35.9,17.0
27905,3475,42941,8.2,11.3,27.8,38.3
27906,1737,47360,5.3,9.9,32.0,22.3
27907,4387,81681,13.6,10.6,21.1,39.3
27908,624,122197,11.0,5.5,49.9,36.1
27909,3207,126428,4.0,9.7,22.7,23.1
27910,1193,128186,7.4,10.7,44.9,25.5
27911,204,89048,9.5,6.7,30.6,16.9
27912,1839,81271,12.6,5.2,42.1,34.6
27913,2460,33720,14.0,15.1,30.3,22.8
27914,3226,99225,4.6,8.6,48.4,19.3
27915,1776,64550,13.0,9.7,24.4,35.3
27916,2454,138660,3.8,24.6,30.6,36.1
27917,4231,129602,5.9,8.0,49.4,24.2
27918,3034,97682,3.3,6.0,25.0,21.4
27919,1972,125114,3.8,21.5,36.5,31.4
27920,1142,32914,3.4,10.4,21.0,22.3
27921,3534,87953,4.8,15.1,46.5,27.7
27922,1541,109765,13.5,21.7,27.7,31.1
27923,1945,76277,6.4,15.1,32.3,30.4
27924,3601,97877,8.8,22.9,31.8,32.5
27925,1641,90129,8.8,18.3,27.0,24.1
27926,566,123623,14.9,17.3,40.9,28.5
27927,3044,40391,7.4,20.1,36.4,19.0
27928,4394,139612,6.2,9.4,27.1,19.3
27929,1691,115006,14.6,8.4,47.1,29.5
27930,2915,143051,10.1,21.8,32.4,22.1
27931,4172,134065,6.5,23.0,34.3,15.0
27932,3672,126690,6.4,8.2,34.0,35.1
27933,4436,54285,4.0,15.6,22.1,18.9
27934,1293,119837,9.7,8.4,22.5,28.9
27935,393,61106,11.7,5.6,44.4,26.1
27936,1021,147865,8.7,15.0,44.1,19.7
27937,1438,120653,13.6,17.0,42.3,27.9
27938,3298,82588,8.8,14.4,44.2,32.4
27939,4663,130038,7.2,20.6,27.8,22.2
27940,2514,134215,6.0,9.6,48.2,33.3
27941,4953,146946,5.9,23.4,21.4,36.4
27942,3575,91405,6.8,16.3,36.4,28.3
27943,1641,141147,14.9,15.6,36.8,16.7
27944,2598,97320,7.3,14.1,33.3,15.4
27945,1007,122768,9.3,9.3,41.5,20.3
27946,2593,111029,6.3,10.7,29.6,39.7
27947,2227,32042,4.7,16.1,30.1,29.2
27948,3188,129733,10.8,19.8,22.5,31.5
27949,4747,148550,9.5,7.8,49.8,31.4
27950,4090,91221,3.8,15.5,39.2,24.0
27951,3851,106293,13.6,5.6,36.0,18.4
27952,2197,128331,9.1,8.7,22.4,31.3
27953,3274,137301,7.0,21.1,28.5,36.8
27954,487,76126,12.4,10.5,36.8,27.6
27955,398,136523,4.3,10.7,41.8,28.3
27956,4534,81746,8.7,15.6,37.1,34.7
27957,3560,148891,9.6,12.4,48.9,33.6
27958,4161,100112,12.3,21.8,27.8,29.0
27959,573,111058,7.4,14.1,45.0,16.1
27960,4811,116022,13.3,22.1,41.5,28.8
27961,4987,141005,11.4,5.2,21.8,27.2
27962,3313,128768,12.3,21.2,30.5,18.6
27963,4208,122067,14.6,5.6,49.9,38.5
27964,548,128419,13.1,22.4,24.4,27.2
27965,2321,56340,7.2,24.0,24.3,22.1
27966,2082,48793,10.7,22.7,37.4,26.2
27967,3711,85470,13.4,22.8,42.9,30.7
27968,2742,41950,9.3,16.1,20.8,25.4
27969,2020,53493,11.2,23.9,27.8,31.6
27970,2416,147583,5.1,7.4,33.8,31.0
27971,1374,100193,12.8,7.2,40.5,24.8
27972,4968,102930,12.1,10.5,29.7,18.2
27973,1715,136928,13.7,15.9,35.8,22.4
27974,3718,149087,11.5,8.4,32.3,30.3
27975,2406,146985,13.5,22.6,35.7,25.5
27976,359,85914,4.9,10.2,40.3,24.6
27977,3306,60233,12.8,23.3,40.8,34.6
27978,1612,143832,14.4,10.7,25.9,22.7
27979,4838,56039,12.8,7.8,31.3,36.9
27980,2228,29348,10.4,19.9,28.4,32.9
27981,3538,28926,14.1,6.0,30.6,20.2
27982,2276,48943,4.1,20.6,30.6,24.8
27983,4607,118252,3.2,23.7,21.2,15.6
27984,3608,102241,14.6,9.6,44.9,28.0
27985,4810,138116,11.2,21.3,32.5,36.7
27986,3180,94546,4.4,23.4,47.0,21.8
27987,331,142565,7.1,11.5,39.7,16.2
27988,829,26400,12.0,20.6,47.6,29.3
27989,3112,130011,12.0,7.0,47.8,17.9
27990,3029,116680,5.0,22.3,21.0,27.6
27991,417,120763,8.6,14.3,33.5,23.7
27992,1630,107660,12.7,10.0,27.0,17.9
27993,1210,146018,14.6,15.5,29.9,29.5
27994,815,148579,10.5,10.1,24.9,21.1
27995,1441,42086,10.7,21.0,20.9,35.0
27996,3504,31255,8.6,11.4,31.0,15.6
27997,3412,62156,9.5,6.5,42.7,24.7
27998,3220,66915,4.2,5.7,47.6,23.6
27999,3187,50449,7.2,10.2,36.2,30.8
28000,301,117520,9.1,15.6,23.4,16.6
28001,2240,57765,6.3,17.7,33.0,25.4
28002,1772,97663,7.3,15.1,41.2,27.3
28003,1156,85722,14.7,19.0,33.5,33.2
28004,3771,59588,3.1,18.6,26.5,24.3
28005,518,49290,6.6,16.5,42.3,19.7
28006,2698,78896,10.0,18.6,43.9,30.5
28007,725,56699,6.3,22.2,42.5,35.4
28008,3930,144079,11.1,5.8,36.8,21.6
28009,1978,139115,6.6,21.7,39.0,19.5
28010,2044,42763,10.7,12.1,40.1,23.3
28011,3029,87923,13.2,11.1,47.7,30.4
28012,2867,82622,10.9,22.3,24.7,17.6
28013,3483,114958,3.6,17.1,37.0,35.8
28014,3640,29347,12.5,6.2,34.8,29.8
28015,493,50607,5.6,8.8,26.7,38.4
28016,2956,54257,10.6,23.7,49.8,31.0
28017,3019,108263,10.8,13.2,43.8,18.7
28018,2718,46654,12.6,10.5,28.4,22.8
28019,731,107524,9.1,9.0,43.8,24.9
28020,2956,47903,7.5,16.1,27.4,18.2
28021,421,147220,9.2,24.4,28.4,19.9
28022,3606,35847,9.5,7.7,46.7,24.6
28023,4769,113503,12.9,9.8,47.1,31.6
28024,1793,72245,5.5,14.9,44.4,25.7
28025,1163,25591,13.2,9.3,49.8,25.2
28026,3211,49422,7.4,25.0,23.3,17.7
28027,1576,88215,11.9,13.2,36.1,27.2
28028,3017,80315,7.0,13.8,33.9,25.7
28029,3361,110874,11.5,9.4,38.1,19.6
28030,2893,115123,12.6,20.9,38.3,39.9
28031,3186,72048,9.7,14.3,38.9,23.9
28032,3911,64547,10.4,18.0,29.3,36.4
28033,4070,123425,11.5,8.5,21.5,37.6
28034,3451,139503,11.3,7.6,30.3,35.8
28035,1058,119632,11.7,16.2,41.5,22.2
28036,4243,92812,13.2,8.6,31.3,22.5
28037,1682,52220,5.6,15.3,35.8,36.2
28038,3276,86417,5.6,25.0,49.6,31.6
28039,2516,131399,14.6,13.8,41.8,27.2
28040,559,64844,13.2,5.5,47.7,27.8
28041,2394,124181,10.1,17.7,31.4,27.8
28042,2411,124089,3.1,10.2,36.7,16.7
28043,1329,108996,13.3,23.8,26.5,33.0
28044,1630,72238,12.0,9.7,32.5,31.3
28045,4725,145359,14.5,23.7,27.1,22.5
28046,1487,25100,3.2,5.4,36.2,18.4
28047,2897,33567,3.3,24.6,37.5,33.4
28048,1463,99373,9.2,10.5,25.3,18.1
28049,4602,90427,13.3,20.6,46.0,33.6
28050,552,28382,14.9,14.3,26.0,32.7
28051,4004,85855,6.8,12.4,33.0,18.7
28052,677,47344,3.4,24.2,24.9,30.2
28053,4019,134236,5.3,23.8,25.6,30.4
28054,3112,85872,13.5,17.1,34.7,28.3
28055,3364,80495,8.6,23.8,38.2,23.7
28056,2031,78968,13.2,20.8,22.2,33.0
28057,4342,104447,8.3,12.3,23.9,38.7
28058,4601,76175,3.6,22.9,30.2,15.4
28059,282,97828,10.4,12.2,22.4,29.2
28060,3277,54142,8.2,23.9,40.8,28.1
28061,335,117064,8.9,15.3,47.1,24.9
28062,737,42429,14.4,19.8,41.3,32.7
28063,3105,43481,8.5,17.7,37.8,35.9
28064,4374,143510,12.6,19.7,48.4,20.1
28065,2579,78973,3.7,8.6,31.6,26.6
28066,3572,45250,8.7,22.8,20.5,17.3
28067,624,118743,10.0,21.4,22.5,34.3
28068,2890,113129,4.4,17.6,47.3,39.1
28069,2470,51590,6.6,9.2,49.1,39.1
28070,1384,131380,11.9,16.5,21.8,16.6
28071,1735,89641,5.2,13.7,47.6,39.6
28072,1823,125653,4.5,5.4,24.9,26.9
28073,2546,52974,6.6,23.5,31.0,30.4
28074,4532,107303,13.3,20.4,42.6,26.7
28075,4314,73906,12.2,23.0,31.9,34.3
28076,1681,55446,12.3,17.1,43.3,26.0
28077,2560,27585,6.9,11.6,40.3,19.9
28078,679,107622,4.2,13.8,48.0,40.0
28079,4041,27096,3.4,21.6,33.2,37.4
28080,295,58086,10.0,9.0,35.4,15.6
28081,432,65980,11.4,8.0,43.1,27.9
28082,3191,140279,7.5,7.0,49.2,36.1
28083,4818,94640,9.3,7.0,30.8,19.2
28084,757,75612,6.3,14.7,48.1,38.4
28085,803,123163,7.4,19.7,40.6,26.5
28086,1549,52122,11.8,22.8,47.1,23.5
28087,1352,76063,11.6,16.4,28.1,37.3
28088,623,28126,3.3,14.9,41.5,28.0
28089,2364,53968,14.3,12.7,32.7,19.1
28090,2522,68525,6.2,11.0,32.5,20.2
28091,135,64680,13.9,5.7,24.9,34.7
28092,875,57606,9.1,19.6,28.7,18.0
28093,127,113767,9.0,6.4,43.9,37.9
28094,185,48428,8.4,20.2,38.7,37.2
28095,2335,63116,14.1,19.3,27.3,19.5
28096,2452,26270,5.5,24.7,44.3,35.3
28097,3593,146854,10.3,5.4,48.5,19.6
28098,4381,58049,6.8,9.9,32.7,19.8
28099,4753,52392,14.0,6.6,48.8,15.6
28100,2656,103080,5.0,23.7,26.4,15.5
28101,4412,112132,11.1,15.3,21.6,35.5
28102,356,121469,8.1,24.1,21.3,29.0
28103,3906,26829,10.9,8.1,39.4,28.2
28104,1547,148432,4.9,11.6,40.6,31.6
28105,4519,106874,7.7,17.8,38.8,38.5
28106,2344,61507,4.3,10.5,45.1,30.9
28107,4699,31276,14.6,23.4,40.4,26.5
28108,3443,77116,5.6,13.8,42.6,28.1
28109,793,47000,14.9,17.3,36.6,31.3
28110,2165,137725,8.0,12.0,27.2,24.0
28111,3700,65531,3.9,9.2,24.0,25.9
28112,4320,105773,3.2,21.0,48.7,17.6
28113,582,41284,10.2,20.9,27.6,26.1
28114,3765,85268,10.4,21.3,27.6,39.6
28115,3175,126111,9.3,11.6,47.4,21.3
28116,2774,27919,3.8,22.1,47.3,26.1
28117,2498,36196,7.0,11.4,34.4,33.5
28118,450,75722,7.3,12.2,49.9,20.9
28119,748,51872,11.5,11.0,25.3,39.1
28120,3970,55538,8.0,13.6,33.3,33.7
28121,327,96292,9.9,5.5,24.6,35.3
28122,2163,31707,6.4,10.0,33.6,27.6
28123,524,117448,11.7,10.1,49.9,21.8
28124,2611,117568,3.6,22.0,30.2,36.4
28125,4919,147637,14.9,18.9,33.5,31.3
28126,1921,113796,10.7,10.3,49.6,38.4
28127,4989,103132,4.8,12.3,26.0,18.6
28128,4372,115172,11.6,24.3,40.7,28.0
28129,2690,44959,12.4,16.9,36.8,27.0
28130,2656,76980,12.5,19.0,45.3,22.5
28131,1685,43958,6.2,24.4,34.8,26.0
28132,1778,93918,14.5,18.2,35.7,17.4
28133,4759,94300,3.2,13.0,32.2,34.7
28134,2380,68207,7.6,12.7,41.0,26.9
28135,3849,40150,4.3,7.2,39.7,15.5
28136,2638,139604,7.6,7.0,44.7,24.3
28137,1116,28424,3.7,12.6,33.4,31.7
28138,543,75250,10.7,13.4,26.7,29.3
28139,2167,39271,3.7,18.1,32.5,30.8
28140,3782,101531,10.4,14.2,46.6,20.8
28141,3898,38582,5.8,19.5,40.3,33.5
28142,3727,103868,5.1,7.0,44.4,32.1
28143,210,69067,7.2,11.3,39.4,28.5
28144,2634,90733,10.7,23.1,44.4,38.8
28145,188,149971,9.9,5.9,35.9,39.0
28146,3490,93224,11.2,18.1,23.0,21.0
28147,2041,138193,14.0,16.1,35.6,31.3
28148,3410,32098,5.4,6.2,49.9,25.0
28149,171,47513,8.0,7.6,22.7,25.0
28150,921,133064,6.2,10.7,47.1,28.7
28151,3570,34062,10.0,7.0,31.0,15.1
28152,915,91045,6.4,12.4,22.7,23.8
28153,503,142151,9.7,18.4,36.1,32.2
28154,1798,102761,12.9,19.7,48.7,36.9
28155,4446,117568,9.6,12.3,36.2,28.9
28156,3016,119503,13.1,22.6,32.9,22.1
28157,2142,81249,10.3,22.5,20.6,28.6
28158,2053,108808,13.4,7.9,49.6,18.9
28159,3393,56346,14.2,18.5,26.6,18.2
28160,3802,90381,9.1,10.3,49.3,32.0
28161,3353,125554,12.5,16.9,27.9,17.5
28162,3901,62439,8.6,12.5,33.1,34.5
28163,355,30010,11.5,16.4,21.4,26.1
28164,2031,25984,3.5,17.6,35.0,37.1
28165,1211,58563,14.6,8.0,20.9,21.6
28166,972,129393,13.7,15.1,42.5,23.2
28167,4687,137350,13.7,8.3,37.4,38.2
28168,1661,91383,6.4,8.6,23.0,15.3
28169,4828,141079,6.4,19.9,37.8,26.0
28170,4557,130897,7.8,23.3,43.3,29.4
28171,993,112637,13.6,13.8,33.2,30.8
28172,2784,44377,13.3,20.1,25.9,27.3
28173,1346,138378,6.5,16.5,45.4,30.9
28174,846,32627,9.5,22.5,26.6,26.3
28175,4153,62225,8.7,23.6,36.6,26.5
28176,4185,62339,10.8,21.7,29.8,30.3
28177,1106,37591,5.6,23.5,29.1,20.6
28178,2840,51808,4.0,10.0,25.5,33.8
28179,4410,117424,3.3,10.8,39.1,34.0
28180,4422,34629,7.6,16.7,46.1,21.7
28181,990,82745,14.4,21.0,20.4,15.7
28182,2591,117332,11.2,6.7,29.5,27.0
28183,2976,137343,12.0,11.4,44.6,28.7
28184,1731,140565,14.3,11.5,40.4,37.2
28185,3803,44538,8.1,22.4,23.9,26.2
28186,2126,145397,8.7,19.9,31.9,19.5
28187,4207,87785,7.3,18.0,46.9,27.6
28188,3422,50482,5.2,8.7,38.7,39.3
28189,841,111361,12.2,15.5,44.7,34.5
28190,3108,26095,13.9,5.2,35.5,34.8
28191,2076,69482,12.8,9.1,27.2,39.3
28192,3762,59574,3.6,21.0,22.8,24.6
28193,3900,145684,6.6,18.1,41.6,37.5
28194,3671,72911,10.1,15.9,21.4,17.1
28195,3011,75828,6.9,21.9,29.5,22.9
28196,3184,98935,4.8,13.8,28.3,34.4
28197,873,100093,9.5,10.6,25.3,20.8
28198,2244,87496,9.3,21.8,36.6,29.6
28199,1092,30501,11.5,11.1,49.7,28.6
28200,1938,149289,15.0,22.1,46.4,33.4
28201,3913,130580,10.8,18.3,26.6,18.0
28202,3421,54660,6.8,17.6,22.6,32.3
28203,3942,68885,14.5,6.6,44.3,30.4
28204,3353,70217,9.9,14.5,40.7,25.5
28205,1975,35255,10.7,12.5,39.3,17.6
28206,3337,81333,7.3,23.5,36.0,17.7
28207,103,49821,8.4,5.2,42.0,38.3
28208,264,87509,8.0,17.1,35.5,16.4
28209,4539,114988,14.2,13.2,35.5,27.3
28210,1997,76754,12.7,21.1,31.6,19.8
28211,3340,106297,4.1,21.7,44.4,24.0
28212,2667,46551,6.8,14.3,24.5,39.8
28213,3607,39015,3.7,8.2,46.4,23.1
28214,2659,110401,9.2,9.1,39.5,25.7
28215,1438,108397,6.4,19.5,38.1,36.0
28216,4737,113205,3.9,21.5,47.6,19.7
28217,712,27497,12.3,12.3,39.4,23.2
28218,1984,87652,4.1,12.3,26.3,33.2
28219,4124,30850,6.3,8.4,44.5,28.6
28220,3234,141168,12.3,18.1,48.2,36.2
28221,1155,92323,9.1,7.4,30.0,18.7
28222,1722,75964,12.8,19.1,28.0,27.4
28223,3382,122078,8.0,17.0,40.1,39.5
28224,2710,119323,12.8,21.2,48.1,26.7
28225,3169,142611,9.5,17.0,28.8,21.2
28226,1355,125865,4.1,9.1,30.4,38.5
28227,2760,109866,8.7,16.6,22.1,38.9
28228,4324,119220,9.6,23.1,42.2,35.9
28229,1142,84668,10.3,20.8,44.6,20.9
28230,4552,106824,14.1,8.4,27.0,18.1
28231,1542,124219,5.2,6.9,46.6,18.0
28232,3777,116004,10.3,24.2,34.7,23.8
28233,4276,47755,12.0,19.9,27.9,38.8
28234,3786,32313,13.7,21.5,37.7,26.0
28235,2004,101524,9.3,23.0,37.3,39.3
28236,2813,53965,5.6,14.3,30.0,23.3
28237,1977,44199,12.8,22.5,39.7,20.0
28238,890,72384,13.9,7.6,43.8,17.5
28239,324,112205,4.3,11.8,41.5,32.1
28240,3134,71222,5.8,11.8,31.2,25.4
28241,4975,127897,13.5,5.7,44.5,34.5
28242,4332,25976,8.8,8.7,39.9,31.2
28243,325,42133,5.0,19.6,28.5,25.4
28244,3505,94091,10.7,14.3,46.0,32.7
28245,3279,81732,8.5,16.9,20.8,28.6
28246,911,134664,14.6,17.3,39.4,18.4
28247,2592,46183,5.7,9.2,36.0,33.1
28248,4202,130759,7.3,23.5,40.3,15.7
28249,4323,44399,5.0,7.8,35.8,26.6
28250,4166,36818,3.6,5.1,48.8,28.8
28251,4462,66228,6.3,10.3,30.2,36.1
28252,4409,121464,12.8,15.1,28.3,27.6
28253,346,93564,6.2,8.4,28.3,28.7
28254,1718,146136,11.4,20.5,34.8,27.2
28255,1927,116123,9.3,9.2,39.9,29.5
28256,3545,133631,9.2,24.1,22.4,31.8
28257,520,95775,12.4,19.2,47.4,18.8
28258,2864,108168,10.4,22.1,27.9,34.8
28259,1471,101935,4.9,16.0,20.4,24.9
28260,4338,148642,5.6,16.1,47.8,19.5
28261,2288,118083,9.5,24.5,27.2,33.2
28262,2712,83066,13.1,7.3,39.9,33.3
28263,2180,124709,4.8,16.6,21.1,27.9
28264,4424,113074,4.3,6.4,38.5,22.7
28265,2835,140126,9.2,24.8,28.1,31.0
28266,929,40369,5.3,17.6,26.0,29.7
28267,3158,41698,14.9,6.7,21.9,31.0
28268,949,125416,3.1,10.7,46.8,33.7
28269,2880,79148,8.4,22.8,47.9,30.1
28270,1253,140279,5.0,6.6,44.8,19.7
28271,3929,71547,11.2,10.5,28.8,16.0
28272,2782,56635,10.6,15.1,20.0,17.5
28273,3179,90115,12.7,24.7,27.2,32.6
28274,502,54316,9.8,9.2,37.6,36.2
28275,3075,57367,5.3,20.8,29.9,15.1
28276,1702,70250,3.6,11.9,24.0,24.5
28277,4822,79685,11.7,5.2,26.0,31.5
28278,1080,61438,8.3,20.6,44.2,37.2
28279,2394,139337,5.7,14.8,29.4,16.2
28280,2484,82200,6.0,14.6,24.0,31.4
28281,3452,43293,4.8,18.5,37.9,26.1
28282,4228,147715,6.4,18.0,37.1,17.3
28283,898,37288,12.5,18.1,32.0,34.9
28284,2695,94999,10.4,11.5,35.2,32.7
28285,1466,97310,14.8,16.6,27.8,18.9
28286,3038,125727,9.3,22.6,40.9,34.9
28287,1362,57509,9.3,22.9,26.6,37.9
28288,2876,36454,5.3,13.1,37.5,19.8
28289,3348,70855,10.0,9.7,34.4,29.5
28290,403,121883,10.3,6.5,24.2,20.0
28291,1793,44654,5.5,22.2,32.0,24.9
28292,2416,86674,4.1,8.3,35.5,16.7
28293,4595,50829,7.4,11.3,21.0,35.1
28294,1021,85641,5.1,21.2,44.0,15.3
28295,520,124757,9.0,20.7,41.7,34.7
28296,2278,123499,9.3,13.7,27.7,16.6
28297,3909,79738,10.3,18.9,27.4,30.4
28298,1266,33981,10.2,9.8,29.5,30.4
28299,4773,36259,11.1,23.6,44.0,28.8
28300,639,61321,5.8,24.0,47.0,18.1
28301,3599,135945,11.8,23.8,25.2,39.8
28302,1560,66772,9.3,17.5,20.2,36.7
28303,4787,55380,8.2,6.4,42.3,24.0
28304,4839,128234,10.8,17.3,33.1,27.5
28305,427,60348,9.0,13.4,39.6,27.2
28306,2959,116643,9.3,12.9,46.2,25.2
28307,2193,49549,3.3,5.6,47.9,35.3
28308,2231,58172,12.6,22.5,32.2,28.7
28309,2941,117859,8.1,22.2,27.4,23.4
28310,451,33144,9.2,11.5,44.0,36.9
28311,4832,44228,7.7,24.6,31.3,32.6
28312,4008,92872,9.6,7.7,22.9,37.6
28313,333,65614,3.6,21.7,41.8,34.2
28314,3222,39013,7.6,17.4,42.3,15.6
28315,4976,90625,11.0,14.7,26.1,39.1
28316,2828,132901,14.3,24.3,20.8,31.5
28317,1032,111982,13.2,16.7,23.6,21.1
28318,1923,54996,14.6,21.7,29.4,25.1
28319,3600,55137,12.4,9.6,30.8,31.1
28320,4173,118685,10.6,5.6,46.6,16.6
28321,3445,146416,8.1,9.2,35.4,26.3
28322,960,100345,4.5,24.8,46.5,32.3
28323,1330,55080,6.0,16.2,25.6,17.0
28324,2295,77746,6.3,21.8,43.3,18.0
28325,4495,100253,8.1,18.7,22.7,34.4
28326,1576,138621,10.3,8.1,44.6,30.5
28327,2123,104096,10.4,7.3,31.2,32.8
28328,2696,116807,8.5,14.7,40.1,32.1
28329,2530,53266,6.3,23.8,48.3,29.0
28330,3789,127345,3.7,7.7,44.1,16.0
28331,633,57688,14.9,15.0,26.3,25.9
28332,1356,69122,14.3,20.2,41.3,23.3
28333,1757,115864,5.2,6.6,30.7,37.6
28334,1252,25715,10.3,13.1,39.7,26.9
28335,3993,137541,6.5,15.7,22.6,34.1
28336,1852,40163,5.3,7.2,20.2,21.8
28337,1783,43825,11.2,18.1,48.0,33.3
28338,3078,115059,12.4,19.8,48.3,22.6
28339,4432,143117,7.9,17.8,24.4,19.2
28340,3753,63036,3.7,6.5,48.2,36.7
28341,3113,148354,7.8,5.1,37.0,29.9
28342,800,76973,9.4,21.0,37.1,26.6
28343,4770,73805,13.7,14.8,42.0,33.1
28344,3164,49444,10.9,16.3,42.9,38.9
28345,4966,116763,11.5,23.1,27.1,35.7
28346,1864,80303,5.4,16.2,44.2,15.3
28347,4418,48780,11.6,10.1,44.5,29.1
28348,1222,133613,9.0,14.0,25.6,15.9
28349,3930,136294,12.8,14.7,38.9,26.6
28350,3058,41033,5.6,18.6,42.3,27.7
28351,2420,102488,9.2,12.0,37.6,19.2
28352,1522,133583,5.5,21.8,29.2,36.6
28353,1640,44285,6.4,15.7,28.5,22.6
28354,4625,142788,13.0,15.9,49.2,20.0
28355,622,110512,11.3,20.2,45.1,20.6
28356,3107,49758,11.7,6.6,27.9,17.7
28357,2598,54610,3.8,22.8,44.4,29.9
28358,2189,113585,11.7,8.9,29.1,35.8
28359,1838,64600,8.9,11.7,48.4,32.0
28360,4289,67582,8.5,6.8,44.2,22.5
28361,2633,123387,8.0,14.4,44.3,25.9
28362,2664,89908,13.2,11.8,21.4,23.4
28363,2864,107005,5.1,9.3,22.0,37.7
28364,598,130768,12.8,8.5,44.4,23.7
28365,2518,34934,14.1,7.8,33.5,24.5
28366,2846,140998,5.0,6.3,48.1,19.0
28367,584,138772,15.0,9.3,40.7,31.1
28368,764,72647,14.9,5.1,30.1,26.3
28369,3554,34132,10.5,6.6,27.9,30.1
28370,727,42420,6.2,24.3,48.0,32.7
28371,1784,108320,8.2,13.0,24.8,38.4
28372,831,61248,5.0,23.4,36.6,30.7
28373,4387,78972,4.4,13.0,29.9,24.6
28374,1344,85355,11.4,20.6,47.0,39.4
28375,2274,129053,10.0,19.0,49.7,33.9
28376,3974,128017,9.8,8.2,36.6,29.4
28377,2874,80310,6.0,14.4,21.9,26.8
28378,3178,91260,5.8,7.4,49.1,15.7
28379,4891,57955,14.9,13.1,33.0,34.8
28380,1239,113297,10.5,10.7,33.3,31.6
28381,4759,88348,12.8,17.3,32.3,24.9
28382,3217,121007,7.5,19.9,29.2,18.4
28383,2540,78982,13.1,23.3,23.0,39.1
28384,4218,129905,11.7,6.0,44.9,19.6
28385,3302,60540,7.2,19.9,27.7,15.4
28386,3298,137784,11.6,7.5,33.9,34.4
28387,4640,127916,14.1,22.4,26.6,23.6
28388,4972,125884,5.6,18.0,20.5,22.2
28389,2144,77852,9.6,23.0,35.7,28.8
28390,807,44323,14.6,7.6,25.6,17.5
28391,532,91674,12.9,14.7,30.3,37.1
28392,572,32211,10.4,14.9,26.8,25.6
28393,147,82547,3.8,19.8,37.8,30.4
28394,2014,114560,7.9,24.4,45.1,17.1
28395,1205,143068,10.8,5.3,21.9,27.5
28396,3280,72003,7.9,18.0,23.9,34.3
28397,1990,141033,15.0,5.8,35.5,16.2
28398,457,57148,12.0,13.4,27.3,38.3
28399,667,49936,5.2,22.0,45.6,28.7
28400,579,140831,8.9,16.2,39.8,19.8
28401,966,123517,7.6,22.0,43.1,25.8
28402,3360,108768,10.1,17.8,44.9,29.8
28403,4159,85726,8.4,23.1,20.6,16.4
28404,1128,140329,5.9,20.8,47.4,32.9
28405,3457,91141,11.7,19.5,47.4,20.9
28406,1913,40424,4.3,19.9,20.4,31.7
28407,3828,41749,9.4,16.3,21.1,19.9
28408,3626,108148,6.7,22.0,24.9,30.0
28409,4903,58666,14.6,14.3,49.1,26.8
28410,1150,53858,6.6,6.3,36.6,35.4
28411,226,68731,7.1,20.0,33.2,32.3
28412,3706,52640,11.5,19.8,47.0,36.4
28413,2478,142438,4.5,7.7,42.4,23.3
28414,1752,46764,6.9,10.0,21.5,18.2
28415,107,72937,11.4,9.9,48.0,17.4
28416,4808,41473,3.4,16.8,46.0,39.1
28417,1384,75140,6.7,16.2,32.5,39.7
28418,4793,81209,3.1,7.4,22.2,15.1
28419,4581,92976,4.8,13.8,43.1,27.2
28420,278,38461,10.3,5.5,22.2,20.3
28421,3695,30563,8.5,8.1,30.8,30.2
28422,3917,36403,4.9,6.4,21.3,19.1
28423,3354,107212,3.9,14.9,37.0,21.3
28424,4553,51065,3.7,6.2,31.2,29.1
28425,2523,144414,4.0,24.0,45.6,29.8
28426,4897,73374,4.2,17.5,37.1,34.5
28427,1850,101897,4.0,20.4,39.9,20.8
28428,4977,111185,3.7,13.2,25.1,36.9
28429,4277,30429,11.4,24.0,44.5,22.8
28430,3529,83793,14.3,20.5,47.6,25.3
28431,284,144673,13.3,11.3,42.4,36.8
28432,2435,34282,6.2,7.4,22.2,29.8
28433,3233,80351,5.5,14.2,44.3,17.1
28434,606,102357,3.6,16.0,41.9,39.3
28435,4225,76767,4.9,15.6,25.7,24.0
28436,2032,33342,9.8,23.8,25.7,32.0
28437,1296,39653,15.0,18.9,46.4,37.6
28438,3785,89652,13.3,14.3,23.9,23.7
28439,4281,30434,9.2,19.2,20.6,37.7
28440,1438,91519,8.1,12.0,27.8,29.1
28441,2720,92355,4.8,21.0,33.7,15.1
28442,782,107896,8.0,22.6,35.1,16.9
28443,3614,145837,10.1,23.9,39.6,29.3
28444,4467,131684,10.1,5.7,46.7,36.3
28445,2260,31460,9.7,10.8,45.2,22.8
28446,1829,126082,12.9,8.3,45.7,29.0
28447,1517,38916,9.1,18.3,22.3,25.0
28448,4114,109491,8.7,10.1,20.9,18.4
28449,118,34378,6.7,14.2,34.0,29.2
28450,2752,127205,5.2,20.7,27.9,31.4
28451,3900,93975,3.0,22.0,44.4,37.4
28452,564,52140,6.9,17.1,46.2,31.3
28453,790,81385,10.6,14.0,34.0,38.4
28454,1110,132843,9.7,6.3,39.4,37.8
28455,3161,41213,9.4,19.7,27.0,38.3
28456,4120,120424,12.3,19.2,37.3,23.9
28457,262,63252,5.8,9.7,40.5,17.1
28458,1735,81689,11.1,19.6,31.0,38.7
28459,2846,126711,10.3,9.6,38.7,29.4
28460,394,134121,7.1,18.5,21.1,20.1
28461,678,53328,5.6,7.9,43.6,19.7
28462,1685,148546,9.8,23.2,36.6,28.9
28463,3480,124076,14.3,13.0,21.5,35.4
28464,2449,134700,3.9,17.1,33.7,18.7
28465,2271,70909,14.4,9.1,38.1,16.8
28466,294,116276,8.6,22.0,22.3,31.5
28467,941,88823,11.5,24.4,49.6,27.9
28468,4107,29953,12.6,11.1,42.3,32.1
28469,4684,95130,4.8,9.1,27.8,29.5
28470,3031,33840,3.5,15.7,44.0,34.1
28471,545,117335,4.5,24.2,42.9,36.1
28472,179,136391,7.1,20.3,26.9,26.4
28473,4940,95482,14.5,24.7,43.7,30.9
28474,2845,99787,3.5,22.5,22.5,32.5
28475,3788,91523,14.0,18.7,40.3,22.2
28476,1960,109110,9.7,8.7,38.6,36.3
28477,1030,62391,4.2,22.6,48.6,19.6
28478,2034,108705,4.8,17.1,39.2,35.0
28479,4467,34719,11.3,14.0,30.5,16.5
28480,2271,31149,10.3,15.0,35.9,17.4
28481,3394,119791,5.0,24.3,49.5,33.8
28482,4881,80968,13.9,5.2,24.2,31.2
28483,4847,70279,4.6,20.0,40.1,16.4
28484,4492,26901,9.1,20.2,42.3,35.7
28485,2934,43787,9.3,6.9,43.9,20.1
28486,4816,109905,13.4,24.3,46.1,35.2
28487,1754,125154,3.3,14.9,39.8,28.8
28488,3028,116119,4.6,19.3,35.3,15.4
28489,3703,95691,5.0,13.5,33.5,21.0
28490,1772,50121,3.8,11.3,28.9,35.9
28491,4450,31017,10.6,16.4,47.5,18.0
28492,1387,115636,5.8,22.8,26.6,38.3
28493,2826,37202,9.9,17.8,45.5,26.8
28494,4224,100465,12.4,18.1,35.3,17.4
28495,1158,91616,7.9,11.3,23.6,15.5
28496,4944,27021,12.2,9.7,41.2,38.9
28497,701,81326,12.3,17.6,37.8,19.0
28498,3374,145250,6.2,7.9,22.9,34.9
28499,3078,132834,3.2,13.9,20.5,32.9
28500,230,133654,4.2,10.0,23.7,24.7
28501,210,36379,12.9,19.1,39.8,37.7
28502,2671,132826,7.9,15.7,34.2,29.3
28503,3459,25770,13.1,7.0,22.6,17.4
28504,2834,147868,9.6,16.2,39.1,20.5
28505,930,112706,5.4,17.0,32.7,32.5
28506,765,34933,11.5,10.8,39.4,23.8
28507,1166,53981,9.7,11.6,43.4,37.7
28508,3888,37381,7.2,22.5,20.7,30.3
28509,1417,32359,4.1,7.2,21.7,36.8
28510,384,81097,4.2,24.4,42.5,30.4
28511,4759,48830,5.3,9.3,21.6,29.8
28512,4214,138199,11.1,9.8,36.8,22.1
28513,3678,71134,11.7,12.8,44.0,20.7
28514,4742,70072,10.6,24.0,21.8,16.0
28515,147,116470,7.0,22.9,40.5,17.4
28516,1868,101861,8.3,19.9,23.3,35.3
28517,4414,113700,11.5,20.9,41.2,33.7
28518,4961,35988,10.9,15.4,43.8,16.3
28519,3359,59364,12.3,23.1,23.3,20.9
28520,2178,117092,5.9,7.5,46.4,33.9
28521,2406,99283,3.1,15.8,42.3,16.9
28522,3515,145134,6.2,21.4,30.2,22.2
28523,4503,102692,7.2,16.4,20.8,20.7
28524,3242,36763,14.5,21.3,24.2,34.2
28525,667,118171,5.6,8.3,31.7,27.0
28526,4426,62122,12.9,5.8,35.6,34.6
28527,4165,107754,10.5,16.2,42.7,21.7
28528,181,67607,5.0,18.9,40.1,32.4
28529,3105,134555,7.8,16.1,48.3,27.7
28530,316,99594,9.1,12.3,38.3,36.5
28531,434,123279,7.1,19.5,34.0,39.2
28532,658,107823,5.7,23.6,35.7,15.5
28533,3011,52033,6.0,16.4,25.6,15.6
28534,973,136479,10.0,8.4,41.1,37.6
28535,852,74294,11.3,15.4,32.3,21.2
28536,3861,145708,8.6,20.0,45.2,34.0
28537,693,138036,14.3,9.0,27.6,17.2
28538,2851,114806,11.7,13.9,36.8,24.9
28539,1778,143411,13.7,18.4,27.7,29.0
28540,3997,126090,8.7,6.6,39.9,15.2
28541,4748,110310,3.2,9.1,44.7,15.5
28542,1582,85039,10.1,19.4,32.4,26.1
28543,882,89457,12.8,11.3,30.1,34.1
28544,2234,130249,9.4,6.9,47.0,17.4
28545,3686,27759,9.8,19.9,34.0,18.1
28546,3894,85693,14.7,9.2,26.3,29.8
28547,4708,102617,7.4,7.1,25.7,26.7
28548,1083,98355,12.6,17.5,25.9,38.2
28549,4782,53309,9.1,23.2,29.2,27.6
28550,842,136706,8.6,14.5,23.9,38.5
28551,4644,100449,4.7,9.5,40.8,32.7
28552,4783,60921,12.0,16.6,34.3,34.9
28553,4455,119226,12.9,17.7,40.7,24.5
28554,3708,136994,8.2,23.8,29.5,33.2
28555,3371,136236,12.2,24.4,32.5,39.8
28556,2610,126135,10.0,11.9,36.3,26.8
28557,4110,47896,6.1,19.7,33.3,30.3
28558,193,133200,14.1,22.2,22.5,28.8
28559,1475,33649,11.4,17.7,26.6,31.8
28560,1231,88506,13.5,22.0,35.8,22.7
28561,2616,83620,6.4,15.4,47.7,24.0
28562,190,98067,14.0,17.0,28.7,23.3
28563,1579,112232,7.4,7.0,34.7,35.3
28564,1054,114365,3.1,12.6,26.4,36.4
28565,2531,104504,3.9,5.3,32.3,33.0
28566,122,64970,4.1,19.9,23.3,26.0
28567,1825,134811,5.5,13.0,29.7,34.2
28568,4218,92144,5.2,23.0,24.0,36.9
28569,3405,61662,3.7,7.1,24.2,24.9
28570,1821,130092,13.7,5.4,23.1,35.5
28571,1540,75248,12.9,12.5,42.0,36.1
28572,4770,74778,12.2,24.5,33.3,16.9
28573,2250,140978,8.7,24.4,24.7,33.3
28574,2647,57077,8.1,18.6,48.3,33.0
28575,3654,78869,8.1,10.1,36.2,34.4
28576,288,54863,6.1,14.6,36.2,22.0
28577,559,54399,10.3,24.5,35.9,39.9
28578,2336,110331,3.7,21.0,31.6,25.7
28579,4546,92680,10.9,18.4,24.3,31.3
28580,680,25899,9.2,23.6,32.2,29.1
28581,2261,137207,12.8,18.9,34.2,37.3
28582,4815,91233,14.7,10.9,43.8,27.7
28583,1631,145768,13.5,16.3,41.9,31.5
28584,1468,68890,11.6,10.3,41.3,18.0
28585,2534,110975,8.2,16.3,29.2,31.9
28586,3091,64999,5.6,24.2,46.7,16.1
28587,3002,119303,11.0,15.1,39.1,39.6
28588,2630,69577,5.4,15.1,21.0,34.4
28589,572,77592,3.2,10.7,38.9,27.0
28590,958,61184,9.9,9.5,40.5,35.2
28591,3089,101778,7.7,7.2,45.9,18.0
28592,2540,125793,13.5,18.2,46.0,36.6
28593,3806,31594,10.7,16.3,30.1,15.5
28594,1812,71982,10.8,15.3,21.1,38.1
28595,615,31377,12.5,23.7,32.4,20.1
28596,2493,88138,7.0,17.8,38.8,39.9
28597,1475,145807,14.5,12.2,32.8,31.3
28598,3769,42176,5.7,10.1,30.3,26.8
28599,2490,51651,13.5,14.5,33.3,39.7
28600,3362,81900,13.9,11.5,38.0,35.3
28601,4738,75074,3.5,11.8,42.9,31.9
28602,2966,26481,10.6,18.8,20.4,36.8
28603,1159,81139,12.0,10.8,38.7,38.1
28604,856,65273,14.4,5.3,23.8,36.9
28605,3595,33933,6.0,12.0,45.5,16.2
28606,287,108953,9.7,23.6,36.6,29.8
28607,2481,124749,12.3,18.2,31.9,35.9
28608,4678,82718,4.8,15.3,44.1,27.4
28609,2814,126213,13.2,13.8,42.0,15.4
28610,395,30768,7.8,21.9,47.5,38.6
28611,3633,50199,10.7,7.5,41.7,37.8
28612,4240,96978,3.5,11.2,25.2,25.3
28613,4142,99776,5.7,16.3,46.1,31.0
28614,2142,25605,8.7,18.3,22.8,23.6
28615,4370,76265,6.5,11.4,44.1,37.2
28616,3151,93112,14.5,21.1,48.2,23.3
28617,1900,30740,12.5,11.4,48.5,21.7
28618,4004,79662,13.4,5.6,40.3,37.6
28619,3881,74429,8.6,15.2,47.2,28.2
28620,2361,43441,8.7,24.9,48.9,30.6
28621,1622,122625,12.7,11.6,43.2,29.0
28622,4953,124468,7.7,11.3,30.9,30.1
28623,1520,135377,8.8,14.7,29.1,21.8
28624,4692,119235,9.3,8.6,27.4,28.2
28625,204,93707,10.3,17.0,34.0,23.6
28626,3723,30306,10.8,13.4,40.0,31.3
28627,578,106674,11.2,13.1,21.3,31.4
28628,792,31536,8.3,19.0,40.8,24.7
28629,3138,103672,6.5,8.7,29.8,26.0
28630,3069,73438,14.0,25.0,30.5,24.0
28631,293,123564,12.9,15.9,26.8,23.9
28632,1589,56812,3.0,8.6,24.0,35.0
28633,158,53709,9.2,6.7,40.5,22.7
28634,1986,139654,6.3,20.1,24.3,39.7
28635,3709,95721,10.7,9.6,38.8,21.0
28636,4673,87938,9.0,19.8,46.2,24.2
28637,2680,77717,3.3,19.4,45.3,15.9
28638,2068,143506,11.7,24.9,30.8,27.0
28639,4787,45946,6.3,6.8,42.1,38.4
28640,4153,47591,6.1,16.0,37.8,25.9
28641,4744,109714,3.4,18.9,25.9,37.4
28642,3185,57408,12.9,8.9,28.0,28.6
28643,320,34395,9.9,20.6,34.7,16.9
28644,975,40013,8.8,15.4,47.8,38.9
28645,3562,31988,11.1,12.5,38.9,39.9
28646,2825,76164,7.1,12.3,35.4,38.7
28647,1296,84154,9.8,12.3,39.4,28.8
28648,2809,80394,6.0,20.5,24.5,16.6
28649,2831,118720,3.8,24.2,23.7,29.8
28650,435,49879,9.7,18.1,49.1,30.1
28651,324,42480,5.7,9.4,45.1,19.6
28652,4041,37220,12.0,7.4,36.5,30.7
28653,4383,36810,8.4,6.7,34.0,17.3
28654,1347,87386,6.0,16.3,30.2,34.7
28655,2790,58934,10.3,22.8,36.0,29.0
28656,4057,62077,4.4,13.2,48.7,27.9
28657,4689,49268,12.1,8.0,22.0,39.8
28658,1986,142040,8.4,13.9,37.6,35.9
28659,410,63301,12.8,20.9,48.5,20.2
28660,2668,65852,4.7,20.6,43.1,39.8
28661,1704,30848,7.6,12.9,43.6,17.8
28662,4082,66304,5.2,14.6,39.3,15.3
28663,468,124047,3.7,17.6,47.9,34.4
28664,3646,149501,14.5,15.2,48.0,17.7
28665,4941,27541,11.7,9.9,35.5,25.5
28666,1097,112720,6.9,20.5,42.4,23.3
28667,596,84266,6.0,13.8,49.6,21.3
28668,1063,58916,5.5,11.9,33.5,32.8
28669,2104,138047,3.5,10.6,30.7,19.7
28670,1298,71315,4.2,22.6,23.3,16.7
28671,2445,119062,4.2,11.0,40.0,28.8
28672,676,138631,11.0,19.0,24.2,26.3
28673,3260,66616,10.1,11.0,36.6,24.5
28674,153,95248,9.8,10.0,21.8,39.4
28675,3532,105215,11.8,13.4,49.8,28.4
28676,328,42159,6.0,23.8,39.9,15.9
28677,878,149549,7.1,21.6,21.7,37.4
28678,3930,40880,4.5,10.5,41.5,30.8
28679,1084,57270,10.1,12.2,38.3,19.3
28680,4568,63975,14.2,17.2,40.9,20.8
28681,568,35199,13.4,13.5,44.4,37.9
28682,2567,122969,9.7,22.4,41.2,36.4
28683,1949,70557,10.7,16.0,25.1,31.2
28684,631,84003,14.9,22.2,28.0,17.9
28685,3135,64946,9.2,10.1,25.6,33.3
28686,661,33798,13.4,18.7,41.3,32.4
28687,189,53279,9.0,13.3,32.1,22.9
28688,1506,123733,3.6,7.1,21.9,38.1
28689,4564,85716,14.2,12.6,34.6,31.6
28690,3245,66964,4.3,11.8,33.5,38.8
28691,1392,92148,11.5,11.4,36.9,29.4
28692,4210,68322,5.9,17.5,47.4,36.9
28693,3881,117312,13.8,13.1,44.3,30.0
28694,4167,84531,5.4,7.2,42.8,29.4
28695,3605,51196,4.7,9.2,26.2,21.8
28696,2491,94847,8.3,15.2,47.2,30.0
28697,1318,111385,9.0,15.3,31.0,21.6
28698,2045,83315,12.8,5.7,33.2,17.5
28699,2352,89804,12.1,8.5,21.0,21.7
28700,3991,43672,6.9,18.1,39.5,37.7
28701,1774,136572,7.6,12.1,48.3,26.9
28702,875,51134,9.9,11.7,27.8,16.2
28703,4881,92904,9.6,5.9,26.6,34.2
28704,3667,109012,13.3,12.8,25.8,16.9
28705,2865,49137,8.7,6.2,29.2,22.7
28706,324,139594,13.7,10.7,42.3,25.8
28707,163,37901,5.5,7.3,45.3,29.6
28708,1887,98647,13.4,21.8,42.0,35.2
28709,3950,25283,6.7,9.0,29.3,17.7
28710,1475,39208,12.5,7.5,39.6,16.0
28711,3634,67994,9.8,22.0,38.1,23.4
28712,4015,85999,13.5,17.4,34.7,30.3
28713,4552,135120,5.8,24.0,35.6,21.6
28714,192,116926,11.4,17.5,35.8,21.4
28715,2842,71291,13.2,18.5,25.5,27.6
28716,1777,66631,12.3,12.2,47.8,26.8
28717,3766,109054,9.8,19.9,40.1,23.1
28718,3964,81326,11.1,16.6,46.9,22.4
28719,2581,92018,5.4,8.2,29.2,24.2
28720,1501,47710,5.6,8.1,32.4,38.0
28721,1706,142034,6.2,17.9,30.3,33.6
28722,4056,64309,12.9,10.4,45.5,24.8
28723,3509,57781,5.0,15.9,37.7,16.1
28724,3171,31243,6.6,8.8,27.0,22.6
28725,997,74907,14.0,13.4,35.3,16.3
28726,3031,33360,12.1,22.2,36.6,23.7
28727,4687,141967,11.8,18.8,45.7,36.2
28728,3813,140822,8.5,14.7,27.9,16.4
28729,3231,40706,11.4,14.8,28.1,22.5
28730,1632,142349,9.8,12.7,24.3,16.5
28731,2077,95360,3.9,18.0,24.2,23.7
28732,1898,74391,9.9,8.8,23.1,24.7
28733,1451,60055,8.4,11.7,20.7,27.9
28734,1938,40068,4.4,18.6,26.7,29.2
28735,2660,127669,7.1,19.4,27.7,31.9
28736,3091,142275,13.7,22.7,37.1,29.5
28737,1763,124613,12.6,11.1,27.9,22.2
28738,2497,113398,14.0,22.1,47.8,21.0
28739,3303,38877,11.6,21.5,21.4,15.3
28740,4741,41826,10.6,5.2,32.8,30.7
28741,698,66684,4.7,18.5,25.2,36.4
28742,2144,42291,4.3,20.3,21.3,22.4
28743,358,141214,6.0,5.1,31.5,36.4
28744,4671,51993,6.8,14.9,40.2,29.7
28745,2005,83487,10.3,24.1,47.2,32.5
28746,3119,49650,13.5,24.1,21.0,33.9
28747,487,27470,13.7,19.8,44.2,35.5
28748,3969,90605,11.2,21.6,24.5,20.7
28749,1961,40170,9.9,11.2,31.3,22.0
28750,3732,111760,5.9,14.2,39.4,32.7
28751,897,64182,14.3,24.9,28.4,18.9
28752,2603,70025,11.1,21.1,47.3,38.4
28753,4120,82475,9.4,5.9,36.1,25.5
28754,2025,116233,4.2,6.1,38.7,27.8
28755,4054,37389,12.9,16.6,25.5,21.0
28756,1727,114515,7.2,12.5,33.3,17.0
28757,4412,149070,13.8,9.7,20.0,22.0
28758,888,108048,5.0,11.4,35.1,37.3
28759,2156,137581,3.6,24.2,34.9,31.0
28760,1163,91133,8.2,11.4,31.7,27.2
28761,4568,149452,3.9,12.2,37.8,16.0
28762,1547,63329,3.7,14.0,42.5,20.7
28763,614,33863,11.6,8.2,21.7,19.7
28764,4559,78882,6.1,12.8,28.2,19.3
28765,2013,111939,10.7,17.9,24.5,37.9
28766,2051,63873,9.8,10.2,27.9,31.2
28767,873,45099,4.7,17.5,24.8,36.0
28768,428,110257,7.6,9.9,44.1,18.2
28769,893,27899,3.8,20.7,21.8,15.8
28770,1061,129867,8.1,23.7,23.7,28.7
28771,4792,76460,5.2,13.9,38.1,24.1
28772,1510,56696,4.2,24.3,49.8,15.6
28773,1237,120665,6.8,18.3,47.6,27.9
28774,4766,43847,3.0,19.2,38.4,20.7
28775,1668,112394,12.1,15.2,32.0,37.8
28776,4572,127294,4.9,9.5,31.6,36.9
28777,3374,69492,10.5,23.8,46.0,21.1
28778,3373,60516,13.0,24.4,21.0,25.4
28779,3569,63272,14.0,21.8,28.7,33.9
28780,2063,101318,9.7,14.3,24.2,26.4
28781,2265,38586,12.5,8.4,26.1,31.2
28782,4736,36222,8.5,6.8,22.4,37.8
28783,3672,118493,8.9,15.1,27.7,25.2
28784,1975,121127,9.6,11.1,27.2,34.6
28785,1336,81225,11.0,22.1,27.8,30.5
28786,2846,51287,11.0,15.9,26.7,26.9
28787,4308,72919,12.4,23.4,26.7,23.8
28788,4568,103267,10.4,19.5,44.5,38.1
28789,2446,82515,13.6,14.0,41.9,17.7
28790,1142,54601,11.5,19.9,40.6,33.0
28791,4971,118149,14.1,24.4,27.1,26.8
28792,4866,145631,12.0,16.3,38.0,21.1
28793,4206,44785,11.9,11.3,42.5,15.1
28794,107,127405,13.3,12.4,26.3,21.5
28795,3796,81907,10.9,17.4,32.5,29.5
28796,3831,124531,5.2,24.4,37.2,35.0
28797,1673,109336,4.0,14.4,27.5,30.9
28798,560,105765,6.8,19.2,41.9,17.4
28799,3406,91257,12.8,8.6,37.4,24.3
28800,2402,140618,3.3,17.4,29.2,16.6
28801,2733,35520,4.8,19.7,30.9,31.2
28802,1451,57432,4.3,13.5,31.0,35.2
28803,461,50654,3.4,17.7,34.1,36.7
28804,887,144976,12.7,9.5,36.3,25.5
28805,308,118496,6.4,14.2,34.4,37.8
28806,366,101693,11.7,21.5,24.6,28.1
28807,4851,36741,4.7,9.0,40.0,22.9
28808,653,125779,7.9,6.8,23.1,38.3
28809,1687,116647,4.4,18.9,25.0,21.3
28810,4616,33604,3.0,11.3,39.6,25.0
28811,1218,140526,10.4,14.8,33.4,15.5
28812,1613,121303,8.8,22.8,37.1,23.4
28813,2026,28687,8.0,8.5,28.3,18.3
28814,3503,58794,3.9,20.5,22.0,17.7
28815,3161,118780,10.1,15.1,48.2,31.3
28816,320,136276,12.4,5.9,35.6,26.1
28817,2444,44219,3.8,8.6,33.8,29.3
28818,2071,146160,8.0,14.9,48.0,22.0
28819,4538,146064,6.7,9.5,49.5,19.0
28820,4788,96331,13.7,12.1,21.7,28.1
28821,4164,131555,6.2,18.9,29.6,25.5
28822,2084,58357,14.3,22.0,39.1,35.2
28823,991,35769,12.9,13.8,46.8,28.9
28824,4902,44552,4.2,15.2,37.5,26.4
28825,3626,76186,8.8,16.8,49.5,24.6
28826,1305,79337,10.8,8.4,40.5,31.3
28827,4952,102796,10.1,16.9,20.3,22.8
28828,1318,79302,11.2,21.2,34.7,17.3
28829,1955,30077,8.1,22.9,48.7,31.9
28830,2099,137365,13.9,8.8,25.4,20.7
28831,2535,42160,6.2,22.1,48.1,16.9
28832,3074,49723,4.1,22.5,28.0,37.3
28833,3198,41019,14.7,20.3,47.4,25.2
28834,3486,66006,10.8,21.4,38.3,23.3
28835,4643,83611,10.9,13.9,31.0,25.9
28836,1916,106152,12.8,24.4,47.3,22.6
28837,1877,42885,8.1,19.4,22.6,19.7
28838,2604,83962,7.6,10.2,42.1,29.7
28839,3039,129803,14.4,5.6,37.8,20.3
28840,938,92200,7.6,8.5,31.4,27.8
28841,2801,31596,3.9,19.9,36.1,29.4
28842,4859,146353,6.7,22.2,42.9,37.8
28843,4960,37232,13.5,6.7,23.5,18.9
28844,3238,129624,4.1,18.1,27.9,39.3
28845,275,123189,11.6,12.4,31.4,37.8
28846,4705,68963,6.2,16.8,42.0,25.8
28847,3786,43406,11.9,22.0,47.1,38.1
28848,3262,98937,9.2,13.6,48.0,36.0
28849,2852,146897,10.6,8.7,31.4,23.4
28850,1289,114211,5.9,7.3,33.7,38.3
28851,4797,71104,5.0,25.0,47.2,16.4
28852,937,34379,3.8,20.3,21.7,19.1
28853,3998,49414,12.9,6.1,42.0,29.8
28854,3951,28053,11.5,8.4,37.9,15.2
28855,2833,139722,6.5,18.7,25.5,33.9
28856,3910,125347,13.0,13.5,44.0,31.1
28857,2753,116388,13.0,17.4,22.3,37.7
28858,3350,70530,4.7,16.3,23.8,28.5
28859,3449,46238,11.6,8.1,36.5,35.4
28860,3410,44338,6.5,13.8,29.2,15.3
28861,4780,89009,8.6,15.6,23.2,24.9
28862,2486,33455,8.2,13.8,41.0,22.9
28863,473,67088,10.2,14.6,24.8,16.9
28864,4775,110211,7.2,24.8,49.4,18.0
28865,4712,82750,3.9,24.7,48.1,39.9
28866,1361,117805,11.1,12.1,32.2,16.4
28867,220,50805,14.5,19.6,42.4,28.6
28868,3945,146467,11.0,9.7,44.2,22.6
28869,2984,71295,9.5,24.8,36.8,39.1
28870,2717,76263,5.0,13.3,44.3,23.3
28871,4238,142704,10.5,16.7,43.9,23.6
28872,3368,81109,10.3,12.6,49.6,28.7
28873,2142,148751,10.4,8.1,28.7,19.0
28874,2219,111053,13.7,8.1,46.3,37.6
28875,590,95391,11.6,23.8,40.1,33.5
28876,4944,46144,12.4,16.1,25.2,37.1
28877,3145,72077,6.8,24.4,24.8,39.6
28878,482,55037,6.2,13.1,43.6,39.5
28879,904,46249,5.5,14.5,32.2,25.6
28880,1277,140160,12.3,9.4,46.3,37.4
28881,2317,98239,11.4,7.1,35.4,29.5
28882,1395,56076,7.1,20.7,29.2,39.4
28883,1017,135073,4.7,12.9,45.6,27.0
28884,4346,95210,13.2,20.7,47.4,27.4
28885,4626,77984,7.6,14.0,34.3,32.8
28886,2514,62098,5.3,23.5,34.7,16.7
28887,750,138241,4.7,22.7,47.5,17.6
28888,2386,76293,14.0,21.4,30.2,29.9
28889,2851,93444,4.6,20.9,39.1,32.2
28890,3298,85230,7.3,18.2,21.3,31.3
28891,1041,31332,10.6,22.4,50.0,33.3
28892,640,119856,7.9,22.0,24.1,25.5
28893,2780,71764,8.7,9.3,25.3,20.7
28894,3827,90501,12.6,18.9,24.6,26.6
28895,2629,45495,15.0,21.7,21.4,17.3
28896,1302,75550,8.6,19.9,43.3,29.7
28897,750,49939,7.5,5.3,33.5,25.9
28898,3106,83087,7.9,17.4,34.0,18.3
28899,4632,143157,7.4,10.7,49.2,39.7
28900,3004,142145,8.7,20.5,26.6,37.8
28901,413,47701,7.0,19.8,21.7,38.3
28902,4214,126988,8.6,7.2,38.2,25.3
28903,1283,109153,14.3,11.7,33.2,28.7
28904,221,138693,6.4,23.0,26.0,35.7
28905,268,91005,10.8,14.7,34.2,27.7
28906,3782,96035,8.8,15.1,25.6,26.0
28907,4824,148191,11.8,9.1,48.7,30.9
28908,4221,82181,8.7,8.6,46.8,19.4
28909,4068,85191,4.9,6.3,35.7,16.3
28910,4117,54206,13.5,6.6,33.5,37.0
28911,3797,48056,11.1,8.5,28.4,24.0
28912,1829,68129,9.3,5.3,41.7,15.6
28913,3655,29323,13.0,24.9,24.1,29.8
28914,1218,91524,14.7,13.7,42.1,16.5
28915,2268,75583,7.9,13.2,33.7,30.7
28916,4321,120406,7.2,16.7,37.0,29.7
28917,4881,104754,12.0,22.1,40.6,22.7
28918,3216,130000,8.5,18.3,41.9,16.4
28919,4830,37302,4.0,9.3,40.4,24.4
28920,2529,139901,7.3,19.9,29.2,16.8
28921,2107,103426,12.7,7.8,24.5,25.6
28922,1150,70107,11.5,22.1,28.9,39.7
28923,804,144713,13.4,19.7,25.2,22.1
28924,2999,98019,4.8,23.7,45.8,24.7
28925,3307,149192,5.9,22.5,22.0,26.4
28926,806,44604,5.6,13.3,37.2,17.0
28927,3932,84799,14.7,22.9,47.7,25.2
28928,2108,111547,5.0,21.2,49.2,33.6
28929,4821,28440,10.2,13.9,46.6,23.0
28930,4721,96268,10.6,18.9,35.0,27.7
28931,1697,109324,10.4,8.3,38.4,21.0
28932,1166,66659,11.3,15.7,24.4,39.9
28933,2046,147285,8.8,6.1,26.4,27.0
28934,2899,30152,4.0,13.2,26.6,27.1
28935,195,149446,11.4,17.6,36.0,28.1
28936,2174,54345,6.4,17.5,36.6,32.0
28937,2018,147645,3.9,12.4,26.5,38.7
28938,1365,146705,5.0,6.8,25.7,15.7
28939,2634,34501,6.4,17.8,42.6,21.0
28940,339,127916,8.2,6.7,27.4,39.8
28941,1427,107600,13.3,9.7,37.5,23.3
28942,1242,51284,9.4,21.1,26.2,20.0
28943,3323,46206,8.7,13.7,35.3,34.2
28944,3948,61668,5.3,25.0,38.6,25.6
28945,1515,72870,14.5,20.4,49.3,36.8
28946,2498,62132,13.9,13.1,23.5,35.3
28947,860,72099,12.8,7.2,41.2,30.7
28948,3742,108707,6.9,13.6,42.0,33.6
28949,1652,90416,9.7,7.7,26.7,19.1
28950,962,74869,7.7,18.8,32.2,38.8
28951,4135,148600,7.8,7.1,41.3,25.6
28952,1255,118346,3.9,23.9,41.4,28.2
28953,456,28857,4.7,12.8,35.0,15.5
28954,1771,114982,14.5,5.7,40.9,23.7
28955,1428,59955,10.3,21.6,36.3,29.1
28956,1129,77904,3.1,12.0,23.5,26.7
28957,2476,102967,12.7,18.4,43.3,31.9
28958,3341,100997,4.0,22.3,27.9,19.0
28959,2091,25780,11.5,6.2,49.2,15.3
28960,3971,54563,10.5,5.3,44.2,32.1
28961,2485,41273,3.8,7.8,42.7,33.0
28962,3240,42013,9.4,9.7,43.8,18.8
28963,981,129033,3.6,15.5,31.6,39.2
28964,638,127834,3.8,24.2,22.1,16.8
28965,4932,30664,3.6,15.9,31.9,28.1
28966,1957,130925,6.1,22.2,29.8,31.5
28967,3657,143609,12.6,9.0,26.5,27.9
28968,4638,48618,7.3,22.9,30.1,28.6
28969,2296,41181,10.7,19.3,39.9,25.3
28970,2050,134573,4.5,24.0,21.9,25.9
28971,1710,123083,14.2,22.5,29.4,27.2
28972,3263,61080,9.1,22.0,28.8,25.5
28973,4563,101854,3.3,6.5,26.3,23.8
28974,4107,109350,9.4,18.5,46.9,16.8
28975,4775,80729,5.2,11.2,45.7,34.8
28976,4851,69102,5.3,10.2,39.6,26.1
28977,326,34821,10.2,14.1,44.3,18.8
28978,691,75625,5.7,22.3,41.3,38.1
28979,4219,115591,5.6,6.8,22.1,29.7
28980,2175,120374,9.5,23.5,44.5,22.6
28981,2771,141757,5.8,22.2,33.8,35.6
28982,1468,41944,4.3,10.6,35.2,30.1
28983,2122,89933,7.9,11.8,49.4,32.7
28984,2178,27695,3.6,6.0,48.6,29.3
28985,4050,87855,13.9,19.6,28.6,32.4
28986,3981,32910,8.4,8.4,31.2,20.4
28987,3421,101387,3.2,10.9,20.8,20.6
28988,4245,39803,5.7,13.0,32.7,35.2
28989,2536,97996,14.5,13.1,28.7,40.0
28990,1904,101487,9.0,21.0,21.4,23.7
28991,3459,122101,7.3,14.9,29.7,21.8
28992,1830,125307,6.8,6.1,37.7,16.5
28993,3762,37408,8.0,17.0,31.8,26.8
28994,3073,85130,5.5,11.1,27.0,37.4
28995,1129,127296,12.0,11.8,22.2,21.8
28996,511,123257,9.1,9.1,44.1,28.4
28997,2081,59229,12.0,7.2,26.6,27.4
28998,761,136342,6.1,10.1,45.7,30.4
28999,1447,54460,3.0,22.5,31.1,27.1
29000,3570,54796,14.6,22.4,47.9,18.3
29001,1405,107814,9.1,23.9,49.8,18.4
29002,4386,66966,4.0,5.7,36.7,20.7
29003,2933,135778,4.2,23.0,36.0,20.8
29004,4780,95814,8.2,12.2,30.8,29.3
29005,1953,91053,11.3,18.0,46.9,30.9
29006,4695,31825,7.8,17.4,28.7,17.4
29007,4775,65822,12.8,8.4,37.7,26.0
29008,915,95835,6.9,8.4,38.7,28.8
29009,3605,139094,3.5,9.3,48.4,36.9
29010,1576,130683,3.1,10.4,32.8,24.3
29011,3613,72003,13.3,12.4,27.9,32.1
29012,2137,124304,14.8,14.1,31.0,34.5
29013,1430,45131,4.6,12.2,41.0,16.6
29014,4975,99367,3.7,16.8,26.9,37.9
29015,3906,137423,14.0,8.1,34.8,23.7
29016,1249,91265,4.2,23.6,21.4,17.7
29017,106,119860,5.7,21.7,38.3,36.6
29018,1536,50008,12.6,6.0,34.9,39.6
29019,3350,113707,15.0,14.2,34.0,21.6
29020,3639,45321,8.8,21.3,26.7,18.8
29021,794,27810,5.5,12.0,41.2,32.7
29022,3065,60705,13.2,13.5,47.1,15.2
29023,3399,61964,7.7,24.9,29.3,34.9
29024,4943,64231,6.3,20.1,49.6,29.9
29025,4341,42505,8.9,10.5,23.3,39.4
29026,3467,38135,13.3,16.3,28.4,31.8
29027,4482,142014,5.8,21.1,28.5,23.9
29028,125,105569,8.1,10.6,40.5,26.5
29029,4647,84222,8.3,6.5,22.7,23.9
29030,2253,54838,13.0,11.6,37.7,33.2
29031,4435,44800,11.1,22.7,47.9,34.5
29032,3589,80132,12.4,14.4,47.7,20.5
29033,431,39691,11.3,16.9,49.7,26.5
29034,744,134438,10.1,5.8,45.1,22.0
29035,1952,34806,4.6,9.8,27.9,22.6
29036,4230,56588,13.0,20.7,25.0,34.7
29037,3023,32522,10.3,19.2,21.8,16.5
29038,2531,86869,11.4,7.2,29.9,29.4
29039,3684,75214,12.3,21.4,48.3,25.4
29040,3909,65238,6.7,15.6,36.9,26.2
29041,910,122828,8.2,10.0,30.3,31.1
29042,1411,145155,9.5,8.1,20.2,27.9
29043,2895,38597,7.1,8.4,37.3,22.6
29044,1994,95086,6.1,13.4,49.0,37.5
29045,3106,128747,12.3,22.5,49.9,28.0
29046,4400,66478,12.0,12.4,36.4,33.4
29047,2170,77576,13.0,18.0,44.8,38.3
29048,2756,30934,11.4,7.9,23.6,39.9
29049,4234,128726,6.7,6.3,49.7,25.1
29050,4368,90745,6.9,13.2,36.1,18.6
29051,4955,115978,9.3,8.3,31.6,36.7
29052,3584,127244,13.0,8.9,31.1,26.0
29053,513,105315,7.2,10.4,44.3,18.3
29054,791,146988,12.2,6.2,48.0,31.4
29055,2762,57943,6.7,21.0,49.2,29.9
29056,4217,97790,7.1,15.8,37.9,18.4
29057,2798,95392,12.0,13.1,36.2,17.9
29058,4409,110449,11.1,11.6,29.0,38.6
29059,1019,33408,5.5,5.0,40.8,31.7
29060,1006,145213,12.9,22.4,24.4,38.0
29061,3310,77062,12.4,20.2,49.7,22.7
29062,3828,71486,12.6,19.6,46.5,30.2
29063,2819,74755,8.6,8.5,38.5,22.7
29064,3766,71508,6.9,6.0,32.9,38.8
29065,4995,149622,13.2,6.3,45.6,21.8
29066,2464,69263,10.1,15.7,38.3,27.1
29067,892,124123,14.2,17.7,47.0,32.7
29068,675,39022,6.0,25.0,30.9,18.9
29069,1827,81749,14.7,15.4,45.6,30.4
29070,3327,140749,7.6,11.6,20.1,25.5
29071,3671,35663,7.6,18.6,25.5,35.1
29072,4286,36662,5.9,17.9,43.6,30.0
29073,3825,105752,14.6,5.5,43.3,17.5
29074,4956,93548,3.5,7.5,33.5,19.1
29075,3466,142643,8.7,18.8,25.2,21.5
29076,4965,122868,7.4,6.6,21.5,23.6
29077,1460,84970,4.9,21.1,29.9,25.8
29078,2148,90720,11.6,23.2,39.1,31.7
29079,3075,143136,13.8,9.0,31.8,24.0
29080,3296,129722,5.9,15.1,45.8,26.5
29081,1187,50177,9.0,11.3,23.3,37.5
29082,305,42693,9.9,15.4,26.7,19.8
29083,3586,124675,7.7,17.3,42.0,27.1
29084,3415,101494,14.1,5.2,40.0,23.2
29085,722,119737,8.5,22.9,33.5,35.2
29086,1777,42396,14.8,12.4,47.9,15.7
29087,3387,89243,6.5,8.8,21.4,19.1
29088,3112,51430,3.9,5.6,22.9,22.3
29089,3112,25006,9.9,24.9,20.8,36.8
29090,3737,148067,12.9,20.2,38.4,32.4
29091,2800,29045,7.7,14.1,23.5,25.3
29092,1971,92159,5.2,22.3,45.4,37.9
29093,178,149019,11.9,14.1,36.7,26.6
29094,1576,105370,6.3,18.8,25.2,18.4
29095,4834,33254,12.2,24.1,39.9,32.6
29096,3328,82784,6.1,19.1,41.3,38.0
29097,2435,42751,9.7,9.8,48.1,17.3
29098,1825,25586,13.7,23.7,24.6,22.8
29099,1214,140066,5.5,5.4,28.1,32.6
29100,260,105166,12.8,23.4,22.4,20.0
29101,1525,88146,6.2,24.2,41.6,23.3
29102,1833,99983,10.9,6.8,49.4,31.6
29103,4515,109407,5.9,6.1,25.9,15.8
29104,2511,68401,4.4,21.8,46.9,36.0
29105,4060,73887,11.0,5.5,43.6,15.0
29106,2622,127250,10.1,21.1,24.6,23.2
29107,4961,91272,7.8,12.1,39.9,21.3
29108,701,143035,3.4,5.4,23.7,34.6
29109,2459,148753,8.7,17.9,31.5,15.7
29110,1655,142926,4.8,10.6,43.0,36.7
29111,4784,115069,7.3,8.0,48.1,26.1
29112,1620,115210,10.0,15.9,41.6,33.0
29113,2490,40218,14.3,5.6,26.8,21.0
29114,1005,35651,9.1,12.9,43.5,32.8
29115,1750,69259,5.3,17.3,37.3,18.8
29116,1217,148293,14.4,19.5,33.1,31.8
29117,1624,41697,3.3,15.3,26.5,32.0
29118,4367,84717,10.7,6.2,42.1,38.9
29119,4821,145960,6.1,20.3,33.0,32.7
29120,3180,84129,12.1,12.8,28.5,36.1
29121,4877,130923,7.0,8.6,24.3,16.7
29122,3340,91968,8.1,10.3,38.9,30.0
29123,4506,103246,12.2,18.3,38.0,24.0
29124,3901,135821,13.8,9.0,49.3,22.4
29125,2035,133090,5.2,6.8,41.5,19.0
29126,3727,87116,6.6,17.4,35.8,20.8
29127,4480,135079,3.1,17.9,30.4,30.1
29128,3809,136307,13.3,13.9,41.4,33.5
29129,2642,137540,14.4,15.1,29.6,27.9
29130,4550,105481,6.4,21.6,28.1,24.6
29131,299,41721,7.6,11.8,44.1,35.7
29132,2283,94877,8.1,22.3,28.5,29.4
29133,2775,81968,7.9,22.5,24.3,35.2
29134,4136,140245,7.7,15.2,25.5,24.4
29135,3593,94835,8.7,5.3,36.4,30.9
29136,4072,113968,4.8,23.4,44.0,39.0
29137,1464,26216,3.7,7.8,26.9,16.6
29138,1952,69870,11.7,15.5,38.0,31.8
29139,4537,44814,13.2,18.4,21.0,33.2
29140,3701,112593,12.7,6.9,33.5,16.3
29141,487,136265,10.5,20.0,23.6,32.3
29142,4199,99463,14.6,17.3,49.5,29.2
29143,4872,69285,3.0,18.5,32.7,22.1
29144,1762,35523,6.8,8.1,25.4,23.3
29145,2558,141953,6.7,10.4,42.8,30.8
29146,312,55307,7.2,11.1,26.0,27.7
29147,4755,29668,12.6,8.0,20.4,37.9
29148,657,53199,7.2,16.3,31.4,39.3
29149,2705,131677,9.3,6.5,38.5,29.9
29150,3219,112610,10.4,10.1,28.7,27.5
29151,3803,144757,13.1,20.2,32.8,32.5
29152,2791,120148,10.4,9.7,28.8,15.2
29153,2094,120454,7.6,8.9,46.5,34.2
29154,574,107127,11.3,7.8,27.4,15.3
29155,1867,52046,9.2,17.3,23.8,30.8
29156,141,124497,9.3,14.1,31.2,20.6
29157,2751,62002,7.0,9.4,29.8,37.7
29158,2195,88690,3.0,9.1,37.7,22.8
29159,4092,75341,7.3,24.8,42.2,20.4
29160,2086,144352,6.6,6.3,45.3,38.2
29161,3965,124962,4.2,19.9,39.4,21.9
29162,3757,114483,5.4,23.3,49.7,26.6
29163,4923,41809,14.8,13.9,37.9,30.1
29164,3617,40806,6.4,14.6,20.5,33.9
29165,2368,54832,9.2,22.1,24.7,31.9
29166,1744,149309,9.6,5.3,30.6,15.6
29167,1039,30029,9.7,8.8,29.8,39.7
29168,4538,30064,3.6,19.3,29.1,34.4
29169,3409,46241,12.3,15.3,39.8,30.5
29170,3085,123872,11.8,24.3,28.5,27.8
29171,2127,74382,14.7,9.2,30.2,39.9
29172,3227,58762,5.2,22.7,47.3,24.3
29173,4233,121541,9.6,25.0,48.3,33.1
29174,1464,133152,12.6,5.0,20.1,37.5
29175,950,94575,4.5,10.8,34.2,17.6
29176,330,137693,12.5,24.6,31.9,31.5
29177,2599,63687,6.2,23.0,34.7,34.7
29178,2404,83133,6.4,6.9,48.7,25.5
29179,2581,87855,14.3,10.1,41.5,32.7
29180,4404,88340,6.8,17.5,48.7,18.2
29181,3811,76777,10.0,10.0,30.5,18.8
29182,3003,136885,8.3,12.8,24.5,32.9
29183,3565,138028,3.9,10.1,39.7,17.3
29184,2868,83380,14.4,11.0,36.9,20.7
29185,2992,144126,5.6,11.8,45.6,21.1
29186,2183,122915,6.2,15.5,46.2,29.2
29187,1338,108532,7.5,20.6,32.0,33.3
29188,2174,131834,9.0,16.0,45.4,33.0
29189,2165,88511,4.7,9.9,29.6,38.8
29190,729,97738,10.6,18.1,26.1,20.5
29191,3308,104821,9.2,21.6,33.9,30.6
29192,4774,139499,6.6,18.0,45.1,19.5
29193,1002,31041,11.3,21.0,34.1,37.6
29194,1153,58353,9.2,14.0,34.0,39.4
29195,222,79757,13.1,23.5,21.7,17.0
29196,1056,25421,13.3,17.3,23.3,36.3
29197,1086,67273,14.8,19.2,33.7,26.7
29198,1351,108233,3.8,7.2,34.5,32.9
29199,4533,87482,7.9,17.6,22.9,33.5
29200,1090,45226,9.0,5.6,22.6,26.2
29201,2420,38939,5.8,8.3,38.2,29.2
29202,1001,65227,14.1,19.0,36.2,18.8
29203,2186,131243,4.1,18.5,42.0,39.5
29204,4092,47905,8.1,14.9,41.3,38.9
29205,4621,91713,5.2,18.2,28.5,39.7
29206,4809,100466,11.2,21.4,39.9,30.8
29207,3680,59434,11.5,21.7,37.2,37.3
29208,2902,127832,13.5,22.8,20.3,24.0
29209,2304,122032,7.9,22.8,32.7,18.4
29210,971,31957,12.3,16.3,40.9,18.2
29211,2924,88425,9.6,12.1,47.3,32.1
29212,3002,138933,12.7,5.0,23.8,39.8
29213,4830,33706,4.0,23.6,26.4,21.9
29214,2603,61097,8.6,8.9,42.8,29.6
29215,3503,95997,4.8,21.7,22.7,35.2
29216,2291,95133,12.5,10.0,20.8,21.2
29217,3982,132484,4.8,11.4,29.8,29.1
29218,4682,86856,3.1,9.1,29.4,17.5
29219,3307,86539,14.2,20.5,34.5,32.6
29220,3758,50993,8.8,13.7,27.5,28.4
29221,3197,79126,14.8,24.2,20.3,16.9
29222,3178,79324,8.4,21.2,47.4,34.2
29223,2738,113491,10.1,16.3,49.3,29.2
29224,3186,133692,11.9,20.7,49.8,34.7
29225,3046,76166,6.4,21.8,49.1,29.0
29226,3571,130122,4.6,23.3,44.5,30.0
29227,4402,131946,10.9,6.6,37.4,19.3
29228,1724,38906,9.1,21.0,35.7,20.9
29229,3057,115645,12.9,8.7,21.9,36.4
29230,3387,64443,3.5,23.3,46.4,30.7
29231,1625,52491,9.5,8.8,26.9,21.3
29232,1582,144506,5.2,8.4,42.3,31.1
29233,358,104213,10.4,14.9,40.9,36.1
29234,553,87787,12.1,22.1,42.5,16.3
29235,898,54535,6.2,6.8,23.8,25.7
29236,4570,141231,8.8,6.2,33.3,35.8
29237,2611,83162,8.0,20.3,41.2,28.9
29238,4270,124993,12.1,21.8,20.4,23.5
29239,341,63450,10.2,14.1,32.4,39.3
29240,1812,43677,4.4,17.9,29.6,22.1
29241,4318,100200,14.7,7.6,44.2,28.6
29242,2102,68161,13.9,16.9,35.6,39.3
29243,3427,66205,9.9,5.2,37.1,26.2
29244,2381,66774,12.3,11.0,22.5,36.6
29245,596,77266,3.2,5.4,25.1,24.6
29246,3211,115504,5.4,10.4,42.5,18.9
29247,826,94794,12.2,5.5,34.8,22.2
29248,1931,86905,4.3,23.8,24.9,21.7
29249,1921,111527,3.5,22.7,20.1,38.6
29250,1916,34362,10.4,9.1,30.7,30.5
29251,191,39255,3.4,23.3,29.9,27.9
29252,3532,120055,5.2,22.9,31.5,17.9
29253,2069,134723,4.0,9.4,20.7,21.2
29254,2484,52138,9.4,18.5,47.6,21.0
29255,3779,76345,11.1,8.7,32.2,24.1
29256,4708,36775,5.2,18.6,42.2,26.7
29257,702,147266,8.6,6.3,26.0,18.6
29258,527,48795,3.2,22.2,20.6,29.9
29259,2119,101071,6.2,21.5,42.0,22.7
29260,1556,31950,5.2,8.4,47.0,29.6
29261,106,51937,5.0,13.8,37.0,29.9
29262,2534,93152,5.7,10.1,25.1,15.9
29263,1473,137919,12.7,7.5,40.9,22.8
29264,740,84868,14.4,5.3,48.3,20.5
29265,3862,149022,11.5,11.1,49.0,17.0
29266,4105,84925,3.9,23.8,35.6,37.7
29267,2330,36826,10.5,22.8,45.5,21.7
29268,4760,78721,11.8,13.7,42.7,33.0
29269,3911,137851,4.3,10.8,31.0,39.7
29270,3406,95359,6.5,11.2,32.2,25.5
29271,545,123891,8.1,19.1,32.4,27.2
29272,4041,55161,6.7,10.3,21.4,19.2
29273,4395,41366,9.2,21.5,39.6,33.9
29274,3095,139379,4.6,12.2,36.8,38.3
29275,612,140877,8.3,6.3,42.7,38.2
29276,1089,37767,11.8,7.4,30.0,26.8
29277,1501,87846,8.5,20.4,21.5,30.0
29278,1912,131556,5.5,20.4,36.5,35.5
29279,645,116952,12.6,12.9,44.6,32.6
29280,2633,149182,7.7,24.9,45.1,23.3
29281,2109,97451,8.1,9.4,44.0,37.8
29282,3532,54259,7.3,8.9,36.8,33.1
29283,4185,37496,6.5,15.5,42.0,35.5
29284,2315,106876,10.2,16.1,23.6,19.8
29285,3765,57804,5.3,13.4,25.8,27.5
29286,927,72708,12.2,16.5,49.2,34.5
29287,2284,34349,8.8,22.9,32.4,30.3
29288,2262,98454,13.6,14.3,32.1,32.7
29289,1375,88899,14.3,24.9,22.3,32.5
29290,1616,89135,7.6,24.0,33.4,15.1
29291,1412,78982,4.9,19.1,39.8,29.8
29292,3623,48699,9.1,19.1,42.2,33.5
29293,615,109879,6.2,19.5,31.2,22.6
29294,4883,50996,8.1,22.2,48.7,27.7
29295,1119,120734,7.5,21.6,33.8,24.8
29296,1395,33698,8.4,19.4,34.6,27.7
29297,1149,51190,9.0,21.3,39.8,38.4
29298,2440,149147,10.5,13.6,23.7,27.0
29299,1357,70885,3.0,15.0,40.0,23.1
29300,2378,25972,6.1,22.9,30.9,34.0
29301,3085,104214,5.0,6.8,20.8,32.8
29302,3969,115561,11.5,20.5,43.4,25.1
29303,1244,135711,13.0,18.4,48.2,34.8
29304,4713,118492,11.7,8.0,37.2,15.1
29305,805,103457,14.7,13.3,30.9,38.3
29306,2524,123515,3.9,19.6,40.9,31.8
29307,3671,43715,8.6,19.5,47.2,31.1
29308,2034,138917,13.8,18.8,29.4,33.9
29309,2584,143289,6.8,8.1,36.8,20.9
29310,1845,57006,12.6,20.6,27.2,19.2
29311,1069,80572,9.7,7.6,39.3,36.5
29312,2646,116176,14.7,24.6,43.7,38.0
29313,2747,42830,7.5,8.1,26.4,29.6
29314,877,142704,8.0,16.9,36.6,26.9
29315,1433,108452,5.0,20.5,25.4,35.3
29316,2217,57107,4.9,5.1,34.2,32.0
29317,2488,77105,13.3,19.4,40.3,24.0
29318,3203,89030,7.9,9.5,21.0,16.1
29319,3214,92369,10.4,8.6,42.3,25.1
29320,4313,105332,12.0,6.5,30.7,32.5
29321,3036,146284,8.3,8.8,36.9,35.6
29322,4210,114402,14.4,17.2,33.9,16.3
29323,1445,47133,14.3,25.0,43.4,29.8
29324,2141,27407,11.2,16.4,42.3,16.6
29325,2774,28305,14.9,17.1,20.1,15.1
29326,1655,56653,3.0,12.8,24.4,37.7
29327,789,95698,3.1,5.8,27.2,22.0
29328,4969,87691,3.8,19.6,35.4,20.5
29329,3552,49449,14.3,6.6,29.0,17.8
29330,1634,103469,10.3,19.4,23.6,33.9
29331,219,59124,14.1,21.7,22.5,21.2
29332,4259,121924,4.5,9.5,31.6,35.0
29333,4655,130963,3.4,20.5,31.8,19.4
29334,4154,43637,9.5,23.2,40.2,15.9
29335,2952,102725,5.1,16.2,24.2,28.1
29336,1713,116047,13.3,13.5,31.6,27.8
29337,3133,42506,8.0,16.0,29.5,32.6
29338,2883,71116,12.2,21.1,34.4,30.4
29339,3036,113437,9.2,17.3,44.5,25.8
29340,4163,81710,9.3,16.3,30.1,24.2
29341,3988,122713,11.2,13.1,49.8,35.3
29342,3884,42893,7.0,5.5,48.4,37.9
29343,2726,104761,14.4,7.9,26.7,28.6
29344,3644,121647,7.8,15.2,35.5,35.7
29345,1249,148590,7.8,17.9,47.4,31.9
29346,4902,58761,11.5,8.6,41.4,16.0
29347,1809,136971,10.6,18.6,46.2,30.8
29348,3258,57822,14.9,15.5,44.0,18.2
29349,1466,149520,13.2,18.4,38.6,28.7
29350,4149,105626,6.4,15.5,39.7,29.9
29351,4590,48113,4.2,13.6,27.7,15.4
29352,4679,101089,4.3,11.3,25.6,33.1
29353,4861,142863,7.3,8.3,37.1,28.8
29354,555,108676,8.7,6.7,22.6,32.0
29355,4405,63927,10.6,22.1,27.6,24.7
29356,4720,96064,13.3,15.9,38.2,24.6
29357,775,145860,14.9,24.8,22.8,28.0
29358,1101,115887,7.9,21.9,38.9,26.9
29359,4171,129403,9.5,7.3,36.0,35.9
29360,995,148235,10.2,22.4,24.1,25.2
29361,2454,102178,9.7,20.5,35.0,33.4
29362,3193,85086,4.1,24.8,41.4,39.0
29363,159,74715,4.4,22.8,37.1,33.5
29364,4581,72614,13.7,12.1,46.6,18.0
29365,2864,109314,11.1,17.8,48.5,35.9
29366,1894,126196,11.1,17.7,30.9,36.8
29367,3362,54593,12.8,23.8,27.8,23.0
29368,2629,139281,4.0,8.5,32.2,25.4
29369,2042,141214,8.0,13.8,33.8,22.5
29370,3587,61888,6.0,16.6,25.6,38.6
29371,4991,111107,10.9,5.1,42.3,20.1
29372,3521,35568,5.6,7.9,47.4,24.5
29373,4796,145696,11.3,17.9,34.3,22.8
29374,4178,116673,7.7,14.4,21.6,15.6
29375,1473,28019,8.3,10.2,49.5,33.8
29376,3653,128001,12.8,8.8,30.3,24.9
29377,3772,129110,7.2,20.1,26.6,31.9
29378,1182,103165,6.1,14.9,31.3,26.1
29379,4347,27944,13.2,10.8,33.8,27.1
29380,1033,71527,11.2,11.8,29.0,26.5
29381,2687,113459,7.8,20.3,33.1,27.3
29382,4185,78143,9.0,12.5,47.9,37.3
29383,657,50117,7.2,12.9,38.9,31.2
29384,4813,84917,9.6,15.3,29.7,21.1
29385,4219,147357,4.7,6.2,20.2,29.4
29386,1642,26153,13.7,19.4,38.3,39.3
29387,2482,122410,9.6,6.8,32.0,25.7
29388,4198,102317,7.6,22.7,34.0,19.9
29389,1107,67706,9.9,15.8,46.2,25.2
29390,1381,108092,4.9,23.8,33.4,22.0
29391,4458,88468,3.9,13.0,24.2,31.8
29392,220,83643,9.6,24.7,36.2,28.0
29393,4216,45116,3.8,17.2,41.2,39.3
29394,1004,32719,10.9,7.5,29.0,29.1
29395,239,123302,12.6,16.3,27.5,28.5
29396,1915,61035,14.9,6.0,31.2,20.2
29397,4401,111424,12.2,13.8,31.8,24.0
29398,4238,54554,14.7,18.5,25.5,32.3
29399,1128,145443,3.3,7.7,39.1,39.7
29400,2354,123374,9.7,8.3,43.2,30.5
29401,444,26222,5.0,20.2,38.6,39.6
29402,2519,29640,5.9,10.4,35.1,19.8
29403,3403,29914,11.8,22.1,37.2,33.7
29404,3335,74753,6.0,17.3,35.4,26.2
29405,2694,141176,5.2,15.9,33.9,16.8
29406,1487,104815,7.5,12.9,20.8,18.9
29407,4117,52737,4.0,24.2,36.2,29.8
29408,1083,62748,4.8,17.5,22.2,20.9
29409,4530,36086,4.8,6.6,36.4,17.0
29410,2222,43195,5.7,13.2,34.9,26.1
29411,3094,72890,13.4,7.5,45.6,38.6
29412,3000,129134,6.5,19.7,32.3,31.5
29413,875,87391,6.3,10.0,48.6,34.5
29414,4018,30687,4.5,5.3,33.7,26.8
29415,835,34964,3.2,24.9,48.4,22.0
29416,1586,106920,4.9,14.4,24.7,23.0
29417,495,71246,11.7,5.7,46.2,33.1
29418,4878,78796,14.6,14.1,43.4,37.1
29419,2101,63673,11.9,10.5,27.3,34.4
29420,3547,71023,13.2,19.5,49.9,16.3
29421,463,121846,12.4,5.2,27.8,31.7
29422,3387,30361,6.6,7.7,34.9,16.0
29423,1954,59949,11.8,12.1,41.7,28.5
29424,4288,102051,12.0,12.9,20.1,34.5
29425,4461,128268,6.1,14.8,30.5,22.1
29426,843,138685,14.0,12.1,37.1,30.5
29427,473,104626,15.0,13.0,37.8,27.1
29428,4289,101505,9.7,14.7,42.9,28.1
29429,4227,95727,6.8,23.6,36.3,20.2
29430,3834,127920,7.3,15.5,49.7,33.8
29431,4184,50484,10.0,13.6,39.6,20.9
29432,239,92458,3.1,6.0,39.5,32.1
29433,3120,59754,6.7,8.0,33.3,22.8
29434,3392,147502,3.6,20.1,33.9,20.7
29435,1664,120938,10.5,24.2,34.8,32.3
29436,157,110962,10.2,12.7,48.8,36.5
29437,3596,149717,10.1,24.2,37.4,20.4
29438,2287,53217,4.8,11.6,21.6,32.3
29439,3048,81091,14.3,24.0,39.8,35.2
29440,4573,25500,9.4,17.2,25.1,31.6
29441,472,104849,9.7,5.6,32.5,27.1
29442,3234,67782,9.5,6.6,22.8,23.1
29443,1687,116443,9.3,24.6,24.7,33.0
29444,877,70306,14.3,11.1,42.7,39.1
29445,4362,118064,10.2,5.3,31.0,20.5
29446,3322,133122,8.8,6.6,21.4,16.2
29447,3778,42611,12.2,15.6,41.7,33.8
29448,4779,27055,6.0,9.6,20.2,31.8
29449,2648,92691,5.3,20.1,44.2,27.6
29450,3043,71824,8.3,22.7,36.7,28.4
29451,1098,35069,3.2,12.3,45.6,39.5
29452,659,90297,6.5,18.9,28.4,19.1
29453,3443,106527,8.0,19.5,25.1,24.4
29454,3601,86405,9.9,14.5,22.0,16.7
29455,4114,68824,9.5,10.2,41.0,21.3
29456,3778,125874,7.4,20.2,47.3,15.0
29457,4428,132892,7.1,6.0,41.0,33.1
29458,4755,78633,3.0,6.7,38.3,20.5
29459,1020,121156,13.6,7.3,20.2,15.7
29460,1342,86622,5.8,11.4,30.9,24.5
29461,180,98012,7.3,11.0,48.3,22.4
29462,3720,93505,3.2,11.4,36.4,37.4
29463,2761,104026,14.5,6.9,27.9,37.1
29464,4898,82037,8.9,13.4,23.6,22.0
29465,640,46494,3.3,14.7,31.8,31.9
29466,1374,30723,6.0,22.6,24.2,38.3
29467,2885,89738,13.6,23.6,48.7,23.0
29468,3586,61357,7.5,11.7,45.2,33.5
29469,3257,133387,11.3,24.2,34.2,29.5
29470,4817,95667,10.4,14.5,49.7,28.2
29471,2343,42657,8.7,21.8,24.5,15.3
29472,3142,130848,13.0,5.1,24.9,25.7
29473,1420,100973,3.5,6.7,24.8,32.5
29474,3093,94246,13.9,13.5,24.2,39.7
29475,2191,71527,11.6,12.9,34.8,25.0
29476,4158,147916,13.4,14.3,43.2,37.1
29477,3125,60708,3.2,10.3,39.3,26.2
29478,4254,90956,4.0,16.5,32.6,26.9
29479,578,60847,5.5,19.8,20.9,24.7
29480,2765,105036,10.1,7.7,30.3,20.5
29481,1856,86559,4.1,15.9,28.2,33.1
29482,1898,78991,14.2,9.7,27.0,23.0
29483,4979,125723,12.0,22.7,31.8,18.3
29484,3220,141968,12.7,23.2,40.7,38.5
29485,3087,87893,10.0,19.2,42.3,17.0
29486,2678,76486,10.6,8.3,25.7,28.6
29487,1126,115849,5.7,24.0,38.5,34.6
29488,4573,26418,13.9,19.8,29.7,18.7
29489,4767,104267,10.8,7.1,27.1,26.4
29490,2054,127851,8.0,16.6,49.9,20.0
29491,3413,130104,13.6,17.4,21.9,28.6
29492,1664,92577,13.4,16.8,45.6,26.8
29493,686,84129,3.0,15.7,32.0,23.8
29494,4552,104119,14.1,6.4,48.3,38.6
29495,784,87749,7.4,8.9,25.9,39.1
29496,3368,116174,8.1,23.6,49.9,36.5
29497,3590,120787,4.0,20.4,42.6,39.2
29498,758,44952,13.5,16.3,36.9,27.1
29499,1396,136556,9.5,16.7,42.8,24.5
29500,1625,137103,13.9,11.0,42.1,31.6
29501,2182,58139,12.4,11.5,30.2,30.4
29502,4707,134092,13.8,7.6,48.0,33.6
29503,1171,132498,14.4,23.6,48.1,32.8
29504,2420,65345,13.6,18.1,28.2,17.8
29505,2674,79527,5.5,10.4,27.7,23.3
29506,309,76675,3.8,19.3,45.8,16.7
29507,723,113274,10.4,22.1,29.2,37.3
29508,1905,144188,4.9,19.0,47.5,36.0
29509,4368,138243,13.4,10.6,39.8,32.8
29510,3849,30650,14.4,9.4,48.9,27.4
29511,4642,72715,4.5,7.1,44.5,39.5
29512,110,26418,5.8,13.0,45.2,25.0
29513,860,90170,10.5,23.5,22.3,25.9
29514,1427,103404,11.7,9.0,35.0,36.1
29515,1277,60969,9.1,14.6,32.2,27.7
29516,2470,145856,7.4,5.2,43.5,30.2
29517,3708,50202,6.7,21.9,29.7,19.1
29518,1076,105985,11.0,17.4,40.3,34.5
29519,2592,141509,11.9,11.4,40.8,36.3
29520,2489,71352,6.5,7.6,29.2,23.4
29521,2557,135932,6.9,17.6,37.0,25.2
29522,3773,29307,8.5,15.7,41.1,28.6
29523,2652,109881,8.4,24.7,39.1,17.6
29524,4235,124950,13.1,14.4,29.9,24.6
29525,1582,84343,8.2,8.2,28.2,17.1
29526,2410,114435,14.7,21.9,29.2,17.9
29527,3841,109555,6.7,22.9,21.6,20.4
29528,3939,92879,11.3,7.1,39.2,17.9
29529,2855,98720,12.1,21.5,41.7,29.0
29530,922,145197,10.6,10.2,21.4,19.7
29531,3697,83353,7.4,15.8,49.2,32.0
29532,560,73069,6.1,16.9,43.6,16.8
29533,4412,144696,10.3,22.9,41.4,31.2
29534,1840,106065,10.9,8.2,45.1,26.4
29535,2224,142906,6.1,5.4,46.6,16.4
29536,1544,47382,7.0,16.9,28.8,35.4
29537,3197,106135,13.3,17.6,34.5,18.2
29538,4569,70110,12.7,24.3,39.2,39.2
29539,753,129027,5.2,7.0,46.5,38.5
29540,3641,36004,14.2,13.2,41.6,23.0
29541,843,143428,10.5,19.2,39.4,28.2
29542,952,95512,9.0,16.1,36.2,39.7
29543,1661,80221,5.4,24.1,29.6,35.4
29544,4045,94574,11.8,6.8,41.4,35.8
29545,2776,145786,14.0,7.9,33.6,35.7
29546,1418,127138,3.8,17.3,23.2,38.3
29547,221,133295,9.2,17.6,44.2,27.7
29548,4354,114607,13.5,14.3,40.2,19.6
29549,3827,44268,14.4,19.8,34.8,29.6
29550,406,124626,3.9,11.7,46.5,29.3
29551,4082,71689,12.5,10.5,41.8,33.8
29552,1212,125913,6.4,8.8,37.6,24.4
29553,4946,140412,9.5,17.1,42.9,20.5
29554,1996,121259,12.4,21.1,45.9,34.9
29555,4786,109331,9.5,5.6,37.7,19.0
29556,445,67275,4.3,8.2,46.3,29.4
29557,4011,149292,10.1,22.1,40.1,38.0
29558,248,46232,4.4,5.4,36.9,34.6
29559,1139,105894,7.2,5.9,33.4,36.3
29560,1490,69502,9.7,15.3,24.4,26.4
29561,4004,34746,14.9,12.3,20.5,24.9
29562,4976,90961,11.7,20.4,26.6,26.7
29563,217,54070,6.6,18.0,25.8,25.1
29564,803,32097,13.5,8.7,26.8,19.5
29565,4483,147637,5.7,11.8,30.6,26.1
29566,3055,49879,7.6,6.7,33.9,35.7
29567,2124,130287,10.8,6.9,44.9,19.3
29568,4638,55408,7.9,24.6,31.1,16.4
29569,4496,115215,11.8,5.8,27.0,33.3
29570,4445,32498,10.8,8.6,49.7,16.6
29571,2057,148243,11.0,12.9,49.9,31.7
29572,4881,98069,8.0,16.8,42.9,31.8
29573,2899,121062,3.7,24.1,31.0,20.3
29574,1097,111582,13.5,12.8,32.1,16.8
29575,505,142535,3.9,8.7,25.4,15.7
29576,2948,30867,8.6,14.8,27.9,34.1
29577,343,109643,6.6,20.4,40.2,31.1
29578,2514,37140,6.6,10.2,37.5,23.2
29579,3956,83452,5.7,8.4,33.8,25.7
29580,1705,30338,6.3,19.3,38.6,22.8
29581,532,101143,14.5,15.4,34.5,28.5
29582,4378,43281,14.7,18.7,48.7,18.5
29583,2906,62588,9.9,12.3,45.7,27.1
29584,1241,42098,9.3,21.3,42.8,20.1
29585,4226,93408,3.6,13.5,23.0,26.7
29586,3124,63699,12.6,18.1,34.2,36.3
29587,1272,38553,5.0,12.7,38.4,38.6
29588,3556,122441,4.7,16.4,22.7,20.0
29589,4297,42586,8.1,16.3,47.3,21.3
29590,1195,80236,7.2,21.0,26.5,35.6
29591,4005,107011,4.2,7.0,20.2,28.4
29592,2952,141211,4.8,9.5,32.4,18.3
29593,2555,30769,14.9,10.9,23.7,34.5
29594,4023,71585,11.8,15.1,41.8,30.3
29595,1490,87063,10.2,23.2,45.3,36.1
29596,2936,45363,6.6,21.0,33.0,26.9
29597,717,131664,8.1,21.8,49.2,24.9
29598,2696,138026,10.5,11.9,35.4,21.0
29599,4486,96780,12.4,11.7,35.8,18.5
29600,2569,100047,14.4,18.9,43.4,33.7
29601,4376,64920,4.5,22.2,25.2,15.5
29602,2802,109160,5.3,24.2,25.8,19.2
29603,3265,137076,9.8,12.3,44.8,19.0
29604,359,99597,14.3,17.6,21.5,39.8
29605,3278,52342,8.4,19.0,27.9,19.5
29606,2391,102085,10.6,23.1,38.0,31.9
29607,4530,134783,6.5,19.7,38.7,30.0
29608,1146,146794,12.7,13.5,39.8,15.8
29609,4466,58742,10.3,20.4,47.7,32.4
29610,4157,96907,7.6,14.0,23.9,35.0
29611,3311,144144,9.5,24.8,31.8,16.8
29612,1507,53714,11.3,12.3,26.6,31.2
29613,1500,125532,5.6,6.5,44.5,15.6
29614,1109,93094,7.1,19.2,26.0,24.2
29615,3506,35701,6.0,11.0,40.9,29.9
29616,3702,117445,14.5,19.1,49.9,25.9
29617,4327,91856,3.5,6.5,32.0,17.6
29618,2915,83923,3.7,24.7,34.0,38.3
29619,1844,114124,7.3,20.9,32.6,24.1
29620,2648,149788,9.5,18.8,36.3,32.1
29621,1645,116896,6.9,17.9,33.4,16.7
29622,234,48634,13.3,7.8,41.9,33.0
29623,4962,141603,5.0,7.9,20.3,38.9
29624,2959,134476,7.4,6.5,34.1,29.7
29625,3578,82600,8.9,20.3,37.3,32.4
29626,4965,26240,5.4,19.3,20.9,27.2
29627,2241,76721,6.5,22.3,23.2,30.1
29628,1364,132245,14.4,18.0,31.3,38.7
29629,1872,138689,9.2,12.9,30.2,25.2
29630,264,28322,13.4,23.0,47.6,16.2
29631,4520,134782,6.2,17.3,20.4,35.6
29632,3087,95288,10.3,5.9,44.5,39.0
29633,719,80615,12.2,23.0,21.6,15.7
29634,330,132229,8.1,22.5,45.2,15.2
29635,2880,80706,10.5,20.2,33.1,28.2
29636,3251,89835,13.4,23.6,39.3,31.2
29637,1477,114617,4.7,13.0,25.4,16.9
29638,1991,35578,7.3,21.9,43.9,15.9
29639,3852,111243,12.9,23.7,34.6,39.3
29640,4072,108179,5.8,20.8,21.4,39.4
29641,3332,27413,9.7,19.6,44.0,19.9
29642,502,39769,8.3,12.1,42.2,36.8
29643,2874,27905,11.0,11.8,43.0,37.4
29644,4580,35688,11.0,23.0,34.2,31.4
29645,2707,27554,9.9,8.6,20.5,16.5
29646,1290,65211,14.4,5.9,46.3,34.7
29647,488,143392,5.1,17.8,39.0,20.1
29648,3504,117221,13.0,11.7,46.7,38.8
29649,1873,93938,8.9,19.6,26.5,38.8
29650,889,45666,10.9,24.9,40.9,20.9
29651,1594,63424,6.3,9.3,48.4,19.7
29652,2851,113955,4.1,11.4,49.9,30.8
29653,1647,59296,12.3,16.9,29.7,23.9
29654,920,58618,6.0,18.3,39.7,35.2
29655,4136,89095,7.7,24.9,32.4,18.5
29656,1579,38632,3.6,14.9,49.0,37.8
29657,2469,71272,10.8,9.4,31.0,39.2
29658,4165,29674,11.2,22.7,30.3,29.5
29659,3230,62177,13.8,19.2,20.7,22.5
29660,1563,110215,13.7,17.4,30.6,28.5
29661,2007,45910,11.5,22.3,29.2,26.0
29662,3165,67339,6.9,6.5,23.9,36.0
29663,3745,36690,7.5,14.1,21.0,18.1
29664,4128,91951,7.6,22.8,20.5,30.1
29665,4065,76421,4.6,6.7,31.4,15.9
29666,4946,32270,14.4,16.5,31.3,27.2
29667,1416,39653,12.8,11.2,28.8,15.2
29668,281,44191,4.7,16.3,33.9,36.3
29669,2754,55369,14.4,6.9,47.7,20.0
29670,1060,149679,13.1,15.8,28.9,27.3
29671,4300,61376,14.0,15.2,43.3,30.3
29672,2754,81985,6.4,6.3,21.2,29.2
29673,3394,54914,7.0,9.7,47.9,30.6
29674,1089,130909,8.6,7.7,29.6,35.9
29675,4679,76965,5.7,14.5,30.6,30.9
29676,1825,35194,8.6,10.7,33.3,39.5
29677,806,48254,3.1,15.4,28.3,22.2
29678,4215,114256,13.5,16.3,47.0,26.0
29679,4947,79863,4.9,5.2,21.4,29.0
29680,4430,76271,9.0,22.4,22.1,33.7
29681,1720,88038,14.1,7.9,31.6,26.8
29682,4801,79237,12.9,21.8,24.9,16.7
29683,4749,131951,12.3,15.9,42.6,22.1
29684,3521,85490,10.3,9.6,27.1,22.4
29685,4781,112508,8.2,20.6,28.5,17.0
29686,3680,37897,8.4,17.9,27.7,29.8
29687,522,80892,4.0,18.1,47.0,16.1
29688,4115,142572,3.8,11.2,44.7,26.2
29689,3296,55513,13.1,13.1,36.2,20.3
29690,4653,58706,7.9,15.7,20.1,21.9
29691,2014,122145,3.6,12.4,29.9,27.1
29692,2701,105656,11.0,12.3,34.3,37.9
29693,4110,34876,11.2,21.9,35.6,24.8
29694,4185,117677,5.7,24.3,27.4,18.2
29695,3282,63508,7.9,14.6,39.0,22.4
29696,4746,120430,9.9,22.3,25.7,37.3
29697,3850,138482,10.2,21.0,34.2,27.2
29698,2158,143097,9.1,14.8,31.5,37.6
29699,1745,141773,7.4,18.2,30.5,15.7
29700,4692,142054,3.8,6.3,31.3,17.5
29701,3187,113703,3.3,17.9,33.4,19.0
29702,2892,57907,8.5,9.9,27.4,35.6
29703,2636,48799,5.4,23.8,27.4,17.7
29704,3359,97597,14.3,18.4,26.2,36.7
29705,2611,145578,10.7,17.4,40.0,31.0
29706,2190,88122,10.0,23.1,27.7,30.6
29707,4734,107346,7.9,19.9,20.8,15.3
29708,667,77054,7.0,13.4,33.1,28.3
29709,220,141705,5.2,20.8,34.8,15.4
29710,415,108138,3.7,23.6,48.7,30.2
29711,720,53886,10.6,23.9,38.9,38.6
29712,4163,125216,12.4,10.0,23.2,20.8
29713,553,139416,13.3,16.0,33.5,38.7
29714,2834,130092,11.7,20.9,42.5,15.2
29715,2771,144324,13.8,24.6,44.8,15.2
29716,4807,118793,14.8,6.8,38.7,24.4
29717,1058,84780,14.5,20.4,46.9,20.2
29718,2108,57732,10.1,14.0,36.0,28.7
29719,4842,34644,5.7,21.8,31.4,21.4
29720,862,92253,4.3,20.0,34.6,36.4
29721,1460,59967,14.9,14.0,21.4,18.4
29722,4435,110094,6.7,23.5,20.3,33.9
29723,2151,26428,3.4,12.3,38.1,34.4
29724,296,91847,7.7,12.9,26.9,19.4
29725,360,115858,12.0,20.1,32.4,22.3
29726,4008,64044,13.7,10.3,40.6,19.8
29727,4289,98105,8.7,20.5,31.4,37.1
29728,1380,68749,6.5,21.0,39.9,24.5
29729,235,28106,12.3,19.5,32.8,31.7
29730,2645,114957,9.0,12.5,20.9,17.8
29731,3585,60682,4.0,14.4,45.3,26.1
29732,468,107673,13.7,16.1,43.6,23.0
29733,3762,56063,10.9,7.6,38.3,15.3
29734,4963,41867,3.4,12.4,34.9,34.5
29735,3554,98348,3.1,8.3,22.9,20.5
29736,4868,74539,4.1,10.5,40.2,16.4
29737,4706,149668,12.9,23.0,20.0,31.4
29738,4908,99272,8.8,6.1,30.5,27.0
29739,644,126210,7.0,16.1,35.8,32.3
29740,4699,27965,6.0,13.7,41.7,21.3
29741,3523,93282,9.1,18.4,31.0,29.3
29742,4905,64946,4.0,24.3,38.1,20.8
29743,2472,78828,10.4,14.2,21.9,20.8
29744,4583,140849,7.6,15.1,41.4,25.9
29745,4435,111146,13.3,7.4,26.0,30.6
29746,1197,122678,12.1,23.2,20.2,34.8
29747,2178,118434,3.2,12.8,39.4,35.3
29748,2626,84002,5.0,5.8,21.9,24.6
29749,4263,78613,8.7,15.6,33.5,35.2
29750,3811,41804,10.9,21.9,45.7,38.4
29751,3153,127823,11.6,16.8,30.9,38.1
29752,2043,149688,12.8,17.0,39.7,18.2
29753,1819,86331,3.6,5.4,46.7,39.0
29754,390,47258,3.2,24.4,42.0,36.6
29755,3789,119177,10.2,13.1,35.7,17.9
29756,1074,125513,11.7,7.8,31.6,22.0
29757,514,53766,12.4,7.8,47.0,31.9
29758,950,140873,4.9,18.4,27.6,35.5
29759,3877,111850,14.6,13.6,37.0,28.5
29760,2828,75971,5.8,6.1,45.2,19.0
29761,4741,139024,6.0,6.7,26.8,18.3
29762,4060,97932,4.9,13.5,33.5,15.4
29763,841,120347,3.5,20.9,43.9,23.6
29764,691,137860,12.7,7.8,34.5,15.1
29765,849,74059,3.1,7.3,35.3,35.2
29766,2319,75082,8.6,14.4,34.1,26.9
29767,937,87120,4.1,15.5,33.8,17.6
29768,3230,85730,3.5,15.3,48.5,23.7
29769,3581,42737,14.2,15.1,43.8,34.9
29770,633,91192,12.9,22.8,39.6,31.6
29771,4560,80581,7.7,12.8,37.9,36.1
29772,4562,108125,8.5,5.7,21.0,21.0
29773,1873,77019,13.4,5.2,43.3,19.9
29774,2443,131951,12.6,13.1,35.0,27.6
29775,2753,30014,11.3,22.9,49.9,23.5
29776,2670,144058,9.4,19.2,35.6,35.5
29777,364,117196,10.3,16.4,40.4,26.6
29778,3695,60258,7.7,19.0,44.9,17.6
29779,2134,91410,9.3,8.3,25.6,18.5
29780,3302,36299,9.5,11.0,36.6,21.0
29781,481,29163,13.4,20.8,49.4,16.2
29782,3396,51009,5.6,5.2,27.6,16.8
29783,1266,88470,6.0,11.1,49.1,22.5
29784,2578,103183,5.5,24.0,45.5,18.7
29785,488,126496,10.0,17.2,44.0,23.4
29786,2171,143426,11.3,19.6,24.4,30.5
29787,494,90469,5.9,12.9,24.0,30.0
29788,3757,53605,11.1,7.1,45.0,21.3
29789,3356,95579,10.5,18.6,38.9,19.8
29790,4119,81875,6.9,13.5,36.3,16.8
29791,2339,80777,5.8,7.9,48.3,38.7
29792,4916,39624,13.6,22.9,24.5,18.9
29793,2959,129301,9.8,10.0,48.4,21.1
29794,2493,113153,11.4,12.0,36.5,36.8
29795,4668,129659,14.1,9.2,24.3,32.8
29796,2150,74726,5.5,12.8,33.1,29.4
29797,3221,116207,7.2,17.2,42.8,25.8
29798,1024,77047,8.2,9.1,22.8,37.1
29799,3675,125292,5.8,12.2,47.6,15.9
29800,3382,131785,13.1,5.3,27.0,18.4
29801,3851,88854,4.0,8.2,20.1,30.7
29802,3454,80322,5.9,23.1,40.8,22.4
29803,4574,142155,5.3,17.7,33.2,20.3
29804,3497,56619,14.4,15.1,28.5,30.1
29805,3868,120593,10.5,15.3,36.4,27.7
29806,4320,92124,11.6,17.8,27.5,28.0
29807,3081,80025,4.3,9.2,20.2,34.1
29808,4675,51054,5.3,5.7,33.7,18.1
29809,3572,66764,12.7,13.2,34.1,28.2
29810,2717,148491,9.8,23.2,26.6,39.5
29811,3599,140159,3.5,15.2,32.1,26.2
29812,3692,73718,9.8,22.7,42.7,20.9
29813,531,67929,8.7,7.5,48.1,23.9
29814,1212,103192,4.8,10.5,42.0,18.3
29815,4796,25409,10.1,17.8,31.7,37.4
29816,2153,67585,5.1,5.5,31.6,16.2
29817,4353,127263,12.7,8.0,22.9,17.1
29818,4418,94110,10.4,7.2,23.6,20.1
29819,2549,40384,13.5,15.3,47.4,36.6
29820,644,49736,8.1,22.6,48.2,36.6
29821,3258,65130,9.1,5.1,37.3,28.7
29822,2728,120944,12.1,6.1,26.6,23.0
29823,3551,139084,9.6,18.3,38.9,26.4
29824,637,142413,9.9,12.4,37.8,35.6
29825,1536,63621,9.6,22.9,46.0,30.1
29826,2915,37058,8.9,15.8,33.6,33.6
29827,3865,78260,12.7,6.2,25.5,17.7
29828,3162,110398,8.8,5.1,31.9,25.3
29829,359,67946,13.8,13.8,29.7,26.1
29830,4511,108798,12.7,12.9,24.4,21.5
29831,4941,53002,11.3,14.6,21.7,31.9
29832,818,102045,13.8,13.6,28.2,30.6
29833,2827,129535,9.4,17.0,30.9,16.9
29834,3001,45918,12.9,23.0,47.9,24.8
29835,560,74572,5.9,20.1,28.8,39.2
29836,2954,79923,3.9,15.6,43.9,22.7
29837,4167,143581,11.2,15.5,42.1,29.9
29838,1802,48807,6.6,24.7,33.2,21.3
29839,3347,87739,10.6,23.8,35.9,16.2
29840,3077,139321,3.9,8.1,34.2,29.0
29841,1914,38318,14.5,17.7,36.4,39.9
29842,3580,107419,9.2,11.2,35.2,20.3
29843,1841,82589,3.1,9.0,33.6,33.8
29844,4171,127745,8.7,23.8,44.2,37.9
29845,129,114291,12.5,6.7,39.2,32.8
29846,3593,81801,13.4,5.5,31.5,31.1
29847,1081,137367,8.5,14.4,37.0,29.1
29848,330,148359,4.5,15.7,28.1,24.0
29849,2876,144901,13.9,7.1,20.1,18.6
29850,1351,89385,14.8,23.9,45.7,26.2
29851,4594,83677,3.8,6.8,42.6,26.1
29852,4290,76719,3.9,19.4,20.9,18.9
29853,2063,129352,9.8,12.3,23.0,18.2
29854,4670,102993,9.4,10.3,44.0,34.7
29855,3266,61982,10.1,9.2,41.8,17.1
29856,1878,33949,6.8,8.5,28.3,15.7
29857,4970,40999,3.6,15.6,24.2,20.3
29858,1247,80005,10.0,5.9,24.5,22.9
29859,2947,68070,4.8,20.4,44.2,15.2
29860,3950,48668,7.1,9.7,47.9,34.4
29861,3091,123412,10.0,13.7,37.9,36.7
29862,3170,25745,5.5,6.6,28.9,16.3
29863,720,149396,9.5,14.4,49.4,34.5
29864,1063,49539,11.6,17.5,29.4,30.4
29865,2960,31860,3.8,6.0,40.9,30.2
29866,2242,83967,10.4,22.4,47.6,36.7
29867,1600,119624,9.1,11.0,41.9,15.5
29868,3289,141036,4.2,11.8,47.5,24.8
29869,1426,32035,11.5,8.3,27.4,21.6
29870,221,77463,6.7,22.7,30.3,19.3
29871,4413,115821,5.2,11.9,40.3,39.6
29872,1176,135083,6.4,11.0,34.7,35.8
29873,3297,65554,9.6,19.4,25.5,32.5
29874,1282,86691,10.0,11.3,42.6,39.2
29875,894,147041,5.0,14.2,30.3,34.7
29876,1724,42121,14.2,25.0,47.0,22.7
29877,4371,128836,6.9,14.8,42.0,23.8
29878,391,134047,6.2,14.3,30.1,19.3
29879,590,73660,5.2,21.0,34.6,27.2
29880,2908,109121,4.4,5.9,48.2,35.3
29881,3528,129671,14.8,12.5,37.6,36.7
29882,733,119805,11.1,19.0,42.7,21.3
29883,3599,120784,12.4,23.2,48.7,25.6
29884,2272,72949,7.8,18.0,43.3,38.0
29885,3486,42825,8.0,15.6,21.2,19.0
29886,4007,120716,14.8,14.2,27.7,19.8
29887,4799,58451,5.4,14.6,28.4,15.0
29888,3568,108840,6.9,14.4,35.8,37.6
29889,590,120903,5.3,23.8,30.8,26.3
29890,4760,84551,6.4,21.2,38.5,17.8
29891,4363,95706,11.0,11.5,47.6,22.2
29892,858,79901,6.7,6.2,42.2,27.4
29893,1297,52927,13.5,18.7,20.2,19.0
29894,3543,105852,3.6,19.6,48.4,19.6
29895,2004,121587,7.3,20.4,25.5,39.6
29896,1750,96251,13.3,9.7,30.6,31.4
29897,4375,40652,10.5,17.7,22.0,22.9
29898,3291,88315,12.3,17.8,25.2,17.2
29899,127,88553,6.9,7.2,48.3,39.6
29900,2850,122549,7.4,20.5,37.8,17.2
29901,2804,61752,13.7,16.8,27.0,20.5
29902,2979,61183,12.0,15.0,25.6,17.4
29903,4457,63877,7.6,5.8,45.7,23.9
29904,3825,123574,5.6,14.2,23.8,33.6
29905,2773,87524,4.3,22.0,30.4,37.4
29906,2932,130136,13.3,12.4,31.8,18.8
29907,3209,117001,11.4,24.6,22.2,17.3
29908,4392,54300,10.3,20.7,32.4,28.1
29909,3696,112175,12.3,21.5,43.5,31.8
29910,3795,120209,14.0,16.8,43.4,36.2
29911,1560,113322,12.1,10.6,25.7,17.3
29912,3021,100007,8.0,13.0,42.7,25.3
29913,1533,64242,5.1,17.4,28.2,31.4
29914,4528,94530,11.6,22.7,41.7,17.3
29915,3636,36656,6.0,19.5,41.2,36.1
29916,1281,109750,12.4,12.2,45.2,36.6
29917,3505,108487,7.1,10.2,49.6,22.1
29918,4274,51613,4.9,17.7,22.9,25.7
29919,4014,96946,6.1,6.6,27.7,33.5
29920,4392,63786,6.2,12.5,38.6,32.3
29921,3291,132289,7.5,10.0,36.3,24.5
29922,1883,66990,6.1,22.4,45.0,25.2
29923,3822,124163,5.7,18.1,23.0,29.5
29924,4421,70494,7.7,7.4,34.6,29.3
29925,2742,115662,13.4,15.2,30.5,37.3
29926,3811,31147,3.8,20.8,22.2,23.0
29927,3060,133061,6.6,7.2,42.4,17.7
29928,4930,91213,9.7,16.4,34.1,25.7
29929,1679,80602,13.5,20.2,22.0,16.7
29930,1719,99189,6.4,9.2,20.2,32.8
29931,3066,137163,7.2,23.6,20.7,31.5
29932,4415,139014,12.6,16.0,31.8,26.7
29933,2440,133018,7.5,17.6,47.2,33.0
29934,1327,26234,13.2,12.1,27.6,31.4
29935,1828,34328,8.5,20.5,24.0,38.1
29936,3685,37404,9.8,17.0,37.4,36.9
29937,301,112355,9.7,23.4,34.2,28.8
29938,3260,103386,4.4,14.7,41.3,28.7
29939,3373,64883,7.3,17.1,31.1,37.3
29940,1813,48566,5.9,16.5,27.1,29.8
29941,852,76400,11.2,16.6,42.5,15.9
29942,214,81666,14.2,19.3,34.8,30.3
29943,4080,33315,5.5,7.1,44.9,16.2
29944,2918,114939,4.1,17.1,21.1,34.2
29945,568,102979,9.1,13.4,23.2,25.7
29946,525,45888,7.7,14.0,31.6,35.9
29947,1675,97911,3.4,13.7,29.9,33.0
29948,1965,127865,14.1,7.2,21.4,33.5
29949,933,136345,14.3,5.3,28.1,17.9
29950,4206,136779,13.2,7.1,34.4,26.3
29951,3803,54443,6.4,13.7,41.2,39.9
29952,1508,38588,4.5,12.6,27.3,31.0
29953,3581,94466,10.1,7.8,44.2,25.3
29954,2270,28776,6.4,19.5,45.6,32.1
29955,703,109804,5.4,19.3,27.8,35.7
29956,312,128403,10.7,23.2,32.1,36.3
29957,4001,89237,12.0,22.0,49.0,24.0
29958,3838,45873,9.3,21.6,38.2,16.1
29959,2854,109017,6.8,21.0,32.7,33.0
29960,4735,117884,9.2,22.6,40.0,22.6
29961,4901,116913,10.2,15.3,31.8,34.9
29962,1858,45057,3.6,6.6,49.7,17.4
29963,4693,33335,8.3,16.3,20.9,23.4
29964,3168,33357,10.2,21.9,24.1,18.2
29965,881,93674,4.6,6.9,43.2,26.7
29966,4321,128443,8.4,21.4,44.4,21.1
29967,3530,138262,7.2,7.8,36.0,25.1
29968,1626,82412,13.4,5.5,28.8,39.4
29969,940,142189,8.9,19.0,41.3,25.5
29970,1441,147904,8.1,17.9,25.4,29.6
29971,4207,127232,5.9,22.6,27.2,17.4
29972,1600,43741,14.5,18.3,43.7,23.8
29973,615,53683,14.5,10.3,40.9,22.6
29974,3562,25576,7.4,23.4,36.3,24.0
29975,3179,40029,14.1,23.1,25.2,38.5
29976,1247,135825,10.4,23.9,45.3,15.0
29977,3543,85226,12.4,19.8,22.2,16.6
29978,3356,103740,4.1,22.4,39.7,27.2
29979,2694,65068,3.3,9.8,42.5,36.1
29980,3756,137313,9.2,16.7,28.7,16.0
29981,1648,82934,3.9,10.4,43.2,34.1
29982,2186,26667,13.7,11.5,20.8,39.3
29983,3255,26298,12.8,21.5,48.0,36.2
29984,2450,48376,11.6,19.2,31.4,38.9
29985,1078,71902,3.4,23.5,45.2,31.0
29986,2405,88292,8.5,20.6,29.6,30.4
29987,3983,63599,3.9,10.8,41.2,39.6
29988,3147,37900,14.1,22.6,37.0,23.8
29989,2689,135743,10.4,6.5,33.5,26.9
29990,2106,92799,4.9,6.6,49.7,17.7
29991,2699,95290,9.7,10.5,43.9,27.0
29992,2608,61631,4.4,21.1,23.9,36.8
29993,4419,127709,4.7,23.5,49.3,30.2
29994,2239,32400,4.0,17.9,34.1,30.2
29995,379,90004,13.5,23.6,39.1,22.7
29996,1293,53820,9.5,17.0,23.5,15.8
29997,1857,47864,6.9,23.6,49.6,29.6
29998,2145,61295,3.0,13.5,34.3,24.4
29999,347,30598,8.7,24.4,33.8,38.4
30000,1484,64418,9.2,9.2,29.0,21.1
30001,1472,102074,7.0,9.6,31.6,16.0
30002,3013,60786,8.8,9.9,42.9,39.0
30003,3772,34396,4.2,8.4,22.8,32.4
30004,144,56725,14.1,15.2,28.4,20.9
30005,2185,130622,6.1,15.9,30.3,25.8
30006,4611,118988,14.4,20.6,27.5,38.2
30007,2640,47299,8.9,11.1,26.4,24.9
30008,2470,73598,13.3,23.2,50.0,32.4
30009,2615,68211,9.9,21.7,44.5,18.1
30010,4282,45943,13.1,20.0,26.5,23.7
30011,4423,75125,3.1,24.6,46.9,22.2
30012,722,37614,5.2,5.5,31.8,22.4
30013,3481,143932,7.2,24.8,22.4,25.1
30014,584,149180,6.6,9.7,37.9,38.1
30015,2987,78160,14.4,5.8,35.9,24.6
30016,124,33226,7.7,14.0,33.7,18.0
30017,1914,63765,14.7,18.7,25.5,35.7
30018,1325,73343,10.8,10.9,42.8,25.8
30019,1348,33192,13.0,14.0,35.6,38.9
30020,878,82037,7.7,9.7,44.6,17.4
30021,2942,60283,5.3,5.0,25.8,24.5
30022,3800,97283,3.6,22.9,49.3,26.4
30023,1682,121706,10.9,12.2,40.2,31.7
30024,4948,84994,14.7,7.9,34.7,15.6
30025,1813,129517,4.4,12.7,42.7,35.3
30026,3691,63531,12.3,5.3,37.9,24.0
30027,4621,31400,7.4,6.6,32.7,39.5
30028,3238,43324,14.9,16.1,43.3,21.1
30029,4855,32010,13.4,9.5,30.1,21.8
30030,1617,132516,5.8,18.1,20.8,32.8
30031,2832,115203,12.2,14.0,43.8,39.1
30032,4742,78841,11.8,6.4,29.0,30.9
30033,3063,64283,12.2,15.6,38.3,31.0
30034,3963,64804,4.0,17.7,46.8,39.7
30035,3868,45275,12.7,16.2,27.8,17.8
30036,1596,125450,6.1,10.1,46.8,17.2
30037,3827,78245,10.1,5.6,25.4,31.4
30038,1835,52133,4.4,13.4,27.5,18.1
30039,1443,133084,9.7,18.2,36.8,17.5
30040,2367,51452,13.9,6.4,36.0,26.9
30041,4015,28663,5.1,23.3,46.5,39.0
30042,148,86239,13.3,11.8,27.1,31.4
30043,2610,30081,8.2,11.9,48.8,18.9
30044,3434,106766,6.9,11.7,37.5,26.3
30045,3760,114594,3.7,23.0,38.9,30.5
30046,1846,71024,9.3,23.9,20.4,34.4
30047,595,69374,5.4,22.8,49.9,35.1
30048,733,58729,14.3,20.8,30.4,25.2
30049,4797,113002,5.9,10.2,34.5,29.9
30050,2917,127645,10.0,19.8,21.3,25.6
30051,2820,134344,9.7,10.8,34.2,17.3
30052,275,135039,7.0,12.5,22.7,23.6
30053,3260,94910,13.2,7.9,49.0,33.0
30054,738,117933,5.2,15.6,45.2,21.4
30055,3457,132348,12.8,21.1,41.5,39.6
30056,4492,44965,5.5,18.6,36.2,25.1
30057,574,37718,3.5,12.6,43.7,16.8
30058,3927,84833,14.3,18.4,25.2,25.6
30059,1746,95916,10.6,17.7,23.5,18.4
30060,2058,73972,10.6,15.8,20.6,39.4
30061,4220,139407,6.2,10.4,35.0,34.8
30062,448,86175,4.7,5.6,40.6,35.6
30063,736,136870,11.5,5.8,29.7,15.9
30064,3714,53108,9.2,24.0,20.7,19.7
30065,3920,57338,6.8,22.4,22.0,24.3
30066,4422,92848,6.8,9.7,24.7,35.0
30067,4233,48042,13.7,8.9,33.5,30.9
30068,2717,93028,13.7,11.1,32.9,23.8
30069,1304,27270,6.3,16.4,24.1,27.5
30070,2261,56481,12.5,5.3,44.4,36.4
30071,2279,130005,5.7,22.8,39.4,37.0
30072,447,98143,12.7,20.5,33.9,19.2
30073,1303,87246,4.5,15.6,41.8,30.2
30074,1082,33460,12.1,22.3,49.0,31.3
30075,831,114128,9.7,16.0,21.7,17.3
30076,2700,52274,4.4,6.8,49.8,17.2
30077,552,47568,10.4,16.2,49.5,33.7
30078,4173,69362,5.3,14.6,24.1,24.8
30079,2994,45461,5.3,18.9,47.0,25.7
30080,2334,30294,8.4,11.9,41.9,32.7
30081,263,140120,14.6,12.2,26.2,37.9
30082,1547,49000,13.7,23.8,44.2,24.5
30083,3969,42186,12.9,23.4,24.1,34.3
30084,201,129438,13.2,23.0,24.4,20.8
30085,4154,136522,9.0,13.3,24.7,25.3
30086,3807,113386,7.5,20.0,41.1,16.2
30087,1552,144683,13.6,23.8,20.6,37.6
30088,4886,91839,4.0,24.3,35.3,39.9
30089,2758,95749,15.0,9.9,32.9,33.0
30090,635,64775,9.6,9.3,25.2,38.5
30091,1800,36120,9.5,15.0,22.4,24.0
30092,1563,39675,6.5,22.4,30.6,32.6
30093,4319,138059,5.0,15.6,29.9,16.3
30094,4444,87668,11.2,20.8,49.2,27.0
30095,2071,119775,7.3,14.5,25.9,35.2
30096,1552,83086,6.6,20.0,34.8,16.3
30097,1693,55979,4.9,10.3,34.7,19.4
30098,812,105603,9.4,21.5,34.7,22.5
30099,3755,121935,10.1,20.9,48.5,36.9
30100,4442,115794,8.3,9.5,31.0,16.0
30101,4676,28058,3.1,22.5,22.6,25.1
30102,4184,26849,8.9,7.4,22.4,18.3
30103,1548,123109,6.3,20.4,45.5,15.1
30104,3748,137006,4.7,22.0,37.2,30.2
30105,2113,49200,9.9,21.6,26.2,31.0
30106,558,124605,11.1,9.9,45.6,39.0
30107,2943,51371,9.2,6.6,43.2,29.7
30108,692,50471,10.4,5.6,31.3,31.5
30109,597,120139,10.3,5.5,35.5,29.9
30110,2234,50056,4.5,15.2,39.1,23.5
30111,2549,29037,5.6,9.0,26.9,18.4
30112,4392,104298,3.1,22.4,39.4,19.4
30113,2911,107210,14.8,8.3,38.2,37.5
30114,126,64712,5.5,18.4,31.3,27.8
30115,4016,68654,12.8,23.4,38.1,34.1
30116,1817,121360,12.4,24.3,28.8,21.8
30117,2353,86154,11.5,22.2,37.0,38.5
30118,3742,35166,8.4,9.1,37.4,31.3
30119,3755,87840,10.0,15.6,49.5,38.4
30120,3398,119126,5.2,8.7,23.4,20.9
30121,4798,115301,4.3,17.0,22.2,19.9
30122,4557,145002,7.2,9.8,28.7,24.7
30123,1383,79847,12.9,11.6,29.2,38.8
30124,1186,66336,9.8,16.0,49.0,34.1
30125,2115,48210,12.2,7.4,50.0,35.3
30126,1815,58026,13.7,12.1,41.6,38.5
30127,1826,140514,9.7,11.8,24.2,21.4
30128,1007,27419,7.4,16.7,37.1,38.5
30129,3563,88165,13.3,16.4,46.3,29.2
30130,4441,116942,5.8,12.8,33.9,34.8
30131,4542,73090,3.3,22.3,36.4,37.2
30132,4567,48359,3.6,17.9,37.7,25.7
30133,908,68976,10.0,21.1,39.9,20.2
30134,2996,131236,13.7,16.4,38.9,30.6
30135,2270,89080,9.8,12.6,35.2,16.7
30136,3228,145891,7.9,12.6,30.6,31.6
30137,4355,76304,9.9,9.1,31.3,34.7
30138,1250,51025,11.1,21.7,29.9,35.7
30139,3778,101652,12.1,21.9,43.4,25.6
30140,1434,93868,7.2,7.2,34.1,19.0
30141,617,96422,7.6,21.6,23.2,18.7
30142,1388,44501,3.3,21.4,28.5,22.9
30143,845,128043,10.8,17.1,25.7,36.6
30144,4615,94133,12.3,19.9,22.5,37.8
30145,4067,128900,9.1,23.4,29.4,22.8
30146,4335,27314,7.5,14.7,21.2,35.1
30147,4902,26557,7.0,20.5,30.6,25.3
30148,797,122385,10.7,24.2,20.3,22.6
30149,3134,73644,7.0,12.6,38.5,34.0
30150,574,125020,10.2,13.9,30.5,23.6
30151,4076,132668,14.1,18.1,20.1,19.6
30152,610,33014,7.0,15.0,44.4,28.5
30153,637,76479,3.8,10.2,22.8,31.0
30154,2360,54196,13.5,17.2,32.4,32.2
30155,3044,52487,6.3,20.2,20.4,24.6
30156,3974,137665,14.9,5.1,45.6,28.4
30157,1466,79553,13.1,9.0,27.8,31.9
30158,1161,100235,8.1,24.9,41.5,27.8
30159,4428,51540,10.5,22.2,25.5,22.5
30160,2407,144581,6.3,24.9,48.7,32.2
30161,407,101863,4.0,17.8,44.5,28.5
30162,4598,39446,9.3,15.1,21.7,34.1
30163,1096,49392,8.1,5.6,22.9,36.9
30164,1384,105983,14.6,11.9,24.1,40.0
30165,4945,98339,10.2,13.3,35.4,38.8
30166,1229,136013,12.0,7.6,48.3,33.0
30167,403,36921,4.6,12.9,37.8,29.5
30168,3991,50480,11.7,9.5,27.7,38.9
30169,954,128125,3.7,13.8,34.1,39.1
30170,1845,30559,10.4,16.8,26.6,39.8
30171,917,44583,13.1,18.3,48.4,33.9
30172,3749,60109,8.8,15.8,47.1,37.0
30173,1072,38460,5.6,5.7,48.6,21.8
30174,4233,44782,8.3,23.3,49.2,39.5
30175,1278,128563,13.1,21.5,23.2,22.8
30176,204,77003,11.6,17.1,48.7,17.9
30177,354,124449,10.3,22.1,38.5,30.7
30178,2635,102322,11.3,22.4,28.4,29.6
30179,690,41767,13.0,9.6,34.9,18.3
30180,624,100714,4.8,10.3,22.6,17.7
30181,469,101058,13.1,6.4,28.1,26.0
30182,4297,68771,12.7,16.1,39.8,37.3
30183,3063,38758,8.7,19.3,28.4,29.8
30184,763,116078,7.8,7.2,30.0,20.8
30185,789,54513,14.2,14.4,40.7,20.2
30186,2746,122986,12.8,21.3,29.6,16.9
30187,2688,88056,14.9,18.3,20.9,17.0
30188,1635,132114,10.7,16.3,37.5,27.7
30189,2128,75171,3.4,15.6,47.0,19.9
30190,1956,49384,4.8,12.4,44.6,21.4
30191,3286,117065,12.8,13.7,31.0,33.7
30192,2869,94580,10.7,10.8,25.4,18.6
30193,3087,41589,5.4,18.5,24.1,27.3
30194,4575,36984,3.1,17.9,30.0,21.3
30195,1248,115750,6.2,9.0,24.1,32.9
30196,880,126921,4.7,10.4,39.5,33.2
30197,4505,41447,13.5,24.7,49.3,22.0
30198,2253,110752,13.6,7.1,21.9,31.9
30199,655,44560,13.1,18.9,31.0,29.7
30200,3396,98143,4.1,15.3,49.7,26.9
30201,3413,135424,4.6,6.6,20.6,29.1
30202,4592,127109,4.6,6.2,21.6,26.5
30203,2683,104535,6.1,21.0,31.0,28.0
30204,3807,29323,3.9,17.3,30.4,19.6
30205,3968,111717,14.8,5.9,43.4,22.3
30206,3143,29023,13.3,10.8,31.9,35.3
30207,3113,41778,3.8,10.2,31.4,18.5
30208,3944,149116,4.7,16.2,38.5,30.3
30209,1269,68740,6.1,9.8,41.4,18.6
30210,3362,92395,12.3,20.9,50.0,33.5
30211,4122,71753,11.6,9.8,31.9,29.3
30212,300,31441,10.6,14.0,33.7,36.1
30213,1990,112464,13.9,13.4,22.4,19.5
30214,111,42404,3.4,6.4,31.5,18.0
30215,2076,81056,4.9,12.8,23.5,36.9
30216,1425,138341,5.3,13.2,38.2,38.6
30217,3471,110392,3.7,7.9,39.6,29.9
30218,4170,32747,10.4,22.7,45.8,38.1
30219,3656,54224,5.5,12.5,23.1,19.9
30220,465,30517,8.8,22.0,32.1,37.0
30221,756,38571,11.2,16.6,35.0,37.0
30222,260,121381,10.1,5.2,39.4,32.9
30223,274,129673,6.5,18.7,49.2,38.9
30224,3570,68729,8.0,13.1,21.2,29.1
30225,4160,74484,7.1,19.6,43.5,25.1
30226,644,78577,13.2,18.8,23.3,25.5
30227,3954,36149,8.0,19.8,33.3,20.2
30228,1861,50864,3.7,18.8,30.2,35.9
30229,1056,35410,10.4,5.4,43.7,28.4
30230,551,64827,5.4,24.3,42.1,16.5
30231,181,51624,7.1,14.3,45.8,24.4
30232,1336,75027,6.9,22.8,45.9,35.6
30233,546,101636,3.9,8.3,30.8,17.2
30234,2265,47224,14.4,12.1,36.0,31.4
30235,1719,92824,9.6,24.5,23.0,29.2
30236,1893,111599,4.9,22.5,32.4,18.2
30237,3414,37048,9.7,21.0,39.2,25.0
30238,4944,37244,8.4,10.8,48.5,24.6
30239,1273,46080,7.1,19.1,29.7,24.5
30240,745,104891,8.7,9.8,46.2,18.8
30241,478,55010,11.0,18.4,43.9,35.8
30242,2755,48000,5.4,24.3,35.5,17.4
30243,3684,113020,9.5,12.0,23.0,38.0
30244,3833,133684,12.8,14.8,46.5,23.1
30245,1240,139552,5.7,13.0,23.1,36.9
30246,3835,85748,9.2,7.0,49.9,36.3
30247,2113,95318,14.6,24.0,38.5,15.2
30248,761,121305,12.6,12.7,40.4,26.8
30249,111,145413,10.1,24.2,33.4,23.1
30250,487,46964,12.0,19.4,28.7,32.6
30251,3123,144174,9.3,9.4,34.7,16.6
30252,3933,42462,14.8,17.1,44.7,22.3
30253,2019,81370,5.0,6.8,37.9,16.9
30254,4591,111505,11.6,8.9,22.1,23.0
30255,2692,42739,3.1,7.1,38.3,25.5
30256,2808,112937,4.5,6.3,21.9,22.6
30257,4835,65954,11.7,17.4,21.8,31.8
30258,199,66229,12.1,10.4,38.7,30.4
30259,4652,143928,3.5,20.1,22.1,26.2
30260,4176,66548,7.0,11.7,40.7,19.1
30261,2871,50728,4.4,22.4,42.1,22.4
30262,4269,99102,13.7,13.8,23.2,15.1
30263,2477,90016,8.4,12.0,36.0,29.2
30264,1963,108566,8.3,5.8,48.7,24.5
30265,4119,142760,12.9,19.6,29.1,29.2
30266,4370,77590,11.3,24.5,28.3,27.2
30267,3858,35777,14.1,10.2,33.3,25.6
30268,4692,124955,14.3,18.1,44.6,33.3
30269,4623,139158,6.8,18.5,39.8,28.8
30270,134,144981,10.8,13.8,33.4,34.1
30271,2266,139188,9.5,11.9,39.6,31.8
30272,3739,118217,10.1,6.0,40.6,19.0
30273,4072,119525,10.5,24.0,20.2,17.6
30274,3480,37007,3.7,15.2,35.5,27.4
30275,3276,62448,13.7,11.1,23.1,38.6
30276,275,68570,4.7,22.6,26.9,16.8
30277,2253,69242,8.1,7.8,45.5,16.6
30278,4787,125054,6.5,19.0,40.5,28.7
30279,1686,101328,9.6,7.3,34.3,39.7
30280,3758,37598,14.5,19.6,32.9,27.0
30281,3102,142659,7.9,17.1,28.7,33.5
30282,1052,127493,10.2,16.4,32.7,27.0
30283,2971,70244,4.7,16.3,24.7,26.6
30284,4429,95278,8.6,13.7,36.8,20.6
30285,2814,92277,14.0,22.9,33.7,30.5
30286,3756,69545,14.2,5.7,45.4,39.5
30287,3078,137843,9.6,22.5,28.0,27.5
30288,1909,100242,12.2,13.5,49.8,31.2
30289,2906,45208,3.0,11.6,47.7,37.4
30290,4251,94377,9.4,16.9,36.6,26.0
30291,3859,71747,11.8,9.3,39.9,27.1
30292,3428,145885,7.0,13.9,48.8,22.3
30293,3070,130947,13.8,17.5,29.3,22.7
30294,3234,46451,12.4,12.5,21.1,21.8
30295,2059,119301,12.2,11.4,28.1,28.0
30296,905,109281,3.3,16.8,22.4,37.0
30297,3200,141654,5.2,17.5,43.5,27.4
30298,1675,69604,11.6,11.3,28.5,36.0
30299,3830,49935,9.7,18.0,24.0,37.4
30300,699,88655,9.9,21.9,49.3,38.0
30301,2715,132477,3.2,7.3,20.7,26.2
30302,3471,84153,8.3,23.8,49.6,31.6
30303,711,54069,12.4,6.3,39.8,19.5
30304,2049,46016,11.0,15.5,36.2,30.9
30305,660,123697,9.9,23.1,39.2,15.8
30306,2646,34571,11.4,10.1,48.3,31.5
30307,726,90583,13.2,18.9,22.9,23.4
30308,2911,34647,13.2,5.8,39.8,29.7
30309,1710,142436,8.5,14.6,33.6,17.3
30310,3362,100828,6.7,17.5,45.3,26.5
30311,3882,27288,7.4,15.8,33.2,31.3
30312,774,64816,9.3,8.6,32.3,18.0
30313,3822,147250,4.1,5.4,47.9,23.3
30314,148,138690,10.1,14.0,43.9,15.7
30315,1486,134626,8.4,8.6,26.6,17.0
30316,2002,58977,12.1,12.3,34.0,20.0
30317,4822,108084,6.3,21.8,41.3,38.0
30318,3667,71016,3.8,16.0,27.1,38.8
30319,4472,67982,13.7,6.6,41.7,21.0
30320,2194,114994,3.8,19.3,44.1,32.6
30321,3942,50656,14.1,14.0,43.7,33.3
30322,4411,106602,9.0,5.8,22.6,30.7
30323,329,144233,3.7,19.4,30.5,29.9
30324,3592,65813,4.5,22.7,49.7,27.3
30325,1785,57023,9.4,19.9,42.4,20.0
30326,1410,94075,3.2,24.6,44.0,18.5
30327,4241,103256,14.0,8.1,40.7,24.2
30328,732,51279,12.6,16.3,46.2,20.8
30329,2522,70902,9.1,6.8,41.6,35.1
30330,2850,39069,14.1,24.5,37.4,30.0
30331,432,105837,6.1,9.3,39.0,32.8
30332,1979,110331,13.2,23.8,34.6,27.4
30333,606,92073,12.7,14.2,24.1,17.8
30334,4312,80221,10.0,20.9,26.7,34.1
30335,1042,73943,6.8,24.1,23.8,30.2
30336,735,113929,9.7,9.7,43.4,30.3
30337,1689,83669,14.5,21.3,33.6,22.0
30338,1562,90464,4.0,22.8,31.6,29.3
30339,2091,123486,5.4,16.0,27.6,37.6
30340,1834,135523,10.7,18.5,24.1,24.6
30341,2363,124837,11.1,13.9,32.7,29.6
30342,212,71174,5.0,13.5,29.4,18.1
30343,2363,90691,12.7,8.2,26.0,24.5
30344,526,112731,14.1,18.8,27.3,38.6
30345,1166,117256,4.0,8.3,46.1,21.8
30346,2911,149272,14.7,8.6,30.1,35.2
30347,4479,62652,6.4,15.1,46.2,37.7
30348,933,105109,6.7,14.2,46.6,39.8
30349,329,90366,3.5,18.0,38.2,25.7
30350,4580,32977,9.0,15.4,46.6,20.8
30351,4354,63924,14.5,11.3,47.7,28.2
30352,923,46804,4.9,6.2,26.7,29.1
30353,2618,140545,9.9,16.8,45.4,35.6
30354,3767,53853,6.3,14.8,49.0,18.5
30355,4403,55610,3.2,6.6,35.6,25.6
30356,4369,30274,14.8,19.0,46.4,39.1
30357,1923,110927,11.6,10.1,38.4,39.5
30358,1204,95394,11.8,5.7,44.9,29.8
30359,1141,138432,11.0,5.2,26.7,28.9
30360,807,105743,4.7,15.8,26.2,18.4
30361,1483,85323,5.5,23.6,44.7,38.9
30362,1991,62446,7.6,22.0,42.1,19.6
30363,1402,89374,14.9,7.0,46.6,15.9
30364,3121,86011,11.1,11.4,20.8,27.9
30365,776,47423,8.3,11.3,38.7,31.4
30366,2664,106596,8.8,22.1,33.2,31.4
30367,3422,40963,14.1,21.0,30.2,35.4
30368,4857,111896,5.4,24.3,45.7,33.3
30369,1663,135899,6.9,15.4,29.6,20.1
30370,1360,26699,7.5,5.3,31.4,38.4
30371,3303,48218,13.8,23.0,27.2,20.2
30372,2453,85960,12.3,5.7,49.2,24.2
30373,457,51676,10.1,21.6,39.0,29.7
30374,3334,50289,6.8,15.4,41.8,22.0
30375,518,76237,5.4,24.3,49.5,21.5
30376,4837,108371,7.0,9.9,36.5,30.9
30377,4055,138648,14.2,15.3,34.2,39.7
30378,1693,147116,13.9,5.3,34.2,21.2
30379,4702,108317,8.1,17.0,41.6,30.3
30380,1485,129478,6.9,6.4,47.2,29.2
30381,4507,138032,13.6,6.3,43.3,15.4
30382,2851,120007,8.4,19.6,35.8,16.2
30383,344,82768,3.5,8.7,27.9,38.6
30384,4672,75180,7.1,24.6,45.2,33.1
30385,714,58458,10.3,12.9,44.9,19.0
30386,349,138717,14.3,14.7,26.6,23.8
30387,3193,32898,8.1,11.3,40.6,29.2
30388,1695,122783,5.9,10.6,36.6,32.9
30389,2029,82115,7.6,22.5,26.6,18.1
30390,610,143698,3.7,22.9,28.7,15.2
30391,4067,61347,13.8,9.2,41.9,31.2
30392,4969,134323,3.4,5.8,48.5,29.1
30393,1465,102252,3.0,10.6,39.5,34.1
30394,1023,123503,10.4,21.5,49.2,18.9
30395,173,79544,4.8,15.0,36.4,27.4
30396,908,99503,6.6,20.8,45.6,33.3
30397,2978,139913,8.9,21.7,49.2,37.7
30398,2367,144254,12.5,21.4,20.9,31.5
30399,2226,108985,7.7,16.7,21.3,34.3
30400,4430,84122,14.5,8.4,27.5,16.5
30401,2304,99356,8.4,17.6,28.5,15.7
30402,3779,133553,14.0,11.1,36.7,32.3
30403,4837,25040,8.4,20.3,35.0,26.0
30404,4816,141779,9.2,9.1,45.1,15.4
30405,3758,141932,14.5,17.9,36.6,24.6
30406,1084,82642,11.1,6.7,28.3,28.9
30407,1398,70264,4.8,21.0,26.6,36.7
30408,3844,145750,10.2,11.3,28.7,19.1
30409,3380,115570,5.7,24.5,24.2,37.8
30410,4055,91414,6.7,14.2,38.2,15.6
30411,2753,55383,13.1,10.1,27.2,24.9
30412,3787,100538,11.2,7.5,46.0,31.3
30413,3062,148668,6.4,24.7,49.0,18.5
30414,3046,81555,3.1,13.0,31.7,34.8
30415,3145,89002,9.4,18.3,47.9,39.1
30416,959,139023,6.0,11.4,46.1,16.2
30417,2185,143583,3.3,9.5,35.5,15.8
30418,2827,82726,3.8,16.4,25.4,39.3
30419,476,91986,11.1,12.9,37.5,20.2
30420,4571,79525,8.0,14.6,43.2,19.5
30421,4790,76747,6.1,19.1,23.7,21.7
30422,2894,110509,13.6,10.6,48.1,35.1
30423,1165,131825,12.9,8.1,42.7,15.9
30424,3782,134550,8.6,15.8,45.0,17.8
30425,2107,35727,6.3,7.3,37.0,35.0
30426,3301,79061,9.1,18.5,27.3,31.1
30427,1151,129929,12.0,16.8,20.9,29.7
30428,728,131003,3.1,9.7,34.0,24.9
30429,2473,66979,10.4,10.4,22.4,17.7
30430,4074,102236,11.5,8.7,25.5,18.4
30431,1283,79693,12.8,22.8,34.2,19.8
30432,4941,103846,5.6,11.4,35.6,33.0
30433,1377,98506,5.4,23.2,35.2,16.4
30434,2051,95817,5.6,5.4,35.7,20.2
30435,4021,77973,14.2,12.9,28.8,26.8
30436,3524,70489,4.7,23.1,38.6,30.8
30437,1425,92363,12.2,19.3,30.8,18.9
30438,1271,94647,14.8,6.2,34.3,19.9
30439,4416,73086,14.4,14.9,29.2,20.2
30440,3869,66579,7.9,7.5,23.7,37.7
30441,1971,25688,13.1,7.8,24.0,32.4
30442,3731,35304,11.0,13.9,43.7,20.8
30443,2410,37862,13.4,22.5,38.5,38.9
30444,2443,140507,4.9,12.3,20.6,27.2
30445,3486,96752,12.2,18.7,44.7,29.6
30446,3167,109171,10.0,9.5,20.0,30.8
30447,2439,76453,9.5,13.1,24.1,31.8
30448,783,102371,11.7,7.3,22.5,29.4
30449,975,125964,6.3,7.7,31.2,25.0
30450,1154,79800,3.9,18.1,24.8,20.3
30451,3853,100970,9.0,5.2,28.8,26.8
30452,2702,133794,6.6,19.3,25.6,30.3
30453,4114,56269,6.1,22.3,44.0,28.5
30454,448,122564,15.0,10.1,23.9,29.2
30455,4414,96198,5.4,22.5,22.9,17.3
30456,1122,118666,5.8,19.6,27.7,20.5
30457,549,124258,7.0,21.5,30.2,31.5
30458,603,129757,9.0,20.7,30.9,32.7
30459,185,110861,13.4,5.0,20.9,21.2
30460,3422,120412,5.1,18.6,31.9,34.5
30461,622,71873,10.4,14.0,27.9,29.7
30462,3251,111668,7.4,24.8,36.6,28.5
30463,3792,97948,12.6,16.6,26.4,36.3
30464,2608,70330,10.2,17.1,42.8,38.9
30465,729,108167,12.5,25.0,41.8,30.2
30466,117,145174,13.3,10.4,22.5,22.6
30467,1368,70594,13.9,20.4,28.1,20.6
30468,1276,34465,14.9,6.1,31.8,22.8
30469,1732,97422,10.4,14.8,25.7,24.4
30470,4695,123316,10.7,17.6,32.8,37.1
30471,4653,81627,4.7,9.1,43.2,24.1
30472,3869,29705,4.3,14.5,20.4,37.6
30473,3713,76391,8.9,14.1,22.0,36.5
30474,214,58465,11.3,10.6,44.7,27.6
30475,852,27066,6.0,17.2,38.0,21.6
30476,4964,133882,6.9,18.5,28.0,26.8
30477,2500,130218,11.4,6.8,49.6,39.1
30478,1970,62442,5.5,8.1,36.6,21.6
30479,2688,125377,9.3,24.1,41.6,29.3
30480,421,85421,9.5,5.8,46.8,16.3
30481,4421,110132,14.0,7.2,31.3,22.8
30482,3927,55445,7.8,21.3,22.3,37.6
30483,4556,61581,5.5,21.2,49.6,33.8
30484,933,124354,5.1,24.1,28.7,38.2
30485,4307,59920,6.5,22.3,40.0,25.0
30486,311,53503,6.3,9.3,23.4,37.0
30487,1356,65457,12.0,18.6,30.5,31.8
30488,258,68791,10.1,9.0,28.3,36.5
30489,2719,73406,11.2,21.5,48.9,38.5
30490,1447,51926,10.6,15.4,23.1,33.1
30491,3264,103859,8.8,14.3,20.6,36.8
30492,3312,79939,14.1,15.0,37.9,29.9
30493,1010,101876,12.8,5.5,33.7,25.5
30494,2551,126393,5.5,19.3,34.5,18.7
30495,3903,77793,8.1,8.3,32.8,15.2
30496,503,52265,6.5,7.7,20.8,21.2
30497,1941,25173,11.9,11.0,27.5,24.2
30498,2748,100152,7.1,14.8,46.0,23.0
30499,1790,130558,10.7,15.2,41.8,37.5
30500,3585,110823,6.5,18.1,42.8,20.8
30501,1356,98046,5.1,6.3,47.7,33.3
30502,4388,107368,3.1,11.8,30.8,19.8
30503,3284,39389,14.9,9.9,28.8,37.2
30504,1742,83794,5.6,13.1,45.1,19.5
30505,3452,30835,13.0,15.2,47.4,39.2
30506,622,52062,12.9,22.0,46.3,24.3
30507,4545,42165,5.8,22.2,40.1,36.2
30508,2044,110488,8.0,15.7,22.1,21.4
30509,3671,49747,13.0,20.7,26.8,31.6
30510,1660,56269,11.3,13.1,47.9,31.4
30511,4847,36961,7.4,24.8,40.8,30.9
30512,4830,141971,14.4,7.5,33.8,27.3
30513,3694,140120,7.1,7.9,40.0,38.4
30514,692,112055,5.5,10.9,46.9,26.6
30515,3993,95481,4.8,7.1,41.4,31.5
30516,2768,120727,11.4,5.1,32.9,31.7
30517,4002,145393,3.3,11.5,48.9,31.1
30518,855,120442,13.2,5.9,41.3,31.2
30519,1399,59627,6.7,16.6,44.0,21.0
30520,596,83694,7.4,21.7,24.7,17.1
30521,4968,28919,12.6,8.6,39.1,39.0
30522,2521,101402,12.8,17.0,44.9,25.3
30523,1698,129694,7.8,9.8,38.8,28.1
30524,4379,58316,9.6,15.6,22.5,26.8
30525,4227,79212,11.2,15.7,22.2,26.0
30526,4478,143262,11.3,6.0,30.4,37.6
30527,3690,85982,9.4,23.6,37.4,22.5
30528,4881,25166,13.1,8.6,44.1,18.9
30529,561,143200,13.1,16.5,42.4,16.9
30530,467,36952,13.2,14.2,20.8,38.1
30531,2805,43784,6.2,21.1,28.6,30.7
30532,3423,56422,6.1,12.5,45.2,17.4
30533,265,93706,4.7,19.6,32.4,28.8
30534,3786,67607,12.9,20.5,20.7,26.6
30535,4182,142877,3.7,8.3,43.2,39.1
30536,3147,86089,4.6,18.5,37.1,28.3
30537,1828,93157,14.1,13.7,24.1,39.1
30538,4797,87964,4.5,24.1,34.6,32.9
30539,3769,144846,4.5,24.8,21.5,32.6
30540,3274,61169,13.9,19.0,47.1,22.1
30541,2273,129770,6.7,16.3,27.1,17.7
30542,137,40293,13.6,11.4,45.1,29.3
30543,4543,120729,7.5,10.3,42.7,26.5
30544,2121,96708,7.5,14.6,34.1,38.8
30545,833,136330,4.6,15.7,24.9,20.0
30546,4621,25542,14.0,15.9,46.8,19.6
30547,747,100067,12.1,21.2,26.3,19.4
30548,3402,55246,5.7,21.9,25.5,19.2
30549,419,147830,11.7,12.1,26.6,22.8
30550,4707,69544,4.2,15.2,28.8,28.5
30551,2653,132063,9.3,20.1,31.7,36.6
30552,3278,143226,6.1,22.4,49.7,38.7
30553,1822,146700,13.2,8.0,39.9,36.1
30554,1856,101473,9.1,19.9,22.5,20.9
30555,3778,53250,14.1,23.4,22.3,26.7
30556,3878,141628,10.0,10.0,21.8,18.4
30557,2615,49501,9.0,14.8,33.9,31.6
30558,3947,80494,11.3,5.1,31.9,15.6
30559,1037,125064,12.4,21.4,46.0,24.1
30560,864,100957,3.2,21.9,31.6,31.0
30561,752,137769,9.3,23.3,33.0,33.8
30562,4180,96309,12.3,19.6,39.1,38.8
30563,3702,143633,7.9,11.8,43.8,33.9
30564,2229,105002,3.5,8.6,44.3,22.7
30565,4676,142389,3.2,11.8,41.9,31.0
30566,4064,107948,12.5,9.6,34.7,33.6
30567,4711,89336,5.4,7.2,48.2,34.3
30568,286,31310,5.1,14.3,32.6,17.5
30569,245,62248,6.5,9.1,33.2,34.2
30570,4347,110623,4.2,6.3,45.6,18.0
30571,1486,38866,3.6,16.1,30.2,31.1
30572,4288,97795,13.5,16.4,31.8,33.9
30573,2687,140429,6.6,15.2,26.5,37.2
30574,2796,149655,10.0,8.5,20.5,15.8
30575,4112,43618,13.3,13.4,42.0,37.1
30576,4797,75765,14.7,19.1,20.8,27.3
30577,148,94072,11.3,19.4,35.8,36.4
30578,3429,73910,14.4,17.0,49.2,26.2
30579,3689,41941,8.1,21.7,38.0,20.3
30580,2688,71598,12.5,17.3,20.9,27.2
30581,3581,38993,14.3,6.2,40.8,32.4
30582,874,53786,3.6,20.4,42.9,38.3
30583,4741,65198,6.8,12.7,29.8,29.2
30584,1360,80214,11.9,9.4,21.5,29.2
30585,749,122274,6.8,5.7,29.1,21.0
30586,3539,132863,3.2,11.5,21.0,34.0
30587,3148,107777,12.7,17.2,29.9,20.9
30588,2123,85365,5.0,22.1,43.7,28.1
30589,1180,92346,6.9,11.3,47.3,20.0
30590,4370,43740,13.9,15.1,32.4,28.0
30591,2174,71937,5.5,8.1,47.5,30.7
30592,4342,104887,13.7,14.0,45.8,34.8
30593,2412,78217,8.1,10.7,33.7,34.6
30594,3574,102885,14.0,7.9,46.9,29.1
30595,2405,54377,13.5,14.8,35.4,32.0
30596,3360,57064,8.0,24.0,40.4,38.5
30597,2974,53015,14.1,17.2,20.2,31.6
30598,4938,77658,10.6,19.4,39.2,22.4
30599,4905,78539,8.7,9.4,39.7,37.1
30600,3410,114250,9.4,13.6,29.5,30.1
30601,1450,148626,3.8,22.5,44.8,15.8
30602,1193,113855,12.7,13.6,27.4,39.9
30603,3876,139928,6.5,11.2,37.4,19.9
30604,3196,38636,6.2,8.2,35.2,21.3
30605,1954,106270,11.6,16.6,33.9,34.5
30606,2366,111940,7.4,6.4,20.6,33.2
30607,660,98448,9.2,8.8,49.0,24.9
30608,4792,75304,8.1,9.0,42.3,32.7
30609,4645,116064,9.1,5.8,20.8,32.6
30610,2483,71728,5.7,6.9,31.1,37.2
30611,1925,143627,13.6,13.5,30.0,39.3
30612,1783,120695,10.3,5.2,30.3,17.9
30613,1298,27574,5.8,14.3,36.2,21.1
30614,1109,55537,4.1,24.4,20.5,20.7
30615,1871,77452,9.4,14.1,25.7,35.4
30616,1807,144525,8.6,21.2,24.9,33.2
30617,4635,148055,14.2,5.1,27.7,18.2
30618,2372,64715,5.8,19.9,45.5,20.8
30619,2712,64669,13.6,14.2,21.3,28.2
30620,4441,140764,12.2,10.9,28.7,27.2
30621,1642,25334,8.7,5.1,47.4,39.9
30622,1337,38186,13.5,16.7,44.8,30.8
30623,3075,87098,13.3,20.5,38.2,18.6
30624,1824,71632,11.6,8.4,27.6,36.6
30625,2363,47820,4.2,20.7,39.7,19.4
30626,382,70498,4.9,22.4,44.2,23.0
30627,2720,92266,10.1,20.1,30.0,25.0
30628,3386,63023,5.9,21.2,21.6,37.9
30629,271,121855,9.6,18.3,49.7,16.9
30630,3556,127157,9.7,20.8,30.9,25.9
30631,1982,108644,10.0,22.3,45.3,19.5
30632,2375,124106,9.8,15.5,25.9,32.0
30633,2721,25911,7.6,21.6,45.7,25.3
30634,700,119278,5.5,20.8,47.9,18.8
30635,3890,120976,9.2,8.9,38.2,37.2
30636,2123,56751,8.9,10.7,44.6,23.3
30637,566,54627,6.3,22.5,46.4,35.3
30638,4050,72883,3.6,12.9,45.1,17.1
30639,3989,53080,5.5,24.9,48.1,31.3
30640,4492,142755,9.6,18.2,27.8,22.3
30641,2692,130325,9.4,5.9,23.6,33.0
30642,1119,99063,4.6,12.7,46.3,32.2
30643,1647,121882,10.3,20.8,49.5,39.2
30644,4856,82339,8.1,12.4,24.8,21.4
30645,4849,104683,10.8,12.5,41.1,22.8
30646,4997,103242,13.7,11.9,36.4,21.9
30647,4536,69840,6.7,11.6,27.1,18.3
30648,803,127636,7.2,8.9,41.4,37.7
30649,952,71908,11.1,8.8,39.7,30.4
30650,405,76167,14.4,20.9,32.5,28.3
30651,3678,61427,8.8,17.3,20.5,39.3
30652,2033,103329,5.0,10.5,44.9,28.6
30653,1887,103804,14.2,20.7,26.7,33.7
30654,3887,123702,8.6,16.9,40.8,38.7
30655,973,134154,8.5,14.5,49.9,29.8
30656,1681,102122,9.5,17.4,47.9,18.1
30657,4057,105826,6.0,11.1,34.5,36.1
30658,4690,45481,12.4,19.8,22.5,17.5
30659,3432,40993,10.7,9.7,46.8,38.7
30660,1785,49453,14.5,16.1,20.4,26.2
30661,1705,85600,5.4,21.9,29.4,32.2
30662,995,57783,10.4,15.5,41.9,36.2
30663,3363,62142,9.2,15.1,43.7,19.1
30664,3524,79622,13.7,18.0,37.3,23.3
30665,3953,129817,3.4,11.3,29.7,31.7
30666,2446,75728,12.1,24.8,23.5,35.2
30667,3631,57669,10.5,19.0,34.9,25.8
30668,2574,38250,10.3,11.7,38.3,36.0
30669,1961,85278,13.5,17.7,49.3,39.9
30670,2863,148257,10.1,22.6,49.3,33.6
30671,4952,30174,11.6,21.8,44.5,26.0
30672,130,55927,10.7,23.9,23.5,26.6
30673,4107,72235,3.8,8.1,47.7,33.1
30674,3555,145173,4.4,11.4,33.2,38.7
30675,342,34571,7.1,23.9,22.5,24.8
30676,4881,80067,11.1,18.0,41.0,22.4
30677,1598,102041,3.3,23.3,41.5,16.8
30678,4768,148633,12.3,10.1,23.2,22.2
30679,3522,59075,5.4,19.8,21.9,20.7
30680,4103,34850,9.7,15.3,48.8,28.6
30681,1759,95068,5.4,18.0,40.1,32.4
30682,3328,32106,5.1,16.3,27.9,30.5
30683,698,129217,7.0,19.6,35.4,16.7
30684,2295,128078,14.1,9.1,39.3,32.4
30685,169,136116,5.9,24.5,34.2,34.5
30686,1493,129518,3.6,15.2,26.2,27.1
30687,3759,123357,13.6,21.4,22.0,32.9
30688,1749,84404,8.3,5.4,44.6,33.6
30689,2381,112415,10.5,8.0,38.2,22.7
30690,3782,126946,13.6,11.7,21.2,15.4
30691,2783,87723,12.1,19.2,45.1,21.8
30692,4662,41463,12.6,11.2,34.8,16.6
30693,4752,90464,8.8,20.5,33.5,21.5
30694,1410,84867,11.2,7.6,21.0,22.7
30695,4813,56803,14.6,13.9,47.5,22.0
30696,4329,52694,13.7,11.4,24.3,39.2
30697,4203,47348,10.3,7.0,39.1,17.3
30698,2175,46993,4.0,19.5,23.9,29.5
30699,882,105585,14.8,22.6,41.5,29.7
30700,3906,123052,5.7,22.5,39.1,22.5
30701,1433,81355,7.3,10.3,22.2,35.0
30702,3817,85946,4.7,24.3,25.4,19.4
30703,4736,81575,5.0,21.0,42.9,19.7
30704,1157,74437,12.5,9.8,46.8,28.1
30705,2154,100304,4.5,22.5,31.1,30.5
30706,3501,50519,5.3,8.8,33.6,18.3
30707,2209,114883,5.1,8.0,28.3,26.6
30708,3257,131270,7.4,22.6,49.1,24.4
30709,3896,139915,11.3,23.5,29.6,35.2
30710,3748,141664,10.7,14.0,22.4,21.0
30711,1420,43602,11.7,18.1,27.1,20.3
30712,4517,34712,11.7,11.4,34.4,39.4
30713,3799,110236,3.0,20.3,30.4,29.8
30714,832,26984,11.2,21.7,34.4,27.4
30715,3733,77616,11.2,9.0,39.8,20.3
30716,3649,100478,3.7,18.9,29.4,35.8
30717,3762,28723,8.1,22.7,33.9,17.3
30718,4744,92881,3.9,20.4,44.6,17.9
30719,704,97136,5.3,20.9,47.1,22.7
30720,1822,26460,8.9,9.6,42.4,27.2
30721,2504,130817,3.1,21.5,24.2,38.7
30722,3582,111493,4.1,15.2,39.7,38.9
30723,2912,26208,4.0,5.2,47.5,18.4
30724,1681,94331,4.5,18.4,42.7,25.5
30725,2378,55991,3.6,20.5,22.7,23.1
30726,2450,125812,10.3,20.6,38.6,18.5
30727,3723,54794,5.1,23.7,27.9,30.3
30728,814,117593,13.4,6.7,49.2,31.2
30729,1024,92203,13.6,8.8,33.2,23.7
30730,3262,105498,11.3,23.5,24.4,26.1
30731,4253,100224,3.8,20.0,31.0,34.7
30732,4629,136884,13.7,13.3,28.1,16.4
30733,4178,81891,8.0,7.8,44.8,38.2
30734,2669,85187,5.2,21.7,39.2,37.1
30735,2915,136212,12.3,11.2,28.2,20.6
30736,4678,47923,7.2,21.7,43.9,25.8
30737,4562,149311,9.1,16.1,24.6,19.0
30738,988,146691,11.9,15.7,26.2,20.9
30739,3578,100648,4.2,17.1,23.0,33.1
30740,3689,148809,5.0,13.4,37.7,34.0
30741,1823,37674,14.6,7.2,21.4,33.3
30742,1358,97213,11.6,16.7,41.1,16.8
30743,510,110332,5.8,13.4,26.1,18.1
30744,2330,81858,9.9,14.2,39.7,31.3
30745,3294,100668,5.3,17.0,38.5,28.5
30746,2305,29309,13.4,7.8,23.9,25.1
30747,2160,113460,8.4,9.8,21.4,31.8
30748,3998,121299,12.7,10.7,21.2,37.4
30749,2713,148471,14.7,12.5,24.3,20.9
30750,1912,123669,14.8,6.9,36.2,34.0
30751,1902,30911,4.7,8.1,36.6,20.7
30752,4006,92757,14.3,10.1,29.4,24.0
30753,777,74424,6.2,18.9,21.8,32.6
30754,3010,104620,7.3,18.4,41.4,38.1
30755,4813,61389,3.8,5.2,24.9,37.2
30756,2351,126946,10.7,6.4,41.4,19.6
30757,3104,78737,10.7,15.0,25.1,23.4
30758,894,55618,12.3,13.5,23.4,21.3
30759,828,40541,14.4,10.9,45.1,18.8
30760,1793,41985,8.1,15.0,38.9,16.8
30761,4834,85486,7.9,9.0,22.1,33.3
30762,290,99339,10.7,7.7,22.6,21.7
30763,2096,81630,11.0,6.4,26.2,27.7
30764,2207,90862,8.3,6.4,37.5,19.1
30765,3966,84050,14.0,9.0,46.8,37.1
30766,1589,86786,3.6,20.8,49.5,15.4
30767,2209,143949,12.1,21.1,28.0,23.6
30768,737,93463,5.5,23.2,40.7,36.4
30769,4145,87191,8.9,18.2,45.6,24.3
30770,4258,104063,13.2,12.5,26.1,35.4
30771,2919,121599,7.0,7.6,34.1,17.2
30772,4211,109028,13.8,9.4,48.0,20.2
30773,941,59732,8.4,13.8,33.1,28.5
30774,4051,83553,11.4,10.0,38.2,35.4
30775,4158,127763,11.7,11.3,33.4,18.7
30776,3347,50599,6.1,23.9,36.8,34.7
30777,1316,112221,13.8,12.7,48.1,38.3
30778,998,108674,4.5,8.1,22.1,15.4
30779,2322,125385,10.1,11.9,26.7,20.9
30780,1357,135996,14.1,5.8,34.8,18.0
30781,1614,55252,3.4,17.3,27.1,18.1
30782,516,85288,9.4,19.4,36.7,34.2
30783,4646,96817,6.0,13.1,24.6,19.5
30784,2983,82017,5.3,16.0,42.6,25.2
30785,3926,84229,5.8,22.5,37.6,33.3
30786,4475,27075,13.8,9.1,32.0,15.7
30787,4439,29028,8.1,8.3,42.4,39.4
30788,774,94737,5.8,10.2,45.1,20.2
30789,202,86213,14.1,9.4,49.2,33.0
30790,2457,106691,6.9,22.5,47.1,38.6
30791,4093,72260,11.7,5.9,48.8,31.1
30792,4127,51398,9.4,6.7,41.6,31.2
30793,3808,69138,11.1,23.8,24.2,21.0
30794,4312,59024,5.2,12.8,20.4,31.4
30795,1595,82539,11.1,14.9,33.5,20.4
30796,4958,112890,13.9,16.6,41.0,19.1
30797,3492,29297,4.2,20.6,29.8,32.6
30798,3606,76308,6.9,19.2,41.1,32.0
30799,2885,103366,14.7,12.4,27.3,20.2
30800,2334,47241,5.7,21.0,35.0,28.4
30801,3759,123344,3.7,19.9,34.2,23.6
30802,4980,136679,3.7,22.6,41.2,30.8
30803,3832,86158,6.3,10.0,39.8,36.6
30804,4902,70945,8.9,6.9,33.1,22.9
30805,4991,115793,6.2,7.1,26.1,28.7
30806,4668,27859,6.4,15.9,42.5,36.1
30807,3625,92998,13.0,10.2,39.7,39.7
30808,3617,125341,12.2,5.9,22.1,21.5
30809,4877,68379,6.7,21.7,34.1,18.4
30810,4289,59442,7.1,22.2,37.7,24.8
30811,4931,117963,14.6,12.3,47.4,20.8
30812,2629,74515,14.4,7.6,43.5,19.7
30813,2013,71315,14.7,10.0,21.8,28.8
30814,2557,106695,14.3,18.6,45.9,18.7
30815,1250,93054,10.5,18.8,30.1,22.5
30816,3958,71951,6.7,19.0,46.9,21.6
30817,4237,33691,14.6,22.1,31.5,29.8
30818,4236,126357,11.9,22.7,46.1,22.2
30819,1610,43854,11.5,24.8,27.4,38.3
30820,4070,74730,12.6,12.1,34.3,39.3
30821,4015,136803,10.2,23.3,37.6,35.9
30822,3352,114947,10.0,17.8,34.9,18.4
30823,3849,86208,7.3,7.4,32.9,16.7
30824,843,106435,4.8,16.9,24.3,30.6
30825,2865,105274,8.3,12.6,46.6,31.3
30826,4038,105365,9.2,6.5,35.3,25.3
30827,2611,47226,13.5,9.9,45.0,18.1
30828,1173,26257,7.8,19.3,35.3,21.8
30829,3317,31635,13.6,12.0,34.9,27.2
30830,4493,27972,6.8,17.9,22.4,28.8
30831,2292,95577,14.3,23.2,21.3,17.3
30832,115,113594,3.5,16.8,33.7,25.4
30833,3653,120543,9.3,24.1,22.1,17.4
30834,206,78137,6.9,11.9,35.3,15.9
30835,4414,93524,6.5,22.5,27.8,23.8
30836,3068,137752,4.0,24.3,39.4,34.9
30837,4566,26524,11.2,15.4,31.5,36.5
30838,3145,97023,7.7,12.3,29.6,31.8
30839,2957,103181,14.4,12.0,49.1,19.4
30840,4449,70181,11.5,13.5,37.1,31.2
30841,1528,63607,8.3,18.2,23.6,31.3
30842,2108,55801,10.5,13.8,44.9,36.5
30843,3201,49827,3.8,20.3,45.7,39.6
30844,3736,96208,10.1,18.8,47.9,30.1
30845,3571,25381,11.0,11.5,20.2,29.6
30846,3131,26804,4.3,21.1,42.7,25.9
30847,3021,43371,11.2,20.2,43.0,15.1
30848,4545,54388,8.7,17.4,25.4,25.0
30849,978,95754,8.8,8.7,34.7,30.8
30850,2612,133995,11.7,15.1,32.8,31.4
30851,410,93178,8.4,14.1,23.3,16.5
30852,1214,74175,5.8,5.4,49.5,17.9
30853,1421,40776,6.6,24.8,42.2,29.4
30854,3496,25352,11.9,19.2,23.5,15.3
30855,4475,47600,3.9,12.4,36.8,30.2
30856,1066,37982,13.1,16.5,35.7,36.7
30857,3289,78240,10.0,22.8,34.7,22.4
30858,794,86954,11.7,5.8,35.0,23.1
30859,2714,91306,7.1,10.2,21.0,35.6
30860,370,54725,5.7,24.0,39.6,37.8
30861,1511,144441,12.7,5.3,45.4,23.8
30862,3127,79721,4.2,16.6,43.9,22.2
30863,3224,89991,5.0,15.7,26.6,27.0
30864,1853,56658,6.4,24.6,31.0,16.6
30865,1921,71536,7.2,13.6,43.5,24.5
30866,4435,36073,5.4,24.5,39.5,34.2
30867,3385,75899,14.0,5.2,43.3,26.8
30868,460,116162,3.3,11.8,44.7,38.5
30869,3535,79627,12.6,10.4,47.7,36.0
30870,833,122896,7.9,7.9,23.6,20.0
30871,951,42005,13.0,24.9,26.2,34.9
30872,959,123322,12.6,24.4,49.1,17.9
30873,4896,101303,4.5,7.9,47.0,26.9
30874,1450,83137,11.0,15.5,36.2,24.0
30875,4184,93877,7.5,6.9,38.1,35.9
30876,2983,49110,12.9,7.5,25.2,31.7
30877,3647,38457,13.2,19.2,28.4,31.3
30878,4292,69699,5.3,22.3,31.3,30.7
30879,426,59670,8.7,17.1,30.0,34.5
30880,2220,123194,10.1,7.3,42.9,16.3
30881,1093,78789,9.5,21.5,48.6,34.4
30882,1866,54288,6.0,22.3,42.1,38.4
30883,4528,122428,6.3,16.2,46.0,35.4
30884,1280,43324,13.3,13.3,40.6,34.6
30885,2064,40919,3.4,13.2,22.6,34.3
30886,2881,58974,6.1,18.2,36.4,18.6
30887,3005,114757,5.7,23.3,31.8,30.7
30888,198,127384,7.4,23.2,37.9,29.4
30889,2879,56785,11.2,20.7,41.1,24.4
30890,343,107084,9.4,12.1,48.9,18.2
30891,4137,31952,9.5,13.1,23.5,28.4
30892,1600,135253,11.8,19.5,47.1,39.5
30893,2809,85255,12.7,18.9,40.5,30.5
30894,3153,134661,4.9,23.4,35.6,22.2
30895,4562,38525,4.3,20.8,32.2,22.1
30896,3326,42595,6.6,24.6,41.5,18.5
30897,1147,126463,12.9,9.4,30.2,35.6
30898,4478,51057,9.5,23.5,41.4,15.7
30899,1415,26495,4.7,24.5,42.2,25.0
30900,1486,84136,5.0,23.1,25.5,25.4
30901,4020,106655,13.8,7.8,29.1,20.8
30902,1837,54749,7.4,23.8,27.0,30.4
30903,521,125723,6.1,20.2,44.3,22.3
30904,3901,114890,11.3,12.2,23.8,39.9
30905,1511,102455,13.3,14.1,22.0,38.2
30906,3349,65452,8.3,6.3,28.6,23.9
30907,4670,55622,12.5,13.2,30.8,22.0
30908,2552,49940,8.2,9.9,32.9,29.6
30909,2183,81356,11.3,19.4,40.5,20.0
30910,4553,111134,9.9,16.3,29.9,32.6
30911,4753,123712,13.7,23.7,46.2,32.2
30912,3778,41746,6.9,17.4,44.2,32.9
30913,1450,93976,12.2,20.6,31.8,16.8
30914,2467,38245,11.2,21.3,46.2,15.2
30915,4933,144960,13.1,6.3,43.0,35.1
30916,3440,78570,10.3,21.4,42.8,18.3
30917,2672,140445,8.5,8.3,42.9,33.7
30918,4220,134861,3.6,9.4,27.2,19.5
30919,3944,69511,13.1,15.0,23.5,22.0
30920,739,52567,13.9,14.3,39.2,38.0
30921,1674,65659,8.4,24.1,37.4,25.6
30922,3328,49029,5.7,13.9,39.9,29.4
30923,4369,82791,10.8,13.4,34.3,17.7
30924,285,142439,4.5,21.4,23.3,22.3
30925,1418,56428,3.5,10.9,44.3,23.4
30926,627,26791,6.5,21.0,49.1,18.2
30927,3359,114042,11.2,9.9,42.1,25.6
30928,3583,71739,12.8,13.1,31.9,25.4
30929,3119,27389,4.9,23.3,42.4,37.9
30930,4879,79538,14.4,14.5,25.5,37.5
30931,2333,131358,9.6,23.6,49.6,17.5
30932,1667,81657,14.1,12.6,41.1,20.1
30933,674,136066,4.8,6.8,40.3,20.4
30934,2134,32582,8.5,20.3,32.2,38.6
30935,1424,58058,8.2,10.0,43.5,23.0
30936,4504,148051,7.9,20.0,44.0,27.2
30937,1312,38750,14.2,16.5,38.4,26.7
30938,1534,107220,13.2,24.5,49.3,17.4
30939,637,147803,12.5,13.5,36.0,26.0
30940,1674,39995,6.4,22.9,31.2,24.1
30941,292,32432,7.1,19.5,25.2,28.3
30942,1286,142854,6.1,7.9,35.9,39.4
30943,4248,53552,12.5,19.2,24.7,31.5
30944,574,56417,7.7,17.8,36.8,38.1
30945,4369,52590,14.7,24.6,35.3,16.6
30946,1913,121672,7.4,14.1,42.1,18.1
30947,4895,35496,5.0,16.1,48.8,25.7
30948,2537,92282,14.2,19.2,35.1,18.3
30949,3479,82858,12.4,17.2,30.2,22.6
30950,4652,33870,10.0,17.3,21.7,28.2
30951,1454,135475,13.3,14.0,23.9,33.4
30952,3500,85765,14.4,20.4,29.6,38.1
30953,3854,128311,13.3,5.2,34.5,25.8
30954,3629,35444,13.9,8.1,21.8,28.7
30955,258,25343,6.3,22.0,44.9,33.3
30956,1937,40898,9.1,23.6,24.8,34.7
30957,4711,139716,12.5,19.8,30.3,27.0
30958,1125,102175,9.3,8.1,28.5,25.7
30959,758,100880,10.7,16.6,48.0,15.1
30960,777,137973,14.1,10.6,36.7,37.0
30961,4510,114156,6.5,16.2,24.6,15.8
30962,4146,74258,9.5,9.1,25.0,34.3
30963,3921,79963,9.8,7.7,50.0,25.8
30964,2475,53773,7.3,8.9,34.6,36.5
30965,375,30783,7.4,22.9,37.3,39.6
30966,4647,117711,12.2,6.2,42.0,34.4
30967,1688,44744,14.2,5.7,39.9,18.1
30968,4681,72240,10.6,8.8,22.5,29.5
30969,4762,91025,8.9,16.3,27.1,30.3
30970,345,110680,12.0,6.8,35.9,36.6
30971,988,70122,15.0,15.4,36.0,33.6
30972,2311,101950,4.0,19.4,31.9,21.0
30973,4125,131452,10.8,15.8,41.6,29.2
30974,100,148157,9.7,20.3,29.6,35.8
30975,3010,78228,10.3,15.4,31.7,26.2
30976,2284,80111,3.3,6.8,49.1,31.9
30977,4346,34565,14.5,18.4,21.2,28.0
30978,3351,50203,4.0,11.5,30.6,37.8
30979,3151,93231,6.7,15.4,32.2,27.9
30980,1610,83514,6.6,24.9,26.4,20.9
30981,3871,54036,11.8,10.5,38.9,19.3
30982,1228,91213,11.1,21.4,28.7,35.7
30983,797,40587,3.7,16.3,29.6,23.4
30984,1188,96347,4.8,23.3,20.3,20.5
30985,2519,102089,6.8,23.2,29.4,20.8
30986,2728,28401,11.4,19.3,47.9,36.0
30987,3889,138502,14.2,11.1,45.7,16.3
30988,785,43826,6.8,24.0,38.2,15.6
30989,2856,91090,9.3,21.7,34.6,25.9
30990,1942,66762,7.5,24.3,30.5,16.8
30991,1832,108082,9.9,24.4,35.4,27.4
30992,4935,41807,10.5,13.8,20.2,20.5
30993,4466,100004,9.2,7.0,44.1,26.4
30994,2072,66375,7.7,15.1,26.5,15.4
30995,810,36184,13.6,7.4,32.9,26.2
30996,424,38818,12.6,14.8,46.9,22.0
30997,4993,137985,15.0,16.0,20.2,38.9
30998,3067,108925,8.0,16.5,31.2,32.4
30999,3899,85088,3.5,5.2,26.7,15.8
31000,2694,37864,10.8,22.1,49.6,29.3
31001,1192,60631,12.4,14.2,39.5,34.5
31002,3055,92548,14.2,19.2,45.1,25.7
31003,311,133326,3.1,7.2,42.6,39.5
31004,1681,29309,13.6,19.9,22.5,33.9
31005,3931,146269,9.2,13.8,46.4,19.8
31006,1543,32647,7.5,19.8,27.5,30.0
31007,4243,86592,5.7,23.5,41.1,16.8
31008,4426,81167,12.8,19.6,42.4,16.6
31009,678,70996,7.4,17.3,48.8,34.1
31010,3097,120644,10.3,19.1,29.0,27.7
31011,1854,102668,9.1,19.8,44.7,24.8
31012,3079,28871,6.2,15.0,37.3,36.3
31013,3705,103970,12.5,21.7,47.7,16.1
31014,521,97285,6.6,16.1,32.6,15.1
31015,710,80163,12.4,17.7,40.8,21.9
31016,545,139554,7.9,13.5,25.6,20.2
31017,1060,141305,3.4,24.1,47.1,26.5
31018,230,59411,12.2,15.3,49.3,15.1
31019,2747,85143,13.8,9.3,28.8,38.1
31020,4179,145386,4.4,11.4,47.1,35.9
31021,2534,100531,10.0,8.0,21.6,19.1
31022,3829,124257,3.9,7.5,44.5,30.5
31023,4531,118426,13.0,23.6,34.1,23.0
31024,1124,119995,14.9,18.3,49.1,35.4
31025,1752,112345,8.9,5.0,27.8,36.9
31026,637,85551,6.8,21.2,21.6,30.0
31027,4691,116294,13.1,15.6,36.0,37.4
31028,3183,78399,9.2,7.2,41.8,22.4
31029,607,48421,8.4,14.1,34.3,23.8
31030,4024,107828,5.7,12.3,33.5,16.6
31031,780,145827,10.4,11.4,26.5,24.3
31032,2712,113519,10.3,14.3,35.0,35.8
31033,4976,127733,6.2,17.8,47.2,21.2
31034,859,115574,5.5,15.7,32.7,33.7
31035,4323,149372,8.3,10.6,42.2,30.8
31036,3247,96502,8.4,19.5,43.3,18.4
31037,2293,116161,4.5,24.8,37.3,26.8
31038,2646,85581,6.3,24.3,30.0,18.7
31039,4755,36629,4.9,24.9,38.7,19.9
31040,1322,120013,13.8,14.7,35.4,21.5
31041,3674,29534,3.9,5.9,45.0,35.6
31042,3123,47624,13.5,19.6,28.0,34.9
31043,3380,111409,9.3,18.3,25.8,36.4
31044,1171,28538,11.0,24.3,26.8,21.0
31045,640,148146,14.1,12.4,28.3,32.5
31046,610,63786,7.4,24.9,38.3,32.0
31047,4550,56866,11.4,6.3,37.0,20.8
31048,444,100286,11.1,12.2,23.8,16.9
31049,4342,89317,14.9,19.8,49.2,22.5
31050,3469,63085,3.6,17.3,21.0,25.3
31051,3922,114128,8.5,9.1,41.1,36.5
31052,2479,51744,14.9,12.1,22.5,38.3
31053,2580,47952,6.9,8.2,23.0,23.6
31054,498,51460,14.6,24.9,43.4,38.1
31055,3506,88491,12.8,15.3,35.4,38.5
31056,3380,32422,7.1,22.3,29.9,33.3
31057,4782,119850,3.3,12.9,40.7,32.3
31058,3866,40358,6.4,9.9,45.4,26.3
31059,1394,94075,4.5,14.8,33.1,37.0
31060,3351,93402,8.1,20.4,29.4,34.6
31061,3609,62046,14.3,23.2,41.7,37.6
31062,2135,89618,9.2,8.9,39.2,28.0
31063,4933,142234,8.4,7.6,27.7,17.6
31064,3949,53094,5.6,8.2,35.0,19.2
31065,1877,121327,10.5,11.1,21.6,22.9
31066,479,141805,8.5,17.0,24.9,19.9
31067,3863,105452,12.3,19.8,27.1,36.8
31068,1761,75951,9.2,12.3,27.4,27.8
31069,3158,115234,13.6,23.4,21.7,17.2
31070,1406,90927,12.4,14.2,48.9,28.9
31071,2565,93834,4.7,14.8,34.1,24.5
31072,4551,103738,4.6,22.7,49.9,33.3
31073,115,51991,3.3,6.2,29.8,16.2
31074,4510,62321,7.4,17.2,33.7,32.2
31075,2680,39518,3.7,16.2,38.1,18.2
31076,2692,106122,8.4,13.0,24.7,27.4
31077,4889,102768,5.9,13.6,48.3,36.4
31078,168,93679,9.0,18.8,26.9,33.9
31079,510,43943,4.9,16.4,25.6,22.9
31080,3223,40367,9.6,18.1,24.3,38.1
31081,2959,63840,14.6,13.8,39.8,28.7
31082,1018,140783,10.6,13.1,30.2,35.5
31083,4935,52347,9.8,15.4,35.9,29.4
31084,1590,30894,12.5,13.5,33.5,36.6
31085,3905,45525,3.1,21.9,24.4,34.4
31086,3443,122429,6.4,22.4,42.7,36.3
31087,2586,127992,14.8,6.5,27.5,34.4
31088,2677,66732,12.4,6.2,22.7,23.5
31089,372,127881,4.1,10.8,31.4,38.2
31090,4654,112448,6.9,6.7,48.2,31.9
31091,919,140886,8.3,15.8,30.6,16.5
31092,2715,51026,14.2,5.4,39.8,37.2
31093,2644,111670,10.0,20.7,43.4,17.6
31094,4084,49255,3.9,18.0,42.0,25.4
31095,4990,30790,9.1,9.2,37.4,27.5
31096,3081,35476,6.5,11.6,23.9,25.5
31097,1990,90106,7.1,11.1,48.7,33.8
31098,3139,57555,4.4,23.5,43.6,16.3
31099,2782,44422,8.5,22.7,49.1,33.1
31100,702,80982,11.0,16.3,35.6,33.5
31101,4037,132659,12.1,12.3,26.9,15.6
31102,1532,82407,11.3,14.2,47.4,18.6
31103,4562,51902,10.9,16.4,27.1,24.4
31104,355,74201,13.4,14.9,22.5,28.7
31105,2587,70270,7.0,6.3,20.9,19.0
31106,1458,71716,5.6,14.3,20.6,36.9
31107,3801,63947,4.1,23.4,27.2,37.3
31108,2582,75826,5.0,13.2,26.4,16.5
31109,789,148384,4.8,19.0,47.4,20.1
31110,3632,26591,13.9,24.9,30.8,28.9
31111,407,29344,5.2,16.0,21.4,25.6
31112,1796,107653,4.1,14.7,43.8,37.2
31113,3266,30956,7.8,10.4,41.6,28.3
31114,508,44236,5.0,9.6,25.7,32.9
31115,4051,41851,4.6,16.1,33.4,29.2
31116,925,44192,7.3,18.5,30.6,36.2
31117,1291,82853,14.0,13.6,43.3,38.5
31118,2234,81713,3.4,5.0,37.7,16.2
31119,3194,128863,5.5,16.2,25.6,36.7
31120,4293,60541,12.9,16.4,43.6,30.9
31121,1874,27857,5.9,6.5,37.4,39.1
31122,4516,44613,8.3,7.0,44.9,34.2
31123,633,93701,4.2,11.1,46.4,39.9
31124,2967,112829,12.5,17.0,45.3,27.8
31125,1307,124813,11.8,8.5,24.8,32.9
31126,516,102797,4.5,11.9,47.0,29.9
31127,2876,143198,14.4,7.9,24.0,21.9
31128,1337,41549,10.1,11.7,25.3,22.7
31129,4865,136671,12.6,19.6,45.1,23.2
31130,2043,126830,12.2,12.5,44.3,38.6
31131,2280,36633,9.2,21.3,32.1,30.6
31132,2200,116513,12.0,23.5,25.2,38.0
31133,4936,127307,5.9,11.1,26.5,34.8
31134,4218,122101,3.3,17.4,49.2,22.1
31135,3774,145202,7.1,10.2,22.1,20.3
31136,559,124718,4.8,16.4,31.0,31.7
31137,749,100103,14.8,7.4,39.0,36.8
31138,4677,142841,14.1,17.0,43.2,25.3
31139,219,101787,4.7,8.5,40.4,18.6
31140,4868,64457,7.1,12.9,30.8,34.5
31141,2355,98790,9.1,9.7,27.0,15.2
31142,417,90025,7.8,20.9,42.9,21.3
31143,967,93285,11.4,8.6,32.7,30.0
31144,3326,78126,9.0,24.3,23.5,29.9
31145,493,136146,9.8,7.4,49.3,17.6
31146,2652,89094,11.1,13.3,43.3,39.4
31147,4508,127161,3.3,20.4,38.9,33.4
31148,3328,133691,3.1,7.3,29.9,33.1
31149,2161,34734,5.1,11.3,44.7,24.8
31150,176,55421,11.6,14.1,27.2,25.2
31151,3510,94939,5.9,20.2,21.4,21.1
31152,508,32672,14.0,20.7,31.5,38.7
31153,4192,141516,3.9,22.1,40.8,27.6
31154,2367,115209,10.0,11.1,48.3,16.3
31155,843,132821,3.3,5.3,27.8,18.5
31156,4628,65806,14.7,19.4,22.3,18.2
31157,2953,54737,5.6,8.5,27.2,28.7
31158,3934,56035,10.1,12.8,42.3,25.0
31159,4097,54425,14.4,21.1,35.5,26.2
31160,1931,28455,3.4,17.2,41.1,32.5
31161,1087,36367,9.2,22.5,49.5,36.0
31162,2801,71838,9.3,18.1,35.2,37.1
31163,3812,48887,7.2,12.7,22.7,35.0
31164,4007,44021,10.9,5.7,46.2,31.7
31165,2964,59792,9.5,5.3,23.5,34.4
31166,854,144839,6.0,10.0,32.1,35.1
31167,775,27981,11.5,17.9,49.5,31.9
31168,4223,148558,8.6,19.3,30.8,31.7
31169,4611,26305,8.6,11.9,35.1,38.8
31170,1810,60869,14.4,21.9,49.3,23.4
31171,3575,116901,9.4,23.9,35.8,25.9
31172,641,121936,12.4,11.0,48.3,32.9
31173,264,32014,13.4,12.0,29.7,20.1
31174,2355,56112,10.0,13.1,23.0,30.7
31175,1084,40391,12.4,10.6,30.3,39.8
31176,2761,113759,6.7,17.9,46.7,38.9
31177,4568,96220,5.2,23.2,30.2,21.8
31178,717,28974,11.3,13.5,43.8,21.4
31179,4013,130419,14.1,8.6,29.5,17.8
31180,168,27966,3.5,8.9,49.8,22.9
31181,3524,68856,12.2,19.4,26.8,29.3
31182,4296,46427,3.3,19.7,20.7,39.9
31183,100,93756,8.5,14.5,44.0,23.9
31184,2498,75251,11.1,20.2,34.5,39.5
31185,2154,62845,7.9,15.2,43.7,35.9
31186,4513,86846,6.6,11.1,37.1,34.2
31187,285,77804,5.2,7.8,33.0,33.8
31188,4923,121529,14.7,15.3,35.9,20.8
31189,2609,105612,9.8,21.7,40.3,17.0
31190,4538,95180,4.5,23.5,33.0,38.2
31191,4908,34862,3.6,6.2,41.8,24.5
31192,3179,63972,5.9,23.4,24.2,23.4
31193,235,126506,9.5,8.6,40.5,17.8
31194,482,99240,12.0,17.1,39.0,24.5
31195,4381,116195,14.8,13.7,46.0,35.3
31196,2786,79149,13.0,19.0,29.2,29.6
31197,1027,47907,10.3,15.6,28.1,39.3
31198,3543,125166,11.0,12.8,40.5,37.7
31199,660,146178,9.3,6.4,25.8,23.2
31200,1289,147297,8.2,5.5,48.1,36.2
31201,997,118726,12.4,9.7,41.4,35.0
31202,2468,51375,5.1,19.9,41.5,18.2
31203,1838,123253,7.0,17.4,47.5,16.4
31204,3145,45342,14.7,13.4,36.7,26.7
31205,4480,72502,9.9,15.7,48.5,27.9
31206,3972,102830,9.0,16.8,28.3,38.7
31207,2498,103752,13.2,6.4,30.8,31.8
31208,4861,45392,12.1,11.5,43.6,24.3
31209,1493,26976,6.9,22.6,38.0,25.0
31210,2688,149038,10.5,19.7,36.9,27.7
31211,3566,90528,5.2,6.7,34.9,27.4
31212,2124,105826,3.6,10.5,38.5,38.6
31213,3785,136635,14.9,9.0,34.6,20.6
31214,1029,47854,11.8,12.6,45.5,26.3
31215,4409,51033,14.2,24.6,34.6,26.1
31216,4499,140341,13.0,16.5,24.3,35.3
31217,3326,46877,8.1,8.2,27.6,26.5
31218,1503,129590,13.3,20.7,47.2,25.3
31219,299,28793,12.4,16.7,40.6,38.1
31220,3851,146225,6.1,22.2,25.3,34.0
31221,2385,99210,10.5,14.7,34.6,33.9
31222,770,81282,6.7,22.8,38.9,19.3
31223,1828,75812,5.8,22.1,35.9,26.9
31224,3338,35730,4.0,6.3,49.7,18.8
31225,1349,134888,9.5,21.5,35.4,17.6
31226,978,140638,7.7,7.4,47.9,29.2
31227,4446,99139,4.1,7.2,45.3,32.7
31228,3451,140041,11.6,8.2,37.9,31.9
31229,2623,125783,11.7,23.4,31.6,39.2
31230,597,94634,5.8,14.9,49.9,31.5
31231,2087,114019,14.5,11.4,22.8,32.1
31232,1077,61848,12.3,6.1,45.3,36.3
31233,3144,111146,12.7,7.3,38.8,37.8
31234,2848,75250,3.0,8.8,37.4,26.8
31235,4979,141035,14.7,8.7,49.8,26.7
31236,2576,85893,14.9,6.6,29.5,33.5
31237,638,26973,9.1,6.6,20.9,35.2
31238,4140,107943,14.8,11.0,42.5,25.0
31239,1000,111175,10.3,15.9,22.8,20.3
31240,1566,86199,4.6,16.5,29.0,23.2
31241,3115,145848,12.8,10.8,49.9,37.2
31242,4405,50994,9.7,6.6,30.9,26.2
31243,1833,144139,7.1,17.2,34.3,28.0
31244,590,26055,5.8,18.1,29.2,33.6
31245,1809,85280,9.2,19.0,48.8,15.3
31246,1853,43914,11.3,23.6,28.1,35.9
31247,2018,149789,13.5,5.7,39.2,35.8
31248,2134,89666,10.2,9.2,22.2,36.4
31249,2811,141335,8.0,16.4,21.7,34.3
31250,1586,39945,10.6,5.2,20.8,17.1
31251,1600,76972,9.0,6.0,46.5,35.0
31252,297,115968,10.8,12.9,22.1,32.9
31253,2067,32825,10.3,16.5,30.2,35.7
31254,4716,65450,14.7,18.7,34.6,17.6
31255,1634,46275,10.5,10.0,31.9,28.8
31256,1813,77161,11.3,17.4,28.6,30.4
31257,1448,107721,13.7,12.4,43.5,23.3
31258,4883,123645,14.0,16.1,47.7,38.9
31259,4662,78653,4.7,18.4,42.0,38.1
31260,3944,100124,8.4,10.0,21.7,17.2
31261,695,42693,14.3,12.2,38.9,26.0
31262,238,31703,14.5,16.1,34.6,26.4
31263,1114,41960,5.3,9.6,49.5,18.3
31264,341,144004,8.3,23.8,38.9,39.4
31265,2463,127332,6.3,19.5,24.6,31.1
31266,832,43578,12.5,17.6,23.6,26.3
31267,234,61818,13.2,19.6,24.2,17.8
31268,3359,83547,8.6,9.7,28.5,30.0
31269,3861,47013,11.1,5.1,43.4,17.6
31270,2726,74149,13.4,17.9,39.5,31.7
31271,3240,30416,11.5,24.3,36.3,28.8
31272,2586,71428,4.9,18.2,39.7,28.0
31273,2224,66450,11.5,8.5,43.9,19.7
31274,1610,80648,4.9,22.2,24.1,18.0
31275,1918,95642,10.8,16.6,42.0,36.5
31276,4953,79117,7.0,17.4,43.3,39.7
31277,2896,56424,3.7,15.3,48.9,37.8
31278,4612,76633,5.7,19.7,47.7,25.6
31279,4402,137424,8.6,24.2,47.2,25.6
31280,1743,120354,14.9,12.5,42.8,18.1
31281,2868,102088,6.1,16.6,24.4,24.0
31282,4506,107659,14.7,22.1,41.7,17.4
31283,3464,139133,7.4,22.6,35.2,39.4
31284,1499,123813,14.5,21.5,29.7,19.5
31285,1650,123897,14.5,16.2,28.4,24.6
31286,3511,138552,4.7,23.7,38.7,32.3
31287,182,35719,12.9,8.4,31.5,25.3
31288,1579,69627,9.2,9.1,34.0,35.2
31289,3020,148634,11.2,9.3,27.7,15.3
31290,2383,51038,12.3,13.0,31.8,37.4
31291,2540,56446,4.5,18.3,34.2,20.7
31292,1882,70019,12.6,13.4,32.9,18.1
31293,704,112213,6.6,24.0,26.4,28.7
31294,4433,86785,11.8,9.8,24.6,32.8
31295,830,142690,9.9,21.3,49.1,30.9
31296,1460,131310,11.2,20.6,24.4,21.8
31297,2178,139792,10.5,11.6,24.3,34.4
31298,1077,34784,12.7,14.4,47.9,17.7
31299,1737,29883,13.7,20.2,31.6,33.0
31300,2081,53328,8.4,22.1,21.3,39.8
31301,3050,94358,7.7,18.6,32.7,23.4
31302,3400,98290,5.9,23.4,41.3,23.9
31303,4104,128717,12.8,17.4,38.2,16.8
31304,682,109762,14.6,13.1,37.9,31.9
31305,559,140080,5.3,17.5,49.9,31.5
31306,235,133528,8.5,17.2,32.8,15.8
31307,2076,31565,12.2,16.0,25.9,30.5
31308,1077,55172,10.6,11.1,32.1,26.3
31309,383,46360,12.8,18.3,42.5,30.2
31310,2997,111233,3.2,21.0,36.8,31.4
31311,2498,92736,13.9,24.2,34.7,32.1
31312,4212,55477,3.7,15.0,32.2,35.6
31313,1338,104908,8.3,20.0,49.2,19.6
31314,3566,33881,6.3,21.0,39.9,18.3
31315,2561,136963,14.1,18.5,42.1,30.5
31316,3266,73297,6.3,12.6,35.6,39.3
31317,3804,96626,7.5,19.3,36.3,28.7
31318,2153,105181,13.7,24.6,28.8,19.2
31319,879,75812,9.4,17.1,26.6,28.3
31320,2234,135242,13.8,19.8,42.1,17.7
31321,2336,94498,10.9,9.7,21.8,38.7
31322,1739,121030,4.0,18.1,49.2,18.8
31323,519,130825,8.2,5.7,46.3,16.2
31324,1926,146081,5.1,21.6,43.9,25.6
31325,3238,67362,3.8,9.4,40.0,23.7
31326,3789,79189,7.5,6.3,39.5,17.2
31327,306,97419,13.9,8.6,42.3,34.1
31328,3490,65080,4.4,14.4,47.5,34.4
31329,3970,119036,3.1,5.8,35.5,21.8
31330,3896,131329,14.2,5.7,25.1,28.5
31331,2634,40848,9.4,15.2,22.6,25.1
31332,2280,135683,9.7,16.4,35.8,33.5
31333,4310,28252,14.1,11.4,39.5,28.0
31334,4406,138791,11.4,5.3,46.2,36.9
31335,4327,120673,12.9,14.2,47.2,37.7
31336,1497,38992,12.2,23.4,41.3,16.8
31337,4349,44714,10.3,14.7,47.2,22.4
31338,1546,122627,11.3,14.1,47.4,16.5
31339,1051,129931,9.7,16.2,28.8,16.4
31340,4121,31977,7.3,8.3,31.3,33.5
31341,1817,84693,6.4,21.1,45.0,23.5
31342,4342,130683,5.1,5.7,49.6,24.1
31343,3905,37775,7.2,6.1,23.9,39.5
31344,3298,127129,9.9,6.1,45.4,34.4
31345,4910,119691,10.1,20.9,27.6,26.1
31346,1696,37935,11.2,12.4,37.9,17.0
31347,3833,148430,13.6,17.9,34.7,31.9
31348,3316,76096,10.8,6.6,40.2,25.4
31349,1006,72566,5.1,20.3,46.8,30.8
31350,3850,79621,3.3,11.7,32.3,24.4
31351,4158,49878,5.4,9.3,41.7,37.1
31352,2254,115529,13.9,19.3,36.3,25.9
31353,1437,141803,9.8,6.3,36.1,37.7
31354,4206,125408,13.2,14.7,46.7,24.8
31355,2595,128893,5.8,12.7,43.8,32.5
31356,3074,87616,11.5,19.8,31.4,17.8
31357,2542,86640,11.8,17.8,34.2,29.4
31358,4573,93182,12.7,22.8,24.1,22.9
31359,460,124133,9.4,19.5,20.8,32.2
31360,3164,28110,12.5,13.3,32.5,35.0
31361,4837,57255,14.2,8.7,35.8,37.3
31362,672,30367,14.5,14.0,36.2,34.3
31363,2055,124441,4.5,8.3,49.7,20.4
31364,3144,55073,10.5,7.3,29.9,27.5
31365,1684,84083,4.4,6.0,37.0,20.8
31366,2333,73845,14.1,15.8,35.6,15.2
31367,3392,51758,14.5,16.3,37.2,37.5
31368,3346,136365,9.0,18.1,44.9,37.6
31369,1914,53630,14.5,22.7,24.7,32.8
31370,4141,95581,12.2,23.3,31.3,31.3
31371,1989,128546,11.4,11.8,36.5,25.5
31372,1999,76794,10.0,17.7,21.9,31.8
31373,2755,47740,7.9,14.2,30.5,32.4
31374,2429,91322,14.6,20.1,31.4,37.8
31375,3818,125853,5.4,19.3,24.4,38.4
31376,1156,44630,12.6,8.9,48.5,27.4
31377,2229,145082,7.4,8.5,29.9,24.6
31378,1606,145043,12.0,7.3,39.1,31.4
31379,1730,128969,5.0,7.5,47.3,35.1
31380,1091,86610,7.5,9.9,34.3,35.7
31381,4690,63540,14.4,12.0,22.7,17.1
31382,1293,101195,9.7,17.4,34.0,36.4
31383,4068,110528,8.9,19.9,27.6,15.3
31384,802,46600,12.0,7.8,41.2,29.5
31385,1130,72927,8.0,10.1,31.5,34.8
31386,2581,76220,8.9,16.8,45.5,16.2
31387,662,60105,9.7,20.2,40.4,26.9
31388,466,52245,14.9,21.4,47.3,15.7
31389,893,26816,12.7,12.7,31.6,26.7
31390,3203,144889,3.5,13.9,43.6,15.7
31391,4831,35346,12.4,18.6,44.5,36.9
31392,1086,92338,9.0,10.6,21.7,17.3
31393,1057,92346,5.8,6.7,25.6,33.1
31394,3695,68952,13.2,13.9,42.1,24.3
31395,954,145737,6.2,24.7,37.8,22.4
31396,1669,141609,6.8,12.5,24.7,18.6
31397,2356,129733,3.8,11.0,42.3,22.0
31398,4009,46100,14.7,21.5,44.2,25.7
31399,4203,137165,12.5,23.4,35.6,34.2
31400,4932,68790,4.8,20.6,49.2,28.8
31401,2322,118514,8.9,15.5,29.8,23.6
31402,4276,91263,7.0,22.8,42.9,28.3
31403,337,122083,3.4,16.8,49.1,23.5
31404,3388,119339,14.1,10.9,22.4,21.9
31405,4382,37626,13.1,23.7,40.3,31.5
31406,4825,115332,14.8,18.1,25.5,37.2
31407,1832,62645,5.9,7.7,25.4,24.3
31408,3161,131353,11.4,11.7,29.0,30.3
31409,914,101624,4.4,18.2,43.9,34.3
31410,4809,37039,8.2,21.7,40.7,20.8
31411,1286,94708,13.2,24.8,43.7,32.0
31412,2325,131198,3.1,9.0,20.2,27.3
31413,1084,93188,8.8,21.1,27.7,22.5
31414,897,102678,8.2,7.4,35.7,27.7
31415,4262,106546,11.3,18.6,36.5,24.1
31416,643,54263,5.9,7.1,38.2,17.3
31417,619,88537,5.1,16.2,33.7,22.1
31418,2646,83710,10.8,15.4,33.3,20.6
31419,1554,99059,10.7,22.9,47.8,34.7
31420,1158,147149,12.0,15.7,40.3,29.1
31421,2336,103999,6.0,19.3,37.6,20.0
31422,1212,146950,3.2,22.3,22.0,29.4
31423,3506,122251,13.5,7.8,42.9,32.2
31424,1046,124708,5.5,7.4,43.6,30.7
31425,4130,50533,8.0,7.4,49.9,35.8
31426,235,126815,8.6,11.5,26.4,34.0
31427,2693,35560,5.2,12.8,38.7,33.9
31428,892,112129,9.2,5.8,33.2,17.1
31429,1236,140216,14.0,10.0,38.1,30.2
31430,1462,132363,6.3,5.1,40.6,31.1
31431,654,76088,9.2,8.8,41.7,34.9
31432,2672,58508,6.7,12.9,29.6,38.9
31433,3503,34498,14.8,20.1,41.7,22.4
31434,2354,61184,5.6,24.9,26.5,24.0
31435,1466,92293,4.3,9.0,20.1,37.6
31436,1048,59024,4.7,19.0,47.7,30.0
31437,203,106688,7.4,12.0,46.2,32.4
31438,1146,108295,9.6,22.0,39.9,22.4
31439,4126,148595,11.0,11.7,43.8,36.3
31440,2714,131928,9.7,11.2,32.3,18.4
31441,3431,52961,13.9,15.7,23.4,32.5
31442,1063,104828,7.3,25.0,40.1,28.6
31443,3371,118161,11.5,12.1,41.4,29.2
31444,937,149897,6.2,9.0,45.9,15.4
31445,2558,105251,11.2,18.9,28.8,26.0
31446,981,49832,14.1,22.9,44.5,35.0
31447,3288,64308,14.7,21.6,44.4,15.7
31448,4619,131420,11.8,22.6,23.8,38.8
31449,2302,44220,14.3,5.7,25.7,21.0
31450,3434,43688,11.2,6.6,27.2,31.5
31451,2298,146804,14.6,20.8,35.1,30.6
31452,311,117318,13.8,13.3,25.0,30.8
31453,1315,130276,4.3,14.0,26.3,16.1
31454,980,105854,8.7,13.0,26.6,35.5
31455,854,127146,7.2,8.4,24.6,37.7
31456,800,53874,3.3,23.8,22.0,32.2
31457,2319,114500,8.6,19.6,27.3,37.5
31458,470,133533,4.8,11.5,31.8,17.1
31459,1832,62551,3.4,16.8,39.0,36.5
31460,901,53753,8.3,15.6,21.8,22.1
31461,1089,100197,5.8,14.5,27.7,39.4
31462,4871,26048,14.2,24.3,31.8,28.9
31463,515,89417,12.8,14.0,31.5,28.1
31464,3065,70073,14.5,17.3,46.3,34.1
31465,3437,102296,13.6,10.2,23.9,29.7
31466,3712,132456,11.7,12.3,24.0,33.6
31467,1720,112835,10.2,16.5,23.0,23.6
31468,1635,104619,3.8,23.5,33.0,33.6
31469,4444,56606,6.2,24.5,20.8,31.6
31470,2892,48667,11.5,21.2,21.4,38.6
31471,672,40508,7.8,21.4,49.7,31.8
31472,4993,138989,6.9,7.4,29.3,21.3
31473,4956,37308,4.2,23.1,36.6,24.6
31474,3755,89484,3.8,24.0,22.8,31.4
31475,392,131077,5.5,9.6,33.5,20.8
31476,4393,67131,13.0,15.2,33.4,25.0
31477,179,35877,11.0,12.9,43.2,27.3
31478,4332,27984,7.1,19.9,46.3,23.4
31479,4408,33927,3.7,8.0,30.5,28.6
31480,1962,131420,5.3,19.7,24.1,39.4
31481,718,33824,8.4,22.0,27.0,21.7
31482,1059,56359,4.8,7.4,31.2,22.2
31483,3378,54117,12.2,9.6,24.0,26.0
31484,3835,99014,12.5,7.5,24.2,16.9
31485,2313,70923,4.6,21.2,23.9,27.4
31486,3674,119872,11.7,5.4,25.9,16.0
31487,4096,141036,9.1,22.9,29.2,28.0
31488,2577,146031,14.5,15.7,40.0,29.3
31489,3351,96630,12.5,9.3,34.2,31.0
31490,2268,96468,10.0,8.0,36.8,38.3
31491,3345,105238,10.2,8.1,36.4,23.7
31492,2478,68228,5.1,10.3,49.0,34.6
31493,1822,37593,13.7,6.6,35.8,34.8
31494,1261,25178,9.7,21.0,37.5,21.5
31495,1989,26911,9.9,10.5,43.0,18.5
31496,2140,75651,9.9,5.3,39.3,18.9
31497,4071,122223,6.3,20.9,23.5,31.1
31498,3501,84341,12.7,16.7,22.1,30.2
31499,3409,95048,13.3,5.6,21.6,22.8
31500,1199,134153,6.5,9.5,31.0,25.4
31501,4118,109595,8.3,11.5,27.1,22.1
31502,1788,76322,5.1,23.8,45.9,19.7
31503,4232,43716,5.9,13.5,46.8,19.1
31504,944,28989,7.0,18.8,33.4,26.4
31505,1743,109674,13.8,20.5,35.4,34.8
31506,2433,55447,10.5,15.5,25.7,34.7
31507,1363,137342,10.1,7.0,22.2,39.8
31508,3034,92586,14.4,23.7,28.0,39.2
31509,3785,122015,12.5,14.0,27.5,28.4
31510,315,98989,3.2,8.4,37.5,17.2
31511,4876,132990,4.5,20.4,29.3,19.0
31512,3757,123635,6.0,22.6,24.6,37.5
31513,2440,105836,6.6,19.6,47.8,26.5
31514,1607,62124,13.0,13.9,21.5,34.9
31515,2190,56746,12.2,24.7,39.5,30.3
31516,3478,126123,4.7,7.0,29.8,32.3
31517,1216,29542,9.4,7.9,39.7,38.4
31518,2840,104063,4.3,10.5,33.5,25.9
31519,2261,29868,5.1,7.6,49.3,24.4
31520,3356,33124,5.9,14.0,25.1,22.2
31521,3068,97158,13.9,16.9,24.7,34.8
31522,1248,117728,7.4,11.1,28.8,19.5
31523,3276,89354,14.0,5.6,27.2,38.9
31524,4353,97119,12.0,16.2,41.9,39.6
31525,3445,37487,12.0,16.2,35.3,24.4
31526,4061,37955,12.6,22.4,33.3,37.9
31527,1240,90334,4.2,7.1,32.5,20.2
31528,3033,81229,12.8,12.4,37.6,33.4
31529,2207,80574,6.0,9.6,49.8,26.5
31530,2548,140846,14.8,7.1,39.0,35.2
31531,927,90829,13.2,11.0,44.9,38.8
31532,1303,80500,15.0,21.1,38.8,28.7
31533,3403,118036,14.2,9.7,44.8,25.1
31534,944,129120,7.3,23.3,36.0,17.0
31535,3071,119292,14.3,18.8,22.7,31.9
31536,1368,33484,7.0,6.9,32.4,22.1
31537,4833,88877,10.9,9.4,48.8,32.1
31538,4844,108081,12.8,5.7,43.2,21.9
31539,1729,82754,7.6,7.3,40.5,33.8
31540,3630,91044,5.4,19.4,24.8,36.0
31541,903,53531,13.7,8.1,22.5,21.4
31542,227,69249,4.2,10.9,28.0,38.2
31543,1051,119825,7.4,18.7,42.2,26.2
31544,2364,112096,9.5,17.8,39.7,17.6
31545,119,117251,12.7,22.9,22.0,34.5
31546,3738,128183,13.4,11.7,21.9,16.7
31547,1881,42777,9.1,12.3,29.1,38.5
31548,3934,35810,9.9,6.9,49.1,38.6
31549,3231,145219,13.2,10.7,24.5,30.7
31550,4870,87210,8.6,21.9,32.4,37.2
31551,4934,51552,9.7,7.8,38.8,21.7
31552,656,54812,3.2,12.4,37.3,20.6
31553,2344,74858,14.4,21.9,31.0,17.2
31554,3083,121925,9.8,9.4,26.3,18.6
31555,3663,108218,11.7,8.1,47.9,32.8
31556,2825,73480,6.0,5.1,21.3,22.1
31557,4699,118063,10.9,23.4,23.5,39.4
31558,4933,81765,8.5,22.4,23.2,29.1
31559,4987,94394,4.3,8.8,34.3,20.9
31560,3431,110027,13.0,20.7,40.8,29.0
31561,296,78871,13.1,24.5,34.6,23.1
31562,2928,91276,3.8,11.1,40.3,29.2
31563,4939,53868,7.7,18.4,45.0,32.1
31564,4088,78051,6.4,9.1,20.9,36.7
31565,2569,84681,9.2,16.7,48.5,18.6
31566,1730,57438,8.9,11.6,43.9,25.6
31567,3378,128909,10.9,17.3,25.8,32.0
31568,2138,54437,6.0,18.4,37.8,16.9
31569,2579,59202,5.7,19.4,34.4,38.1
31570,4430,63310,11.7,23.1,30.1,28.1
31571,4674,73366,14.7,7.2,47.6,21.5
31572,2575,75473,14.4,10.5,39.4,26.0
31573,4861,81361,12.5,8.4,33.1,36.6
31574,3409,83354,3.8,13.7,43.3,28.3
31575,3278,86527,5.9,13.6,32.5,27.9
31576,1487,90711,11.3,11.7,49.3,28.1
31577,741,113990,6.5,24.8,37.8,25.3
31578,674,68285,7.7,20.2,23.0,30.4
31579,3244,104190,14.4,6.8,37.4,29.9
31580,1821,132816,4.0,13.0,39.7,22.7
31581,1118,73407,13.3,22.2,24.6,22.5
31582,4158,125775,3.6,8.3,42.4,33.3
31583,3520,108359,7.1,14.3,40.3,19.2
31584,499,80090,9.7,20.5,22.0,34.8
31585,4790,119240,7.3,6.7,31.8,26.8
31586,1556,144835,14.5,21.3,48.4,33.8
31587,1695,25208,9.1,7.2,24.0,35.8
31588,216,56321,11.8,14.3,35.0,39.2
31589,482,38905,11.4,24.1,43.3,28.6
31590,2229,25247,13.0,15.2,23.2,17.1
31591,1950,118561,13.4,23.0,44.5,34.3
31592,931,60662,8.6,23.4,36.6,33.5
31593,2800,87821,13.4,13.6,31.6,18.0
31594,2881,36966,10.8,23.7,23.2,24.3
31595,3581,124093,11.2,6.8,32.5,33.9
31596,2217,127384,5.1,11.9,38.7,36.3
31597,4582,86457,5.9,22.7,42.6,39.3
31598,2106,117372,11.3,15.6,34.1,30.9
31599,2671,43130,6.2,19.3,34.9,16.8
31600,396,76713,8.9,5.9,42.1,17.6
31601,818,91653,8.9,18.3,31.7,40.0
31602,3236,148736,5.8,22.0,23.3,39.0
31603,3179,44353,9.8,18.6,46.5,37.2
31604,110,142542,9.8,24.1,47.3,24.1
31605,4980,99768,4.5,18.9,31.6,29.9
31606,510,71318,7.6,11.3,49.6,22.5
31607,3039,39863,7.4,10.1,31.9,36.5
31608,2754,96322,9.7,17.6,42.3,24.2
31609,3286,31320,12.0,6.9,35.1,31.2
31610,3550,77354,3.2,12.7,49.1,31.8
31611,698,74449,4.6,13.7,47.6,32.6
31612,923,66957,6.6,17.0,42.4,26.8
31613,2497,36036,12.7,9.7,48.8,29.5
31614,4214,36393,8.8,23.6,24.0,16.1
31615,412,39698,9.1,23.8,44.6,17.9
31616,3074,27663,7.9,16.9,30.0,29.3
31617,3838,118453,8.0,18.4,43.9,38.9
31618,2592,43699,14.7,11.1,44.0,39.8
31619,2045,144283,13.8,10.1,40.9,15.9
31620,330,131263,11.7,10.4,32.2,16.3
31621,3840,114627,6.9,13.1,22.9,38.0
31622,2772,28558,9.2,23.6,42.7,33.1
31623,3554,66873,11.3,11.2,28.6,16.7
31624,3683,103040,7.7,10.8,25.8,16.3
31625,143,77580,9.3,11.5,21.1,17.7
31626,3024,78893,4.7,9.7,45.3,27.0
31627,3793,91540,4.1,19.6,33.7,30.9
31628,2370,83653,5.0,13.1,34.9,26.8
31629,3557,57222,12.1,14.4,37.5,21.8
31630,3049,27593,5.3,19.3,41.1,20.4
31631,2418,142458,14.1,18.0,34.0,23.5
31632,3485,30817,7.4,13.1,45.2,19.0
31633,2394,73539,5.0,5.5,40.3,16.7
31634,3095,30063,12.9,22.9,43.1,15.2
31635,3738,44786,8.5,7.3,25.8,16.6
31636,3467,142428,7.7,21.9,45.8,29.9
31637,3384,103607,7.0,20.0,44.9,24.3
31638,2442,132417,7.0,21.7,42.8,17.2
31639,270,137064,11.0,22.9,21.4,27.8
31640,4441,67680,9.5,5.9,45.8,29.0
31641,1739,131398,8.6,13.8,32.7,27.1
31642,716,63938,8.4,6.2,47.8,19.1
31643,339,142871,4.7,11.3,25.0,37.3
31644,4593,100243,12.9,7.8,22.5,22.1
31645,1956,65752,14.1,16.6,25.8,35.1
31646,1022,114224,12.6,17.3,20.5,31.7
31647,4987,102337,8.4,16.4,38.8,26.3
31648,2004,133805,14.7,9.5,21.3,21.4
31649,3249,62510,10.4,9.9,46.1,31.3
31650,912,143540,12.3,11.2,38.8,38.3
31651,1830,134232,11.9,8.1,23.3,35.2
31652,931,80817,11.5,13.6,22.4,33.0
31653,3524,40658,10.7,19.1,28.8,21.9
31654,2307,83477,5.5,21.1,29.7,33.1
31655,4939,71512,6.5,5.5,24.1,34.8
31656,3532,92038,13.6,5.9,25.1,16.7
31657,3468,87063,5.2,17.5,40.2,29.4
31658,2327,124940,4.8,14.2,34.5,27.9
31659,2360,125113,6.4,11.9,37.6,34.9
31660,4725,33458,7.3,20.6,41.6,31.4
31661,3017,111793,9.6,14.8,44.2,32.0
31662,3620,140355,10.3,16.8,27.0,26.8
31663,4480,81532,12.5,11.7,42.8,38.5
31664,2808,147164,3.9,10.9,23.0,17.4
31665,1920,82397,5.5,24.0,21.6,19.8
31666,748,122944,9.1,19.0,35.3,36.5
31667,288,126125,6.0,11.6,41.7,18.2
31668,1322,127249,13.5,25.0,49.0,23.8
31669,578,127794,10.7,6.1,32.8,15.8
31670,3162,111527,8.9,13.6,32.5,25.5
31671,2125,50376,3.0,24.6,38.0,34.5
31672,4712,45804,13.3,23.0,48.1,38.8
31673,1988,106633,8.5,14.1,40.6,25.4
31674,1650,70151,9.4,19.3,44.2,17.8
31675,3016,125330,11.4,12.4,35.6,16.7
31676,3355,148053,14.2,14.6,40.5,28.8
31677,2906,54015,4.9,17.9,23.6,32.1
31678,133,47732,3.9,12.5,33.8,16.6
31679,395,74206,4.5,20.5,46.2,32.6
31680,2600,112786,11.9,12.0,24.9,27.4
31681,3879,148589,4.6,9.1,43.7,29.9
31682,3676,121481,9.0,10.1,47.7,38.5
31683,1529,32474,11.5,23.1,47.5,19.7
31684,2289,81600,11.6,20.1,49.0,18.0
31685,2087,133136,7.9,23.0,25.3,37.1
31686,4843,59582,11.4,23.6,47.9,33.3
31687,2982,84057,14.4,5.2,41.2,22.1
31688,1809,101077,3.3,8.9,50.0,18.9
31689,2877,103043,11.1,12.8,48.1,33.3
31690,3797,32147,9.3,9.2,40.3,16.8
31691,1647,103251,5.6,6.1,47.3,18.7
31692,562,29236,6.7,23.6,28.0,38.3
31693,3415,137559,13.0,22.8,43.9,30.2
31694,3404,88632,10.0,8.8,35.8,16.3
31695,613,48496,3.2,14.8,44.0,38.4
31696,4196,138165,14.6,24.6,47.0,25.1
31697,3666,127557,11.0,16.8,41.4,37.7
31698,3903,74256,8.3,15.8,36.6,32.6
31699,3787,85133,11.5,13.5,21.0,29.2
31700,4038,40225,5.5,7.5,35.9,36.8
31701,3589,84293,6.1,7.3,25.6,31.3
31702,1571,78536,4.8,22.5,46.1,17.1
31703,437,87071,7.8,9.8,39.4,21.5
31704,3181,98397,13.9,10.4,27.4,18.5
31705,3512,58976,7.7,7.7,31.8,24.9
31706,2492,38528,6.5,12.8,29.6,30.4
31707,1076,136646,11.4,17.5,47.7,22.2
31708,2345,37566,13.4,15.8,48.2,32.4
31709,4168,27995,5.9,5.7,45.2,37.3
31710,1803,98178,12.7,14.4,30.0,29.7
31711,971,127624,6.7,13.4,42.7,26.3
31712,3509,26906,6.0,10.2,37.6,24.0
31713,2689,75862,8.7,18.0,29.6,20.5
31714,4652,134744,3.8,23.8,47.9,20.1
31715,1649,29179,13.3,19.0,33.5,19.1
31716,3607,51167,13.5,8.6,27.5,26.5
31717,4561,125443,11.1,18.0,26.7,37.5
31718,2721,74159,6.6,8.0,39.4,32.1
31719,2629,69693,5.0,15.9,39.5,20.2
31720,2257,94181,11.4,24.2,48.3,21.1
31721,2456,146909,4.2,24.4,23.4,19.2
31722,259,114250,7.9,22.7,25.7,18.2
31723,2202,34846,4.1,12.3,26.5,37.2
31724,2908,99206,8.1,19.1,31.7,30.8
31725,2099,135699,4.6,8.4,35.5,21.4
31726,2681,37119,3.4,23.6,33.8,22.8
31727,3093,145078,8.4,14.1,47.6,23.7
31728,3034,102425,9.8,16.4,40.4,30.6
31729,2411,59782,8.3,12.7,44.1,31.0
31730,2895,147116,5.1,13.3,45.5,19.1
31731,4428,48509,3.9,12.5,35.6,29.9
31732,4428,84920,4.5,14.5,38.6,19.7
31733,3688,43011,11.7,22.2,29.5,15.4
31734,3216,46108,3.2,21.9,42.9,20.8
31735,4753,50986,13.4,11.7,39.8,34.7
31736,3847,139066,13.1,7.3,36.0,35.0
31737,2049,65293,13.6,14.0,27.2,18.7
31738,1559,140930,13.5,5.1,46.5,28.8
31739,4530,145272,11.0,20.0,28.3,29.8
31740,2551,114508,13.2,5.1,35.0,25.9
31741,4451,67132,11.8,9.1,41.2,34.3
31742,3167,128780,6.6,8.0,25.4,36.1
31743,4190,32218,12.1,22.5,47.6,29.3
31744,3088,133597,10.4,25.0,23.5,15.4
31745,871,131432,3.3,7.9,42.5,38.6
31746,1211,129093,12.4,16.4,45.5,21.0
31747,3411,51457,13.5,21.5,39.2,27.8
31748,4506,138388,9.2,12.0,22.6,25.3
31749,1694,44568,8.8,10.1,21.8,23.0
31750,2829,33618,8.1,10.8,42.2,20.3
31751,1381,109465,11.6,11.5,40.8,33.0
31752,3685,124619,5.6,10.1,49.0,17.9
31753,2928,129793,12.3,6.3,45.5,36.6
31754,2473,132006,6.5,23.4,22.2,32.5
31755,4985,131936,6.1,23.0,31.4,30.1
31756,441,129169,12.7,22.0,38.1,29.1
31757,4823,51231,5.1,20.3,23.1,26.5
31758,2918,118786,13.4,20.0,27.2,18.3
31759,3025,129426,14.7,19.1,24.3,31.0
31760,1372,60537,6.8,22.0,38.1,23.4
31761,809,89992,14.1,6.1,41.2,35.1
31762,838,96907,9.8,20.4,25.5,26.9
31763,1878,77196,6.1,22.4,45.8,29.8
31764,4690,134153,8.4,18.0,28.6,35.3
31765,4230,72931,12.6,22.0,45.9,23.0
31766,3818,112129,11.0,11.0,39.8,19.9
31767,109,38077,8.9,12.2,40.8,31.5
31768,1837,102335,6.1,17.2,30.7,36.8
31769,2678,66355,11.7,7.8,45.8,36.2
31770,1658,118258,6.8,8.8,38.8,39.2
31771,2242,107747,7.0,24.9,34.0,25.9
31772,2723,65596,12.0,20.7,25.8,34.1
31773,4100,81655,9.7,7.3,21.9,39.1
31774,4645,65099,5.2,7.3,48.9,31.0
31775,2243,36782,11.2,12.9,49.1,27.4
31776,964,109924,6.1,25.0,36.4,33.6
31777,1900,46044,12.1,24.5,32.5,19.6
31778,3552,72259,8.7,14.5,44.5,27.5
31779,2816,107711,10.1,13.8,32.2,29.6
31780,4402,140190,10.2,16.8,33.0,32.1
31781,1909,135388,4.8,18.2,46.9,18.8
31782,4441,54452,10.8,10.3,29.7,22.6
31783,2097,144117,13.4,8.4,27.9,22.5
31784,3031,78738,13.7,21.3,48.3,26.6
31785,2230,112646,11.3,12.1,22.5,26.8
31786,4512,137967,14.6,5.8,23.8,29.0
31787,2792,76200,10.2,22.2,34.4,36.2
31788,3276,63247,6.1,19.7,49.1,34.5
31789,2896,76826,10.9,19.4,47.2,17.4
31790,4795,36600,13.9,18.0,43.9,15.2
31791,1655,49104,7.3,13.3,40.3,17.1
31792,3790,84578,6.2,22.8,37.1,29.7
31793,3672,137908,14.6,12.3,37.5,23.4
31794,4543,119133,12.2,10.4,38.6,34.8
31795,430,143190,3.6,15.8,26.3,31.7
31796,4805,44994,9.7,14.3,20.7,20.0
31797,2044,102772,5.8,5.7,27.3,20.5
31798,4939,141858,6.4,10.7,44.0,34.8
31799,4058,37839,4.1,12.6,21.0,31.6
31800,4764,140930,5.8,20.8,42.9,23.8
31801,1784,124743,9.1,12.9,37.0,38.2
31802,2536,34401,3.9,23.8,38.3,24.7
31803,1070,121843,13.7,19.8,24.1,17.6
31804,846,115026,12.3,21.4,37.2,20.2
31805,2284,135131,7.6,22.8,21.7,21.4
31806,1484,93812,4.6,8.9,43.9,38.8
31807,4130,103159,14.9,21.0,43.3,26.6
31808,1118,45257,9.8,8.9,41.5,31.3
31809,2678,131885,8.1,16.0,20.7,18.5
31810,4211,64215,5.4,11.1,24.7,28.0
31811,4763,138553,5.4,15.0,26.3,36.4
31812,4040,105720,12.6,9.2,35.4,15.0
31813,2124,98710,9.2,24.2,44.4,32.7
31814,1642,75854,14.8,18.3,25.2,35.1
31815,2811,75687,14.4,10.0,35.4,15.7
31816,3146,51573,5.5,9.7,45.3,25.8
31817,1554,147630,15.0,8.2,31.2,25.8
31818,3103,100525,14.8,20.5,33.7,37.1
31819,1802,95603,12.6,14.6,35.1,25.0
31820,4520,94857,7.7,22.9,40.7,36.3
31821,3973,149724,5.7,5.0,29.7,20.4
31822,221,125864,4.2,14.9,32.9,15.4
31823,1576,81305,3.6,14.7,42.4,22.5
31824,365,90564,12.8,24.7,32.7,37.7
31825,127,103427,14.3,19.5,39.9,22.6
31826,2224,87404,12.3,15.8,28.3,21.2
31827,531,99708,12.1,16.6,47.4,16.8
31828,3877,105486,8.0,19.0,44.1,21.7
31829,4631,118166,10.7,23.4,47.5,15.5
31830,1185,126887,11.1,6.3,23.7,18.2
31831,2194,30108,6.1,6.3,35.6,36.3
31832,2585,133154,11.9,9.1,22.9,28.0
31833,200,73741,4.8,13.8,20.8,29.5
31834,2254,98057,6.5,12.0,45.4,21.9
31835,3148,111740,10.1,6.0,28.4,36.7
31836,899,31615,9.5,17.0,39.6,21.0
31837,3922,47842,11.5,21.9,39.1,16.0
31838,1395,120116,10.0,6.1,46.3,22.0
31839,534,53537,3.6,15.5,33.0,38.6
31840,3904,101054,14.7,24.6,49.5,19.7
31841,2713,128711,12.2,6.0,31.7,35.4
31842,1015,99567,13.6,10.9,48.1,32.1
31843,2375,27414,12.6,13.8,49.8,39.5
31844,4740,94962,5.5,8.5,21.1,29.8
31845,747,49972,14.2,16.0,34.5,26.6
31846,2395,112860,14.8,22.0,26.6,17.5
31847,4178,122043,3.9,12.3,34.5,31.9
31848,1531,148264,4.9,5.2,41.0,20.8
31849,2461,137440,14.9,17.3,21.1,20.0
31850,4232,30697,6.5,22.6,44.0,20.9
31851,823,61350,12.8,20.9,24.6,21.5
31852,1647,37170,3.9,18.0,34.0,35.0
31853,1079,52181,11.8,20.5,34.4,27.4
31854,183,81349,11.4,11.4,36.0,37.2
31855,3586,86702,14.3,14.7,21.3,36.6
31856,1465,31551,11.7,12.7,32.5,25.9
31857,4914,52742,3.5,5.8,24.6,23.3
31858,649,50519,8.4,9.9,29.6,23.4
31859,3592,30085,7.2,14.9,22.1,18.0
31860,2862,112082,9.8,17.9,35.2,30.1
31861,3953,51361,8.1,5.4,33.0,16.3
31862,4782,115958,6.4,23.5,34.2,33.9
31863,3299,100209,10.9,16.9,37.6,18.1
31864,251,112558,6.7,21.7,24.5,35.0
31865,3598,44499,13.2,8.7,50.0,36.7
31866,2312,56804,6.9,17.6,43.8,23.9
31867,3085,47041,9.2,6.6,31.0,28.0
31868,4194,26386,12.9,14.1,41.4,20.4
31869,1667,95776,12.9,18.9,31.0,27.5
31870,311,105368,10.0,18.2,47.9,28.4
31871,4937,100933,7.6,9.7,48.4,16.7
31872,2279,34472,9.7,7.2,49.9,22.4
31873,3323,59366,13.2,12.1,27.5,38.6
31874,4291,39606,5.6,17.2,23.9,28.6
31875,1626,141670,4.5,6.8,28.6,17.3
31876,621,147166,10.0,21.7,27.5,28.8
31877,4046,74464,9.9,15.1,34.8,31.4
31878,1802,95772,6.5,22.2,21.1,25.4
31879,117,28859,8.2,18.0,36.2,34.9
31880,3580,112957,4.1,24.5,24.4,33.9
31881,1819,46681,4.6,14.8,26.0,21.1
31882,3416,43548,12.9,19.5,21.0,26.8
31883,4114,108619,8.6,14.8,41.8,29.7
31884,978,85412,4.2,8.4,24.1,34.4
31885,693,59546,14.5,6.8,37.6,24.8
31886,4838,40524,5.5,9.7,46.5,26.4
31887,4996,78421,6.8,16.6,28.5,19.0
31888,4650,86046,14.7,21.7,21.3,15.2
31889,1709,42132,5.2,7.8,34.2,36.3
31890,975,64066,14.6,23.5,31.7,28.1
31891,3331,79930,11.7,14.6,33.8,34.0
31892,2548,56314,8.1,15.1,21.4,25.5
31893,4657,75959,10.1,5.6,31.2,24.7
31894,2236,133029,9.1,24.4,21.6,39.3
31895,2153,146141,12.7,6.2,47.7,37.9
31896,183,127100,3.8,10.8,34.6,29.8
31897,1539,49562,12.8,17.6,48.5,22.3
31898,2768,49288,14.6,17.8,23.3,34.1
31899,2319,35473,8.2,13.6,31.1,23.4
31900,798,126726,5.3,22.4,34.2,21.1
31901,1920,92745,4.3,11.7,49.7,15.7
31902,4725,142426,7.2,8.1,23.9,31.9
31903,4514,131787,4.6,5.8,42.2,16.6
31904,1198,70182,5.8,7.7,48.5,17.9
31905,2994,76892,10.9,24.1,35.9,36.4
31906,3517,146433,8.0,11.2,48.3,28.0
31907,348,87557,13.8,18.1,27.0,18.5
31908,4582,122725,8.6,24.4,28.6,19.0
31909,2057,149830,4.8,22.7,21.2,35.9
31910,1990,103936,4.7,15.1,38.3,23.8
31911,4558,142123,11.3,6.7,37.2,35.0
31912,3467,60595,10.6,19.4,39.6,25.5
31913,2215,55968,11.5,7.6,46.3,16.4
31914,3163,115292,7.1,8.0,37.4,24.6
31915,1906,79332,14.0,22.6,25.1,34.5
31916,395,116282,4.4,18.3,20.9,39.8
31917,2794,57374,3.4,23.6,21.7,17.8
31918,2091,109663,11.9,24.2,38.8,19.4
31919,4039,30896,11.1,14.2,41.1,39.0
31920,131,121536,8.9,18.4,29.0,37.3
31921,4750,55261,3.5,18.1,43.4,31.8
31922,3975,108055,4.4,7.3,29.8,24.6
31923,4500,108630,5.3,17.4,39.6,31.7
31924,892,142032,10.7,7.2,47.2,17.9
31925,4291,111706,11.0,22.1,25.9,16.7
31926,1189,81436,11.1,23.6,45.1,35.7
31927,329,78126,12.6,12.8,20.3,24.6
31928,2880,48578,3.3,18.9,43.5,33.5
31929,4553,94039,10.7,19.0,27.5,23.7
31930,4597,119062,6.0,6.0,20.3,38.3
31931,889,142046,9.9,8.3,20.4,37.2
31932,4294,82022,11.9,22.7,33.5,30.4
31933,4466,48402,11.6,9.0,23.3,31.4
31934,1898,148269,6.5,20.2,35.0,31.2
31935,4080,73802,7.3,16.8,44.4,16.6
31936,4557,65863,14.0,19.3,38.8,35.3
31937,3340,98165,13.2,8.0,43.4,35.0
31938,4735,113069,6.1,21.1,35.8,35.8
31939,3956,48230,10.0,12.3,39.8,20.8
31940,413,57752,4.3,24.8,38.7,32.7
31941,332,93594,10.8,13.7,25.1,32.4
31942,3607,111545,10.5,11.4,31.8,22.5
31943,1129,74310,6.2,7.9,40.9,27.6
31944,3706,138971,8.1,6.4,41.1,19.9
31945,2811,116791,12.4,22.6,25.9,26.6
31946,4439,54623,6.1,7.4,36.8,19.2
31947,2388,69510,12.2,22.6,22.8,34.5
31948,4099,98957,6.8,16.0,42.8,17.2
31949,2705,96161,13.1,18.2,41.7,22.8
31950,3444,116837,3.4,21.1,43.1,30.1
31951,2222,134904,6.1,15.8,23.8,32.2
31952,2430,46171,5.1,14.9,29.5,39.4
31953,3879,39031,13.7,20.7,29.4,22.4
31954,4282,92216,8.1,13.3,25.1,36.3
31955,980,47686,9.5,6.6,21.2,26.4
31956,3077,140983,5.9,17.6,40.5,19.0
31957,1272,123232,4.5,5.7,37.8,16.1
31958,259,84924,10.2,17.0,31.5,34.1
31959,2593,113744,6.4,15.2,30.9,32.8
31960,2229,39630,14.1,11.1,28.8,27.9
31961,3178,143564,8.7,11.9,23.4,27.1
31962,2329,93520,4.7,14.1,29.0,26.6
31963,3017,144604,3.3,14.8,37.2,36.0
31964,3113,136945,5.8,13.5,20.5,26.0
31965,1649,26823,6.8,12.8,24.6,37.5
31966,4673,109248,5.5,11.5,34.0,30.4
31967,3485,104284,7.4,18.0,25.8,35.6
31968,1679,136679,13.5,13.2,25.5,25.3
31969,3471,57672,3.6,11.4,30.5,21.1
31970,2060,82702,12.6,23.1,31.3,24.7
31971,3944,99740,8.1,8.6,27.6,32.2
31972,4797,136844,13.9,7.9,24.0,17.9
31973,2490,147469,11.0,20.5,35.6,35.7
31974,1519,82125,5.0,7.3,37.0,34.4
31975,4017,40606,14.5,10.4,30.2,28.4
31976,3935,62979,4.9,12.0,45.9,24.9
31977,4528,93430,7.0,10.7,45.7,35.6
31978,4550,109615,14.7,19.7,49.3,39.6
31979,3730,127400,5.5,9.0,36.0,36.2
31980,262,78193,10.6,18.8,40.0,20.1
31981,215,30410,14.7,10.8,49.3,25.1
31982,1570,140957,11.3,22.1,46.2,24.5
31983,3179,124567,11.0,22.5,43.7,37.5
31984,3952,64392,10.5,10.6,45.4,22.7
31985,2938,118455,9.7,16.9,38.4,15.8
31986,642,97333,14.4,21.2,46.5,29.5
31987,513,79788,9.5,6.5,46.2,27.7
31988,781,107767,11.0,16.4,37.8,22.1
31989,741,29884,11.9,24.5,30.4,39.1
31990,4078,43745,9.3,12.3,34.9,38.3
31991,1532,69600,13.7,19.6,20.1,29.7
31992,768,125490,3.3,20.9,49.1,15.6
31993,2169,107417,7.7,19.9,30.0,39.9
31994,1068,122606,10.4,24.0,35.7,23.1
31995,1280,59936,3.2,20.3,45.1,36.1
31996,4919,122671,14.2,23.7,25.1,17.9
31997,3335,129912,12.9,9.6,47.2,25.2
31998,351,32133,5.6,16.8,25.1,27.7
31999,4400,130357,7.0,12.6,23.3,16.7
32000,2979,120408,11.1,19.5,41.4,17.3
32001,4098,60179,7.1,8.0,32.1,25.1
32002,890,116633,13.3,8.6,30.7,18.8
32003,4660,53832,6.0,7.6,33.6,24.5
32004,1595,107583,12.8,10.4,32.8,35.9
32005,4589,124270,8.6,8.7,22.0,23.3
32006,3168,99277,8.4,20.5,21.2,36.5
32007,2807,138998,5.0,16.7,32.5,15.5
32008,2677,83417,14.8,12.4,22.8,23.8
32009,1335,95378,7.1,9.1,27.0,38.1
32010,1158,68096,5.5,21.1,45.6,30.1
32011,1270,139239,3.4,22.6,27.8,24.0
32012,3718,42276,8.9,22.1,47.7,37.8
32013,3759,85112,3.4,23.5,33.2,27.3
32014,3755,67208,8.5,21.2,37.5,15.1
32015,156,92969,13.8,17.7,26.8,20.0
32016,1992,75342,9.0,13.6,20.6,29.7
32017,2669,141425,3.5,10.8,33.4,23.5
32018,4180,115765,6.2,5.1,39.0,27.3
32019,4556,47411,3.6,21.6,25.8,21.0
32020,2048,41720,13.6,13.7,47.5,21.9
32021,322,54261,5.9,22.4,25.7,18.5
32022,1739,58202,3.8,11.4,42.5,18.6
32023,4522,108191,14.6,11.8,37.4,23.5
32024,1857,54739,8.8,5.4,21.8,34.5
32025,935,127886,7.9,14.7,33.6,38.4
32026,2636,100559,14.1,14.8,24.0,28.7
32027,2625,149380,9.4,18.1,30.7,15.7
32028,1084,84500,6.4,20.0,35.4,33.5
32029,1457,130147,12.5,11.9,30.3,38.3
32030,4987,128493,6.3,23.5,27.7,32.0
32031,3160,26767,8.3,14.1,33.6,36.1
32032,4577,70598,12.6,16.5,38.5,18.7
32033,1546,124108,14.2,16.9,46.1,17.4
32034,1471,35184,10.3,22.5,37.3,35.1
32035,3324,49249,9.1,18.9,27.5,31.0
32036,1974,111698,3.9,12.1,48.0,29.2
32037,2599,93716,10.4,19.1,25.3,27.6
32038,3461,138248,6.9,22.9,27.5,23.3
32039,1242,72942,9.2,21.4,23.3,37.1
32040,4409,121805,11.9,5.9,38.4,17.8
32041,664,60079,10.7,6.3,24.6,38.6
32042,4927,135881,4.2,18.6,23.4,35.9
32043,4634,135736,7.8,24.6,43.6,29.5
32044,1688,99256,5.4,17.0,41.4,24.6
32045,4085,88581,4.8,13.7,46.2,25.7
32046,4824,43769,5.6,16.6,37.0,25.8
32047,1570,100316,14.0,14.1,27.7,27.5
32048,4014,81294,11.6,9.3,42.1,28.2
32049,3213,86326,13.9,10.6,34.3,16.0
32050,4590,123111,9.1,11.0,34.3,20.0
32051,4442,108564,3.0,17.0,25.8,29.8
32052,3462,59360,3.4,21.6,42.6,27.8
32053,1736,86075,4.7,6.0,46.0,31.0
32054,3012,73188,12.4,15.5,32.5,32.9
32055,1572,135104,5.4,15.6,26.3,21.7
32056,1344,90613,4.2,24.2,24.2,35.1
32057,3837,96194,13.3,21.4,23.7,23.0
32058,2198,79702,5.7,12.8,29.8,25.6
32059,2697,53770,9.0,17.2,43.8,34.2
32060,2612,73667,7.1,18.1,47.5,36.0
32061,4614,76845,13.8,18.4,44.1,39.6
32062,358,48336,11.5,23.2,31.4,37.1
32063,2458,108258,8.4,16.6,39.0,28.2
32064,3493,77446,13.4,9.4,24.1,37.4
32065,3878,121077,11.7,17.9,42.7,29.9
32066,3511,112228,12.7,9.7,40.0,17.1
32067,1368,36215,14.7,7.3,34.0,19.8
32068,1039,47832,5.4,17.2,42.7,29.5
32069,2476,128275,5.4,10.6,41.2,27.1
32070,4051,105227,9.7,17.6,47.0,37.8
32071,295,52396,9.4,21.4,34.8,37.1
32072,4257,57223,13.4,7.9,44.4,30.9
32073,3196,144562,4.9,6.2,38.6,17.0
32074,3735,127229,8.1,6.7,41.3,22.4
32075,661,49298,9.3,24.4,24.4,19.0
32076,3549,59855,8.6,6.8,30.2,17.3
32077,3466,136067,3.8,23.5,26.8,27.6
32078,3223,83481,4.8,24.5,23.6,27.9
32079,2991,138989,4.8,6.4,35.6,26.5
32080,139,99406,10.2,15.7,24.5,15.9
32081,1867,136429,8.1,19.0,26.2,17.1
32082,2604,114709,5.1,5.7,34.4,29.6
32083,887,98957,11.8,15.3,37.3,25.1
32084,1976,89899,12.6,13.4,27.5,19.3
32085,4197,122240,5.5,15.2,23.9,27.5
32086,1592,60596,11.7,16.0,42.8,36.0
32087,1229,138968,3.8,19.3,42.0,24.0
32088,2363,133619,13.3,7.5,27.1,15.9
32089,4972,92848,14.6,24.9,41.9,26.7
32090,4609,80610,4.9,10.6,26.7,18.0
32091,4121,146459,12.4,24.6,38.8,21.9
32092,4405,130986,4.2,18.7,41.1,18.8
32093,2285,71047,14.5,18.7,30.4,26.2
32094,1744,128946,8.4,23.4,28.0,15.1
32095,3660,52908,9.4,22.7,37.5,28.6
32096,2785,49482,12.2,9.5,21.1,22.5
32097,4921,67352,6.0,18.9,49.4,37.8
32098,1512,77887,7.8,15.1,21.6,16.7
32099,1321,141712,3.8,14.8,47.9,20.8
32100,2349,114797,10.4,5.3,49.8,18.3
32101,2339,37369,12.6,15.5,23.7,22.6
32102,4302,26660,13.2,6.9,36.8,30.7
32103,4522,57997,9.4,10.4,40.7,36.8
32104,743,117805,12.2,5.2,44.1,27.7
32105,4552,51197,4.8,13.0,21.4,31.7
32106,2648,146129,11.9,23.5,31.0,38.7
32107,4703,42962,3.1,21.0,26.5,28.6
32108,3905,112949,5.3,6.2,46.6,38.7
32109,4390,110707,10.6,19.3,49.2,31.1
32110,4242,90816,6.8,19.6,39.4,19.7
32111,1485,109435,7.9,20.6,38.7,25.9
32112,2684,54201,12.9,18.1,33.6,28.5
32113,1701,125759,9.9,6.3,26.2,23.4
32114,4904,74141,7.8,18.1,26.0,16.7
32115,3417,39014,8.6,9.3,32.8,24.9
32116,907,73078,13.2,16.9,24.3,20.8
32117,2759,86662,8.8,18.6,31.3,26.1
32118,214,145681,13.5,7.1,40.6,29.3
32119,2827,140456,6.0,14.3,46.5,33.6
32120,4826,110006,9.4,9.7,36.6,17.2
32121,2366,140233,7.4,21.1,36.2,33.6
32122,4392,69211,10.1,23.6,25.8,19.4
32123,4596,38313,9.9,15.3,44.3,33.9
32124,4001,63819,9.9,16.1,37.6,16.8
32125,2828,127550,9.3,6.6,48.7,36.4
32126,4271,138773,8.5,12.8,39.5,32.0
32127,1549,121159,13.9,7.9,37.9,23.1
32128,4482,80085,6.2,19.1,28.7,15.2
32129,1668,57140,8.2,24.2,38.2,16.4
32130,1422,80913,5.5,21.1,40.0,38.1
32131,960,103590,7.0,12.8,28.7,39.7
32132,841,57781,6.0,18.3,21.8,20.7
32133,1830,57016,11.0,24.9,40.6,17.9
32134,3033,100129,11.5,5.8,35.0,22.0
32135,3618,122183,6.3,10.6,31.7,24.3
32136,4609,76406,14.8,6.6,41.5,29.2
32137,4626,85010,6.4,17.8,42.1,39.0
32138,3267,106142,12.9,21.8,29.7,15.6
32139,2018,35974,6.5,12.3,21.7,27.6
32140,2318,38067,8.0,12.9,26.2,32.4
32141,1440,57480,11.0,10.9,47.7,22.3
32142,4739,96042,9.7,16.3,28.8,24.8
32143,1614,26098,9.1,7.5,24.5,24.5
32144,1511,33116,12.5,8.8,46.2,28.1
32145,3136,38354,11.5,6.6,21.2,27.2
32146,4267,44588,14.0,7.9,44.2,16.6
32147,1122,33622,5.8,21.9,43.2,22.7
32148,4727,91330,3.2,8.6,37.0,25.0
32149,2386,110886,15.0,14.7,39.1,20.2
32150,2858,69467,6.4,19.0,25.0,30.4
32151,4772,55775,3.5,8.8,37.0,31.4
32152,3871,66167,6.0,14.0,36.3,26.0
32153,1212,40074,11.0,9.3,25.4,22.6
32154,2045,125815,10.1,23.3,42.3,27.4
32155,4908,114935,5.5,5.7,21.1,32.7
32156,1658,86909,5.2,16.7,30.7,25.2
32157,3979,25579,8.3,22.6,39.5,20.1
32158,741,86689,3.2,20.7,44.0,31.3
32159,2337,97671,3.0,9.7,37.0,27.8
32160,3586,54274,10.4,15.7,47.6,31.8
32161,3325,93366,6.9,6.2,31.0,17.9
32162,1114,54074,3.3,10.6,49.0,25.7
32163,2121,96705,8.5,12.7,26.9,18.7
32164,2776,117878,14.2,6.5,34.4,20.7
32165,1640,134484,6.1,8.3,47.5,31.0
32166,3036,49315,6.0,21.9,36.5,31.7
32167,3206,37297,8.6,14.4,39.2,28.8
32168,883,100361,4.8,23.8,47.6,39.8
32169,770,89101,10.7,8.1,48.3,20.3
32170,2869,111014,13.1,18.4,26.7,21.9
32171,2673,67480,5.3,20.3,43.8,15.7
32172,2684,77633,10.9,20.5,48.7,36.1
32173,1377,138799,13.7,20.2,21.1,30.0
32174,3143,40183,13.8,8.4,35.1,25.6
32175,3272,39879,9.6,13.9,45.3,20.6
32176,3882,123399,4.8,22.8,32.6,28.0
32177,277,37076,10.9,16.4,34.7,23.4
32178,375,28510,11.8,12.5,48.7,21.4
32179,2459,83875,12.1,5.3,40.5,37.9
32180,3581,79027,14.2,17.2,38.6,37.6
32181,4986,96343,10.4,22.9,43.4,27.3
32182,3459,58382,8.6,9.1,43.8,37.2
32183,1524,56930,9.0,24.9,43.3,23.4
32184,4222,103665,6.9,9.2,27.1,38.8
32185,3060,97740,3.7,16.4,20.1,28.2
32186,2569,32377,11.6,14.6,36.7,32.7
32187,3185,32023,3.2,20.4,21.4,27.2
32188,2472,69446,3.8,14.8,20.0,32.3
32189,4168,39306,7.0,11.7,49.9,22.7
32190,1690,32934,14.2,24.2,37.4,33.7
32191,4480,98540,8.8,16.4,40.7,17.0
32192,1212,68105,5.6,5.9,49.7,25.7
32193,1168,46946,13.8,13.9,32.3,39.6
32194,2645,99787,9.9,15.0,46.5,24.1
32195,3749,68977,7.4,5.7,41.8,33.0
32196,1914,67732,11.6,18.7,29.5,39.8
32197,4007,30634,8.3,14.7,22.5,21.5
32198,3831,100722,11.8,7.3,39.0,39.9
32199,2292,51242,5.6,11.7,49.4,39.7
32200,181,112259,4.8,15.0,36.6,33.7
32201,3806,73489,8.5,22.4,48.6,31.9
32202,3276,146786,6.8,14.2,22.4,34.1
32203,1925,86467,10.3,23.1,48.1,30.7
32204,181,32048,12.5,20.1,48.2,38.2
32205,193,128961,13.8,17.9,31.9,19.2
32206,442,117828,12.1,17.4,23.0,28.8
32207,2508,132017,7.1,19.6,48.9,19.6
32208,1954,91458,11.7,13.9,46.3,20.6
32209,4099,53606,9.4,13.4,48.8,38.8
32210,1189,143892,13.9,9.4,28.5,21.8
32211,723,79077,11.5,16.2,29.4,37.9
32212,967,84999,4.8,18.9,34.9,36.7
32213,2576,54329,3.9,10.3,37.5,17.8
32214,3572,132700,9.5,9.6,37.6,36.9
32215,270,64253,7.4,8.7,26.3,21.1
32216,1882,131128,5.0,6.2,20.9,39.2
32217,677,101848,12.6,23.3,47.7,39.4
32218,167,100224,7.5,23.2,42.4,32.7
32219,1615,111681,4.0,8.1,23.6,22.1
32220,100,119980,6.1,21.3,38.5,20.5
32221,2298,115440,11.1,12.9,25.7,35.5
32222,1001,97235,10.8,16.5,21.2,19.6
32223,4945,63123,6.1,15.8,25.1,24.4
32224,894,37183,7.1,18.9,41.7,20.3
32225,2166,26464,3.6,17.1,34.8,17.8
32226,1919,39583,14.4,10.2,28.7,24.9
32227,470,125338,6.9,12.6,42.4,38.6
32228,2638,94126,14.2,12.3,34.3,26.9
32229,4007,89531,12.8,23.6,30.9,27.8
32230,2154,113759,7.0,5.9,22.3,37.3
32231,2696,82846,11.3,20.6,23.5,37.2
32232,4566,47891,8.7,13.9,28.1,39.2
32233,1788,66448,14.7,19.7,28.1,29.6
32234,4952,130671,10.7,11.1,26.3,16.1
32235,3421,77989,9.2,7.0,23.1,18.1
32236,1238,26426,10.7,21.1,38.5,29.3
32237,2721,73372,5.6,7.1,34.7,19.3
32238,2828,89994,6.7,21.3,39.0,34.0
32239,1265,59367,11.6,15.7,34.2,25.9
32240,1608,75986,4.0,18.6,38.1,26.5
32241,3941,40147,6.6,10.3,45.8,16.2
32242,4658,70720,10.4,18.6,21.6,22.1
32243,4676,34232,14.9,22.9,36.8,27.8
32244,623,106958,14.1,8.6,28.8,22.6
32245,2358,52288,13.0,21.4,25.9,34.5
32246,4439,109834,9.0,16.6,28.3,18.8
32247,338,129742,12.7,9.3,46.0,20.8
32248,1320,115150,9.7,21.7,45.8,26.0
32249,868,139874,8.5,9.5,23.5,21.6
32250,334,50325,5.7,22.6,46.8,32.8
32251,2860,111977,14.4,12.2,42.3,36.7
32252,4692,109751,10.2,19.0,21.0,38.6
32253,1619,56028,11.1,19.6,42.7,20.3
32254,2003,101137,4.7,14.9,20.5,34.0
32255,2334,95093,8.2,21.8,33.6,39.1
32256,1035,91204,14.6,12.4,27.8,27.4
32257,1368,30350,12.1,22.1,36.3,31.4
32258,918,44137,13.6,16.4,44.7,38.0
32259,3667,30369,7.8,5.8,21.4,24.6
32260,4217,29873,3.8,14.0,29.5,36.3
32261,2215,117161,7.2,21.4,33.7,36.3
32262,2539,143234,7.5,10.3,43.7,16.3
32263,3487,62516,6.6,19.3,32.0,15.6
32264,1188,57949,9.3,14.0,23.5,15.1
32265,1927,31145,5.3,11.2,21.5,23.2
32266,4924,110161,14.3,22.8,38.4,32.2
32267,2688,38581,13.9,14.6,21.8,20.4
32268,2715,50552,6.1,20.1,44.6,33.9
32269,1973,109843,10.8,14.3,44.4,39.3
32270,4407,133592,9.0,11.1,49.8,29.0
32271,1873,108365,6.0,23.4,34.4,30.0
32272,299,81291,13.8,7.7,30.7,26.6
32273,277,106825,5.8,16.6,48.8,31.5
32274,1030,124612,10.5,8.9,44.1,24.3
32275,3836,39190,7.0,7.3,27.1,19.7
32276,2136,33571,12.9,6.9,44.8,30.8
32277,1585,108775,10.4,20.3,45.8,25.6
32278,2191,87230,13.0,10.2,45.8,22.7
32279,4363,122046,7.2,16.4,45.0,27.8
32280,2484,70839,3.1,14.9,29.0,38.5
32281,4188,99283,5.7,22.4,30.0,23.9
32282,4781,144355,12.8,20.3,46.7,17.3
32283,2015,132718,6.8,18.9,27.5,21.1
32284,115,107028,6.8,23.0,32.7,20.2
32285,3034,82408,8.4,16.7,22.5,30.1
32286,936,96570,6.3,21.3,42.1,20.3
32287,2257,49236,12.7,22.1,36.9,38.5
32288,1676,89864,6.9,21.1,40.6,23.2
32289,405,136713,10.2,12.5,29.5,27.2
32290,2153,36392,8.4,21.1,41.7,35.0
32291,2990,51891,6.4,15.5,36.7,34.7
32292,3444,116544,6.2,11.9,49.3,38.8
32293,4556,84478,9.0,9.1,20.1,31.8
32294,1308,63488,5.5,18.9,39.7,39.8
32295,1958,37254,7.1,11.1,27.0,22.6
32296,2803,94463,3.5,10.3,24.2,19.5
32297,2071,118577,12.5,16.8,37.0,17.0
32298,1213,27497,3.5,10.1,31.7,34.1
32299,1083,27976,13.5,11.4,35.4,18.0
32300,3410,91276,3.6,19.1,27.7,32.9
32301,4101,41854,13.2,18.5,43.2,37.2
32302,2871,75817,10.7,23.6,39.2,34.9
32303,3252,36907,9.1,21.0,37.5,29.9
32304,2262,78142,4.7,11.8,41.3,38.6
32305,2227,54436,6.1,14.3,42.8,35.6
32306,3739,49685,11.3,16.3,36.7,16.3
32307,4374,69840,9.1,13.0,24.1,24.4
32308,660,144077,9.2,24.7,27.9,18.5
32309,1909,109182,4.6,5.7,23.1,24.2
32310,4487,136927,8.7,17.9,24.9,32.8
32311,3032,71283,10.1,17.3,22.3,18.7
32312,390,87891,4.5,23.7,35.9,34.3
32313,4737,91495,14.7,23.0,41.2,23.9
32314,2009,92095,13.0,23.4,24.4,27.1
32315,4789,116228,6.8,24.8,21.4,23.4
32316,1528,140368,9.8,11.5,33.7,39.4
32317,1047,116163,9.7,14.8,49.1,23.9
32318,2627,40677,4.3,8.7,38.0,20.1
32319,1448,77925,8.3,21.3,44.4,25.1
32320,480,135857,5.5,16.5,26.1,33.1
32321,1804,95527,7.0,18.8,47.8,28.0
32322,409,138633,14.3,6.2,33.1,26.5
32323,3514,119492,9.6,6.2,29.0,22.6
32324,1598,76102,3.8,6.5,35.7,36.5
32325,2994,95230,11.1,19.3,43.9,18.1
32326,760,81209,15.0,12.4,43.6,30.6
32327,3547,137134,5.0,19.9,31.5,31.7
32328,2373,29762,11.2,15.4,25.3,17.2
32329,1597,133424,12.9,8.8,24.4,22.7
32330,2172,43451,13.1,7.3,28.1,37.7
32331,3536,37027,11.5,23.5,47.9,24.2
32332,2242,100636,13.9,18.2,26.4,32.3
32333,4760,33148,3.4,17.1,38.8,21.2
32334,1705,132867,3.8,17.3,27.8,33.0
32335,4839,119257,4.6,12.2,45.0,38.2
32336,1531,114276,3.5,7.0,40.8,16.3
32337,2050,68074,4.4,22.6,45.5,36.9
32338,4022,31508,12.8,23.5,33.7,26.2
32339,558,122481,13.8,14.3,37.2,19.7
32340,3048,36152,7.0,13.5,27.0,20.9
32341,437,119868,14.5,9.4,23.6,17.6
32342,4043,108912,8.0,5.2,46.8,22.0
32343,2113,40312,5.1,19.0,28.5,26.7
32344,4120,60999,11.2,15.0,41.9,19.0
32345,444,138455,8.0,24.0,26.3,20.5
32346,4771,70083,3.2,5.9,32.2,16.0
32347,1042,43897,14.6,11.7,49.7,18.5
32348,445,41059,10.2,24.7,23.2,31.8
32349,3994,43245,10.4,17.4,27.0,34.7
32350,3419,112865,14.8,12.0,42.0,37.4
32351,3795,50797,13.0,9.0,23.3,31.0
32352,424,112248,7.4,6.3,45.4,37.9
32353,2238,38748,3.5,23.5,20.7,25.2
32354,4489,92849,5.7,13.0,35.1,36.4
32355,3712,74921,7.2,23.9,31.3,19.6
32356,623,97672,14.5,12.0,23.9,23.5
32357,2997,28562,13.7,23.9,39.3,31.6
32358,3840,132928,3.3,21.2,48.9,33.2
32359,358,133453,14.8,11.5,37.7,19.7
32360,1210,68264,6.1,13.5,26.0,31.2
32361,920,124663,12.3,23.9,22.9,36.1
32362,2888,120065,4.4,19.9,44.0,23.1
32363,4764,75408,5.6,21.1,45.4,36.4
32364,4704,98419,9.1,17.5,38.3,20.5
32365,1663,66032,11.4,6.2,20.2,36.5
32366,4720,103860,7.1,22.2,22.9,39.2
32367,1307,89070,13.5,20.6,40.7,28.3
32368,408,62888,14.3,16.4,28.9,36.7
32369,1939,34374,4.5,18.9,28.3,29.8
32370,3452,96164,11.6,9.6,31.3,37.9
32371,1483,99210,4.6,23.5,44.0,27.4
32372,2406,83583,7.1,9.3,43.7,29.7
32373,1280,27242,12.8,18.5,27.9,20.7
32374,2572,52959,7.0,14.5,42.7,17.0
32375,2786,33594,13.9,16.0,28.2,37.1
32376,3067,129451,7.9,9.1,25.3,33.4
32377,4545,25764,6.7,8.6,47.3,29.7
32378,1060,82115,14.9,11.6,32.9,23.0
32379,3556,92371,8.3,5.6,38.8,17.4
32380,537,101317,11.9,7.4,24.6,34.5
32381,555,132299,10.2,12.3,23.1,23.5
32382,3917,129372,5.4,17.2,42.4,18.0
32383,1669,37409,9.0,12.0,42.6,22.8
32384,1203,44386,3.9,6.5,39.9,29.3
32385,1718,89195,11.5,21.0,33.4,31.5
32386,3712,48510,9.2,8.2,45.9,23.0
32387,1612,52338,4.5,6.1,21.8,35.6
32388,4838,142507,12.2,12.0,44.0,32.6
32389,491,38552,12.7,14.3,28.3,23.7
32390,2721,28124,11.8,22.8,47.2,37.7
32391,1020,28195,6.9,10.0,26.1,15.0
32392,2557,136703,11.7,16.7,23.7,37.1
32393,3700,115421,9.9,10.5,29.1,31.6
32394,4608,118939,9.5,7.4,29.6,31.7
32395,1888,64763,10.8,17.7,39.7,33.6
32396,360,103380,10.6,20.0,24.6,21.5
32397,2113,36152,12.6,15.9,29.1,32.4
32398,1435,137191,14.8,11.7,38.2,22.6
32399,434,31841,11.7,24.8,28.6,21.3
32400,2879,145844,8.3,5.7,31.9,22.3
32401,903,60024,8.5,16.1,23.9,20.1
32402,2537,107354,3.4,18.4,23.3,34.4
32403,2907,101851,4.9,13.5,42.2,39.0
32404,1040,33078,5.7,7.7,22.0,16.9
32405,3263,63787,14.9,8.6,49.0,28.4
32406,1002,25849,12.2,23.9,41.3,32.6
32407,3532,49682,4.7,23.1,43.5,22.1
32408,1368,90032,9.0,8.5,34.6,23.1
32409,123,76823,5.6,6.2,26.6,19.8
32410,4752,115231,6.6,8.5,48.0,23.5
32411,2848,31210,10.3,22.6,49.3,27.0
32412,2550,52610,10.2,7.0,49.2,17.8
32413,1496,137721,13.5,8.2,30.3,18.6
32414,3457,65912,5.0,19.1,31.0,21.8
32415,4004,136305,9.0,21.4,29.8,19.4
32416,2588,79968,10.2,15.9,24.1,39.0
32417,3766,149772,14.2,8.9,38.3,15.6
32418,1857,55583,9.2,21.1,43.0,20.8
32419,1978,30788,7.1,12.5,46.0,23.8
32420,2632,57686,6.5,18.5,33.5,33.8
32421,3614,73755,5.6,10.0,21.5,23.9
32422,3873,59929,14.5,16.1,30.7,28.1
32423,2178,77868,10.2,11.7,24.8,16.2
32424,4761,66719,6.6,9.7,36.3,23.1
32425,2157,26646,11.9,19.6,40.6,34.2
32426,777,119661,6.5,22.3,31.8,33.8
32427,3074,71015,9.0,22.5,45.3,25.3
32428,384,33423,3.3,13.8,42.2,34.2
32429,2300,133090,13.2,23.2,29.3,25.5
32430,4566,121034,14.5,15.4,21.9,23.9
32431,1940,56492,13.4,12.1,31.1,19.3
32432,1978,107481,5.1,20.2,41.2,21.8
32433,1710,146147,12.9,10.5,45.9,27.6
32434,4062,26806,7.2,13.1,37.5,32.7
32435,4336,121730,14.2,21.0,28.7,16.9
32436,3259,91411,6.6,14.8,27.2,38.4
32437,3598,97050,4.1,7.6,22.2,20.4
32438,2231,116750,13.2,24.1,23.9,17.2
32439,3414,50568,4.4,5.2,47.0,20.8
32440,1478,110655,9.5,9.9,23.7,26.2
32441,3177,67516,7.5,21.1,34.3,30.0
32442,3114,111273,12.1,21.9,21.8,29.2
32443,3992,136314,12.0,18.5,22.0,30.3
32444,1815,93012,12.3,17.3,32.1,18.5
32445,552,85915,3.8,21.7,22.7,33.7
32446,441,131065,13.3,19.9,46.6,26.3
32447,492,103857,8.6,24.6,22.6,24.2
32448,1369,41300,5.6,14.2,42.1,35.5
32449,3150,91212,6.6,10.4,45.3,40.0
32450,4159,80958,13.8,5.1,32.2,22.8
32451,1070,77908,3.1,11.6,22.7,31.1
32452,2305,33616,12.6,21.5,23.2,34.5
32453,4894,92136,14.1,5.7,48.4,19.8
32454,265,145569,6.0,18.8,38.6,23.0
32455,354,55207,12.9,5.9,22.1,24.3
32456,401,26340,4.9,14.5,38.4,34.7
32457,3203,50205,3.2,13.4,21.9,38.6
32458,3940,86573,10.3,23.7,34.5,39.3
32459,2656,142696,10.8,11.4,46.6,36.2
32460,1605,141753,4.8,15.7,35.4,29.3
32461,1356,87810,9.1,17.4,30.8,16.6
32462,2362,65702,7.6,10.8,26.7,30.7
32463,4440,123471,3.9,10.0,30.5,32.2
32464,309,86349,9.1,10.7,46.7,33.5
32465,3893,86356,10.0,7.6,29.1,29.2
32466,4621,98744,5.6,7.3,31.0,31.2
32467,3147,97588,11.9,16.8,43.8,19.3
32468,1080,26545,3.9,7.0,21.3,16.7
32469,2219,42914,9.6,8.9,37.8,19.1
32470,3845,28813,6.6,8.4,20.9,15.2
32471,277,26497,8.2,7.8,20.1,38.0
32472,1646,25542,13.7,7.8,30.7,22.8
32473,2134,83070,11.0,21.0,25.6,31.1
32474,398,137945,4.8,9.8,22.6,35.7
32475,2667,107298,13.6,9.4,42.9,19.5
32476,3666,29435,7.5,7.6,40.8,20.3
32477,4139,121406,7.1,19.0,46.1,18.3
32478,374,122324,9.0,7.8,26.7,39.4
32479,3095,29302,5.5,6.1,34.4,33.1
32480,152,69453,14.0,24.9,49.6,32.7
32481,1523,129586,8.6,16.4,34.4,30.5
32482,1727,132341,7.7,19.0,35.3,37.6
32483,588,105255,5.1,22.6,22.3,16.1
32484,2454,28852,12.6,5.0,44.5,31.2
32485,516,144509,14.4,21.1,34.0,23.9
32486,2656,123977,13.4,18.8,29.3,36.1
32487,1020,126824,4.9,11.7,41.0,15.6
32488,1653,71948,12.0,6.1,36.3,25.2
32489,2785,101767,5.4,16.1,49.3,17.6
32490,765,80498,3.5,11.1,34.0,33.7
32491,4201,27057,8.8,5.7,47.4,33.7
32492,2569,86789,11.0,23.7,34.7,30.7
32493,1574,112115,4.5,5.9,33.7,24.6
32494,437,80017,10.3,15.0,21.9,35.9
32495,3259,88208,13.1,19.3,46.2,23.4
32496,368,107657,5.5,15.4,47.2,31.7
32497,1187,135454,8.1,24.7,20.0,34.8
32498,1393,53888,9.0,17.1,21.8,20.7
32499,756,120523,13.0,16.7,30.9,18.4
32500,2928,129451,12.3,17.6,26.5,21.2
32501,4073,38972,12.2,24.5,30.0,26.5
32502,1436,123172,11.1,11.5,26.0,15.6
32503,2456,116836,10.4,21.7,42.1,25.0
32504,1767,125957,9.1,6.7,20.1,17.3
32505,1925,99789,7.4,18.1,45.9,24.0
32506,4130,87027,9.2,16.5,25.3,36.4
32507,1312,83662,13.2,17.6,37.0,25.8
32508,2868,32256,9.8,13.9,38.9,31.1
32509,4515,56541,14.8,19.1,29.6,28.8
32510,3158,83173,4.7,18.3,36.4,17.8
32511,544,85929,8.3,22.1,35.9,22.8
32512,1497,134717,5.4,23.3,23.2,39.5
32513,4481,97285,7.4,9.1,33.2,38.2
32514,2318,134880,12.5,19.8,45.1,30.7
32515,3776,128410,12.9,15.9,48.5,19.1
32516,2410,109067,3.4,10.9,22.2,37.2
32517,4140,48810,14.4,8.8,26.3,28.3
32518,3706,42686,13.5,9.8,38.2,25.1
32519,1927,93611,13.9,13.1,31.5,22.1
32520,3319,97269,7.5,14.7,23.4,20.8
32521,4788,95341,9.0,11.3,22.1,38.2
32522,4611,39661,5.0,12.5,45.6,25.5
32523,2172,35152,7.8,23.2,36.4,16.3
32524,4289,108620,4.5,8.8,30.3,36.3
32525,2430,147374,13.4,5.9,41.4,20.3
32526,785,52596,10.0,19.9,43.4,25.8
32527,784,91560,4.6,11.7,34.4,29.8
32528,3037,115711,13.5,10.1,27.3,31.4
32529,3811,141129,4.0,23.9,28.2,39.6
32530,440,147035,14.1,12.4,26.0,20.6
32531,4799,119217,4.3,13.4,35.5,22.4
32532,833,84766,11.6,17.2,32.9,31.5
32533,1596,106851,10.7,12.9,33.0,25.8
32534,3993,140333,12.4,21.5,36.0,24.8
32535,3054,32619,9.8,14.0,38.1,32.7
32536,1231,59759,7.2,12.7,25.0,25.7
32537,4735,54805,6.3,16.4,31.5,27.1
32538,1832,85540,14.3,23.6,20.5,17.0
32539,3135,40791,8.3,15.7,44.3,27.4
32540,2813,79990,13.1,11.2,26.3,32.6
32541,2579,110292,11.7,11.8,49.1,17.3
32542,1519,29747,10.9,8.9,46.2,16.0
32543,2089,92182,14.6,17.5,39.3,33.2
32544,4810,142829,9.8,5.6,27.4,17.6
32545,587,81180,11.8,18.7,20.1,22.4
32546,3919,56636,13.2,22.9,33.9,31.3
32547,1541,88597,3.6,18.0,35.3,36.3
32548,2490,78471,15.0,21.8,42.2,24.3
32549,1484,39559,6.1,6.7,20.9,33.0
32550,2256,43138,11.4,19.7,35.5,30.3
32551,4496,25750,14.4,20.2,42.7,29.9
32552,1491,56350,12.2,11.8,33.0,18.2
32553,4900,58610,5.8,19.0,33.7,22.9
32554,3242,121469,7.3,13.7,44.3,15.8
32555,368,104395,8.0,19.4,33.9,29.3
32556,4017,44798,10.0,18.9,39.4,27.8
32557,1624,134924,10.2,11.0,43.1,31.6
32558,577,82110,12.5,5.6,45.8,17.8
32559,4371,110430,13.3,20.6,41.5,37.7
32560,338,43687,4.1,10.9,23.9,36.5
32561,709,75657,6.3,16.5,41.7,31.9
32562,4687,120227,7.1,17.5,21.1,20.5
32563,4524,42811,3.2,22.7,42.5,30.6
32564,3497,45238,8.0,5.6,30.5,38.4
32565,4640,120273,7.3,15.7,27.5,26.1
32566,4637,71467,9.3,17.7,47.6,22.7
32567,4990,71108,4.2,17.2,47.7,29.8
32568,1931,52318,8.0,20.2,28.5,15.6
32569,1254,29071,10.2,6.2,36.4,37.2
32570,1851,134770,12.6,9.6,31.0,23.6
32571,3698,92910,12.2,17.8,23.9,38.8
32572,2585,122098,7.9,11.8,31.6,38.5
32573,3438,103901,7.7,10.2,40.9,16.3
32574,2433,63377,3.4,12.5,23.3,38.5
32575,4486,84808,4.0,22.3,28.8,30.9
32576,4563,77957,13.5,9.3,23.8,32.7
32577,4681,143623,12.7,21.0,23.0,37.9
32578,267,71077,3.3,12.2,22.2,22.4
32579,3642,75535,13.6,18.4,32.4,26.8
32580,4109,36812,10.4,7.9,40.3,22.3
32581,177,142964,12.6,8.3,33.2,20.6
32582,2998,118062,9.0,7.6,27.9,38.6
32583,1208,90815,4.8,21.9,42.1,21.4
32584,991,46558,7.3,19.0,29.7,19.5
32585,4856,78130,8.4,22.6,21.6,26.4
32586,1324,27270,12.0,17.5,21.3,39.8
32587,4784,100883,12.8,17.9,46.0,16.9
32588,664,64629,11.9,15.6,21.3,35.6
32589,2959,42067,8.7,6.2,27.7,23.2
32590,401,140289,11.0,5.7,30.1,25.9
32591,4489,108963,6.5,14.9,30.0,33.3
32592,208,75684,14.9,14.9,44.9,25.3
32593,2512,124264,5.0,9.5,32.1,20.8
32594,2747,93613,11.7,16.8,42.8,37.9
32595,2825,123810,4.9,23.0,22.5,36.4
32596,3438,67782,6.4,20.7,44.0,21.0
32597,2240,83538,12.0,16.3,32.6,30.3
32598,4623,148754,11.7,10.2,31.3,38.7
32599,4833,76467,4.5,9.8,34.7,18.9
32600,3913,37480,11.1,21.6,34.7,19.3
32601,4300,93339,5.4,12.4,48.4,18.3
32602,2356,95835,14.7,17.3,34.7,21.6
32603,3745,85151,10.2,22.7,24.7,23.1
32604,3159,133613,3.0,12.4,22.6,15.5
32605,2621,41092,5.5,19.1,36.7,36.8
32606,3517,128453,5.8,21.0,45.5,30.8
32607,111,142878,6.0,8.0,29.5,32.6
32608,4844,77940,9.7,6.6,44.8,33.6
32609,3366,119717,5.5,21.5,29.6,16.6
32610,3245,91269,8.0,23.0,36.4,39.4
32611,974,95091,5.1,13.1,44.4,17.2
32612,2533,124965,11.0,14.7,31.4,18.6
32613,983,62321,9.8,19.7,30.0,35.3
32614,4750,29662,10.5,8.9,22.3,28.5
32615,4085,111054,14.6,5.3,47.8,33.2
32616,1679,58737,7.8,22.1,49.6,24.2
32617,3871,55545,5.6,18.1,37.7,17.0
32618,452,25261,15.0,18.6,44.5,28.4
32619,1606,111199,3.7,16.6,38.6,16.2
32620,3587,144303,12.7,16.2,29.7,16.8
32621,2951,89467,4.9,24.5,29.9,17.3
32622,2129,122078,11.0,17.6,41.2,20.9
32623,1946,72976,8.7,7.8,40.4,17.5
32624,2490,61367,13.1,10.4,49.6,33.8
32625,4130,110879,11.8,10.5,21.2,32.7
32626,3538,107305,5.1,9.2,42.2,25.4
32627,2483,39911,11.0,22.3,36.6,38.0
32628,3467,70308,5.6,15.4,44.5,17.0
32629,1565,91570,5.0,14.6,20.4,27.6
32630,2251,89087,4.0,24.7,41.8,39.4
32631,3583,121466,4.4,5.8,26.8,19.1
32632,673,141227,11.4,14.0,35.4,24.5
32633,874,137258,14.9,9.3,41.3,24.9
32634,3465,59574,11.1,13.5,44.2,23.1
32635,4438,70123,11.5,8.2,42.1,18.0
32636,4030,52050,12.4,7.9,44.3,21.0
32637,2780,39160,13.7,10.3,20.2,25.1
32638,2320,141744,6.2,7.5,32.5,28.2
32639,1539,86976,10.3,24.0,21.9,34.1
32640,813,124904,5.6,7.5,39.2,27.9
32641,675,110607,9.3,14.3,27.3,24.2
32642,3081,89577,5.5,20.6,20.4,18.3
32643,169,62558,3.8,21.9,21.3,39.2
32644,3864,136788,4.1,24.2,24.9,25.1
32645,2476,107720,14.7,16.1,31.4,37.8
32646,2305,125373,3.1,11.2,37.1,16.5
32647,1017,130513,11.3,17.8,36.4,36.9
32648,2845,36467,13.6,16.9,44.4,15.5
32649,842,119362,7.7,16.8,30.1,25.0
32650,4250,102322,11.5,12.1,27.3,17.2
32651,2633,117969,7.2,22.6,42.9,30.0
32652,1937,108405,9.3,16.1,32.6,24.2
32653,1476,78325,14.2,17.1,47.7,36.2
32654,509,145935,3.5,13.7,30.8,22.2
32655,3107,145810,6.2,9.6,37.6,39.4
32656,3052,88765,4.3,9.5,42.7,32.9
32657,4342,106544,9.0,17.6,38.4,22.7
32658,1779,144502,12.2,5.3,49.7,34.7
32659,1814,103586,14.7,23.7,30.7,35.5
32660,1297,39048,4.9,13.7,22.0,16.3
32661,2437,53728,3.5,22.2,31.6,15.2
32662,3316,131834,4.7,13.6,24.2,34.7
32663,3056,32966,14.6,7.3,23.0,37.2
32664,3293,99001,6.8,7.1,44.5,16.4
32665,126,130355,6.2,5.0,29.9,35.1
32666,3237,114767,11.8,10.8,29.0,26.1
32667,3073,45345,4.4,13.6,26.1,35.2
32668,3265,149772,7.2,5.5,49.3,16.4
32669,1190,77908,4.7,14.1,24.6,21.7
32670,349,29528,14.7,7.6,41.2,22.2
32671,241,33064,6.4,15.8,24.7,23.8
32672,366,80905,6.2,17.3,35.0,25.0
32673,4410,133934,10.6,15.2,36.0,15.5
32674,588,67881,3.2,15.4,45.2,21.3
32675,595,145696,10.8,8.2,33.7,31.3
32676,579,85757,8.4,17.0,44.7,22.9
32677,2790,124587,5.2,24.5,28.5,18.1
32678,4196,94627,8.8,24.5,25.9,25.2
32679,3180,122964,15.0,12.0,46.4,31.6
32680,2527,92757,13.1,19.6,26.2,37.9
32681,943,34939,14.7,13.8,42.5,23.4
32682,3315,134762,14.1,7.8,22.8,22.4
32683,4011,55472,12.8,19.8,28.6,37.9
32684,4177,130425,7.0,11.9,23.7,39.3
32685,2449,77664,11.8,20.2,32.2,22.0
32686,749,31415,7.7,12.6,42.9,37.3
32687,1993,118490,8.2,8.5,40.7,24.7
32688,2956,37595,13.5,22.1,27.0,30.9
32689,3350,79920,5.5,6.0,35.6,37.9
32690,2486,125946,6.6,12.3,33.9,15.3
32691,1825,114989,14.2,18.5,42.4,20.6
32692,1454,58323,11.4,22.7,22.1,35.8
32693,1393,125558,3.8,8.2,42.3,35.6
32694,3146,26140,4.5,6.9,26.1,17.1
32695,3358,71981,10.0,11.0,39.8,28.8
32696,2813,145836,12.6,10.1,22.9,22.2
32697,503,135300,12.5,18.9,42.3,28.3
32698,4072,39253,8.1,9.8,41.1,30.1
32699,4132,82114,6.1,17.5,28.1,16.4
32700,1646,88986,12.5,18.1,46.9,16.3
32701,2706,30745,14.3,21.1,34.2,32.1
32702,2925,141473,8.3,17.1,38.1,23.3
32703,1952,73428,4.6,23.4,28.0,35.8
32704,4306,98128,10.3,18.8,35.5,20.9
32705,912,113051,3.9,9.8,21.2,26.4
32706,3474,83457,10.3,23.8,26.6,23.2
32707,1029,126403,5.1,8.8,24.3,30.2
32708,4175,87389,9.2,8.7,25.9,25.3
32709,3423,44999,10.5,19.8,22.7,36.8
32710,274,91776,8.4,15.4,29.1,25.8
32711,1463,86236,12.9,8.2,44.8,29.5
32712,2995,115182,7.5,7.3,36.2,35.5
32713,1137,98467,4.9,8.4,36.8,30.5
32714,3111,70085,8.6,23.5,33.3,30.7
32715,2190,138919,14.6,16.7,41.7,32.6
32716,560,142556,13.6,19.6,47.3,24.6
32717,2852,37958,6.7,7.6,42.1,15.5
32718,248,137011,5.9,12.6,26.0,31.0
32719,4533,42928,8.8,16.1,22.4,19.7
32720,1233,144777,10.9,15.2,21.7,25.7
32721,453,142058,14.1,12.5,46.0,38.9
32722,1207,49484,10.4,6.9,31.8,39.8
32723,2702,84761,13.0,18.7,22.5,24.5
32724,2213,149059,11.4,17.0,47.4,18.6
32725,4194,38293,4.2,13.4,32.0,24.7
32726,3785,146045,13.7,23.5,45.0,23.8
32727,3306,117825,5.4,20.1,27.7,36.6
32728,1209,58874,7.4,12.3,27.4,21.4
32729,4279,68412,13.1,6.1,49.2,33.8
32730,2077,144396,14.8,21.0,27.2,21.0
32731,326,130481,6.7,13.8,47.1,27.4
32732,3039,80119,7.6,14.4,32.1,17.5
32733,1112,36543,8.8,16.7,27.6,28.5
32734,4215,74432,9.0,18.2,34.5,31.7
32735,3206,34907,12.0,17.2,29.0,24.5
32736,4036,34305,12.8,10.6,21.1,28.3
32737,2902,133672,14.9,8.6,24.7,30.3
32738,1566,62172,12.7,5.6,24.0,31.0
32739,3088,100715,6.6,5.3,34.8,25.9
32740,369,93557,7.3,22.8,26.9,35.4
32741,3906,77222,10.4,24.9,23.3,30.7
32742,1631,100256,11.2,12.2,20.6,22.4
32743,403,101567,4.1,9.3,25.9,25.4
32744,2032,37570,7.1,13.0,43.4,16.5
32745,2140,91666,5.4,7.1,43.1,37.0
32746,4121,80450,9.1,17.6,48.1,37.2
32747,241,65791,5.0,9.5,39.1,30.9
32748,908,65384,10.0,11.3,28.8,19.0
32749,1047,120611,8.6,22.1,36.6,28.2
32750,4051,122062,7.8,16.4,31.8,19.6
32751,3512,69364,10.8,7.7,23.2,33.3
32752,2392,97275,8.0,6.9,24.9,36.9
32753,865,120077,7.8,18.1,41.4,24.7
32754,3023,74059,10.8,8.3,49.0,18.7
32755,1038,81395,3.7,8.9,40.0,39.9
32756,2596,47468,8.2,17.0,40.2,17.4
32757,3662,86700,5.3,23.2,44.1,23.5
32758,1362,98040,3.5,15.8,43.6,33.2
32759,642,85645,3.4,14.4,41.2,26.6
32760,2779,92465,5.0,22.2,44.4,32.2
32761,3054,122039,8.2,10.9,35.4,23.1
32762,3031,114047,9.8,5.7,24.3,36.3
32763,2881,135812,12.6,16.2,42.6,34.0
32764,4339,148572,10.3,7.6,26.7,39.3
32765,3091,35637,9.2,6.2,47.4,20.9
32766,2712,140401,3.4,6.9,22.2,18.5
32767,3748,134340,6.6,7.2,24.4,38.0
32768,1299,56131,11.3,18.1,33.5,35.2
32769,2217,29725,6.2,16.6,37.7,29.3
32770,2780,129848,10.1,11.4,36.5,29.3
32771,2948,117868,10.2,9.9,27.4,19.9
32772,4788,149609,6.7,5.0,28.4,35.0
32773,4762,141515,9.9,8.2,31.2,15.5
32774,4886,116633,4.4,16.5,32.3,16.7
32775,3781,147471,11.7,16.1,44.9,32.6
32776,3595,96853,3.3,19.7,21.4,23.0
32777,764,115412,3.4,5.7,43.9,38.4
32778,4601,127396,13.4,20.9,47.4,31.9
32779,3262,129550,10.0,16.6,43.1,39.1
32780,3465,89008,5.0,10.5,46.4,16.5
32781,1516,114251,10.2,13.7,39.5,29.3
32782,3208,140716,7.4,21.0,23.8,30.2
32783,616,127222,6.2,14.7,40.0,27.4
32784,949,104688,12.7,19.2,26.9,35.4
32785,2001,63488,8.7,13.1,38.7,23.6
32786,1007,39513,6.5,15.9,43.9,23.7
32787,415,35011,14.3,21.7,25.9,37.8
32788,3343,55573,5.0,14.9,46.2,29.5
32789,1607,92246,4.7,16.3,47.8,39.0
32790,4222,97864,4.2,13.4,21.6,37.4
32791,1618,70433,4.5,8.8,39.5,31.5
32792,4250,45576,6.0,24.5,36.6,19.0
32793,2034,113741,11.4,5.4,22.0,34.6
32794,4444,116271,11.1,7.5,38.6,30.7
32795,1901,123691,12.2,19.3,33.5,38.3
32796,2722,125207,9.9,19.8,21.2,31.1
32797,956,56722,8.9,8.1,41.9,15.6
32798,1976,111179,8.2,17.7,49.8,22.1
32799,1625,84242,13.5,22.7,42.0,32.9
32800,1516,67398,7.1,21.0,39.6,20.5
32801,3579,57457,13.7,5.1,47.2,39.6
32802,3971,54616,6.3,5.8,42.7,26.2
32803,1894,46160,4.9,14.3,44.4,20.4
32804,3165,91537,6.1,12.0,24.1,16.2
32805,2820,140847,9.0,6.9,23.0,37.9
32806,4304,45637,14.1,8.9,47.0,16.4
32807,3776,146229,5.1,23.9,47.3,21.6
32808,452,99540,10.0,12.4,26.6,30.0
32809,3331,55434,5.6,9.4,45.0,17.1
32810,1527,149269,11.1,8.2,48.8,23.6
32811,2292,30421,8.6,16.8,27.9,22.4
32812,1877,118122,11.8,14.3,25.0,29.8
32813,3636,43780,13.3,11.8,28.5,35.0
32814,1216,135985,7.0,12.4,39.1,36.9
32815,2420,42731,14.3,9.0,47.4,34.9
32816,633,121305,8.6,19.9,39.8,39.6
32817,1317,104171,14.2,20.0,26.2,30.3
32818,3088,42921,5.8,5.6,30.0,34.8
32819,2328,70898,13.8,9.3,35.0,17.0
32820,2079,141174,7.0,6.2,25.1,29.4
32821,2176,52722,12.0,6.8,41.3,25.1
32822,631,26782,14.6,24.1,42.4,16.4
32823,3176,43932,13.9,14.1,35.9,22.0
32824,2044,59518,8.6,9.0,38.0,31.9
32825,4335,64653,7.1,24.3,27.8,29.3
32826,3199,30873,10.4,14.5,28.7,27.1
32827,4457,67973,11.5,18.7,25.1,16.4
32828,3929,125539,9.5,24.1,35.9,18.1
32829,4214,54617,13.2,23.6,30.8,16.8
32830,2684,47656,3.7,24.3,27.4,37.3
32831,1648,94100,10.2,21.8,21.5,21.1
32832,1588,47624,9.3,19.0,36.3,35.2
32833,3759,54036,3.5,9.2,22.3,32.1
32834,327,68508,3.2,8.7,41.7,29.3
32835,4571,120396,10.3,12.1,37.8,24.9
32836,4931,79166,4.4,23.0,31.0,34.4
32837,4452,141912,12.2,9.9,39.7,35.6
32838,4896,48535,14.4,9.2,38.0,15.5
32839,798,128028,5.1,16.5,35.3,20.4
32840,537,88185,12.6,9.6,48.0,38.7
32841,1784,25969,10.1,16.6,48.9,36.7
32842,2253,33127,8.4,18.0,43.8,21.0
32843,4810,82616,10.8,12.1,45.7,22.9
32844,3014,57070,12.6,14.1,32.3,34.5
32845,3317,64310,14.6,14.3,48.8,17.6
32846,1059,149466,10.9,7.4,33.1,31.6
32847,1939,56130,12.0,7.2,45.1,20.6
32848,377,44208,10.3,8.0,48.2,37.4
32849,4320,38375,9.8,20.1,42.3,35.8
32850,3856,61286,3.8,20.4,24.1,15.9
32851,1443,45404,4.9,13.6,46.0,36.8
32852,4870,104076,7.6,5.5,23.5,25.6
32853,814,119712,10.8,5.3,47.3,30.8
32854,1605,46340,3.9,24.2,49.0,34.3
32855,4021,49361,9.5,9.6,41.8,16.2
32856,2814,102548,3.2,8.4,45.5,20.3
32857,1447,134280,12.2,6.7,22.2,26.6
32858,2542,148508,11.0,19.0,28.1,22.3
32859,4968,78497,9.2,19.5,39.9,27.1
32860,4060,40429,9.9,24.2,45.9,23.0
32861,1852,95143,14.2,21.9,47.0,26.7
32862,2605,57767,13.9,5.5,34.3,26.0
32863,1837,74496,12.5,21.3,29.2,29.1
32864,4269,29642,7.0,24.3,31.0,15.2
32865,1208,138936,4.3,15.5,32.4,21.2
32866,2779,132051,6.9,8.3,37.6,36.1
32867,1137,62850,12.0,9.6,41.5,24.0
32868,1011,29010,10.3,21.8,21.2,33.9
32869,4989,77071,11.5,24.3,40.5,31.5
32870,2196,106240,4.3,24.1,41.6,35.8
32871,3113,74611,4.9,14.9,40.4,31.7
32872,458,79378,11.0,17.3,44.9,17.4
32873,1176,89373,7.5,18.4,49.8,31.5
32874,2203,44172,7.4,13.5,30.8,32.7
32875,3627,109731,7.7,23.8,24.8,22.5
32876,2402,93651,12.6,21.4,45.2,35.9
32877,4200,52125,11.4,7.7,21.3,20.0
32878,1704,115021,4.3,7.6,25.4,20.0
32879,1175,128848,7.1,16.2,48.9,21.1
32880,4148,136512,11.1,15.7,47.0,38.4
32881,428,72152,14.7,5.4,31.3,24.6
32882,3332,147939,13.9,14.1,45.4,16.8
32883,3577,37864,6.0,24.0,25.1,25.4
32884,1102,36377,3.8,13.9,47.1,26.1
32885,4978,51370,9.9,18.4,32.7,35.0
32886,676,78596,7.9,19.1,27.9,27.3
32887,426,129845,5.2,5.6,45.2,38.4
32888,1627,108884,10.8,10.6,27.4,30.8
32889,2921,29769,4.9,23.8,28.5,38.6
32890,1565,67453,7.2,15.2,36.2,32.0
32891,3325,103499,12.5,24.6,35.8,38.1
32892,2381,121270,11.2,22.9,30.6,17.6
32893,4847,142284,10.3,10.6,37.9,17.7
32894,2480,29233,14.2,10.3,26.5,23.5
32895,594,89776,4.5,12.1,27.8,28.4
32896,1238,136409,11.3,15.2,30.5,37.2
32897,2516,105802,4.4,22.9,34.4,35.6
32898,1456,88021,4.6,15.0,39.7,27.4
32899,1253,109585,9.1,20.7,31.9,37.0
32900,3349,53752,3.3,16.6,36.3,19.7
32901,2242,119510,9.0,9.6,48.6,29.1
32902,3488,71353,3.1,13.4,25.6,18.8
32903,1224,65048,10.2,13.3,24.9,39.5
32904,901,60224,6.7,24.8,37.6,32.9
32905,2142,104778,4.0,16.0,48.7,31.9
32906,307,134263,12.4,6.5,42.4,38.5
32907,2754,121050,7.7,16.5,27.7,19.7
32908,572,60180,8.3,16.3,43.6,30.7
32909,1738,36254,7.5,14.6,29.7,16.8
32910,235,121496,4.0,11.4,29.9,26.7
32911,4456,84480,8.5,10.0,28.2,23.8
32912,1270,82014,11.0,9.1,37.7,32.1
32913,557,128695,13.8,6.8,20.0,24.5
32914,1536,89766,12.2,12.6,20.6,15.9
32915,3671,55184,4.0,19.4,42.2,19.4
32916,2248,65791,5.0,16.6,21.8,31.7
32917,4342,144028,3.5,5.3,42.5,27.7
32918,4912,133299,4.4,21.7,28.8,39.3
32919,606,81418,8.8,13.0,43.9,16.0
32920,2705,80866,5.6,19.1,38.8,40.0
32921,2483,99824,10.8,20.3,43.2,16.1
32922,545,48151,3.4,14.5,33.8,16.7
32923,2881,36940,13.3,20.8,45.5,25.4
32924,543,114375,11.1,17.2,29.1,22.2
32925,217,81248,14.6,20.9,28.5,26.0
32926,1640,82554,14.4,18.7,20.6,15.9
32927,2870,123837,11.3,8.3,26.2,32.7
32928,666,99668,4.9,9.8,30.0,24.9
32929,3702,86281,5.7,13.5,44.5,32.8
32930,2036,122362,6.3,12.6,23.9,25.3
32931,4283,132761,8.1,11.2,36.0,26.7
32932,1752,106931,9.9,14.3,28.2,36.4
32933,4671,84345,11.2,15.4,37.7,30.8
32934,4490,123820,3.9,23.2,50.0,17.9
32935,4915,87233,10.3,11.0,44.3,34.1
32936,4881,40475,3.7,6.1,26.4,35.6
32937,2786,54018,12.9,11.3,47.8,38.1
32938,1303,68027,3.5,19.3,30.3,38.4
32939,3037,26724,7.7,12.6,39.6,31.4
32940,505,59951,8.0,8.9,48.3,16.8
32941,4007,78693,9.8,12.7,45.7,28.1
32942,4314,114525,4.1,19.4,33.6,30.3
32943,4179,137463,14.2,6.9,23.6,39.0
32944,412,73697,7.6,18.9,34.2,32.5
32945,262,88425,7.8,7.7,39.0,24.5
32946,1628,148052,5.9,24.6,26.8,19.1
32947,4488,138344,12.4,13.9,23.7,23.1
32948,4885,105388,3.1,12.8,49.0,29.9
32949,1665,135750,4.3,16.7,44.3,24.6
32950,4868,35006,8.6,7.9,37.4,27.4
32951,498,137020,14.6,11.7,37.2,33.5
32952,3686,97191,3.4,16.4,42.6,34.0
32953,1147,124979,3.7,6.4,42.5,36.4
32954,2042,49579,11.6,10.1,25.3,30.9
32955,3230,141298,11.8,14.9,29.4,21.8
32956,2896,27793,13.8,18.5,39.4,19.3
32957,339,113167,9.9,11.2,42.6,35.8
32958,2458,51996,7.8,17.5,21.5,31.0
32959,771,112688,8.4,10.0,41.3,24.8
32960,2719,29377,8.2,13.7,20.4,20.7
32961,2561,134286,14.7,13.4,28.6,20.1
32962,3493,35522,7.6,5.7,48.6,28.5
32963,501,124804,4.2,23.8,33.0,23.5
32964,2206,139413,6.5,20.1,34.7,25.1
32965,4248,29330,14.5,16.7,42.2,39.3
32966,1187,108645,8.1,11.5,37.5,35.2
32967,1242,106073,6.8,21.5,29.1,39.4
32968,4481,45312,6.7,19.1,37.7,30.7
32969,2165,119545,3.1,7.8,36.3,16.9
32970,4008,40861,10.6,16.3,23.9,19.6
32971,4355,46725,11.7,10.3,42.3,33.6
32972,4059,58223,7.2,19.5,38.2,37.1
32973,241,106621,13.5,13.4,21.9,18.3
32974,496,56444,11.9,10.1,24.3,33.9
32975,2727,149798,10.2,23.4,23.9,15.8
32976,4729,141070,11.4,23.2,22.1,23.8
32977,1655,103233,12.2,21.4,26.3,19.8
32978,2608,47108,9.3,6.9,37.2,16.6
32979,4481,51564,7.8,20.1,23.7,33.1
32980,1128,25557,4.5,6.6,26.6,26.0
32981,2276,37749,7.9,7.1,47.6,25.4
32982,770,90278,9.6,8.3,38.7,39.2
32983,4694,70246,14.4,18.8,37.0,23.7
32984,1955,47498,4.9,12.7,27.1,22.7
32985,3529,94526,12.1,21.9,35.6,24.7
32986,2178,108088,5.9,19.9,26.4,19.2
32987,2106,26367,14.5,20.3,35.8,22.6
32988,1788,102415,10.1,23.6,43.0,33.3
32989,4531,34791,8.2,16.9,38.6,35.0
32990,669,33348,7.2,22.1,28.9,26.2
32991,4794,118491,5.4,10.1,41.0,29.6
32992,1246,95525,11.6,23.4,30.5,37.6
32993,3874,79109,10.6,23.8,27.3,20.0
32994,964,48679,13.7,12.8,30.5,29.3
32995,4509,116159,10.2,11.7,34.9,18.3
32996,127,58698,5.0,11.0,42.0,23.3
32997,1129,89636,11.2,14.6,49.6,16.2
32998,2096,32342,13.5,18.2,49.5,18.7
32999,1441,116236,14.9,15.1,41.4,20.0
33000,1348,55770,11.2,15.6,22.0,18.1
33001,2236,124585,6.5,6.2,36.6,20.4
33002,2187,87100,9.8,22.9,25.6,23.6
33003,780,132624,9.2,8.5,30.1,23.1
33004,474,53228,9.1,19.4,36.1,20.9
33005,3469,133578,3.9,11.1,29.8,23.3
33006,3145,39763,5.3,14.4,43.6,15.1
33007,2437,41034,9.3,5.1,21.2,30.5
33008,905,90527,12.6,21.3,31.8,25.4
33009,3139,86778,5.2,24.2,41.6,28.0
33010,378,128119,5.0,7.5,49.5,26.9
33011,1505,75328,12.1,8.8,36.6,29.6
33012,887,107425,11.3,6.4,45.3,35.2
33013,1432,63991,8.8,6.6,34.7,34.1
33014,4472,40390,3.6,16.0,50.0,29.2
33015,3247,98952,8.7,8.3,46.7,22.9
33016,2445,127142,13.0,9.4,39.3,38.6
33017,3549,120440,3.1,14.0,36.1,15.9
33018,532,61820,4.2,14.6,47.9,19.3
33019,1109,82523,12.7,10.8,40.4,38.3
33020,3949,54090,9.3,24.6,46.8,28.5
33021,416,106392,10.9,7.3,33.7,28.3
33022,4316,74046,11.9,8.8,33.3,29.7
33023,1465,83672,6.6,13.6,49.2,19.3
33024,4499,70711,6.6,10.8,45.2,16.9
33025,1035,58509,6.2,21.7,36.2,19.6
33026,3618,29409,5.0,8.5,46.8,23.2
33027,3887,53465,6.7,19.3,22.6,36.9
33028,2868,112373,14.4,7.5,31.6,39.0
33029,595,40423,4.0,10.4,29.8,22.4
33030,3692,82651,5.9,19.8,46.5,35.2
33031,2332,129487,6.8,6.8,34.1,19.8
33032,4118,34458,4.8,23.2,34.0,35.2
33033,3035,105232,3.9,11.4,23.3,29.9
33034,4908,108188,4.9,11.7,38.2,36.8
33035,4545,98525,9.3,9.7,34.1,17.9
33036,2467,82201,10.2,22.4,24.6,27.4
33037,2684,126984,5.6,17.8,44.5,26.3
33038,1005,36220,9.0,5.9,38.1,30.9
33039,3327,32312,3.1,23.3,48.2,19.6
33040,1927,56619,10.2,23.6,35.2,38.3
33041,3822,45431,3.0,16.0,38.9,29.6
33042,2680,106463,10.7,11.3,30.5,39.5
33043,4697,67013,8.8,8.2,35.9,15.5
33044,1615,43027,4.3,10.2,30.3,17.4
33045,4722,100756,4.1,22.5,23.0,38.5
33046,4906,38217,3.1,9.1,22.4,23.4
33047,3103,85117,9.6,8.0,30.2,17.1
33048,211,98131,12.7,11.5,22.8,36.9
33049,1772,133521,13.3,11.0,25.8,35.2
33050,2402,121988,9.8,19.8,25.0,25.8
33051,1750,79653,13.6,12.7,42.2,18.7
33052,4495,67990,13.3,9.1,33.7,29.7
33053,2574,139116,11.4,7.9,21.8,18.7
33054,4095,85352,7.4,14.9,26.7,23.1
33055,1990,142351,12.9,24.0,22.0,36.9
33056,406,104028,7.7,13.3,26.5,32.8
33057,220,133504,7.8,5.7,39.9,33.8
33058,3201,37785,11.1,10.5,43.8,19.6
33059,1377,116774,14.1,11.6,45.0,16.9
33060,1527,129645,9.0,17.4,24.8,20.8
33061,3202,110334,5.1,22.4,40.9,32.4
33062,1285,25032,4.7,24.3,23.5,36.9
33063,1555,64245,6.6,9.7,48.8,28.7
33064,1279,125585,8.5,22.1,32.2,34.8
33065,1446,73675,6.6,6.9,21.1,27.9
33066,728,148409,11.5,16.3,24.1,35.4
33067,1314,95518,9.5,11.9,45.1,39.0
33068,2061,144602,7.9,7.4,30.2,17.1
33069,3095,105824,5.6,8.9,20.6,15.4
33070,4712,81039,10.3,10.4,38.8,39.2
33071,1647,119635,11.1,19.3,49.1,38.5
33072,2958,91825,12.4,24.8,21.0,18.3
33073,861,112020,14.9,5.6,41.1,33.6
33074,2466,108238,5.8,21.0,37.9,30.4
33075,4306,108383,3.2,15.2,20.2,26.0
33076,1941,108504,9.0,7.3,36.4,25.7
33077,1596,107489,14.1,9.6,24.8,25.1
33078,4019,138995,6.0,13.5,44.0,31.5
33079,3188,131341,12.1,19.5,29.9,35.6
33080,1343,115262,6.8,9.8,26.5,31.8
33081,4682,47150,7.7,17.8,31.6,26.0
33082,2143,98004,14.4,10.5,43.7,17.7
33083,3476,79125,8.5,21.5,27.7,20.3
33084,616,41728,11.7,11.1,36.1,37.2
33085,934,114398,9.6,21.4,40.7,32.9
33086,723,92195,12.2,11.4,29.0,26.6
33087,1147,56926,6.8,16.0,39.3,39.0
33088,1664,82036,13.5,20.8,48.6,22.6
33089,4082,58701,9.6,6.9,36.3,29.1
33090,596,122426,6.7,8.3,25.3,27.6
33091,2529,29716,3.5,24.1,39.1,25.2
33092,2363,78397,3.2,8.6,49.4,23.2
33093,642,103568,7.2,22.9,42.7,18.7
33094,1015,70322,5.6,15.3,26.7,26.5
33095,1901,128913,3.6,7.2,31.1,15.3
33096,3182,145962,9.6,14.5,22.9,24.4
33097,181,135738,14.9,16.2,34.9,32.1
33098,1279,97282,8.1,8.1,29.8,39.9
33099,265,39710,9.6,20.3,36.6,36.9
33100,2355,149388,5.6,7.3,24.5,20.5
33101,2171,94111,5.5,7.1,49.5,19.1
33102,906,60319,6.9,16.5,30.9,26.6
33103,2838,120450,13.0,21.7,35.4,20.5
33104,431,82338,14.5,17.3,50.0,25.3
33105,3690,55190,11.9,5.9,30.2,40.0
33106,1634,112585,3.2,13.7,31.1,36.7
33107,280,48562,8.3,19.4,44.1,30.5
33108,1416,115085,8.0,10.3,22.2,26.8
33109,1206,128684,14.2,18.9,27.9,26.9
33110,1689,107931,11.9,12.9,34.7,38.6
33111,2586,45550,11.6,24.3,37.2,19.2
33112,2690,114251,9.8,14.7,44.8,16.9
33113,2340,101036,10.8,22.0,42.5,25.5
33114,587,70751,11.4,12.0,41.6,26.4
33115,711,88108,9.6,19.8,31.6,37.8
33116,3520,145602,13.1,11.5,49.2,38.9
33117,3294,124164,3.4,10.7,44.9,20.9
33118,1497,51010,14.3,8.5,34.1,20.3
33119,1556,26439,12.3,17.8,30.3,28.8
33120,2293,61184,9.3,14.6,20.1,39.6
33121,3174,28953,13.3,12.2,31.6,34.4
33122,1437,57609,12.9,6.1,21.6,16.5
33123,4522,64528,8.0,18.2,29.2,35.8
33124,2300,71433,13.1,18.7,25.9,36.6
33125,4597,67421,5.3,11.4,29.8,23.2
33126,2967,71099,8.6,18.2,21.8,23.0
33127,4683,113823,5.8,22.6,43.3,28.2
33128,3982,64383,4.5,12.0,22.6,37.7
33129,2214,107081,13.7,19.4,41.5,19.2
33130,2236,148518,7.4,21.9,48.1,29.6
33131,178,42441,11.2,13.8,34.7,27.3
33132,477,122394,7.5,8.1,43.5,23.2
33133,264,42837,9.5,5.8,48.3,30.8
33134,4944,29826,7.2,19.8,36.2,24.1
33135,1820,81049,11.9,15.5,27.9,17.7
33136,3084,71100,12.4,8.5,20.6,36.7
33137,254,44168,8.2,5.2,33.0,20.5
33138,1246,145998,13.3,13.5,24.6,30.4
33139,1163,126671,7.3,13.6,45.6,39.6
33140,2316,111187,12.1,24.5,43.8,21.3
33141,2939,101963,10.8,7.8,42.0,27.1
33142,1563,64734,8.5,8.7,22.8,31.7
33143,3570,147072,13.7,24.1,39.4,38.0
33144,1616,29294,9.9,6.9,29.4,36.8
33145,3150,43481,13.1,21.3,34.6,39.6
33146,4523,122777,11.8,21.6,49.1,29.6
33147,1626,100193,9.4,9.4,22.8,15.9
33148,3710,144113,6.9,12.2,39.7,18.4
33149,2492,48881,14.4,23.2,47.8,37.8
33150,888,78541,3.7,17.7,21.5,27.2
33151,2648,125631,13.7,21.8,38.6,23.0
33152,4757,144147,9.1,21.4,37.7,33.0
33153,4708,94577,12.0,15.3,37.8,38.9
33154,615,93154,7.0,6.3,28.3,33.0
33155,3162,40532,7.6,15.8,41.6,21.9
33156,4862,37441,5.3,5.6,45.5,19.3
33157,1667,41093,14.5,11.5,29.2,28.6
33158,1548,125058,3.5,7.6,25.4,18.9
33159,1066,32659,7.6,13.4,48.6,36.8
33160,463,139258,7.0,6.9,44.9,20.2
33161,207,98664,12.8,13.0,48.0,32.1
33162,3194,89480,9.0,5.7,23.9,16.6
33163,722,89778,5.0,11.3,46.3,18.5
33164,4516,64857,9.1,13.0,45.2,31.8
33165,609,112679,5.8,9.3,33.6,32.2
33166,1164,42081,3.2,24.2,32.2,37.5
33167,3965,45341,9.5,10.8,32.7,39.8
33168,403,38729,7.3,17.2,38.0,33.3
33169,1068,49293,5.9,10.6,38.2,19.8
33170,1538,37559,5.1,20.9,44.2,26.8
33171,3621,68450,8.4,18.7,30.9,16.3
33172,3971,132008,13.4,20.7,21.0,31.1
33173,3600,74960,12.1,8.3,29.5,30.2
33174,2299,64323,3.1,12.0,40.3,18.4
33175,4454,26038,11.8,9.0,45.8,37.1
33176,4001,88567,3.9,19.1,28.4,17.5
33177,2370,121941,9.6,18.6,41.6,17.0
33178,329,99271,12.4,24.5,33.0,21.3
33179,2586,69736,8.4,23.0,22.6,39.0
33180,249,138903,7.5,23.7,22.7,38.6
33181,1009,55280,14.3,16.6,25.1,18.6
33182,3628,139268,3.4,8.0,41.2,25.0
33183,1077,145920,4.3,23.7,45.3,27.4
33184,734,144754,13.4,22.5,22.1,31.4
33185,4817,51877,13.6,13.3,28.4,28.8
33186,2290,78993,7.5,16.1,46.9,26.3
33187,4249,96818,9.5,7.0,39.4,23.5
33188,3574,99437,5.0,12.4,30.2,39.2
33189,3880,42697,13.6,21.1,38.5,18.0
33190,1965,62169,8.6,24.5,29.9,25.4
33191,398,70227,9.8,14.7,24.7,18.7
33192,2839,146357,4.4,10.7,20.0,28.0
33193,3825,85099,10.4,20.5,42.4,33.5
33194,3491,65113,11.3,22.1,33.6,29.2
33195,4640,70662,6.5,17.7,45.4,18.9
33196,197,48380,13.8,14.7,44.1,23.9
33197,3297,100500,5.4,22.9,21.1,22.1
33198,2205,51015,13.8,18.5,35.7,30.7
33199,4372,86750,11.4,5.0,30.2,16.5
33200,4914,113653,13.0,24.4,47.3,25.7
33201,3622,110235,11.4,19.3,49.3,30.3
33202,4518,89219,8.1,14.7,27.3,36.8
33203,945,115520,7.0,5.3,26.3,32.6
33204,4285,106115,11.8,5.9,24.4,39.0
33205,4326,95350,6.6,24.4,47.0,34.7
33206,3981,57179,3.7,20.9,33.4,33.5
33207,1152,121439,6.0,6.9,26.8,36.7
33208,3948,111642,12.1,20.0,29.2,33.1
33209,3715,30243,12.5,8.5,32.1,37.6
33210,3257,144021,6.3,12.8,49.4,18.5
33211,2205,88083,6.9,15.1,46.9,36.9
33212,1093,125757,9.6,23.1,34.8,18.1
33213,3196,116694,6.1,6.0,46.0,33.3
33214,289,116333,10.3,7.7,27.2,33.0
33215,2223,107482,6.4,20.4,35.8,34.5
33216,2518,135273,4.5,24.9,43.5,17.9
33217,2998,39917,4.9,20.5,25.0,36.7
33218,4701,33054,6.0,20.6,35.6,16.3
33219,2066,78334,5.0,15.6,30.5,18.5
33220,4378,74113,14.7,11.9,43.3,33.4
33221,4349,120306,10.9,7.8,45.8,39.6
33222,3511,90216,5.2,8.6,24.0,22.5
33223,4046,133251,8.1,13.9,44.0,38.9
33224,1146,101565,6.2,24.3,39.4,30.3
33225,2673,147792,11.2,17.1,50.0,20.2
33226,705,98036,13.4,22.3,30.9,38.4
33227,1466,66704,7.8,9.9,33.1,39.6
33228,3026,139094,8.1,12.9,36.3,31.6
33229,2058,121187,7.8,19.6,43.8,33.4
33230,1164,66329,8.4,6.4,34.3,33.3
33231,617,145547,3.4,10.5,25.7,17.6
33232,2554,104765,10.1,16.3,44.9,21.4
33233,4333,89387,14.4,19.0,26.5,16.5
33234,3907,76243,12.4,13.7,24.1,34.5
33235,2689,75472,13.3,22.3,32.2,27.6
33236,2372,63654,5.7,16.7,37.2,26.6
33237,2408,66425,10.3,18.0,44.9,36.7
33238,1202,56993,13.7,10.4,25.0,18.4
33239,4892,53069,3.8,11.6,23.5,38.0
33240,910,120120,13.5,5.8,48.9,17.3
33241,3863,58240,3.8,6.5,43.3,24.4
33242,4668,100024,14.8,24.3,32.5,25.7
33243,176,48516,4.0,16.0,42.2,36.4
33244,2409,135764,7.4,7.4,24.7,33.2
33245,1125,41619,3.7,11.2,22.5,36.8
33246,2164,95701,3.7,17.7,31.7,17.0
33247,4539,147588,13.4,22.2,44.7,31.9
33248,2841,26678,3.8,6.3,26.8,37.9
33249,4099,45712,12.5,14.1,23.6,23.6
33250,3328,47944,13.9,6.4,37.3,15.9
33251,4369,31064,14.2,14.2,48.9,35.2
33252,3658,107185,13.4,19.4,27.8,35.1
33253,945,31333,14.5,20.5,36.3,17.4
33254,792,89694,3.6,10.5,42.2,22.0
33255,4148,92940,15.0,10.3,30.5,19.1
33256,1432,131634,3.2,24.8,30.1,27.1
33257,3137,54218,5.0,7.3,39.9,16.6
33258,4432,71584,4.0,17.9,33.5,18.0
33259,1374,55177,11.9,19.7,47.6,24.0
33260,1344,40711,4.0,20.5,24.4,20.5
33261,437,100093,6.5,18.3,31.5,35.0
33262,3394,41003,10.7,13.3,20.9,18.6
33263,436,72988,9.0,7.4,25.8,28.0
33264,1967,123113,4.6,16.4,32.7,25.3
33265,4105,108872,9.3,16.8,31.1,22.3
33266,594,66032,7.1,18.0,29.8,29.2
33267,4742,139850,10.0,23.5,21.0,25.1
33268,3986,131277,9.5,13.8,37.5,27.1
33269,260,139910,14.9,24.2,46.7,35.1
33270,2136,145781,13.4,9.3,28.6,33.7
33271,1841,139872,3.0,10.1,29.1,16.1
33272,1607,139782,5.1,7.5,40.3,24.0
33273,3660,78024,14.0,6.5,43.2,29.2
33274,1475,91219,9.5,14.3,47.7,34.3
33275,1653,134876,12.1,17.7,29.5,27.5
33276,2381,91511,9.0,12.9,29.9,27.6
33277,1968,36411,12.4,16.0,37.4,38.5
33278,1701,73446,4.6,13.0,27.7,34.1
33279,3927,114266,11.9,5.9,26.4,20.3
33280,3580,49433,13.4,8.5,30.6,27.2
33281,1399,121909,6.2,10.4,26.1,30.4
33282,810,54986,7.4,17.7,24.6,38.1
33283,4267,118805,10.1,22.3,43.0,17.9
33284,2146,84888,13.4,8.6,44.7,24.3
33285,2981,147156,13.9,9.5,49.6,29.3
33286,1917,36424,9.4,19.3,30.1,17.6
33287,2298,57828,10.9,24.1,45.3,32.0
33288,3432,138500,13.5,12.1,22.1,26.7
33289,1203,63983,5.8,11.4,35.0,29.5
33290,3277,124764,12.9,12.2,23.3,32.8
33291,3694,82825,6.1,8.4,27.6,29.5
33292,3574,53786,10.0,14.8,25.3,33.9
33293,4915,143766,14.2,15.9,33.4,21.2
33294,2277,30325,9.1,8.1,32.7,19.4
33295,1294,138997,4.1,9.5,32.8,17.8
33296,4601,106201,13.7,9.0,26.6,28.5
33297,635,54582,10.0,17.1,44.7,30.1
33298,1169,37841,3.9,19.2,24.8,32.2
33299,4469,31001,3.1,11.1,43.0,33.6
33300,232,145339,6.1,20.3,47.1,19.0
33301,363,90115,4.4,23.2,30.4,39.2
33302,4562,28651,10.5,15.4,40.5,37.2
33303,2152,147433,10.2,23.2,42.9,25.0
33304,4189,65776,13.1,17.5,30.8,26.3
33305,2947,99902,9.2,8.9,33.9,30.7
33306,457,35787,6.0,10.1,20.5,19.1
33307,4520,70195,3.6,16.8,26.4,22.0
33308,850,129854,3.1,9.5,35.8,38.8
33309,3350,77958,14.1,5.1,27.1,19.5
33310,4451,50065,4.7,10.2,27.7,28.5
33311,2358,51506,9.0,6.0,30.8,17.5
33312,1010,124200,12.5,23.0,39.4,15.3
33313,3910,29300,14.1,18.7,36.0,37.2
33314,683,133838,5.4,5.6,23.7,24.5
33315,3538,138221,5.8,6.0,34.2,29.4
33316,676,126022,5.2,5.6,24.4,35.9
33317,2676,111920,4.9,20.9,32.9,19.4
33318,1971,131513,8.5,20.7,46.9,35.4
33319,1252,65318,10.6,19.8,35.3,17.4
33320,1883,106466,11.5,8.0,50.0,33.1
33321,1193,97415,6.9,24.7,31.5,16.0
33322,2199,119828,10.5,21.9,25.1,37.0
33323,4632,78890,3.0,17.9,45.9,17.3
33324,2241,78228,13.7,18.6,25.6,28.3
33325,2233,66501,13.4,12.7,36.8,28.9
33326,617,98211,9.5,16.4,32.5,37.3
33327,841,122471,5.9,11.9,48.4,29.5
33328,2577,139885,14.7,19.3,47.6,19.9
33329,2976,75417,12.7,11.7,39.6,29.8
33330,142,88578,3.2,24.0,45.9,23.8
33331,3541,95657,8.6,24.4,26.8,26.2
33332,503,136379,4.2,10.1,34.2,20.0
33333,1426,75128,4.6,21.5,48.9,32.5
33334,2316,74760,3.0,7.0,31.3,19.7
33335,2249,41848,11.3,10.1,39.2,23.0
33336,2493,72076,6.0,10.3,27.8,39.8
33337,2750,57028,6.7,17.5,37.2,25.5
33338,4637,105648,3.6,23.4,32.9,35.5
33339,4445,83371,3.1,10.9,21.6,27.1
33340,977,75413,12.5,13.5,41.6,35.9
33341,1986,52175,10.9,12.8,26.0,22.4
33342,1403,85300,7.6,12.6,38.3,27.9
33343,1840,81709,3.8,16.5,38.9,29.0
33344,1212,141717,12.3,18.5,42.2,17.8
33345,3976,69360,14.1,13.0,34.5,31.3
33346,1998,92353,9.3,21.1,44.8,34.6
33347,347,139928,4.7,16.8,31.9,27.3
33348,3360,30734,10.8,10.4,31.3,37.1
33349,667,142544,3.9,12.4,33.3,34.4
33350,3909,112534,5.0,24.3,46.3,20.0
33351,1288,53457,8.6,17.1,41.9,38.3
33352,2695,72999,6.0,15.0,38.7,36.3
33353,1453,106869,14.2,9.9,41.1,23.9
33354,3712,130532,12.7,15.7,42.8,28.1
33355,1080,105957,6.3,6.6,39.0,20.3
33356,268,141449,14.6,13.0,34.0,31.1
33357,3264,48294,7.5,22.3,26.8,19.4
33358,2771,39076,9.8,13.6,47.7,30.0
33359,478,30571,9.8,21.8,41.6,24.1
33360,2032,114364,10.8,5.8,27.3,18.2
33361,293,99910,5.9,7.8,46.6,20.8
33362,363,114326,14.1,19.7,42.0,26.6
33363,1571,84434,6.2,19.9,38.3,18.3
33364,2115,26940,11.0,17.9,32.7,34.4
33365,4716,142610,12.2,23.4,34.4,19.0
33366,1400,58180,13.6,15.6,34.4,20.5
33367,3300,32606,8.5,19.5,37.5,16.6
33368,3473,136929,11.5,10.4,30.6,38.2
33369,673,44607,4.0,17.3,32.8,15.5
33370,1637,106708,12.3,20.5,30.4,31.9
33371,1483,75255,12.1,19.0,49.2,33.7
33372,1480,36400,7.9,21.2,34.3,28.0
33373,3637,71804,6.8,13.1,42.4,24.9
33374,3259,30569,7.6,10.7,32.9,22.0
33375,1623,100137,4.1,10.5,45.4,28.7
33376,4712,79948,10.7,21.1,29.6,33.9
33377,4032,80678,14.0,22.1,28.7,32.1
33378,3722,115276,11.0,9.2,21.3,24.5
33379,995,111724,10.0,12.4,34.0,24.5
33380,3493,105173,14.9,23.4,42.6,16.7
33381,564,38061,9.5,5.3,27.7,38.5
33382,1710,74147,7.1,12.0,30.4,34.2
33383,712,42455,11.5,17.3,25.7,33.9
33384,3312,50726,9.3,7.9,23.2,38.7
33385,704,82711,14.7,18.7,46.4,35.5
33386,720,31791,13.8,10.8,37.1,35.9
33387,2702,130503,14.4,23.9,46.3,30.4
33388,2283,93090,3.0,6.5,20.7,22.8
33389,3900,123916,7.0,22.3,20.3,24.8
33390,255,33268,10.5,17.0,37.0,33.2
33391,3453,35946,6.7,17.4,35.3,29.0
33392,4011,134768,10.9,5.3,30.0,23.3
33393,3017,135659,11.6,23.1,31.6,25.3
33394,3217,91587,10.5,22.0,20.8,37.3
33395,2815,27983,8.5,14.0,43.2,28.0
33396,4439,47927,11.4,14.7,32.4,37.1
33397,549,35296,12.4,10.8,41.9,29.7
33398,4949,124530,11.4,11.6,48.1,28.6
33399,4601,144350,12.7,14.5,20.3,39.2
33400,4061,28154,14.4,6.6,42.1,17.0
33401,1169,89105,4.2,6.6,46.4,26.0
33402,4117,59042,13.9,21.3,45.8,17.9
33403,4944,109309,6.3,12.6,47.5,34.0
33404,3691,121678,9.8,24.6,25.2,29.7
33405,2919,123123,14.3,6.7,22.7,24.3
33406,2385,103262,10.4,23.7,20.2,24.9
33407,2135,31557,4.0,18.0,37.0,18.5
33408,1290,107791,9.0,11.2,44.8,21.6
33409,1499,108881,13.7,10.3,41.5,34.2
33410,3840,51756,7.9,24.1,42.7,35.6
33411,2348,37132,13.2,11.8,28.4,36.0
33412,2893,68436,12.5,15.5,47.0,16.4
33413,823,121959,13.9,24.1,45.5,19.7
33414,1541,51143,6.2,9.1,22.3,25.6
33415,4920,120841,9.0,8.6,45.6,26.1
33416,186,51891,7.0,9.3,44.7,21.7
33417,4249,76306,9.4,9.7,34.7,39.5
33418,1851,29161,3.2,19.1,40.8,38.1
33419,3520,124379,5.9,8.4,25.6,17.2
33420,4937,138350,14.7,5.8,45.4,32.7
33421,2583,121487,10.2,19.4,44.6,20.3
33422,3312,32330,5.1,24.3,46.9,39.2
33423,4022,63128,9.1,15.9,20.7,32.0
33424,2589,108955,11.4,12.3,45.3,16.8
33425,1586,58157,10.2,5.6,23.2,16.0
33426,3627,46525,9.0,16.4,26.9,23.0
33427,172,54400,11.1,11.6,21.4,28.9
33428,824,117846,5.0,18.0,24.0,28.7
33429,3854,68916,8.3,24.1,38.4,28.3
33430,3095,78014,12.0,5.4,25.0,33.9
33431,4465,36756,10.0,18.8,44.7,35.0
33432,318,112723,13.9,18.5,29.6,20.3
33433,646,94613,8.3,16.9,33.6,16.3
33434,3829,35760,4.6,19.5,45.7,16.9
33435,2068,49937,3.6,12.5,32.0,36.1
33436,4616,98786,8.7,7.5,35.8,28.8
33437,1359,45964,8.3,5.1,21.0,24.4
33438,3033,73756,6.1,13.0,30.9,33.3
33439,2609,83468,10.1,21.1,31.2,36.5
33440,4108,149660,6.0,16.8,44.6,31.9
33441,4172,31941,5.6,8.0,23.0,16.2
33442,4780,115451,10.5,11.4,23.6,37.7
33443,1662,127885,14.3,18.3,41.7,26.0
33444,2185,137427,5.4,23.5,42.6,26.3
33445,1889,44120,5.2,22.2,35.7,37.2
33446,3769,58807,9.2,17.6,30.4,35.5
33447,2581,130969,4.4,9.4,37.5,36.1
33448,3530,33312,6.5,22.4,41.1,16.2
33449,304,106109,14.9,23.4,24.2,27.4
33450,841,28813,13.1,23.2,34.2,36.4
33451,2988,47857,11.5,16.3,42.0,34.1
33452,3594,113147,3.3,22.4,27.9,39.7
33453,4363,40540,6.2,20.9,35.5,26.1
33454,4837,132240,9.8,17.4,32.5,35.5
33455,1205,95017,11.5,24.6,23.1,38.0
33456,1923,137962,11.0,9.9,43.9,23.8
33457,2747,40913,5.2,17.5,22.8,16.0
33458,4297,62311,8.6,5.5,36.4,18.3
33459,188,101679,5.4,14.0,21.1,27.3
33460,3481,145904,14.1,21.7,29.0,33.2
33461,4803,105126,9.7,9.7,20.1,25.6
33462,3611,130307,7.7,20.0,48.7,28.0
33463,2306,81212,14.0,20.2,30.0,37.1
33464,3285,119066,13.8,17.7,49.3,21.0
33465,4481,116134,9.0,22.9,34.4,38.8
33466,964,95496,11.2,14.0,47.2,17.9
33467,154,65635,6.8,9.2,25.6,27.4
33468,4771,52937,6.7,18.0,21.4,26.6
33469,2180,40859,9.6,24.0,25.3,27.2
33470,657,64811,13.2,17.6,38.1,31.9
33471,4926,59543,10.2,22.6,48.9,22.4
33472,1092,26908,8.5,22.3,21.2,26.3
33473,4996,118144,11.0,5.1,39.6,23.3
33474,4391,122085,12.7,6.5,23.1,38.6
33475,547,74739,12.4,16.0,36.2,22.6
33476,1921,96681,7.4,22.1,39.5,21.3
33477,3919,84374,14.2,12.7,36.8,19.6
33478,3072,74534,3.2,22.8,36.4,25.2
33479,191,66649,8.4,12.0,44.7,21.7
33480,707,30231,13.9,13.3,33.5,26.4
33481,1351,96540,11.4,11.5,21.8,19.5
33482,385,98931,11.4,13.8,35.4,39.4
33483,3021,135577,4.9,14.2,35.0,30.7
33484,3406,137365,10.0,14.6,44.9,31.4
33485,201,29121,14.6,10.7,48.3,31.6
33486,3935,92412,5.5,12.7,47.5,21.9
33487,4335,129555,6.9,17.1,45.8,34.8
33488,1778,92236,7.7,5.2,32.9,21.5
33489,3923,26590,7.3,15.9,26.1,20.5
33490,634,75019,10.5,5.4,25.2,15.9
33491,115,86713,5.8,17.1,43.2,18.4
33492,660,55487,9.1,12.6,48.6,27.6
33493,3025,112581,7.8,14.3,42.8,29.7
33494,2483,27064,10.7,21.2,43.8,31.9
33495,1009,67447,5.9,18.4,48.9,36.0
33496,1513,27345,9.6,23.6,48.1,36.2
33497,218,125944,11.9,9.9,23.5,24.8
33498,4162,81171,11.3,12.9,46.0,22.5
33499,3213,122675,13.0,9.4,47.1,21.1
33500,3160,58818,14.5,8.6,23.2,18.0
33501,1591,149923,13.2,18.3,46.5,19.1
33502,2196,135774,14.3,18.1,41.1,33.7
33503,2354,44971,3.2,14.8,41.6,22.1
33504,613,146506,10.5,7.9,48.9,26.1
33505,1333,129896,6.2,16.3,31.4,36.1
33506,4232,137540,12.7,15.2,42.4,24.0
33507,1579,83951,12.8,16.4,41.9,25.5
33508,3449,71535,3.6,14.0,43.0,21.8
33509,1640,97267,10.1,6.6,35.4,22.0
33510,229,103243,13.2,13.2,35.8,37.2
33511,3816,31383,10.0,11.3,46.0,25.4
33512,3843,39847,8.1,10.4,26.5,19.3
33513,1871,138953,3.9,18.3,38.5,26.2
33514,4554,29899,11.8,18.4,35.4,37.6
33515,3175,62302,3.9,24.5,32.4,17.3
33516,605,56491,10.2,17.7,46.7,17.7
33517,4989,148900,14.0,11.0,21.4,16.7
33518,938,58290,8.0,15.7,30.7,29.8
33519,3971,66530,12.2,17.7,41.9,19.7
33520,4818,54954,12.6,13.2,33.6,37.6
33521,2776,44723,3.1,17.8,43.7,39.4
33522,196,94744,14.0,21.4,34.8,37.0
33523,2063,88048,5.3,17.6,24.5,31.0
33524,2966,109372,6.4,8.4,39.1,19.1
33525,4126,121225,13.4,11.5,30.1,19.4
33526,698,88381,11.2,24.3,24.8,30.9
33527,3081,77625,7.5,12.2,38.4,29.3
33528,4063,55955,4.1,21.6,45.4,28.2
33529,528,30125,7.6,7.8,33.0,37.3
33530,3881,81920,14.6,24.7,29.0,29.1
33531,1424,93721,4.3,9.2,48.7,21.3
33532,2690,138004,13.2,24.2,40.7,18.6
33533,2514,99574,6.9,6.0,31.4,29.2
33534,1867,118504,10.9,16.5,29.0,15.4
33535,1616,75486,10.6,8.6,24.2,37.2
33536,1439,73295,6.9,17.9,33.9,15.2
33537,4194,68857,3.7,23.0,30.1,22.3
33538,4759,63963,4.8,11.0,49.9,36.2
33539,3503,67871,9.8,13.0,32.5,23.5
33540,2646,41683,14.4,5.9,25.0,19.4
33541,1076,29958,14.1,16.5,28.4,17.8
33542,1714,140773,4.4,17.1,20.1,29.9
33543,1684,57851,13.5,17.4,36.8,18.4
33544,4161,98451,5.8,23.3,46.7,25.6
33545,4751,143744,13.9,6.9,37.8,21.5
33546,1370,124680,12.1,14.4,22.5,35.4
33547,318,57585,14.5,10.9,43.3,29.8
33548,633,141380,8.3,9.9,25.1,21.8
33549,1595,135070,11.8,11.7,28.2,16.1
33550,1473,65594,11.8,23.8,26.1,25.6
33551,4239,38306,9.0,10.0,48.4,24.1
33552,3923,140611,14.7,6.7,35.1,22.9
33553,4049,111905,5.9,13.2,42.1,22.0
33554,164,108418,14.8,10.3,44.0,25.7
33555,4441,71714,12.7,10.8,35.7,17.6
33556,3242,128314,10.4,14.1,39.8,25.3
33557,1824,51602,3.9,21.3,28.6,16.2
33558,2305,144286,6.1,21.7,49.3,32.0
33559,3085,94406,13.1,14.7,24.9,25.6
33560,4013,103517,11.7,21.8,22.0,27.5
33561,1148,84490,14.6,8.3,30.2,36.7
33562,3754,92261,7.8,10.3,48.6,21.4
33563,2972,103733,13.7,8.2,34.4,19.8
33564,4355,87769,13.3,23.4,22.1,15.3
33565,1104,27810,14.6,20.1,40.7,31.0
33566,2222,121570,6.3,20.4,49.7,39.5
33567,4674,128865,8.9,18.7,20.1,31.3
33568,4081,92830,4.0,5.3,34.3,37.5
33569,4582,101040,10.1,9.2,43.8,21.4
33570,571,133088,11.8,22.5,33.5,27.6
33571,3505,66384,5.9,14.6,30.2,16.1
33572,408,128194,5.0,19.9,26.2,34.8
33573,3034,30177,10.7,9.3,24.0,30.7
33574,4896,114936,7.7,6.3,23.0,36.5
33575,3147,63371,8.1,21.6,43.2,27.9
33576,2021,76523,8.7,9.7,29.4,20.5
33577,3099,130657,9.1,9.4,33.6,26.3
33578,2117,52415,5.3,13.0,45.4,36.5
33579,4981,128922,9.9,15.9,31.9,38.3
33580,1578,120055,3.8,17.5,22.2,22.0
33581,2452,82405,4.4,23.5,32.5,17.6
33582,4297,72696,11.5,20.1,37.2,23.5
33583,4970,144746,11.8,15.5,20.4,36.5
33584,3559,122525,6.2,7.9,37.4,36.2
33585,3854,44942,5.2,7.7,24.5,39.3
33586,1331,92320,3.6,7.6,23.3,19.7
33587,3220,27916,8.0,24.7,41.3,19.3
33588,671,93980,9.1,21.2,24.4,29.0
33589,3689,123818,13.8,6.7,23.0,33.7
33590,247,119955,3.0,11.1,33.6,17.1
33591,3543,80346,7.9,11.4,32.3,29.2
33592,696,78864,8.0,11.3,39.6,39.6
33593,1170,115210,13.6,5.1,48.5,36.9
33594,3845,115434,5.4,13.6,22.8,23.5
33595,4350,35831,3.8,22.1,48.1,27.2
33596,4425,55136,7.6,7.2,42.2,20.5
33597,3471,138043,10.3,6.3,28.2,33.4
33598,257,88365,13.3,18.0,46.8,26.6
33599,1022,63304,6.2,20.5,21.4,23.6
33600,3418,131154,6.0,9.9,49.5,29.1
33601,2446,65881,6.9,23.1,43.3,32.6
33602,4150,127554,4.4,18.6,29.9,18.2
33603,1346,78789,14.7,14.5,40.5,35.4
33604,865,62009,9.5,21.0,49.2,17.6
33605,3751,101701,6.3,11.5,30.4,36.3
33606,2712,38546,7.3,10.4,33.3,18.6
33607,4662,116609,13.4,10.2,45.3,15.2
33608,3928,63286,11.1,8.7,33.5,28.5
33609,4681,120071,9.6,22.6,23.7,21.3
33610,543,79882,11.7,12.8,39.5,30.2
33611,1004,44133,12.1,22.5,30.4,16.9
33612,3010,144572,5.3,22.7,48.3,26.8
33613,3309,59699,4.9,7.6,23.2,31.1
33614,1901,73560,14.6,5.8,34.8,27.0
33615,1025,144040,5.2,24.4,42.2,22.9
33616,3821,56434,8.6,9.2,46.9,29.6
33617,4487,58206,14.8,12.6,42.5,39.9
33618,851,123840,8.0,7.6,48.1,20.7
33619,1334,133718,9.2,23.9,42.5,21.7
33620,3022,50288,12.6,6.8,29.0,31.2
33621,762,63694,7.1,21.1,45.2,37.1
33622,3295,117650,8.2,22.2,36.2,23.1
33623,1684,146436,7.0,23.5,41.3,29.4
33624,1019,144002,6.4,14.2,28.8,36.3
33625,4319,49502,8.7,16.2,49.5,37.6
33626,167,138660,12.0,15.2,38.4,36.9
33627,4670,54851,13.4,15.8,45.8,27.2
33628,4553,86496,8.6,9.8,47.4,21.9
33629,1866,111758,6.9,16.5,35.9,24.7
33630,2053,137977,13.9,10.2,42.8,26.1
33631,2668,126070,7.0,16.7,47.9,25.9
33632,3808,87735,12.3,21.5,27.7,17.8
33633,2771,131478,12.0,5.1,29.2,30.0
33634,3499,55422,3.6,22.3,45.7,28.8
33635,1453,75141,5.1,13.9,29.7,39.5
33636,542,53643,9.9,17.2,27.0,36.3
33637,700,73311,13.4,10.1,21.5,19.1
33638,3266,40650,10.1,25.0,31.7,33.3
33639,4042,90837,11.9,17.3,46.3,27.5
33640,2909,140700,11.8,24.5,28.0,19.7
33641,3488,126954,8.9,20.5,49.7,17.6
33642,4682,123550,9.7,22.5,20.8,23.6
33643,2886,43447,3.9,10.2,27.0,32.4
33644,2795,91894,14.1,17.9,37.3,25.3
33645,3748,119418,11.1,12.1,43.9,38.0
33646,2152,83953,4.9,21.4,36.2,24.9
33647,731,55068,5.9,24.5,21.8,36.8
33648,3542,82283,3.1,9.3,32.0,18.3
33649,1854,137021,6.2,19.7,45.8,25.7
33650,3133,102329,6.8,19.9,22.7,39.6
33651,1678,42429,11.2,12.0,35.5,29.4
33652,125,130065,8.7,7.9,39.4,38.4
33653,2309,127518,13.1,11.4,49.9,15.9
33654,3002,149431,4.0,8.4,26.5,21.1
33655,1229,85599,11.5,22.7,48.3,23.3
33656,4204,51114,13.5,21.5,33.8,39.2
33657,4245,67475,8.1,20.3,21.7,29.4
33658,541,29601,6.5,20.2,45.6,18.6
33659,3995,102434,8.3,13.0,22.7,15.7
33660,4897,108698,12.5,23.1,22.9,23.1
33661,4949,99164,14.0,21.2,20.1,34.3
33662,1928,115914,3.8,23.1,31.9,34.5
33663,1635,48656,9.3,15.0,26.2,28.9
33664,4425,143886,10.7,10.7,24.9,37.8
33665,659,48759,3.2,18.0,45.8,18.1
33666,1273,123260,5.2,18.6,34.4,33.9
33667,1978,79932,3.8,19.1,33.5,34.8
33668,2355,62568,6.5,12.7,44.1,26.3
33669,1184,58592,5.5,15.3,32.8,33.6
33670,4014,110725,8.8,7.2,24.0,21.0
33671,338,120278,10.9,17.0,23.1,27.3
33672,3014,39241,13.1,14.3,30.0,20.2
33673,2195,131799,6.7,8.8,42.1,27.6
33674,1571,129614,3.6,14.9,38.1,32.1
33675,2145,148373,3.0,12.0,46.2,15.1
33676,4712,66046,13.1,18.1,24.6,17.3
33677,3783,28297,13.5,21.1,34.4,27.1
33678,304,104991,4.2,13.2,44.9,17.5
33679,3700,112965,3.1,21.7,41.8,23.8
33680,2237,102047,12.6,8.5,28.6,36.9
33681,1313,85920,10.7,17.7,28.2,31.0
33682,3934,32089,9.7,13.6,32.3,21.4
33683,3191,47880,9.4,12.5,20.6,15.8
33684,1482,73271,12.3,9.6,24.8,22.7
33685,3780,80016,6.5,9.8,30.9,39.1
33686,1779,146181,7.7,14.2,41.8,23.7
33687,106,63402,3.9,21.8,38.9,19.8
33688,1985,103841,9.8,16.0,49.8,26.0
33689,3598,143508,14.5,16.4,30.3,33.5
33690,395,106212,6.4,19.2,45.7,36.5
33691,363,113833,14.2,10.8,30.4,17.0
33692,2237,124353,11.8,12.6,27.6,23.3
33693,3965,61369,5.8,22.0,34.9,36.5
33694,4596,64233,11.0,6.0,34.6,24.1
33695,4552,146127,7.4,15.3,29.3,24.7
33696,2646,119338,4.5,15.7,46.7,36.3
33697,4630,88504,4.1,16.0,47.9,26.5
33698,218,90431,3.2,20.2,36.1,18.4
33699,2495,79017,12.6,14.0,39.6,22.4
33700,3467,98285,13.6,21.9,40.5,31.5
33701,1802,126287,8.8,11.8,28.8,23.5
33702,629,138561,9.2,11.8,40.3,29.0
33703,3774,80480,11.3,24.3,32.1,22.7
33704,402,36312,11.4,11.5,32.6,37.1
33705,4167,123104,6.9,8.8,46.3,34.6
33706,4351,54495,4.9,16.0,36.7,20.0
33707,4068,123245,8.2,24.0,48.0,31.1
33708,113,71868,11.4,20.6,41.9,17.2
33709,2903,115639,12.7,13.7,36.6,24.1
33710,988,32173,4.1,15.1,41.2,29.1
33711,3628,41417,10.1,25.0,30.0,38.8
33712,1296,121314,3.6,19.4,33.9,34.1
33713,4640,79338,12.9,7.0,33.4,23.9
33714,2269,146086,11.0,17.2,44.8,38.3
33715,3668,114896,11.4,23.8,29.6,20.3
33716,2331,64314,12.1,8.9,36.6,35.8
33717,1943,122436,8.9,20.5,32.9,27.8
33718,3751,51655,6.6,13.3,48.3,38.6
33719,3976,123313,12.4,7.9,45.6,26.5
33720,2818,26727,12.3,21.8,47.9,15.3
33721,148,147230,4.6,17.8,33.2,23.3
33722,280,142466,13.8,5.3,31.9,21.7
33723,3978,130036,5.7,21.6,28.2,39.6
33724,1517,72635,6.7,15.7,27.1,23.5
33725,3564,134723,5.6,17.5,33.3,25.9
33726,3519,28098,14.6,16.3,25.0,38.8
33727,629,29044,6.6,12.8,49.9,36.8
33728,4779,75328,14.7,7.7,25.2,18.8
33729,1386,72995,10.7,19.4,42.5,36.0
33730,2290,120516,5.1,18.7,45.0,31.3
33731,806,144411,9.6,22.2,48.8,17.1
33732,3317,108193,13.6,17.3,29.0,15.4
33733,393,146742,9.7,5.9,46.3,38.1
33734,1661,109396,4.6,13.2,28.7,25.6
33735,4617,88020,6.4,7.1,35.1,34.8
33736,2711,38597,5.7,16.9,37.3,16.6
33737,760,102305,4.5,9.1,35.3,36.1
33738,3278,27341,6.9,23.9,24.8,29.2
33739,3489,95075,10.9,8.1,49.7,20.0
33740,2206,70343,7.6,21.7,25.1,21.4
33741,3163,117465,8.3,17.2,22.0,39.6
33742,2940,93678,6.8,11.2,20.1,27.5
33743,3596,76362,14.9,20.8,42.4,19.3
33744,2678,120712,10.0,24.3,21.5,31.6
33745,2151,101363,13.0,7.9,26.7,17.0
33746,2509,143102,8.3,21.8,35.7,33.9
33747,3053,147372,5.0,21.2,26.6,36.9
33748,468,97810,13.2,20.2,44.9,19.7
33749,638,125331,12.2,10.4,34.3,26.6
33750,3027,95262,7.0,20.4,46.7,37.3
33751,2493,144582,10.3,6.6,46.6,35.1
33752,830,125303,4.1,7.1,34.1,15.8
33753,996,128008,3.3,11.1,26.5,18.5
33754,4759,105564,12.8,10.1,30.9,39.6
33755,2468,96153,14.3,14.5,46.6,21.4
33756,4659,99752,7.1,16.3,44.7,28.2
33757,2780,75773,10.2,11.0,27.2,15.9
33758,2480,62339,11.6,18.9,34.8,18.7
33759,114,106348,12.0,5.1,42.0,25.6
33760,3228,44395,8.8,9.6,29.2,20.4
33761,1453,47592,10.4,12.1,41.1,29.9
33762,3235,83254,10.9,12.9,22.9,38.7
33763,2377,81804,4.2,12.3,35.9,32.9
33764,110,140302,10.7,5.2,31.9,29.9
33765,1756,127384,9.1,23.8,21.9,15.7
33766,1347,72027,7.5,20.3,45.1,35.9
33767,1760,70477,6.1,5.1,28.6,29.8
33768,1863,75156,10.7,12.0,25.7,20.6
33769,641,49087,5.0,13.8,37.3,32.9
33770,1629,77374,12.7,9.3,46.6,33.0
33771,1280,57558,5.1,23.3,44.8,30.9
33772,2788,139054,12.3,19.6,23.8,30.9
33773,2717,129446,12.8,22.3,32.4,27.4
33774,2854,66975,14.3,19.8,48.5,26.6
33775,1028,123044,8.6,12.1,25.5,15.7
33776,1526,134982,3.8,14.5,36.2,35.6
33777,3759,115118,11.1,6.2,20.2,38.5
33778,2333,54644,6.4,13.4,22.8,38.6
33779,4009,49067,4.1,21.0,28.1,30.2
33780,2161,65698,13.3,20.0,27.2,31.0
33781,4197,28765,4.7,20.7,36.8,29.2
33782,2663,38307,9.1,10.4,26.0,24.6
33783,2903,53775,12.5,7.0,38.7,36.2
33784,2393,110970,5.4,14.2,46.3,15.0
33785,1725,142199,13.8,14.6,44.5,21.8
33786,671,143323,7.0,17.5,41.7,38.1
33787,4631,129017,7.8,6.9,23.3,19.1
33788,2500,44279,4.6,5.8,27.2,37.1
33789,1811,71639,10.7,19.9,30.0,34.6
33790,482,88838,8.9,17.8,39.8,31.1
33791,1183,118912,14.7,9.4,29.0,30.8
33792,2049,61673,11.4,21.8,20.7,25.6
33793,2617,101141,12.1,12.0,43.2,15.7
33794,4269,59684,5.4,14.6,46.9,30.7
33795,3597,62045,11.6,7.5,40.9,20.9
33796,3414,68250,9.7,24.5,30.0,20.2
33797,2775,37507,7.8,19.5,39.4,22.1
33798,3494,120439,12.4,9.8,41.5,23.6
33799,1303,40998,14.7,24.0,24.8,19.7
33800,873,122461,4.1,12.6,45.2,39.5
33801,3156,35083,12.5,13.5,42.2,30.9
33802,2413,31572,14.0,8.3,35.7,25.0
33803,2697,31951,6.8,13.5,23.9,16.2
33804,1503,111050,7.4,24.5,44.7,36.1
33805,4272,28863,12.5,13.7,30.5,24.1
33806,3161,74826,14.4,19.0,25.4,30.7
33807,3425,43284,14.3,24.6,49.8,34.2
33808,1503,48713,3.7,17.5,38.3,30.8
33809,3420,82061,13.5,10.7,43.8,32.7
33810,969,95039,10.0,11.9,24.1,26.4
33811,1183,87812,8.1,9.7,38.6,16.3
33812,1073,94635,13.1,23.9,42.0,36.8
33813,1325,45840,12.6,22.9,28.3,18.2
33814,1902,145753,9.1,17.7,24.5,38.6
33815,3064,44421,7.9,6.6,42.7,33.6
33816,1288,123893,8.7,20.8,28.1,31.6
33817,3543,139327,6.8,21.4,37.7,28.4
33818,4034,46861,11.2,20.0,43.4,36.7
33819,4509,112667,13.7,8.4,23.6,35.3
33820,1421,26889,6.0,10.6,35.9,22.8
33821,2123,122315,12.9,21.3,42.9,25.3
33822,4831,43766,7.3,13.9,24.4,21.6
33823,4612,134858,4.6,9.8,21.8,21.1
33824,538,109252,3.5,17.8,30.1,31.8
33825,264,58827,8.8,16.9,45.0,38.1
33826,3437,61163,9.8,15.4,26.7,36.4
33827,3450,49014,3.1,11.9,27.8,20.6
33828,1087,41778,10.8,20.5,21.6,38.4
33829,2629,140254,9.2,16.4,27.7,26.2
33830,4712,140760,15.0,22.3,36.2,23.3
33831,4277,93046,4.3,21.6,44.4,20.1
33832,4314,65248,11.5,23.9,25.4,31.6
33833,3945,129404,5.6,19.8,28.6,26.2
33834,1426,125706,5.5,7.8,28.3,27.7
33835,3386,97022,3.2,12.3,37.1,21.3
33836,127,109022,3.1,20.1,36.3,31.8
33837,2124,102111,5.2,7.7,31.1,17.9
33838,4693,86699,5.1,18.5,46.7,37.3
33839,293,54548,3.0,11.6,42.8,30.1
33840,691,81216,11.6,9.7,35.7,26.4
33841,2589,120873,9.0,15.9,38.0,19.2
33842,1957,81293,7.8,6.8,28.9,28.9
33843,212,50490,4.2,18.9,49.2,22.1
33844,1417,83455,7.0,13.1,28.9,35.9
33845,1837,70959,8.6,16.9,38.9,27.9
33846,2161,63207,15.0,6.7,44.8,15.1
33847,1790,143149,9.1,13.8,49.4,25.3
33848,3768,143611,3.2,20.7,42.4,37.1
33849,1494,43701,5.5,19.2,21.6,23.1
33850,3268,96527,7.3,15.8,25.9,20.2
33851,3659,58733,8.5,8.8,38.9,16.6
33852,2336,69491,11.1,16.8,24.9,23.6
33853,3983,57104,10.1,18.5,36.6,37.9
33854,3351,83493,9.1,16.2,41.6,22.5
33855,4032,48366,13.1,20.1,42.4,20.0
33856,3114,43616,5.4,12.5,33.9,25.4
33857,3586,131860,3.9,12.9,22.6,27.0
33858,1228,61381,13.1,23.8,31.9,38.3
33859,1796,38007,8.5,23.2,27.4,25.7
33860,232,91567,9.6,8.6,45.3,38.3
33861,4765,82997,13.0,9.9,47.8,15.6
33862,4320,137431,14.3,16.3,46.9,17.8
33863,3639,110715,9.6,16.2,34.0,20.0
33864,3088,28867,12.7,6.6,29.6,25.3
33865,4402,105773,9.5,23.3,44.5,20.8
33866,3393,32581,3.4,20.5,34.0,36.9
33867,411,45470,14.5,20.9,42.4,15.1
33868,2529,93739,12.8,18.8,29.7,39.8
33869,1885,73121,12.0,8.3,47.2,24.7
33870,4491,78570,8.3,12.3,48.0,23.3
33871,501,128305,14.3,11.5,26.5,32.7
33872,1696,141837,8.9,24.8,36.1,30.3
33873,221,95426,11.6,7.3,40.6,23.7
33874,850,51065,4.2,16.1,27.9,16.7
33875,205,38740,5.6,20.4,25.2,35.1
33876,1159,80370,8.1,13.1,26.6,31.1
33877,4267,38411,10.0,15.5,45.1,40.0
33878,4763,29839,12.7,8.3,29.5,28.2
33879,3338,31379,5.9,9.2,35.0,15.3
33880,1344,145076,12.3,18.9,20.6,28.4
33881,175,111903,13.7,19.5,27.4,31.8
33882,1109,143326,12.8,16.2,35.7,20.8
33883,3382,83621,10.5,23.1,30.4,30.6
33884,2375,111742,12.7,12.4,46.4,23.4
33885,3908,87250,13.5,19.5,36.2,31.8
33886,552,78576,9.7,19.5,42.2,39.4
33887,865,40171,12.7,14.3,38.5,35.2
33888,4682,85714,8.1,21.6,49.2,37.0
33889,2815,30927,9.3,15.5,34.2,38.2
33890,1597,60185,3.6,17.5,27.7,28.2
33891,4046,143430,13.6,5.9,23.3,24.2
33892,3832,90794,4.7,18.8,48.6,38.8
33893,2938,105099,6.3,18.0,21.9,30.5
33894,589,144160,6.8,23.1,31.1,21.7
33895,2523,74296,4.4,7.8,21.7,20.4
33896,2035,145911,14.1,8.8,34.9,32.3
33897,2849,110030,14.6,14.6,23.0,24.9
33898,3396,142441,13.4,11.9,25.3,22.2
33899,4670,74860,7.2,7.8,42.1,20.8
33900,3791,98973,3.7,8.1,22.0,18.7
33901,1203,78580,5.2,19.3,39.3,26.9
33902,1699,149491,12.3,20.0,47.9,23.6
33903,3381,32570,6.4,22.8,45.0,26.7
33904,3260,76964,13.7,11.2,36.4,21.2
33905,4045,135869,13.0,14.1,20.6,38.9
33906,325,80271,5.8,7.8,48.5,18.6
33907,4903,97711,11.3,7.5,26.1,38.6
33908,1814,67347,8.3,5.2,43.7,25.8
33909,4249,102251,5.6,8.4,29.2,27.2
33910,2343,67694,10.1,10.6,33.9,19.4
33911,2992,25251,13.0,16.3,32.4,26.1
33912,2445,121239,14.1,17.4,44.3,17.7
33913,678,44327,3.7,16.0,29.1,39.1
33914,1798,125309,8.0,5.6,25.0,24.3
33915,4695,63929,10.3,15.4,20.1,20.4
33916,2771,72493,7.1,14.0,21.8,33.7
33917,4401,110233,6.8,20.4,37.9,23.3
33918,3027,91812,12.3,23.2,47.9,30.2
33919,378,132523,12.4,18.3,30.8,18.3
33920,1568,149276,11.7,19.2,31.2,26.3
33921,4872,59216,13.8,12.8,31.1,22.0
33922,1040,130196,8.9,16.8,42.0,34.6
33923,2418,140890,12.5,15.9,45.8,18.4
33924,4636,49587,3.1,24.5,26.9,30.9
33925,1883,96535,14.8,19.6,30.3,15.2
33926,1975,149196,14.0,10.5,27.3,15.7
33927,4743,33961,13.1,22.7,41.9,29.7
33928,3326,101034,10.1,15.7,29.1,36.7
33929,3828,54100,9.5,8.2,30.6,26.5
33930,1085,97276,4.8,21.7,49.3,25.5
33931,2919,64206,3.6,15.5,37.6,17.2
33932,4070,67316,6.1,6.6,34.2,35.2
33933,2166,142871,4.8,12.8,27.7,27.0
33934,524,125277,9.7,14.8,30.9,21.0
33935,2205,35445,7.0,10.5,25.7,34.9
33936,2570,76421,7.7,10.9,26.1,26.2
33937,3894,137145,3.3,7.6,46.9,18.6
33938,2991,116148,9.6,19.2,47.6,17.3
33939,1783,63157,10.9,6.1,47.0,39.1
33940,3273,122832,7.0,10.6,32.1,31.0
33941,3247,129487,4.6,9.2,37.5,21.1
33942,4161,109472,11.4,14.0,38.0,27.6
33943,4151,84992,4.5,20.7,35.2,34.4
33944,3751,89100,12.8,11.0,29.7,37.3
33945,4261,100482,9.6,22.5,30.2,29.8
33946,1274,52862,5.8,22.3,49.0,37.7
33947,3049,69998,13.8,13.2,44.8,26.0
33948,1909,112343,4.7,21.6,37.4,36.5
33949,536,29617,10.2,11.0,22.7,15.8
33950,4985,53376,10.4,10.2,33.3,31.9
33951,334,149024,3.4,22.4,32.8,24.8
33952,4870,147165,10.3,18.5,35.0,33.3
33953,2245,92234,11.3,9.9,30.6,32.7
33954,3675,38975,13.9,5.5,44.7,28.8
33955,4956,27352,11.5,20.0,35.3,36.4
33956,3661,106321,8.8,11.2,47.3,35.6
33957,2574,145266,13.2,7.0,48.3,39.4
33958,326,80891,7.2,10.8,33.0,21.5
33959,2710,105073,13.3,13.7,27.5,28.3
33960,2375,97241,13.1,9.4,43.8,32.7
33961,4901,47939,10.2,6.2,46.4,38.3
33962,1915,98947,7.1,11.7,24.7,36.7
33963,3954,106846,10.1,15.0,36.1,27.4
33964,4095,138818,13.9,20.9,20.4,27.7
33965,1510,75784,10.6,20.6,27.7,19.2
33966,4864,64235,13.1,8.2,45.6,36.7
33967,3479,33802,7.1,14.4,38.0,22.3
33968,1945,105211,6.5,22.3,33.9,32.7
33969,1437,65325,6.1,6.0,31.8,30.5
33970,217,56929,8.9,14.7,21.9,22.1
33971,1968,111149,8.2,15.0,35.5,38.0
33972,2197,70883,13.3,21.6,47.6,27.1
33973,1913,79096,4.4,14.9,39.3,37.4
33974,1687,135738,9.6,7.0,31.0,21.1
33975,3352,60952,7.8,18.8,41.5,19.5
33976,642,63844,14.3,16.4,38.0,29.9
33977,2474,73656,12.5,14.3,31.7,27.1
33978,1626,50008,8.2,10.7,26.8,24.8
33979,3667,31530,10.7,6.5,31.0,31.9
33980,1369,126741,11.9,23.4,37.8,39.4
33981,701,77257,3.9,21.8,38.8,23.1
33982,3714,66021,11.1,23.8,33.2,30.6
33983,2249,56163,4.7,23.8,34.6,34.7
33984,3401,121451,5.3,8.5,49.9,22.3
33985,487,111102,8.5,11.4,42.1,22.5
33986,3780,25890,14.8,14.6,30.9,38.1
33987,1702,53282,14.4,13.1,36.8,18.1
33988,3382,71333,13.8,24.3,47.4,23.0
33989,2796,128550,3.4,10.9,31.8,28.7
33990,4534,94457,13.2,7.4,38.5,27.5
33991,4251,87625,12.3,14.3,23.2,31.5
33992,3933,118084,9.0,15.2,40.3,17.7
33993,1405,132835,6.9,13.2,35.3,38.6
33994,816,55891,12.1,20.8,38.9,25.0
33995,3755,103222,4.3,14.9,21.6,31.1
33996,3091,77012,10.8,11.1,22.9,33.4
33997,413,125682,11.1,14.7,33.5,32.0
33998,2380,89870,9.6,23.0,27.0,33.2
33999,2722,146083,13.5,22.2,40.0,28.7
34000,987,87472,7.0,18.1,26.2,38.7
34001,4442,119970,8.7,18.0,25.5,26.5
34002,2589,95894,12.1,17.0,41.4,36.2
34003,2022,59850,11.6,9.6,22.6,20.9
34004,4129,50353,9.7,17.3,25.1,35.0
34005,3163,147471,6.3,17.0,23.5,30.7
34006,260,79181,6.5,16.4,31.3,37.2
34007,2287,141094,11.9,21.1,22.8,30.8
34008,2451,105540,3.1,5.9,38.7,21.2
34009,1583,36949,10.8,14.1,48.1,16.5
34010,3992,142445,6.0,6.1,28.8,32.4
34011,1837,133242,11.1,20.9,21.1,21.2
34012,4320,56449,5.2,9.7,39.2,37.8
34013,2008,65136,7.5,12.3,30.0,39.2
34014,1470,114320,12.0,11.6,35.9,39.0
34015,2077,138267,12.1,23.7,22.5,20.2
34016,3495,94103,5.5,11.8,31.3,28.6
34017,2554,112852,7.5,6.0,45.8,38.9
34018,4359,141812,9.0,5.8,29.0,15.1
34019,2387,63105,10.0,9.3,39.7,18.5
34020,1336,113043,11.9,6.8,42.2,28.7
34021,3274,142109,3.3,20.9,28.6,25.7
34022,1306,139740,4.4,18.5,42.8,19.5
34023,604,47099,4.9,20.5,35.8,25.5
34024,3867,45737,5.3,15.6,30.0,17.9
34025,4720,84523,3.4,14.5,26.7,22.5
34026,1503,92270,14.0,12.2,27.8,16.9
34027,1867,137402,4.9,21.3,28.4,25.6
34028,3833,65802,3.9,5.0,31.0,39.1
34029,800,28466,8.7,15.3,44.4,32.4
34030,3304,70650,14.3,12.5,41.9,23.4
34031,4245,124231,14.6,8.1,46.5,36.6
34032,3105,127648,11.1,19.2,24.5,16.3
34033,4890,138037,5.1,10.4,38.5,19.1
34034,4221,53592,3.0,13.4,29.8,18.8
34035,4182,47596,7.0,10.8,46.5,28.9
34036,110,48448,4.5,17.2,29.6,17.9
34037,2158,103477,12.1,5.2,44.1,16.6
34038,3777,67406,14.6,18.1,48.8,38.8
34039,2919,27699,4.0,13.3,46.9,39.0
34040,1072,41251,7.8,19.3,47.7,22.7
34041,3892,136536,13.8,21.8,39.5,39.1
34042,2554,123643,11.7,15.3,32.1,27.0
34043,941,142109,13.4,22.4,30.3,30.6
34044,4554,62748,14.1,7.7,24.2,16.6
34045,384,40633,8.0,5.7,25.3,30.7
34046,2535,96936,11.3,22.7,24.4,33.3
34047,2931,119058,11.5,7.4,29.8,30.8
34048,4620,43947,10.6,8.6,36.3,33.8
34049,1129,126643,6.9,7.4,44.4,30.6
34050,4551,137537,13.0,8.4,27.9,35.5
34051,3066,110919,12.2,23.0,28.3,33.6
34052,653,34572,8.3,22.0,32.9,36.9
34053,367,95478,8.1,10.3,20.4,34.8
34054,1340,92891,3.1,19.1,24.7,32.9
34055,4259,37130,13.1,20.8,41.8,33.2
34056,2589,148481,6.4,8.1,30.0,32.1
34057,2688,87990,8.6,9.6,24.5,22.9
34058,569,67631,7.9,14.6,45.7,21.2
34059,3387,109699,11.1,17.7,40.1,35.0
34060,4036,47301,7.7,13.4,28.2,38.1
34061,2119,135261,5.2,20.7,47.6,37.0
34062,2123,76690,13.4,24.8,48.6,34.9
34063,1689,33830,5.2,22.3,26.5,25.1
34064,2160,44069,3.3,22.0,45.9,25.3
34065,4417,29075,5.4,9.0,27.8,34.7
34066,1519,111722,8.5,23.1,40.6,27.5
34067,980,105069,8.1,24.8,28.3,37.0
34068,938,108294,12.6,16.3,45.2,16.2
34069,851,114095,5.3,20.2,26.6,38.6
34070,369,128654,12.3,17.0,20.8,34.7
34071,3469,108646,4.2,24.8,24.9,31.7
34072,4927,105988,8.7,17.1,33.8,21.6
34073,4811,66616,13.4,14.5,25.3,39.5
34074,3603,39351,8.0,8.1,32.6,34.9
34075,4060,88477,14.6,21.9,26.4,30.1
34076,2175,49176,10.6,9.1,29.5,30.5
34077,1412,32980,12.1,18.6,48.6,34.2
34078,2384,63083,9.1,9.9,22.5,33.8
34079,483,130353,8.2,19.0,34.7,26.1
34080,4280,64375,4.0,5.9,45.9,18.6
34081,4441,109882,4.4,8.5,31.6,17.6
34082,2908,147790,9.9,19.4,49.5,26.9
34083,903,95449,10.4,16.8,25.4,22.4
34084,4435,87668,14.8,16.1,21.3,17.3
34085,1196,77027,13.3,6.9,21.3,28.1
34086,3842,74731,13.1,22.2,38.8,37.8
34087,4583,73254,6.4,17.7,31.4,31.6
34088,3819,131655,7.9,16.6,39.2,18.6
34089,4871,94108,4.2,24.2,47.9,34.5
34090,2796,51065,10.0,16.0,41.0,20.1
34091,4366,44279,3.8,21.2,44.3,27.9
34092,908,119040,8.4,9.3,27.4,38.7
34093,2251,101273,9.8,11.6,28.7,33.8
34094,3393,89959,5.7,18.2,33.8,35.5
34095,1405,123767,12.3,17.6,20.8,27.4
34096,3559,117501,11.1,6.7,33.8,40.0
34097,2519,82851,4.8,6.1,42.3,20.8
34098,4324,47167,14.8,9.3,31.3,32.4
34099,1296,83651,9.5,15.7,39.3,37.3
34100,4667,31294,3.3,20.5,27.3,30.2
34101,3624,140709,7.2,12.8,35.9,38.5
34102,1625,68582,14.8,10.0,35.7,38.7
34103,1699,126237,13.8,16.8,34.1,36.9
34104,1144,60710,4.8,7.0,39.8,32.5
34105,2253,37983,13.3,8.4,46.3,37.3
34106,1967,96892,10.4,14.1,45.8,20.4
34107,1475,74145,3.3,24.3,21.2,31.1
34108,711,48112,12.1,11.5,21.6,21.8
34109,3416,143081,8.0,22.0,23.3,17.6
34110,1698,39245,7.8,24.5,47.1,33.3
34111,2077,117955,7.6,21.5,22.1,21.1
34112,4497,140353,10.2,13.8,37.6,18.4
34113,738,64099,11.6,21.2,39.1,28.9
34114,4266,61411,10.8,5.9,37.9,17.9
34115,2022,124071,5.9,22.3,42.0,29.0
34116,745,71042,11.5,14.8,30.5,32.8
34117,4369,99111,4.6,14.0,41.5,16.8
34118,2098,70080,14.7,19.7,40.1,31.9
34119,189,73664,8.7,23.6,24.8,30.7
34120,3378,91873,4.1,10.1,34.6,19.5
34121,2466,84429,9.9,13.5,44.5,32.4
34122,923,45781,9.9,18.0,34.6,32.4
34123,650,119154,3.5,17.1,35.2,26.3
34124,159,127363,3.1,9.7,49.0,25.9
34125,4322,67352,15.0,5.4,27.3,25.5
34126,4278,27147,7.7,8.3,41.3,18.8
34127,1343,91947,5.9,5.8,39.1,39.5
34128,3579,134202,9.6,6.2,49.0,23.1
34129,1045,113509,3.1,9.9,37.1,36.4
34130,1740,67775,3.2,19.5,23.2,23.6
34131,2052,56189,4.4,10.1,49.4,33.4
34132,2733,61918,12.6,9.5,27.3,38.0
34133,3601,130967,6.0,17.7,28.7,25.9
34134,989,55616,9.0,16.3,31.9,19.9
34135,673,134127,5.7,15.2,43.4,22.8
34136,612,31898,9.5,17.9,20.2,25.0
34137,4260,141862,9.1,12.1,45.3,22.0
34138,2064,61819,7.8,5.3,48.9,29.5
34139,4151,93928,8.2,13.6,42.3,36.3
34140,2330,139429,10.8,12.3,20.4,29.8
34141,2383,122347,13.1,20.4,48.7,35.0
34142,711,28467,6.8,6.8,20.2,18.2
34143,537,53824,9.4,20.6,40.3,30.2
34144,1559,67132,13.3,19.2,20.0,18.1
34145,623,130874,5.0,11.7,29.1,38.1
34146,3677,98953,14.8,17.5,42.5,39.0
34147,4995,136429,12.0,15.5,48.2,20.6
34148,3498,35931,7.4,9.3,20.8,31.4
34149,2361,124637,7.5,23.1,44.8,19.9
34150,1123,140106,5.5,8.8,34.2,31.2
34151,1679,70570,6.2,7.8,37.5,22.5
34152,421,45768,10.0,13.2,32.2,36.1
34153,3226,84592,3.0,19.9,30.1,29.5
34154,2931,112558,3.3,9.4,25.5,18.3
34155,4375,62736,14.8,22.3,30.8,25.1
34156,2527,101442,5.8,16.6,46.6,27.8
34157,3080,76968,13.0,8.8,22.6,36.7
34158,3857,74319,10.3,15.9,48.9,34.6
34159,549,144697,8.4,9.7,24.4,26.9
34160,1384,116810,11.8,9.0,21.4,16.1
34161,3618,139000,3.6,8.1,36.4,17.9
34162,1760,67278,12.1,16.8,50.0,27.3
34163,1003,93618,13.3,5.2,43.8,27.8
34164,1277,125708,6.4,24.1,32.6,19.8
34165,429,40148,6.6,5.5,43.9,19.1
34166,736,117106,4.2,23.6,45.0,19.6
34167,1989,76330,13.3,11.6,27.1,15.4
34168,1967,72308,12.7,16.4,21.4,30.2
34169,2615,57179,8.1,15.0,47.2,20.5
34170,512,113379,7.5,11.2,26.4,22.7
34171,3933,62467,8.1,11.2,34.7,18.4
34172,2515,28385,8.0,7.7,26.7,24.1
34173,2686,64397,8.2,11.7,30.7,17.7
34174,1664,74262,4.7,17.7,39.2,25.9
34175,4710,63177,3.2,16.8,36.5,25.6
34176,580,49822,12.1,22.1,48.0,39.4
34177,2375,37699,7.1,9.5,31.3,23.1
34178,3940,35812,8.9,8.2,33.3,27.7
34179,3411,70505,6.7,21.1,20.2,23.7
34180,2982,105760,7.6,21.1,28.6,29.6
34181,3843,63509,3.9,19.6,41.8,33.5
34182,2619,35177,7.4,7.8,41.5,20.8
34183,4713,141132,8.6,23.0,25.3,37.6
34184,4500,122679,13.0,13.0,49.6,36.5
34185,754,34671,6.9,12.1,33.5,35.5
34186,2077,35983,4.1,7.9,27.8,20.1
34187,280,94756,12.1,8.6,41.8,24.6
34188,4225,145522,7.5,6.9,38.1,38.8
34189,3119,85332,14.0,15.7,33.6,15.1
34190,864,123062,14.5,12.6,44.2,21.3
34191,4235,109227,13.5,8.0,38.6,15.6
34192,2466,74686,5.7,18.6,49.0,24.3
34193,3398,104559,6.0,11.5,44.9,30.8
34194,2879,66039,12.5,18.5,36.4,18.6
34195,2471,111287,8.4,21.0,39.3,36.8
34196,3490,80127,6.6,17.5,35.6,27.6
34197,1882,126940,6.5,5.2,33.6,19.0
34198,4880,71497,9.9,10.7,40.0,34.8
34199,1164,49977,13.7,5.5,26.9,36.1
34200,2556,110044,10.4,12.1,28.5,29.0
34201,1446,135863,10.4,21.8,26.2,37.4
34202,2327,25895,12.0,21.2,37.7,22.6
34203,1282,64139,12.1,8.3,47.2,32.4
34204,4232,96613,13.9,18.5,48.8,24.7
34205,2553,61531,4.9,22.5,25.6,30.8
34206,638,54042,14.8,22.3,26.7,37.4
34207,2523,110816,6.9,21.1,34.4,16.0
34208,2403,76911,6.4,9.8,37.9,17.3
34209,348,141927,9.1,24.5,34.8,38.3
34210,4888,148859,6.2,19.4,28.9,18.2
34211,1140,110014,5.8,18.9,41.3,18.4
34212,1491,133071,14.6,23.4,25.4,26.6
34213,2272,42743,4.2,11.9,22.7,19.5
34214,1435,40589,14.9,14.0,26.3,35.7
34215,2359,92089,10.5,13.7,46.8,32.4
34216,599,43919,14.5,7.3,26.1,16.3
34217,910,115098,13.8,10.8,33.8,19.6
34218,3813,105605,10.8,19.1,27.5,36.7
34219,3804,83531,10.1,5.8,47.6,15.7
34220,1310,143755,14.9,14.2,44.1,28.1
34221,3845,38734,9.2,19.5,31.3,21.4
34222,2086,42767,5.1,19.7,44.3,21.1
34223,1591,69200,14.9,23.3,49.3,19.3
34224,4370,32680,6.9,16.2,37.7,28.5
34225,3148,72952,4.0,9.1,26.6,31.1
34226,3034,60163,11.6,20.4,30.5,31.2
34227,4464,79013,8.4,15.1,35.7,16.7
34228,1917,136814,7.7,21.3,37.6,25.9
34229,4419,61051,10.6,9.4,44.5,24.4
34230,1375,89169,3.6,5.1,34.1,18.4
34231,3122,136767,11.4,10.6,21.3,17.2
34232,2977,76060,9.0,8.7,21.9,25.2
34233,4114,52200,8.9,19.3,47.3,15.7
34234,4187,101305,13.8,15.0,38.9,38.8
34235,1247,60929,13.0,12.5,44.1,24.0
34236,337,50613,9.4,6.5,40.6,37.8
34237,2222,41402,9.9,9.3,47.1,20.8
34238,4695,112121,12.7,23.6,20.5,36.2
34239,1645,145568,7.9,9.1,33.6,17.3
34240,4083,50196,11.1,16.6,24.0,19.4
34241,4463,65454,9.5,21.4,35.0,18.9
34242,1086,30951,9.0,10.8,47.1,19.1
34243,1723,30382,14.8,21.0,32.0,34.5
34244,3221,85955,3.2,11.5,23.4,28.8
34245,3826,69891,8.0,16.5,26.7,37.8
34246,4001,51089,14.2,10.6,35.2,31.0
34247,822,43768,14.1,16.5,39.5,27.6
34248,1195,125637,12.0,9.2,20.0,31.8
34249,3927,127653,10.1,21.2,31.6,24.3
34250,4385,142332,11.3,14.6,39.4,24.5
34251,1095,130672,6.0,23.3,39.5,15.6
34252,4761,120523,8.9,17.6,38.4,38.8
34253,1092,139547,9.4,21.6,20.5,20.8
34254,2883,116413,3.8,22.0,45.0,28.8
34255,255,85750,13.4,15.5,42.5,39.7
34256,1995,40949,8.5,19.3,27.2,19.2
34257,1876,134777,13.8,16.1,33.7,19.9
34258,4868,50213,7.7,5.5,48.2,25.2
34259,2216,89521,7.9,19.4,38.3,35.0
34260,2520,59031,5.9,24.9,42.3,18.3
34261,154,88253,10.7,22.4,41.9,39.1
34262,184,91454,9.6,6.1,36.7,24.0
34263,2988,29915,14.0,23.7,35.6,27.6
34264,4787,42064,8.2,9.0,47.9,35.9
34265,2879,38124,10.8,6.1,35.0,35.0
34266,2769,106917,11.5,5.2,24.0,31.4
34267,3936,103770,6.8,13.5,38.7,25.0
34268,1108,91008,13.6,11.0,30.6,38.2
34269,2464,116904,7.6,8.6,21.4,28.2
34270,3786,56191,10.6,6.7,30.4,32.0
34271,4447,98568,10.4,12.1,49.0,20.3
34272,2299,82081,8.1,9.6,41.5,20.8
34273,1459,101471,5.2,17.8,33.5,19.1
34274,1009,62092,10.1,12.5,46.8,34.8
34275,3539,30958,7.5,14.0,32.4,17.4
34276,3013,134975,7.5,20.3,41.5,23.7
34277,4795,143158,8.9,12.0,48.2,39.8
34278,1106,81522,11.1,8.3,21.1,31.8
34279,3152,84051,11.8,10.9,46.2,17.5
34280,1243,118776,8.1,18.6,28.7,32.6
34281,4498,111064,4.4,7.4,35.3,33.7
34282,3320,95358,12.5,18.1,38.3,37.2
34283,1324,96344,11.0,19.5,32.1,16.6
34284,3978,77163,12.6,17.9,33.6,19.2
34285,4595,68125,6.8,12.3,28.5,24.7
34286,167,119817,13.9,18.1,43.6,29.7
34287,4349,75249,6.2,21.6,26.0,18.8
34288,1114,37324,6.5,11.3,36.7,25.5
34289,281,36593,9.4,10.4,33.0,18.0
34290,4720,83793,15.0,24.1,37.5,21.7
34291,4215,70242,5.4,22.8,36.5,33.0
34292,3045,32551,13.1,10.4,31.0,35.1
34293,2157,84850,3.0,8.4,37.6,37.8
34294,2847,36230,5.9,13.5,29.5,29.8
34295,1980,115889,7.2,15.1,30.2,33.0
34296,3702,41106,10.8,8.4,35.3,35.4
34297,754,105741,4.4,5.5,32.8,18.8
34298,3786,83676,4.5,21.4,44.4,34.6
34299,2388,124753,4.8,23.5,40.8,32.2
34300,2299,69423,11.0,6.4,22.5,28.4
34301,2931,46834,4.4,21.8,20.8,21.5
34302,3508,142587,7.8,13.8,34.3,33.8
34303,2335,29503,4.9,8.6,31.7,24.4
34304,2611,136610,7.6,12.7,25.0,22.0
34305,821,120538,11.6,22.3,25.9,15.6
34306,3348,143854,6.3,7.4,22.6,37.5
34307,1300,46947,10.4,7.0,20.2,24.3
34308,2562,100924,6.0,24.3,38.7,22.9
34309,4773,90387,11.9,10.9,25.3,15.2
34310,409,42844,12.3,22.2,49.6,25.6
34311,1125,128685,6.7,16.2,30.4,29.8
34312,4512,120883,3.3,9.8,25.6,36.2
34313,1632,132876,4.5,10.9,26.7,18.0
34314,3743,36148,8.9,13.2,39.6,35.0
34315,467,149208,7.6,8.0,33.1,28.7
34316,4750,131014,7.1,19.2,20.5,33.3
34317,2752,89264,10.0,13.4,22.6,30.0
34318,1349,145986,4.9,22.8,29.8,37.7
34319,3083,132635,8.5,23.3,24.0,26.2
34320,4675,130396,5.4,23.3,20.9,28.4
34321,3128,38008,14.8,18.0,46.7,32.4
34322,3234,139290,3.6,14.5,39.0,27.2
34323,4195,142810,3.2,6.7,31.3,31.3
34324,1039,58863,9.8,20.1,49.7,15.4
34325,4209,86338,3.8,6.8,49.9,30.0
34326,4337,100391,12.7,8.6,41.3,22.3
34327,4123,144719,12.8,21.9,36.1,35.8
34328,3791,90341,8.2,22.1,38.3,20.7
34329,689,36065,13.1,13.7,38.1,33.1
34330,1882,102966,11.9,19.4,27.9,37.0
34331,4668,50766,4.6,9.4,36.8,17.9
34332,1307,110061,13.3,22.9,23.3,38.9
34333,4512,62855,13.5,18.1,22.2,19.9
34334,4640,30117,6.9,22.2,28.9,32.6
34335,2443,90007,12.3,12.8,28.3,36.2
34336,946,69551,13.8,5.8,43.6,15.4
34337,2524,83530,11.9,24.9,22.0,38.6
34338,4780,67558,4.1,20.2,21.3,24.4
34339,898,77510,4.1,8.3,32.8,28.9
34340,570,89745,14.8,17.8,41.2,33.9
34341,4009,106625,9.5,23.9,49.1,24.6
34342,4927,129361,10.7,23.0,28.9,28.8
34343,2194,46847,13.9,23.8,21.3,19.9
34344,3094,41242,3.1,7.2,44.7,19.4
34345,3229,52900,8.1,22.1,39.0,39.1
34346,1413,33897,9.8,22.8,45.2,22.2
34347,2978,45264,3.0,8.6,21.7,38.2
34348,3615,119464,10.5,19.2,26.2,18.4
34349,1147,77041,13.2,18.9,47.1,28.7
34350,1187,67489,3.7,18.8,45.5,16.3
34351,3781,147609,12.7,16.5,33.5,32.3
34352,382,98174,14.7,9.8,46.0,34.1
34353,3748,32456,14.0,7.2,42.0,32.2
34354,1498,103443,9.4,9.9,44.3,36.2
34355,2833,105420,13.3,23.3,27.1,20.4
34356,4167,86307,12.2,9.5,28.1,18.4
34357,2457,92384,12.8,13.6,43.1,28.2
34358,3035,61344,7.8,13.8,45.6,18.1
34359,3918,34738,8.7,23.5,43.6,23.4
34360,3338,120315,5.9,7.3,25.8,18.8
34361,1872,143489,3.6,14.6,47.6,31.2
34362,4177,96405,10.2,21.2,49.3,17.1
34363,4202,35798,6.7,6.2,21.7,19.9
34364,887,37225,9.0,19.9,46.7,38.5
34365,3324,90880,14.6,6.9,42.8,28.7
34366,142,43810,3.8,14.0,25.8,32.8
34367,4396,127531,13.5,8.2,26.2,23.6
34368,3042,124538,4.0,12.8,27.3,24.9
34369,4743,62580,10.8,5.7,21.3,31.4
34370,4421,133114,7.1,21.8,29.4,18.4
34371,4005,61940,4.2,7.7,44.3,21.7
34372,4828,72030,12.1,8.7,26.4,16.6
34373,3510,99891,11.4,14.2,27.0,29.5
34374,1458,69159,10.7,5.4,41.8,22.8
34375,1304,138729,14.6,23.4,42.0,35.4
34376,3704,46412,3.3,13.3,32.0,36.0
34377,3093,99481,8.2,15.6,45.2,15.5
34378,2341,122942,9.8,22.4,31.0,17.8
34379,637,59358,7.3,16.5,26.7,17.5
34380,4111,37354,11.0,6.6,27.2,22.6
34381,3968,78719,13.8,21.1,27.6,35.7
34382,4676,135742,11.4,23.3,25.1,31.5
34383,4625,102827,9.8,21.2,23.4,33.6
34384,3683,93625,11.9,8.8,24.4,15.1
34385,1450,101299,4.3,14.6,26.9,34.2
34386,1044,45735,10.6,11.0,43.1,35.4
34387,3956,139172,7.9,17.0,24.2,20.5
34388,1923,69066,6.8,21.7,33.4,32.9
34389,2725,37877,9.1,13.0,24.4,21.1
34390,3998,149766,12.7,16.8,32.4,24.2
34391,3587,86762,8.0,5.2,24.5,15.8
34392,4306,86892,11.4,12.0,29.6,34.9
34393,4407,119015,10.1,17.4,23.1,22.8
34394,950,68868,14.0,24.8,43.3,18.6
34395,3025,144142,8.3,10.6,21.4,38.4
34396,1095,145883,12.8,8.5,47.2,22.7
34397,4861,72632,13.1,22.9,42.8,33.7
34398,449,64634,8.6,16.3,36.1,36.9
34399,1637,96394,8.9,24.9,27.5,38.4
34400,3077,127432,7.0,10.1,22.7,24.8
34401,2828,50927,8.9,8.9,44.4,21.6
34402,4446,140123,6.0,12.1,37.5,18.8
34403,2466,81292,13.3,16.6,32.9,28.7
34404,2336,110410,6.0,6.5,34.9,38.3
34405,3975,53563,6.1,12.8,32.4,36.5
34406,3194,46328,13.7,6.3,33.6,23.1
34407,3701,77012,9.4,18.2,25.5,22.6
34408,4274,86516,4.3,11.9,40.3,38.5
34409,4741,31723,7.1,24.4,27.9,39.3
34410,1023,91609,11.5,7.1,29.6,19.7
34411,718,84833,7.9,22.9,34.7,38.0
34412,4500,99397,8.1,5.5,49.6,30.4
34413,3362,145005,9.0,18.1,33.5,20.2
34414,3403,55465,5.7,24.0,25.1,36.3
34415,2701,33654,8.1,19.1,39.8,26.8
34416,1147,58144,5.6,5.6,26.2,23.6
34417,1798,125897,7.2,18.1,46.6,20.4
34418,2330,107355,9.4,10.8,41.8,27.5
34419,1968,50596,11.3,19.6,21.9,36.8
34420,2754,115835,10.6,14.0,28.3,37.0
34421,182,79543,9.9,17.4,29.0,18.4
34422,192,126243,10.1,5.5,46.0,16.2
34423,3256,122194,9.1,10.6,44.7,35.3
34424,3148,65511,10.4,11.0,45.9,20.7
34425,1567,123288,7.5,14.0,49.9,35.7
34426,2124,133698,13.8,22.6,36.9,23.9
34427,4969,98718,10.1,12.4,21.9,27.5
34428,3917,104168,14.2,19.1,35.8,30.8
34429,2798,119476,7.9,12.1,35.5,33.5
34430,891,143311,7.7,9.0,34.4,27.1
34431,575,125511,14.6,14.3,20.3,22.9
34432,603,137962,11.7,9.9,24.2,33.8
34433,330,63263,9.2,6.1,26.1,36.3
34434,1686,111135,11.6,9.3,46.2,37.8
34435,1874,80643,7.8,6.7,23.7,31.6
34436,3190,76245,12.1,5.9,33.1,16.6
34437,2356,73473,5.5,19.8,38.0,23.1
34438,4070,60284,14.4,18.9,27.4,18.6
34439,4326,134949,8.5,8.1,28.3,34.0
34440,4938,60437,4.1,5.8,42.1,29.6
34441,483,112410,13.1,5.5,44.2,38.9
34442,3263,137074,13.7,19.6,41.2,35.1
34443,2509,62867,11.8,13.5,48.6,17.5
34444,860,119138,10.6,13.6,28.6,36.2
34445,4052,124448,14.1,6.3,50.0,32.3
34446,1042,28008,10.5,21.0,21.8,27.8
34447,2795,75464,12.5,10.8,28.2,34.7
34448,1396,68519,8.7,13.4,35.4,17.8
34449,2502,61397,11.7,13.8,30.4,17.1
34450,2247,114425,15.0,22.6,24.2,20.6
34451,1739,47908,7.6,21.7,43.3,18.2
34452,4496,38817,11.6,11.6,27.9,25.6
34453,708,119773,4.8,6.5,39.1,38.0
34454,981,41193,10.6,16.1,41.1,28.5
34455,2350,147243,6.9,10.5,23.8,38.3
34456,3192,72669,13.4,11.2,21.6,39.8
34457,2259,33049,7.3,22.6,49.2,16.6
34458,2528,34219,8.3,19.7,43.6,15.1
34459,4950,37278,14.8,12.8,31.4,33.2
34460,3101,59704,5.6,17.9,41.7,39.4
34461,4991,29847,9.8,8.8,42.3,34.5
34462,2094,59383,13.4,18.3,43.5,29.2
34463,1423,62064,6.8,6.3,44.4,35.2
34464,4417,113025,3.2,18.1,33.9,33.9
34465,1111,89713,13.8,22.7,30.4,24.0
34466,4138,148078,10.4,16.6,31.4,38.4
34467,788,43504,5.8,11.8,33.8,16.4
34468,4168,148830,6.3,16.2,29.3,20.1
34469,4313,76887,12.6,11.6,25.9,21.4
34470,4369,84610,10.7,10.8,42.7,19.1
34471,1342,116871,11.8,5.1,46.5,32.5
34472,3547,51032,9.9,10.0,46.3,31.5
34473,2144,74558,12.5,22.9,29.0,39.1
34474,540,132290,12.9,8.6,23.9,31.3
34475,1324,117952,7.6,17.7,33.9,28.0
34476,2562,58884,13.8,17.3,26.6,23.8
34477,4278,96319,9.1,9.5,33.8,38.3
34478,2852,140791,4.9,20.4,37.3,27.9
34479,1852,80503,5.6,13.8,44.7,28.7
34480,4542,127491,11.8,20.9,43.8,33.8
34481,4729,43963,7.5,5.2,20.5,26.3
34482,3102,136668,6.1,8.0,22.3,27.3
34483,4646,43514,10.3,12.5,49.2,22.3
34484,3316,40433,12.4,14.5,29.5,30.7
34485,3459,35683,4.3,15.9,46.4,15.9
34486,4042,84521,8.4,20.8,26.1,17.9
34487,3396,79018,12.3,23.1,45.6,34.8
34488,4409,110862,13.8,11.3,21.9,33.2
34489,4114,45663,3.2,22.7,24.6,32.0
34490,999,39913,10.9,10.3,44.3,17.3
34491,1289,27712,10.2,6.4,46.3,17.2
34492,752,74516,9.2,16.6,35.0,23.6
34493,1082,131691,4.9,18.3,25.8,23.8
34494,675,73142,11.9,10.9,41.5,26.1
34495,432,37497,7.7,8.4,23.5,33.4
34496,4407,70190,5.8,6.9,40.0,38.2
34497,388,128807,13.2,13.8,38.9,18.5
34498,2313,122754,6.7,13.2,34.1,26.9
34499,2273,103417,5.4,10.7,38.6,21.2
34500,3933,143342,6.7,9.4,40.1,36.7
34501,1155,95135,5.2,5.8,37.1,33.3
34502,4469,37764,12.3,18.8,22.7,26.4
34503,1424,30416,5.2,12.8,22.1,39.1
34504,3695,71461,11.6,9.3,49.6,27.5
34505,3927,103267,5.0,15.3,44.6,19.7
34506,2762,117843,5.7,22.6,31.4,15.3
34507,2423,89800,7.1,9.6,42.9,19.6
34508,1982,26985,14.4,17.3,20.0,39.9
34509,3163,56953,14.0,23.4,34.9,38.9
34510,1253,86334,4.0,12.6,20.0,38.4
34511,3470,103213,7.0,24.0,33.8,16.7
34512,196,149990,7.2,5.3,42.1,18.9
34513,376,39250,5.5,7.4,36.2,37.3
34514,2947,85824,8.2,15.7,29.4,34.6
34515,431,55674,12.0,15.0,43.4,31.6
34516,2352,93103,4.2,24.7,42.7,35.1
34517,4298,29340,11.1,7.9,44.3,29.8
34518,3151,145996,6.1,24.8,37.8,28.1
34519,3796,33153,10.7,22.0,42.1,18.2
34520,2507,89604,11.2,9.5,44.7,32.7
34521,3302,87394,11.7,12.4,32.2,26.8
34522,2186,78531,13.3,7.4,34.5,39.4
34523,406,37084,13.8,23.2,38.8,17.3
34524,983,43295,12.1,12.7,34.6,28.3
34525,4389,107630,8.8,5.8,23.3,27.7
34526,3689,143778,3.5,16.6,49.8,37.4
34527,3741,144931,14.2,10.2,46.6,30.8
34528,4444,59358,10.2,12.7,44.6,19.0
34529,2262,120139,9.4,14.4,47.2,29.8
34530,3247,56933,5.9,6.5,27.5,34.3
34531,2883,54326,11.2,14.8,43.7,15.9
34532,3241,141028,14.9,10.8,28.1,32.6
34533,4703,122888,7.0,19.2,46.6,16.5
34534,254,140509,12.6,10.1,24.9,27.5
34535,3730,135876,6.5,23.9,48.1,19.3
34536,560,59384,8.9,19.8,33.6,28.1
34537,1496,53442,5.6,7.4,29.6,27.2
34538,890,106104,9.2,7.8,47.5,31.0
34539,3809,70170,8.5,12.2,44.5,35.1
34540,1967,103787,3.5,5.5,41.4,32.5
34541,1788,58520,7.6,6.0,34.8,30.9
34542,676,117043,3.8,19.4,29.6,28.8
34543,3864,146725,8.4,11.5,24.6,34.6
34544,2643,64702,14.8,9.1,49.1,38.5
34545,461,98521,6.5,12.4,33.9,22.8
34546,556,115442,9.2,24.7,45.8,19.3
34547,3349,126347,4.6,23.0,34.5,28.3
34548,4324,81523,4.8,10.1,36.7,29.6
34549,3661,82175,7.3,6.5,34.0,23.8
34550,3210,115778,8.9,11.6,48.5,26.8
34551,3629,110306,11.4,5.2,26.1,37.4
34552,449,146096,8.5,9.4,21.2,21.5
34553,2792,65224,3.3,17.5,37.4,38.7
34554,4647,46061,6.3,6.8,28.6,23.1
34555,4183,33882,3.3,8.4,29.8,19.7
34556,208,105352,14.0,13.6,48.3,22.7
34557,1331,43087,3.3,19.3,47.3,37.5
34558,676,77229,3.6,15.5,22.2,29.6
34559,340,31787,6.6,19.7,49.6,19.3
34560,2738,136756,10.6,6.9,28.3,38.5
34561,2141,70337,7.3,8.2,22.5,38.0
34562,470,27337,3.7,22.8,26.3,35.2
34563,2252,141940,13.0,24.2,45.4,21.7
34564,197,71772,11.4,21.4,46.4,36.5
34565,4291,79830,7.8,19.4,30.2,30.1
34566,2048,44335,11.1,6.0,38.9,34.2
34567,1595,68339,6.3,25.0,26.4,24.6
34568,2193,98351,9.3,9.2,25.1,25.4
34569,3037,138042,13.6,13.2,48.8,18.8
34570,2178,50832,4.3,17.6,45.6,22.5
34571,2555,79985,13.2,15.9,47.3,23.6
34572,3546,98759,12.5,24.8,46.5,21.6
34573,1505,41148,14.4,16.9,46.2,22.2
34574,4911,115303,9.2,9.4,34.2,26.9
34575,2791,29502,6.3,16.3,43.2,31.4
34576,2845,114944,7.2,11.5,36.4,17.3
34577,1072,112622,10.7,18.3,21.7,20.0
34578,2848,106193,4.7,5.8,24.1,17.5
34579,1612,59850,7.2,10.5,30.9,33.7
34580,3023,28969,11.7,16.0,29.7,37.3
34581,908,63107,9.9,20.5,37.5,34.8
34582,4794,106606,3.8,21.7,30.5,27.7
34583,4330,47121,9.0,23.3,33.6,17.6
34584,427,145807,9.3,12.6,32.6,33.9
34585,4394,109299,11.4,16.7,31.9,39.9
34586,782,81315,3.1,16.7,34.8,32.9
34587,3431,71131,8.1,23.0,45.3,15.9
34588,223,86456,13.6,21.9,36.3,25.6
34589,853,132349,3.3,13.5,44.6,21.1
34590,1706,43440,11.1,16.9,25.8,36.7
34591,3678,129627,5.7,23.3,36.4,31.0
34592,4766,113066,7.6,25.0,41.3,38.6
34593,1568,34493,13.6,19.8,31.3,35.9
34594,2945,89181,7.4,6.4,44.3,33.5
34595,3038,125131,9.5,22.8,38.8,24.1
34596,2026,45646,4.1,14.6,20.2,23.3
34597,2527,89762,6.9,12.0,44.6,34.7
34598,264,112313,4.7,10.8,25.1,37.0
34599,1609,59384,9.7,21.1,45.6,17.2
34600,4810,82461,8.5,23.0,42.1,22.8
34601,4192,101514,6.2,18.7,41.3,20.0
34602,2910,76551,15.0,6.2,40.9,15.8
34603,1300,105066,4.8,24.7,27.4,15.2
34604,3381,113716,12.9,16.2,49.7,24.9
34605,718,50872,3.4,21.5,37.6,23.9
34606,2812,123620,13.2,19.4,37.3,31.2
34607,3823,79673,8.7,11.7,44.1,15.4
34608,1786,105626,12.9,23.4,23.5,38.8
34609,1706,141407,12.0,11.1,45.8,36.5
34610,4832,132567,9.9,24.6,38.2,17.2
34611,4032,148919,7.5,24.7,22.4,38.7
34612,3992,67453,11.0,5.9,35.9,39.4
34613,3903,127080,13.0,7.6,46.6,15.0
34614,4410,42690,9.0,9.7,47.4,29.5
34615,1453,27061,8.0,12.4,39.0,19.6
34616,4339,67331,4.7,18.1,35.7,38.2
34617,718,131862,13.8,12.3,35.1,35.2
34618,453,70283,6.2,23.7,25.0,16.3
34619,380,34843,4.5,14.5,25.5,39.6
34620,3477,134940,3.8,16.1,41.1,31.2
34621,3650,71058,12.0,17.5,41.0,28.6
34622,2059,37081,11.1,13.5,20.0,27.4
34623,489,25735,4.4,17.7,30.5,37.4
34624,3967,36804,9.4,6.8,41.7,34.8
34625,4460,102776,4.8,15.0,24.2,25.2
34626,2153,41360,7.6,11.6,42.4,27.8
34627,267,126780,12.4,9.0,31.0,18.9
34628,2266,89919,5.7,5.8,48.2,37.1
34629,4369,105429,3.3,20.6,47.9,17.5
34630,3106,93667,5.3,7.4,25.8,30.8
34631,286,75018,7.8,8.4,44.4,20.3
34632,4146,66619,5.9,8.4,30.2,24.2
34633,3040,93659,11.7,24.6,31.1,30.4
34634,1397,81469,12.5,10.1,45.7,25.7
34635,2745,51435,5.9,8.7,35.5,31.1
34636,1316,97335,6.2,24.4,41.6,29.9
34637,4727,112700,9.7,17.5,29.6,16.9
34638,3099,39507,12.0,18.6,43.4,30.3
34639,1305,60133,14.5,21.3,41.9,26.0
34640,327,45116,6.6,15.9,48.7,25.0
34641,2713,58256,13.9,15.9,25.7,22.4
34642,4809,54322,5.2,25.0,27.2,33.7
34643,2236,76131,3.5,18.8,49.8,21.8
34644,3831,71628,12.5,19.2,39.1,18.2
34645,349,117843,8.7,6.8,24.0,38.6
34646,2372,141859,3.9,7.3,42.1,18.6
34647,3050,57021,3.9,15.2,25.0,17.5
34648,3118,136827,3.2,19.6,35.2,34.3
34649,4868,66665,6.7,20.1,48.5,21.4
34650,2315,106322,11.8,20.7,35.4,23.4
34651,2257,78706,11.0,19.3,38.0,39.2
34652,1896,114620,15.0,7.3,32.8,24.7
34653,3344,98632,10.1,21.7,44.3,21.2
34654,396,114840,4.3,20.3,25.8,21.1
34655,2027,145464,14.7,12.5,35.5,23.9
34656,2356,97995,11.3,13.2,30.6,35.3
34657,1557,46645,7.5,16.1,45.6,22.3
34658,3646,95308,6.0,24.9,33.7,38.6
34659,3227,135494,5.7,19.9,26.8,25.1
34660,2408,132907,14.5,21.8,46.8,19.9
34661,3764,27693,8.0,9.1,36.3,19.0
34662,1689,115289,8.8,15.1,45.2,26.6
34663,195,71164,13.0,16.3,31.5,37.7
34664,4032,89716,14.6,5.9,48.7,27.1
34665,1459,131021,3.1,7.2,40.6,21.4
34666,1839,149238,14.9,9.3,48.7,30.6
34667,3894,38477,3.9,22.7,28.2,16.4
34668,1452,78783,13.0,20.5,38.0,32.0
34669,1642,102329,14.4,14.7,25.3,34.4
34670,2767,119044,9.7,20.7,21.5,20.8
34671,930,92231,9.6,15.4,24.4,20.4
34672,1705,139502,11.0,23.4,42.1,37.6
34673,4745,28293,7.2,10.7,45.9,26.4
34674,2847,108557,5.0,7.4,21.9,18.7
34675,3910,77057,3.8,6.0,30.8,16.1
34676,4758,51951,13.6,13.8,35.7,34.9
34677,321,46080,9.6,11.1,33.7,17.3
34678,4051,136261,11.3,24.3,21.9,26.3
34679,630,139263,7.0,22.6,28.3,22.0
34680,4226,28485,12.7,13.6,33.7,36.2
34681,1481,71212,7.2,5.3,20.8,28.2
34682,4217,101547,3.4,6.9,36.9,33.7
34683,853,32346,7.0,9.3,42.1,33.4
34684,4409,63889,13.2,12.8,26.1,28.7
34685,4907,82224,13.5,21.0,34.4,25.3
34686,1288,95454,14.2,22.1,32.9,33.7
34687,508,117448,9.0,25.0,29.9,35.0
34688,2585,73754,14.5,15.6,41.3,36.1
34689,896,102148,9.0,24.0,42.9,35.2
34690,960,147142,4.8,18.1,27.8,35.7
34691,4271,89875,9.0,14.6,49.7,35.7
34692,465,73210,13.4,7.7,34.3,36.4
34693,1614,121492,12.4,23.3,48.9,25.0
34694,3034,88925,8.2,22.9,22.6,31.8
34695,1683,114326,5.6,22.6,45.1,39.5
34696,598,39780,10.0,24.3,37.4,15.8
34697,3341,108009,14.2,21.4,48.7,28.8
34698,1469,41019,5.1,5.1,39.4,15.9
34699,1351,81011,12.9,19.3,40.6,29.4
34700,798,35353,4.8,13.3,39.3,36.7
34701,2827,28924,14.0,23.9,25.0,34.5
34702,2350,63878,11.3,20.7,38.3,33.5
34703,2593,59595,4.3,21.1,32.1,19.1
34704,231,67579,5.4,7.2,41.7,28.7
34705,190,113939,14.1,14.3,30.2,24.5
34706,3994,84667,9.1,14.1,42.5,21.4
34707,3297,30036,8.4,14.9,48.8,36.8
34708,571,38923,3.7,20.9,23.6,26.0
34709,1365,30421,4.0,9.4,36.1,18.3
34710,4697,134428,11.3,8.6,39.5,34.4
34711,2908,91321,12.3,22.2,32.3,19.0
34712,4582,130157,13.4,21.7,44.3,28.2
34713,1211,78088,9.0,18.3,46.5,31.1
34714,697,72049,6.9,6.3,36.1,36.7
34715,1007,134457,10.5,19.4,33.5,28.0
34716,3014,44442,10.4,7.2,42.0,16.1
34717,3316,73063,3.4,12.9,23.6,31.7
34718,1454,145353,14.3,21.8,38.1,23.2
34719,4046,110582,10.7,5.6,27.4,23.0
34720,3335,118826,3.1,17.7,48.6,18.9
34721,2804,130031,14.5,16.0,37.6,25.2
34722,2489,128154,14.4,12.5,46.6,30.2
34723,4175,47154,14.4,9.3,28.7,15.1
34724,3750,65621,13.7,8.3,35.5,29.1
34725,563,55703,5.2,21.8,26.6,38.8
34726,4038,85841,14.7,7.2,43.4,34.0
34727,1172,33208,12.1,24.3,34.3,24.1
34728,573,86486,10.7,8.9,24.3,37.0
34729,1038,129477,14.3,19.4,25.2,32.1
34730,1410,49490,7.6,16.1,43.3,19.9
34731,2440,70447,14.2,12.5,22.7,35.2
34732,3620,107983,10.3,23.3,34.4,33.0
34733,4156,75067,10.0,5.7,27.8,27.1
34734,1186,86259,10.8,20.3,47.7,16.8
34735,4763,39164,12.0,19.8,27.0,18.2
34736,3629,92227,8.3,21.7,25.0,30.1
34737,359,131779,14.8,22.8,33.5,22.4
34738,1756,113122,4.1,14.1,40.2,29.9
34739,3055,60773,14.0,18.5,40.7,17.4
34740,4379,57591,10.9,16.5,39.4,33.7
34741,3219,46487,13.9,16.8,29.6,38.8
34742,691,143089,7.4,5.5,20.8,26.1
34743,1532,55645,12.9,24.3,39.7,38.6
34744,2587,125053,10.4,8.2,47.0,24.6
34745,328,81582,13.0,13.3,29.5,28.1
34746,2879,73451,6.9,19.0,24.5,38.7
34747,1468,40383,14.0,9.3,29.0,28.3
34748,1724,42761,14.1,7.3,36.7,24.7
34749,4079,51408,8.7,22.9,43.0,19.6
34750,839,87190,7.8,16.6,40.4,39.1
34751,3274,134621,9.9,7.7,36.9,18.9
34752,2747,69813,5.4,22.5,46.3,29.4
34753,2170,131155,9.0,8.8,43.1,38.7
34754,4671,52952,13.8,18.1,26.0,15.3
34755,2134,76518,7.4,22.1,42.0,20.2
34756,4480,128120,11.8,17.4,27.8,23.2
34757,1285,42452,10.5,5.1,49.6,33.9
34758,689,114927,6.1,18.0,28.5,18.3
34759,4317,125713,9.4,16.4,22.1,35.2
34760,1235,64673,13.2,15.6,39.1,23.6
34761,3520,128884,9.7,11.1,38.8,36.1
34762,2658,111022,11.4,17.5,42.8,38.4
34763,101,79530,12.3,5.3,44.2,23.8
34764,991,145919,3.6,15.4,49.2,31.5
34765,4994,87382,3.6,11.6,42.9,23.1
34766,4824,70015,4.4,6.0,45.6,25.4
34767,4656,133998,5.0,10.2,48.1,23.9
34768,3099,95173,12.7,21.7,27.7,23.1
34769,3653,40876,8.2,10.2,25.6,26.9
34770,3757,30479,5.2,14.4,36.5,15.2
34771,1071,46460,9.4,16.3,30.9,21.8
34772,4249,41752,12.2,10.7,21.2,32.1
34773,3842,104047,4.7,15.9,44.5,21.3
34774,4304,79278,7.1,24.1,26.7,20.8
34775,379,128078,5.3,8.7,33.5,22.3
34776,1798,92969,10.8,22.8,43.2,39.3
34777,2987,111698,4.6,16.2,37.5,28.0
34778,2984,123699,12.4,20.6,49.4,33.8
34779,3385,41923,5.5,17.0,45.1,18.6
34780,3679,125971,3.7,11.1,45.1,22.1
34781,2351,108090,13.9,16.5,43.9,34.3
34782,4740,91843,7.0,13.5,42.5,32.3
34783,2456,105994,9.0,16.9,37.5,33.2
34784,4723,113651,4.2,16.3,43.2,25.9
34785,2031,77827,8.8,18.6,38.2,35.1
34786,3514,141218,5.7,19.5,32.9,33.1
34787,1108,42881,13.1,16.0,35.8,30.3
34788,4812,77965,11.6,21.2,36.3,33.6
34789,2178,93293,11.0,18.7,49.6,26.4
34790,4295,46055,12.4,10.1,34.6,19.5
34791,2814,52482,6.5,23.8,43.1,37.0
34792,1438,66844,8.4,6.4,37.8,30.9
34793,4690,62768,4.0,17.7,34.2,21.0
34794,3789,99230,3.8,17.2,46.5,37.4
34795,841,134480,6.9,13.9,39.8,38.5
34796,833,37337,12.9,14.5,45.3,25.5
34797,1906,85937,10.2,20.5,47.4,30.1
34798,2478,141681,8.1,19.4,41.0,36.0
34799,3365,98952,14.6,13.3,26.0,32.2
34800,1853,35421,8.3,9.3,45.7,25.5
34801,1124,140209,8.6,6.2,22.8,16.4
34802,1582,54574,14.9,19.5,23.7,24.6
34803,2665,36623,4.6,18.9,33.0,39.7
34804,3654,60743,6.1,10.7,21.5,21.4
34805,1879,37522,8.4,24.1,21.5,29.4
34806,3816,40157,9.9,18.0,49.8,19.1
34807,4918,32493,4.8,18.3,41.1,27.6
34808,2216,51066,6.9,16.3,43.4,32.2
34809,4666,114534,5.6,17.9,46.0,34.5
34810,2639,80016,13.2,25.0,21.2,30.9
34811,3065,46226,13.0,21.0,32.8,16.5
34812,2860,68553,5.9,13.5,45.6,27.9
34813,2554,86482,8.2,8.9,42.6,25.8
34814,3854,86821,10.8,20.1,23.7,20.9
34815,2045,26156,3.6,22.6,48.2,36.2
34816,3468,86842,13.6,15.5,45.0,28.7
34817,2729,98328,9.1,23.5,32.0,32.9
34818,628,69401,5.7,16.2,48.1,38.0
34819,4332,37341,7.8,9.3,44.2,18.7
34820,1571,140341,13.8,13.5,24.3,35.1
34821,2135,104753,3.3,13.4,31.3,29.1
34822,4134,43992,4.7,8.5,31.6,24.7
34823,1467,128178,5.3,18.8,48.1,36.3
34824,1819,148038,3.7,21.8,34.0,15.0
34825,1141,130409,5.7,9.2,35.3,29.8
34826,3587,107057,12.8,20.4,24.9,34.7
34827,659,91068,9.3,7.9,28.0,30.3
34828,1664,103720,10.3,11.6,28.4,31.0
34829,3324,137893,4.9,19.8,45.2,36.4
34830,1900,93909,6.3,13.0,32.0,16.2
34831,3370,130182,14.0,5.2,31.1,17.0
34832,1911,115826,5.5,21.3,36.7,36.4
34833,3181,102418,13.9,9.5,27.7,19.4
34834,4362,28145,11.0,22.1,21.3,26.2
34835,246,31675,9.0,10.1,36.4,15.9
34836,3928,76476,5.1,10.1,31.3,19.3
34837,4640,82764,11.1,22.7,34.0,19.3
34838,2217,134540,13.6,12.0,39.9,35.4
34839,2763,129333,4.9,18.3,46.1,26.5
34840,418,55649,3.1,12.1,29.8,35.0
34841,4069,100832,11.9,15.8,46.4,21.7
34842,4231,111084,10.2,20.4,39.0,33.0
34843,354,42559,9.0,23.4,48.2,27.2
34844,1436,140407,8.5,18.0,36.7,26.6
34845,434,70243,9.0,12.6,42.6,33.5
34846,3191,116798,7.5,12.9,21.2,23.8
34847,4493,134614,4.0,8.1,21.7,21.7
34848,1144,73037,12.3,16.3,22.6,28.0
34849,4673,94107,8.6,21.8,46.0,31.6
34850,1891,79991,12.9,7.6,25.1,16.2
34851,2619,105114,14.8,10.2,25.8,21.2
34852,1061,139867,5.1,5.4,21.9,28.7
34853,3849,49050,12.5,15.5,45.9,28.9
34854,4665,59540,14.7,6.2,22.6,25.8
34855,2914,123311,11.7,16.6,40.4,33.3
34856,689,113165,6.0,10.7,30.7,31.2
34857,2088,70215,13.8,21.1,28.7,34.1
34858,2939,35709,12.5,15.7,44.6,24.4
34859,3965,79928,8.4,14.6,30.8,32.9
34860,2533,45484,9.9,9.6,20.8,37.4
34861,3089,93423,11.7,23.5,26.1,28.4
34862,4048,48930,4.5,24.0,32.7,25.4
34863,4641,135972,14.1,20.1,23.2,29.7
34864,2060,120153,14.8,11.1,23.2,38.3
34865,4294,48133,7.0,20.8,26.3,38.9
34866,754,84346,11.6,19.5,36.2,27.2
34867,1178,70963,8.1,9.2,41.3,31.1
34868,3174,98432,3.3,6.6,39.9,24.2
34869,1455,143443,14.5,8.9,20.1,24.0
34870,1558,42356,4.7,22.3,33.4,27.4
34871,3382,112875,3.9,8.1,33.1,27.2
34872,4856,40290,13.0,20.8,26.7,35.5
34873,4795,113713,3.4,11.4,37.9,16.9
34874,1019,119511,11.3,19.5,27.7,35.0
34875,1846,144963,14.2,23.0,49.7,25.1
34876,1858,36012,7.9,20.8,40.8,31.3
34877,1931,36227,3.8,15.7,47.5,34.5
34878,1271,114387,5.6,5.1,21.8,33.4
34879,3378,70327,14.4,7.8,31.4,32.3
34880,459,37410,8.6,20.7,22.5,36.7
34881,3910,78758,9.5,6.9,39.0,15.9
34882,1540,60094,4.9,24.5,24.5,31.7
34883,3019,97540,14.0,24.4,28.6,33.0
34884,1819,143126,9.2,10.9,35.2,29.4
34885,3353,96188,9.3,5.7,48.4,18.0
34886,655,81193,9.9,19.9,48.2,25.0
34887,1333,52414,12.2,8.8,34.6,28.8
34888,4020,103543,5.4,19.7,31.7,20.4
34889,4139,111922,14.3,11.7,30.1,37.1
34890,2397,129053,5.1,12.5,48.8,29.3
34891,1635,88610,5.4,17.0,42.3,18.1
34892,4158,71792,3.1,8.3,36.7,17.1
34893,3402,73513,3.2,24.4,22.8,26.6
34894,1009,43257,8.1,5.9,24.5,16.8
34895,2061,140084,5.2,24.0,45.7,31.2
34896,111,60116,5.5,11.0,48.9,35.3
34897,1079,112879,14.9,18.3,44.3,30.8
34898,372,126769,14.2,25.0,32.9,16.2
34899,4683,95234,6.9,9.7,27.2,16.8
34900,2097,31736,7.1,14.5,24.1,18.0
34901,4733,78463,6.5,5.5,24.5,37.4
34902,1788,32956,13.6,9.3,31.0,35.3
34903,1695,57768,4.2,7.8,42.3,28.3
34904,3342,114231,10.0,20.1,41.6,20.5
34905,4783,145057,5.2,18.8,33.3,39.7
34906,1815,26194,12.1,14.8,31.3,26.7
34907,4438,52616,10.6,5.0,31.8,37.7
34908,1301,105005,7.7,9.1,44.1,20.6
34909,2945,140787,4.2,18.5,24.2,31.5
34910,356,44935,12.2,5.3,24.1,35.1
34911,409,101399,3.9,16.7,23.1,34.6
34912,2663,25761,6.3,8.2,47.4,30.4
34913,3517,135858,6.0,16.6,21.9,32.7
34914,1188,105337,9.9,20.8,40.5,18.3
34915,4831,65385,9.2,22.5,34.4,20.2
34916,4992,33287,6.4,13.6,23.8,19.5
34917,1276,102744,8.2,17.1,33.2,28.7
34918,3197,85144,8.2,15.7,28.6,28.3
34919,3330,137915,9.9,15.8,33.6,38.1
34920,1824,89276,13.8,12.7,46.9,34.0
34921,2728,56523,4.7,20.8,25.9,19.4
34922,4274,100301,9.7,11.8,28.8,19.2
34923,3399,53983,3.2,16.8,44.7,21.3
34924,1450,112386,11.4,14.1,38.4,40.0
34925,719,145814,10.7,11.9,25.2,19.2
34926,2648,115378,11.3,12.3,47.9,24.4
34927,1478,137913,8.7,13.7,34.6,22.8
34928,4158,124425,5.2,13.2,48.4,15.1
34929,1077,109524,8.4,19.2,20.5,22.1
34930,1637,130113,3.3,16.3,32.5,20.2
34931,3872,105765,7.6,15.2,33.0,39.4
34932,3678,104162,13.1,8.4,29.4,33.2
34933,2633,28205,7.1,14.4,27.9,35.2
34934,577,78802,10.1,14.7,26.3,36.1
34935,3754,99845,6.1,19.1,38.0,21.2
34936,1994,52827,4.6,13.7,48.2,37.6
34937,2480,149774,9.3,15.4,42.2,28.6
34938,1732,101031,3.4,13.0,28.2,16.9
34939,2140,85349,13.9,24.6,37.0,30.1
34940,1665,68761,12.3,22.1,40.7,17.6
34941,4225,131207,15.0,5.9,35.1,28.6
34942,4922,79288,14.9,22.2,37.8,28.4
34943,4368,37108,11.7,12.3,37.6,31.1
34944,2939,34844,12.3,11.7,41.0,18.0
34945,567,54229,9.3,6.9,33.1,37.0
34946,3647,103504,5.6,23.1,41.8,33.5
34947,2075,63028,12.7,22.5,46.4,39.7
34948,3488,68397,6.2,23.7,28.5,15.2
34949,4320,68733,10.8,20.4,29.2,29.6
34950,2843,139592,11.8,7.1,31.3,27.1
34951,2674,105771,9.8,5.5,26.1,25.0
34952,1519,70005,11.0,23.2,49.0,21.4
34953,1977,139353,6.5,16.0,34.7,18.4
34954,1126,109015,12.1,9.8,29.2,39.4
34955,4731,134154,14.3,6.7,38.0,36.8
34956,700,27842,8.8,7.9,43.2,35.5
34957,3692,52909,4.5,8.1,29.8,18.3
34958,1087,31713,10.4,17.8,25.3,39.3
34959,705,76452,7.1,10.1,48.6,24.8
34960,2847,108646,8.0,11.1,49.8,27.1
34961,238,107432,4.8,17.0,28.3,31.0
34962,2157,146578,10.5,20.8,34.5,22.9
34963,3686,124099,12.4,13.0,20.8,26.6
34964,4325,138436,12.2,5.8,44.4,28.6
34965,4596,95495,14.9,18.0,21.1,19.0
34966,1344,86595,5.5,18.7,43.1,21.9
34967,741,100354,14.0,11.7,28.3,17.4
34968,536,121201,11.8,5.0,48.1,25.0
34969,1523,44665,11.5,16.4,27.5,26.9
34970,1236,37611,11.2,20.5,50.0,29.3
34971,3821,98445,9.5,9.4,24.1,36.6
34972,3389,129188,7.5,15.3,46.9,19.1
34973,157,132560,14.3,19.0,24.9,17.0
34974,1236,66321,4.8,16.8,44.8,18.0
34975,799,101147,5.1,20.4,28.8,19.0
34976,1245,109918,3.2,13.2,33.3,16.4
34977,2555,55111,11.9,22.4,35.7,32.8
34978,1208,85026,13.7,11.4,47.0,37.4
34979,4595,121964,5.2,8.1,25.1,36.2
34980,207,102461,3.4,20.7,48.4,36.1
34981,2084,89888,5.9,5.2,26.4,22.0
34982,4347,140439,13.6,24.0,39.6,16.7
34983,1005,91872,3.2,6.5,41.3,36.4
34984,2092,67261,4.2,20.8,44.7,35.9
34985,4222,78569,3.3,7.4,49.3,17.5
34986,4314,92496,14.3,10.6,21.8,24.7
34987,4918,144338,4.6,17.0,43.4,23.7
34988,2247,126409,13.8,7.8,31.4,17.5
34989,4198,135705,8.7,6.9,41.1,39.0
34990,905,25001,7.7,23.6,28.3,34.4
34991,2092,74901,8.1,19.4,48.3,30.0
34992,3700,72862,8.0,7.4,42.5,24.1
34993,4499,147426,7.1,15.4,32.3,39.3
34994,4372,56779,12.7,21.7,49.0,23.8
34995,4110,73871,9.1,6.7,43.6,29.1
34996,183,118191,14.9,21.2,41.5,30.9
34997,4458,136776,9.2,21.9,44.8,17.9
34998,3420,126152,12.8,11.8,39.5,31.9
34999,2605,130923,11.9,24.9,34.2,19.6
35000,2556,126905,7.8,12.9,28.6,36.0
35001,3162,120807,12.5,23.0,23.2,21.5
35002,3952,136164,4.9,23.0,32.2,32.0
35003,4997,135674,5.4,19.3,34.1,17.8
35004,487,99761,10.4,5.0,48.3,28.4
35005,2103,50009,11.5,18.7,38.6,18.9
35006,1131,58385,10.7,6.9,21.5,25.9
35007,1640,73360,9.1,5.7,20.7,31.3
35008,549,145029,4.7,8.6,45.3,18.0
35009,3647,83133,7.5,15.2,37.8,25.3
35010,4537,126926,10.3,14.2,36.9,39.6
35011,1196,134413,5.7,12.8,30.7,32.0
35012,959,78568,10.7,15.7,41.5,20.8
35013,401,132293,5.8,10.3,45.0,26.5
35014,2119,57388,4.2,11.3,46.9,20.0
35015,980,149658,6.9,9.2,33.3,39.0
35016,2381,27926,6.3,14.0,22.5,27.7
35017,4261,54977,12.7,19.3,46.0,20.0
35018,329,95775,8.8,15.2,40.5,28.5
35019,1021,30662,3.8,22.0,41.5,17.9
35020,1932,63630,12.8,14.8,48.3,17.4
35021,150,101968,6.2,9.0,26.9,16.7
35022,3778,107571,9.8,15.2,44.3,23.7
35023,4582,100024,9.5,12.4,33.0,37.5
35024,3881,56377,14.7,14.8,48.1,16.2
35025,852,35945,6.1,7.0,29.8,39.4
35026,1578,135960,4.7,20.5,37.3,16.9
35027,2188,91007,6.1,11.9,39.9,19.0
35028,3093,82179,9.9,5.3,21.2,18.4
35029,3895,62619,5.6,16.3,39.3,21.9
35030,3440,141006,7.1,18.7,40.8,39.2
35031,2443,128278,10.9,6.5,44.9,18.2
35032,1338,54600,4.4,12.5,29.8,39.4
35033,4620,132479,14.3,14.6,41.6,35.8
35034,2336,139122,9.4,15.1,44.6,31.3
35035,4356,111663,8.8,5.7,44.6,32.5
35036,2528,109570,7.4,17.7,27.2,23.5
35037,4439,28609,5.9,6.9,48.6,16.9
35038,282,116723,8.8,12.0,41.8,32.0
35039,643,35786,8.8,15.1,40.8,19.3
35040,2926,65760,3.7,20.0,44.4,34.2
35041,192,123510,13.2,12.3,43.5,22.0
35042,2515,128188,12.8,21.4,26.3,26.3
35043,4354,61004,8.4,20.5,38.2,20.7
35044,2545,74275,7.0,13.1,44.5,33.2
35045,4633,137349,9.0,22.5,40.1,28.6
35046,4501,31020,5.7,24.2,37.4,32.0
35047,3132,45752,3.0,10.4,28.2,32.3
35048,2073,73509,7.3,21.4,43.3,39.4
35049,3389,148353,3.2,10.7,21.6,28.2
35050,2476,107273,3.5,18.7,40.6,20.4
35051,4538,59912,3.4,18.4,43.1,16.6
35052,3334,72185,13.6,20.8,47.8,37.3
35053,1233,132032,4.7,9.3,42.2,16.4
35054,3738,73488,6.1,23.7,35.7,28.7
35055,2497,26084,8.9,13.6,25.9,21.3
35056,2873,91653,9.4,5.0,32.0,37.7
35057,4560,57548,4.5,20.5,22.8,28.4
35058,2020,134523,13.9,23.6,33.2,27.6
35059,2162,56084,5.8,24.4,24.4,26.8
35060,2300,107881,14.3,12.3,24.6,32.9
35061,4727,107677,6.1,5.4,25.9,15.7
35062,3114,49204,3.0,11.8,41.0,29.8
35063,3571,118048,14.7,22.7,28.9,25.4
35064,568,59556,8.8,21.9,40.4,22.3
35065,1444,59087,13.5,12.6,43.8,34.6
35066,978,123985,11.8,8.1,48.6,18.6
35067,4562,83195,5.1,17.9,22.5,37.3
35068,4009,53485,13.1,18.3,20.6,17.9
35069,3907,63858,3.6,17.6,32.8,25.3
35070,4836,140437,9.1,8.0,24.6,15.8
35071,3041,98624,6.0,21.5,27.0,20.1
35072,3445,70225,7.3,5.7,49.0,19.1
35073,688,73009,12.1,24.4,49.9,26.9
35074,3983,148742,11.2,23.0,49.6,22.1
35075,1429,27346,8.3,24.9,47.3,17.1
35076,191,140395,3.6,17.0,49.4,35.5
35077,557,143655,3.5,17.1,25.5,18.3
35078,3441,120064,11.4,12.7,20.9,39.9
35079,1984,93251,14.4,7.3,30.2,16.2
35080,3221,116031,13.2,20.1,37.1,32.8
35081,2139,71690,4.5,14.8,33.8,32.9
35082,1503,134352,4.5,12.3,49.7,23.8
35083,3803,50916,10.3,22.5,26.0,36.0
35084,4582,32035,10.9,5.0,26.2,20.5
35085,2081,32812,10.4,14.6,44.5,33.6
35086,1892,49416,13.6,18.0,32.6,37.0
35087,4566,67634,5.8,5.1,33.6,16.9
35088,2331,98991,5.1,19.6,40.3,25.1
35089,871,91015,14.0,8.3,45.8,38.9
35090,304,120167,11.7,21.9,50.0,26.2
35091,2319,87724,11.5,20.3,49.6,30.0
35092,321,71625,7.0,7.8,45.6,37.1
35093,1291,64432,10.5,16.5,24.7,34.5
35094,3415,134349,11.7,20.1,24.4,22.6
35095,3389,81362,10.2,5.6,41.8,32.7
35096,1698,75271,11.8,15.9,36.9,31.7
35097,2008,34609,10.1,6.0,44.5,36.5
35098,4362,111539,14.8,17.4,25.2,28.3
35099,1642,118538,8.9,22.6,48.1,32.1
35100,241,82745,3.1,12.9,20.6,27.4
35101,189,92030,5.0,13.7,25.8,33.8
35102,4085,93235,14.6,24.5,34.7,27.3
35103,4506,138950,8.6,14.1,48.9,16.1
35104,2363,28850,4.4,10.7,45.6,27.1
35105,3612,61705,4.9,24.9,40.7,39.9
35106,3806,146114,3.3,18.6,43.7,28.4
35107,1309,62396,5.7,16.6,29.6,15.6
35108,3324,105767,14.8,18.2,40.6,24.4
35109,4956,147825,6.9,20.8,45.7,18.7
35110,1459,55988,6.0,5.7,40.1,28.4
35111,1638,31905,11.0,9.0,45.4,24.4
35112,248,57300,11.1,5.7,42.6,28.9
35113,4910,118870,14.6,11.0,30.7,38.4
35114,1525,93684,11.8,20.2,40.3,15.1
35115,1817,147600,4.3,13.1,34.7,32.0
35116,1454,121063,14.8,18.9,47.0,27.4
35117,2505,33901,12.0,11.1,24.5,38.0
35118,2735,71334,6.1,24.6,48.1,15.4
35119,2463,112707,6.1,6.8,33.0,30.5
35120,3032,59707,14.5,16.5,33.7,39.5
35121,3207,132475,5.3,17.0,43.9,30.7
35122,1601,82768,5.7,19.6,30.0,22.4
35123,1551,30123,7.3,5.2,24.1,20.4
35124,549,111099,11.2,10.2,45.1,37.2
35125,1935,105085,8.2,13.9,38.5,28.3
35126,4285,91327,6.7,15.5,48.3,22.7
35127,2688,72083,6.2,6.3,46.1,37.4
35128,4371,144440,4.5,21.3,22.7,28.1
35129,1543,134444,9.6,7.7,43.3,29.8
35130,3048,45536,6.3,16.5,29.0,33.3
35131,4035,87617,7.0,11.6,37.8,28.5
35132,3809,108555,3.1,15.0,31.4,24.8
35133,3342,118895,9.4,5.9,44.6,19.4
35134,1389,99696,11.4,21.9,46.7,27.4
35135,603,127800,14.1,10.6,33.4,15.9
35136,3197,58719,5.4,10.8,27.6,39.5
35137,2247,73647,14.0,13.6,30.8,27.8
35138,1565,96615,7.3,10.4,27.4,35.4
35139,4620,138604,12.6,16.6,41.0,35.2
35140,1997,140209,13.8,22.3,27.6,37.5
35141,3816,80217,14.5,13.8,46.9,21.2
35142,750,71715,6.9,7.3,26.5,17.4
35143,3362,43358,6.1,22.5,21.3,17.3
35144,1310,96949,8.3,15.5,46.1,19.8
35145,2287,26882,9.7,24.2,31.1,25.0
35146,3920,70572,11.3,22.4,26.6,26.3
35147,468,88899,11.3,22.3,38.8,15.0
35148,2444,57388,4.4,7.4,46.1,24.2
35149,3371,46845,10.3,15.5,31.6,36.5
35150,2943,80435,5.0,21.9,24.9,23.0
35151,3550,128401,11.5,20.8,40.9,28.5
35152,3251,96943,14.7,15.5,35.6,35.8
35153,3618,127848,12.3,24.9,38.0,19.1
35154,4454,65162,11.3,23.4,36.5,27.8
35155,1736,28131,3.9,13.5,28.0,17.2
35156,3960,101879,5.2,9.7,46.8,33.7
35157,1244,46558,7.3,12.6,39.7,31.7
35158,3226,61863,14.2,10.7,36.8,21.2
35159,117,134149,7.0,18.0,30.2,29.4
35160,1756,68434,12.8,19.1,32.3,21.4
35161,4305,69584,4.2,7.8,36.6,23.0
35162,4526,148401,10.9,10.8,33.1,32.6
35163,1696,45705,12.3,23.7,38.8,34.0
35164,1045,96795,9.5,17.7,46.4,18.9
35165,1387,136562,12.2,18.9,44.4,34.4
35166,367,95995,11.7,5.9,27.1,20.6
35167,534,62994,8.7,13.3,31.4,22.3
35168,2135,112558,13.4,24.0,49.0,36.4
35169,2597,80828,7.1,20.8,28.8,31.9
35170,3308,65699,8.1,20.6,25.5,36.1
35171,1713,80626,9.5,22.9,33.1,15.4
35172,818,37388,4.6,9.1,47.2,36.7
35173,4078,71294,9.2,24.7,38.9,34.8
35174,2331,46035,6.9,13.9,40.7,21.2
35175,3772,115334,6.1,21.9,27.6,39.1
35176,840,112249,9.9,11.1,24.5,27.4
35177,904,40703,7.0,18.0,49.7,18.9
35178,4612,116861,13.3,6.3,28.7,39.7
35179,4986,98508,7.9,24.2,41.4,35.0
35180,3871,142163,8.0,7.3,40.4,24.9
35181,1826,110056,14.8,18.8,23.8,30.4
35182,3612,36517,7.1,5.1,37.6,39.6
35183,1198,115993,4.6,15.3,23.3,27.9
35184,2721,113581,13.5,11.5,31.9,30.9
35185,3905,125645,14.0,9.6,35.8,25.6
35186,3110,90756,5.7,19.3,43.4,38.4
35187,3083,80722,13.6,13.9,23.1,37.6
35188,3804,76512,8.9,11.4,48.0,39.1
35189,3483,63602,3.5,14.0,22.5,20.8
35190,1944,63351,9.6,11.3,30.3,26.7
35191,4024,103405,13.2,13.4,34.1,31.6
35192,3199,61416,7.8,8.3,30.4,34.8
35193,4621,25251,9.6,23.5,22.7,38.9
35194,4981,130142,4.7,13.4,35.2,24.6
35195,634,95767,13.1,14.3,27.5,20.9
35196,384,125091,4.3,19.5,40.0,30.6
35197,2769,138954,4.1,7.5,48.1,40.0
35198,3886,25279,14.2,8.9,39.1,19.3
35199,1229,144077,13.5,8.0,24.0,18.1
35200,603,63402,9.9,14.6,32.6,38.8
35201,4241,135770,4.3,16.7,23.8,20.2
35202,636,84580,9.6,19.3,33.6,27.0
35203,161,96847,14.0,23.9,48.4,29.0
35204,2483,141789,10.3,6.7,29.1,36.5
35205,310,28649,5.4,18.5,22.2,32.2
35206,2547,83994,13.9,20.1,33.8,27.3
35207,4904,133859,13.4,18.3,46.3,32.7
35208,2494,88758,9.6,22.1,24.1,32.7
35209,3369,64637,13.2,15.4,42.2,31.2
35210,476,139093,3.7,21.4,32.4,37.2
35211,1285,129045,8.5,6.4,33.5,19.0
35212,3379,133726,5.1,17.7,42.9,22.8
35213,3598,52907,13.1,23.8,49.2,22.6
35214,2947,123327,14.7,14.1,28.7,39.1
35215,886,87290,14.2,7.4,32.1,22.7
35216,832,48645,9.0,12.3,21.8,19.3
35217,3968,131751,9.1,22.0,30.6,25.2
35218,2799,149117,13.9,7.5,27.2,27.0
35219,4717,143630,11.7,15.5,42.5,37.2
35220,2258,135063,3.9,22.1,40.7,33.3
35221,3720,124367,4.5,20.7,29.9,28.7
35222,3764,83138,14.4,15.2,39.0,27.6
35223,2755,132982,7.4,17.5,44.8,16.3
35224,1178,43867,5.2,10.6,45.3,18.2
35225,3394,49100,11.8,23.7,43.7,16.8
35226,3746,112029,13.6,5.6,30.6,39.3
35227,4719,90280,5.5,12.3,34.4,37.4
35228,2293,39027,6.0,12.9,39.4,27.7
35229,2411,120112,13.8,20.5,31.3,17.8
35230,4663,26234,3.2,14.5,39.9,39.9
35231,1684,86329,13.9,22.2,43.4,21.3
35232,3106,88610,3.5,10.7,22.8,31.8
35233,4144,117966,4.1,8.6,32.0,19.0
35234,1310,65394,13.3,9.9,38.6,36.2
35235,3514,67954,6.0,8.5,32.3,25.8
35236,2086,101061,5.7,11.8,37.9,36.9
35237,3270,122555,13.1,9.9,36.7,28.1
35238,2826,27291,9.5,17.3,46.7,20.9
35239,1848,50337,7.2,5.3,36.0,19.2
35240,857,111158,11.6,15.1,45.6,17.6
35241,1277,141472,12.7,12.9,23.2,20.5
35242,1018,115431,13.4,11.6,38.1,33.4
35243,1219,71454,4.4,6.5,33.3,17.0
35244,805,61760,10.0,19.5,43.8,19.9
35245,3530,111448,11.1,12.2,34.8,18.8
35246,2961,77802,4.4,23.8,42.9,22.5
35247,4594,102945,10.3,24.0,28.4,29.1
35248,1907,130706,3.4,16.5,38.8,17.9
35249,1499,87233,7.1,12.0,21.0,24.7
35250,2749,60547,5.1,13.0,24.4,35.3
35251,4523,56869,9.7,10.8,42.6,15.9
35252,1395,105645,5.3,18.7,20.5,23.6
35253,1720,103573,12.5,15.7,20.1,17.0
35254,2542,77767,4.5,13.4,48.3,32.9
35255,2695,146034,12.1,15.5,23.7,39.3
35256,4272,92532,4.2,7.4,27.2,16.4
35257,1172,67256,8.3,18.3,26.6,28.9
35258,4175,36437,11.4,15.3,35.0,19.0
35259,1549,89308,4.9,17.3,49.3,38.1
35260,4042,117397,12.0,10.6,22.2,15.2
35261,1871,82187,14.4,19.9,46.3,24.4
35262,1117,80261,7.5,14.6,37.3,33.1
35263,3792,90411,3.0,7.0,40.2,31.6
35264,4324,39797,8.7,18.4,43.5,25.9
35265,618,74261,13.8,7.3,46.1,27.9
35266,2451,25411,11.0,6.2,46.0,18.7
35267,1235,41454,11.4,19.9,42.1,19.0
35268,2872,110647,12.5,14.4,30.8,34.5
35269,1011,25717,13.9,5.5,44.3,26.2
35270,915,112396,4.5,15.3,29.7,25.1
35271,1073,101016,10.1,22.9,39.5,17.9
35272,2062,102402,13.7,6.9,34.5,33.8
35273,2966,48197,12.3,11.9,47.0,28.2
35274,2510,74870,6.0,21.6,21.2,30.6
35275,3202,65504,13.5,10.1,31.4,22.6
35276,1900,49119,6.5,7.2,20.1,19.6
35277,908,121934,7.9,13.9,29.2,31.2
35278,669,148006,5.2,22.3,21.3,28.5
35279,1069,82769,13.6,11.5,24.0,16.1
35280,4179,40889,4.1,21.7,26.7,16.3
35281,1979,81394,14.9,7.3,27.9,39.3
35282,3419,109245,6.9,13.1,22.3,23.1
35283,4805,52117,11.5,14.8,47.6,38.6
35284,487,125739,4.5,12.9,25.2,29.3
35285,4954,44202,8.9,22.7,24.6,19.6
35286,2589,72036,3.5,11.3,37.3,25.9
35287,615,107455,13.5,22.3,35.7,33.7
35288,3944,146139,8.4,21.7,37.0,38.7
35289,2990,131050,11.9,20.6,25.5,39.2
35290,4240,56866,13.7,10.1,35.1,21.7
35291,1542,35526,3.8,12.3,20.1,20.0
35292,822,128476,9.1,16.2,33.2,30.0
35293,855,133988,5.3,8.0,39.9,17.1
35294,2350,83488,3.8,13.7,29.7,32.2
35295,2008,133217,10.5,5.1,20.1,29.8
35296,2686,77642,4.4,9.4,40.5,22.6
35297,485,127174,8.9,22.4,27.5,20.3
35298,3115,41312,5.4,5.2,36.8,39.9
35299,4555,141467,5.4,12.5,25.6,25.1
35300,4187,110067,9.3,23.6,31.0,30.9
35301,1591,58673,9.7,20.8,40.7,33.4
35302,2067,27131,3.0,8.0,41.0,37.9
35303,4400,120121,9.0,11.1,28.4,32.8
35304,3418,36115,11.0,19.6,48.4,37.1
35305,3138,67807,11.1,16.0,40.2,22.9
35306,1172,130251,13.2,20.9,39.0,16.7
35307,4561,66266,13.7,8.3,47.0,26.4
35308,2400,126820,10.5,12.4,28.5,35.4
35309,868,135226,8.8,20.1,22.3,28.7
35310,2779,111352,5.4,13.3,38.0,30.3
35311,1086,96527,4.5,18.3,25.0,28.1
35312,4612,57124,10.3,8.9,28.8,15.7
35313,3206,123186,14.4,18.0,30.2,23.7
35314,2459,99244,6.3,8.5,49.0,31.0
35315,296,41484,4.2,20.2,45.1,23.5
35316,3144,31060,8.1,15.8,37.4,39.6
35317,2407,59915,3.0,13.6,44.4,18.3
35318,1489,141908,9.6,6.4,34.3,33.3
35319,3658,71511,3.6,18.3,31.4,37.0
35320,2681,87571,14.2,8.8,20.8,31.3
35321,2171,36021,13.4,7.4,46.0,22.1
35322,3090,35100,4.4,8.1,38.5,16.5
35323,1769,25027,4.8,8.7,26.2,34.6
35324,1517,79004,14.4,18.7,46.9,18.9
35325,2826,93872,12.8,14.7,28.1,31.9
35326,4232,43746,14.3,14.3,41.9,27.3
35327,2969,29133,7.0,14.3,43.0,36.7
35328,1686,110596,4.3,13.2,44.1,26.2
35329,4767,36416,10.4,15.3,43.5,24.2
35330,4502,60143,14.6,8.2,41.6,25.8
35331,4500,25047,4.6,10.7,37.5,20.7
35332,2326,64826,12.8,7.0,35.3,40.0
35333,3836,102441,7.3,21.7,22.8,31.3
35334,1031,98733,4.4,25.0,20.6,15.9
35335,1642,63301,8.5,19.1,23.5,23.4
35336,2092,89572,8.9,6.0,40.7,23.5
35337,3806,99497,3.1,14.4,21.0,22.4
35338,4159,98138,8.7,5.1,34.5,28.9
35339,3649,91898,10.8,10.5,25.9,25.0
35340,3244,143028,12.2,6.6,25.1,37.9
35341,4992,140504,4.2,13.4,28.7,22.0
35342,1634,102556,13.5,13.6,38.0,35.2
35343,3236,25007,5.0,8.5,31.3,34.0
35344,4942,95408,10.9,21.6,30.6,37.2
35345,2774,43916,9.6,20.3,26.6,24.8
35346,4648,142447,13.6,21.5,34.2,18.2
35347,4953,123632,3.5,15.9,43.5,36.5
35348,960,71479,5.3,5.2,31.4,24.6
35349,1652,46259,4.5,23.5,24.2,24.1
35350,1492,57472,6.9,23.4,37.2,17.5
35351,1979,84256,7.1,15.9,44.4,35.6
35352,480,38706,4.1,23.1,37.4,34.6
35353,748,43769,9.2,10.3,21.3,15.6
35354,4441,143668,4.4,15.3,35.6,33.4
35355,3721,93002,3.9,18.8,26.4,20.1
35356,4760,30329,3.4,15.1,34.7,35.8
35357,3517,57106,14.1,22.0,29.8,15.6
35358,920,85381,7.8,15.8,26.4,22.6
35359,571,75346,6.4,8.3,29.1,17.7
35360,2116,74252,8.8,21.6,23.3,32.0
35361,221,92997,4.9,19.1,40.9,32.3
35362,4976,146403,7.9,15.3,26.8,33.8
35363,2895,25322,5.3,15.0,23.5,28.5
35364,4316,86468,6.7,18.8,43.7,27.0
35365,2286,49216,14.1,18.3,20.6,39.3
35366,2234,77801,4.8,10.2,35.3,28.6
35367,2277,29846,8.7,20.0,32.1,36.2
35368,2399,134572,10.9,22.1,27.3,23.5
35369,1483,112675,14.0,9.7,31.9,28.8
35370,3601,123910,14.1,14.0,26.8,17.9
35371,4242,115628,6.0,11.1,23.7,27.8
35372,2068,132604,14.3,8.6,32.9,39.3
35373,3762,94871,7.0,6.8,46.7,22.8
35374,1933,38360,13.7,21.6,37.7,15.1
35375,4047,55745,4.1,9.5,36.8,36.8
35376,2572,74990,5.4,17.6,40.1,26.6
35377,4926,124425,3.9,13.7,33.5,16.7
35378,4306,137027,6.6,15.1,45.5,31.3
35379,1350,78117,13.5,15.7,29.7,34.6
35380,3210,126645,4.9,17.4,29.8,28.0
35381,234,121529,5.7,20.9,27.1,18.2
35382,709,141024,5.6,8.5,22.6,38.6
35383,1157,124563,6.3,11.3,29.7,21.8
35384,3134,85624,3.2,7.3,44.9,32.3
35385,2088,48576,8.1,18.9,43.5,33.8
35386,3874,149741,14.7,11.3,47.3,26.6
35387,2346,74796,8.4,20.9,37.6,36.0
35388,4755,100956,12.8,19.5,26.3,27.7
35389,358,91132,9.9,5.9,28.3,20.6
35390,4000,96925,3.2,7.0,26.7,32.6
35391,1015,122830,10.0,17.0,21.7,27.8
35392,4042,76962,14.4,19.0,34.9,33.4
35393,337,95072,9.6,12.4,41.5,27.3
35394,3455,113689,9.3,9.0,41.9,37.0
35395,787,107387,11.0,8.2,43.1,39.9
35396,1258,34156,13.5,9.8,23.3,31.2
35397,2229,67597,9.8,8.3,32.1,34.9
35398,694,122254,7.9,11.4,39.9,16.2
35399,2801,76938,3.4,14.8,24.6,19.0
35400,1850,134309,4.3,18.6,35.2,17.3
35401,502,148106,10.8,22.3,30.2,29.5
35402,921,109728,10.4,19.5,35.6,21.4
35403,3938,149184,5.9,18.0,47.9,24.8
35404,2335,79941,11.6,20.7,38.0,26.3
35405,2640,115625,6.4,23.1,39.4,27.9
35406,2402,57979,6.7,9.6,21.1,37.2
35407,1797,105931,3.7,17.4,36.6,23.6
35408,4028,121804,9.6,5.8,24.1,20.4
35409,1713,124073,6.5,24.8,41.8,18.3
35410,4680,85655,12.8,22.2,40.1,21.4
35411,3779,48915,12.6,12.4,24.8,31.5
35412,3652,82774,4.5,17.3,30.2,36.9
35413,2327,138754,4.9,15.9,38.9,19.5
35414,3778,137223,6.9,21.9,30.3,38.7
35415,1564,28258,10.0,14.6,26.4,17.0
35416,4839,107179,7.1,7.6,25.6,24.2
35417,4982,59522,7.2,14.6,34.4,26.4
35418,3200,68357,4.7,7.4,30.9,16.5
35419,4213,87146,7.0,21.2,29.9,37.6
35420,2056,90581,8.6,8.3,49.2,22.6
35421,4193,124180,14.8,12.4,35.5,30.8
35422,4951,49538,13.1,7.1,35.7,19.1
35423,786,126221,12.5,12.6,44.4,37.3
35424,2136,59723,9.7,24.3,35.3,36.3
35425,3679,149480,7.3,23.6,21.1,18.6
35426,700,27274,13.3,16.3,43.3,28.9
35427,1143,32735,7.2,17.8,41.9,19.0
35428,1479,26739,10.1,12.0,32.0,37.8
35429,4628,112586,6.1,9.2,21.9,27.2
35430,1141,142878,12.3,10.6,24.4,17.8
35431,1673,105849,9.2,6.6,47.6,25.8
35432,4571,38549,13.7,13.9,39.0,22.9
35433,1463,103948,9.8,6.7,44.0,22.8
35434,1110,56510,5.0,12.4,25.6,25.2
35435,4911,120968,14.9,22.0,35.4,29.8
35436,1356,107253,9.0,12.8,36.0,32.4
35437,1227,92066,6.0,13.7,30.8,19.5
35438,1123,25555,7.0,15.5,33.9,22.1
35439,3794,51624,4.5,11.3,36.8,20.8
35440,2884,115842,3.9,6.6,21.9,39.5
35441,4416,144511,8.4,20.2,38.0,36.5
35442,1149,45417,14.4,9.8,21.6,33.5
35443,2401,108083,4.5,7.9,46.3,20.3
35444,1254,96564,13.8,6.7,33.0,26.9
35445,129,70978,12.6,18.6,34.6,24.9
35446,886,132795,12.7,5.3,28.5,26.4
35447,4205,136215,11.5,16.9,49.2,39.6
35448,3260,57498,10.1,12.0,29.7,33.0
35449,1270,76172,4.5,15.1,32.2,24.2
35450,3298,65453,9.9,23.1,35.5,17.0
35451,2845,31023,7.2,5.0,41.1,22.6
35452,1464,114364,4.3,17.7,29.7,17.3
35453,1641,126990,12.6,22.9,49.0,34.5
35454,4246,76092,9.6,9.9,32.9,18.1
35455,4593,78548,11.9,7.3,27.7,18.6
35456,413,142759,8.8,12.8,29.7,23.1
35457,2795,87533,9.6,24.0,44.1,32.1
35458,4709,32016,11.5,16.7,34.9,18.9
35459,629,126803,6.0,23.9,33.1,25.2
35460,2566,83554,13.2,10.4,20.8,20.2
35461,2341,78405,8.1,19.4,45.8,33.9
35462,411,131121,11.5,10.5,39.5,23.8
35463,1095,34546,6.9,15.3,48.2,25.5
35464,2623,118440,11.4,23.1,22.4,33.2
35465,2731,63793,3.5,6.8,43.4,26.0
35466,363,65344,14.2,10.9,41.3,25.3
35467,3952,97143,12.4,12.1,35.9,17.8
35468,120,51706,11.0,6.2,25.4,23.1
35469,2624,65521,6.9,9.7,21.6,35.5
35470,4744,48406,13.1,6.3,31.7,29.6
35471,1296,127413,12.2,10.9,43.5,21.7
35472,3233,61035,8.4,5.6,30.9,37.0
35473,305,138319,5.4,5.8,44.3,36.9
35474,1736,146760,5.1,9.7,47.8,26.5
35475,730,132731,8.9,12.6,31.3,29.5
35476,2326,39542,12.4,13.0,33.1,21.0
35477,2489,95790,11.6,12.0,27.3,33.8
35478,4635,94739,8.9,15.3,30.8,18.9
35479,1198,63658,5.5,23.3,32.6,33.4
35480,389,144414,5.9,14.2,47.5,17.2
35481,2704,134274,3.7,7.0,26.9,34.1
35482,307,37452,5.1,18.6,43.3,20.1
35483,3914,118020,3.2,24.1,31.0,38.2
35484,371,47681,11.1,8.9,20.0,26.2
35485,3778,45826,10.1,8.9,41.6,30.4
35486,514,42432,14.9,10.0,30.4,35.2
35487,3568,43343,12.2,6.0,30.0,16.1
35488,4579,116690,6.0,21.1,49.0,34.1
35489,1384,77850,11.5,12.6,24.1,21.6
35490,1762,131845,3.1,20.5,31.5,20.2
35491,4114,79827,14.8,17.5,47.3,34.3
35492,1141,65659,10.4,7.2,45.9,26.9
35493,4190,141166,4.4,15.9,42.8,37.3
35494,2394,141508,9.0,19.3,23.4,19.8
35495,3813,89237,14.3,6.0,36.9,31.0
35496,2561,72841,13.2,13.4,42.5,30.6
35497,1443,67201,6.6,21.2,35.9,35.7
35498,2862,45314,7.8,24.7,27.1,32.0
35499,2328,79517,13.2,19.0,43.1,22.7
35500,3467,72416,13.8,11.2,37.3,29.9
35501,1043,99603,14.0,10.6,28.8,36.7
35502,4256,36912,14.4,16.7,46.4,36.3
35503,4159,104637,9.0,23.7,21.4,36.7
35504,265,80755,13.3,9.6,37.5,28.4
35505,2005,40941,7.2,9.6,37.1,34.1
35506,3156,116653,13.1,15.3,35.1,20.7
35507,1423,79938,7.2,16.5,49.5,38.6
35508,4850,39591,10.3,23.7,30.2,28.4
35509,450,53281,8.6,11.5,31.3,31.3
35510,2410,143389,13.7,13.6,36.0,29.7
35511,3409,36730,3.8,12.1,45.2,18.3
35512,1031,34011,14.4,19.7,34.7,36.1
35513,3938,61677,8.5,12.1,42.1,23.6
35514,1213,87969,8.8,13.7,46.0,38.6
35515,2286,69976,12.9,12.3,31.0,16.4
35516,2089,131704,11.0,5.6,48.1,18.2
35517,1485,92420,14.4,15.8,39.4,21.3
35518,3584,95038,9.6,12.9,49.6,25.5
35519,1216,141816,9.7,7.6,20.2,26.2
35520,233,53564,14.7,17.0,34.2,16.5
35521,4051,32497,14.1,18.8,20.7,18.0
35522,1327,33298,5.5,15.2,31.7,20.7
35523,3209,35887,6.7,10.0,43.3,32.1
35524,2604,35677,10.5,15.7,36.9,18.3
35525,3705,118197,14.3,10.6,36.2,33.5
35526,1981,54362,9.8,8.0,26.6,31.0
35527,4633,45413,11.8,6.9,44.3,28.0
35528,779,59193,4.1,8.4,44.0,27.3
35529,2794,95141,9.3,23.8,25.2,30.9
35530,2769,120662,4.8,10.8,21.2,28.1
35531,1347,116229,6.1,17.8,48.3,15.9
35532,1291,141817,5.0,20.3,42.1,30.1
35533,1230,105563,5.0,16.3,28.9,19.0
35534,1503,121504,14.9,15.1,24.9,36.5
35535,2171,45440,6.6,12.0,37.3,15.2
35536,1430,90776,9.8,9.1,46.5,16.9
35537,1481,115276,3.2,23.0,25.7,32.4
35538,469,42880,12.7,17.0,23.1,37.4
35539,3894,71365,11.2,7.9,21.2,37.7
35540,2590,118213,5.7,19.9,30.6,29.8
35541,1276,138507,3.4,6.9,32.1,35.0
35542,475,84850,6.3,15.4,48.8,25.8
35543,2860,139991,10.5,6.2,28.6,28.6
35544,3390,144462,3.2,14.5,42.2,37.5
35545,2043,54466,3.9,15.8,44.5,28.1
35546,1057,140599,7.9,15.1,32.8,34.0
35547,910,128397,5.1,13.8,25.8,26.7
35548,1633,129351,10.6,9.9,35.3,26.2
35549,4530,36164,5.1,6.8,36.2,22.6
35550,509,53595,14.9,17.5,42.2,30.7
35551,153,76913,8.2,8.1,26.3,36.9
35552,4896,58373,4.8,12.6,42.5,21.8
35553,1198,56178,3.9,19.7,28.8,22.4
35554,2496,26038,8.0,17.1,22.8,15.1
35555,1074,121555,12.7,22.5,29.7,21.9
35556,4588,58174,8.3,18.6,24.1,38.6
35557,4749,91607,4.7,23.8,49.1,34.8
35558,2994,114750,8.9,9.3,42.7,34.8
35559,3379,78361,7.0,5.8,30.7,36.3
35560,4939,146286,9.0,6.6,32.7,37.8
35561,2324,137508,7.7,9.1,30.8,22.2
35562,2658,46005,10.8,6.1,28.5,28.2
35563,3790,113008,12.6,10.3,49.7,22.3
35564,238,70877,13.6,22.1,24.3,29.0
35565,3273,45827,11.9,10.2,25.2,25.1
35566,2620,87405,7.3,21.3,25.7,39.1
35567,4737,72274,8.4,11.4,43.4,36.2
35568,2341,75604,10.7,13.8,36.8,36.4
35569,3927,109373,5.6,22.1,23.6,15.7
35570,1437,145187,11.4,14.9,28.7,38.3
35571,4189,144868,10.8,7.5,35.1,38.6
35572,2952,129977,10.9,12.2,45.3,36.6
35573,2394,93523,7.0,21.3,25.4,35.3
35574,2777,44173,10.2,6.4,22.3,17.3
35575,172,135165,5.4,19.8,47.4,28.4
35576,2978,25200,5.3,19.7,34.0,32.6
35577,2241,65593,12.2,13.9,49.8,23.4
35578,4630,47584,7.6,5.4,23.4,17.6
35579,1906,104956,9.5,9.9,28.8,16.5
35580,2145,83126,6.5,10.5,25.3,22.1
35581,3602,126064,5.8,20.3,45.3,18.0
35582,4652,30225,12.4,15.8,23.2,38.5
35583,3601,95457,12.5,11.7,42.9,36.2
35584,2376,61481,13.0,17.3,34.5,29.3
35585,2177,47036,13.3,7.1,45.8,15.9
35586,1748,34130,7.9,24.9,23.0,22.5
35587,434,60884,12.7,6.5,24.4,16.7
35588,4855,126921,7.2,21.5,45.6,20.2
35589,4764,51996,3.6,13.8,35.4,32.6
35590,4372,79342,11.3,22.8,29.3,35.1
35591,2971,66723,5.4,9.0,29.1,28.2
35592,2715,142582,8.4,16.0,32.0,21.1
35593,4972,116366,5.0,16.9,34.9,31.1
35594,4272,62387,7.7,14.3,21.6,37.5
35595,1032,146978,13.6,10.6,21.4,21.1
35596,735,84142,10.4,21.2,35.7,15.8
35597,3329,95724,4.8,9.1,28.9,22.0
35598,1290,87574,11.7,10.2,37.0,33.1
35599,111,62734,13.2,13.3,45.1,23.0
35600,4102,99997,5.0,21.6,28.6,37.8
35601,1549,41342,11.9,5.2,39.1,19.0
35602,548,48924,9.6,22.9,36.2,34.6
35603,2596,121155,10.3,15.9,27.8,26.9
35604,526,111113,14.3,6.9,39.0,18.5
35605,1015,68800,3.4,9.5,48.5,33.3
35606,3269,46825,10.7,6.4,44.0,15.3
35607,4826,105690,4.0,14.0,21.8,30.7
35608,4421,148592,12.5,5.4,26.5,36.9
35609,546,66633,13.8,18.5,30.4,15.3
35610,2010,62372,4.0,7.4,45.1,31.1
35611,3835,66901,3.3,9.1,38.6,15.8
35612,2350,42326,14.5,5.3,39.3,36.2
35613,4870,127775,14.1,9.7,36.6,36.9
35614,2781,94279,14.1,5.8,26.4,34.0
35615,1501,149796,14.3,6.9,23.8,22.4
35616,3507,96819,9.0,24.2,26.0,23.2
35617,1143,61604,14.7,6.8,35.5,21.7
35618,3118,125732,13.7,20.7,41.8,36.4
35619,491,105274,4.2,17.9,49.0,22.3
35620,4919,134870,12.8,10.9,49.8,30.9
35621,1385,34381,11.5,22.2,21.9,30.6
35622,4209,70816,4.6,14.5,49.6,21.9
35623,2534,68913,11.9,10.9,30.8,35.8
35624,741,35505,8.8,21.0,49.9,29.7
35625,1145,87818,13.2,18.9,41.1,23.0
35626,4420,126928,12.8,6.6,43.9,24.3
35627,4137,40414,14.3,11.6,45.6,34.7
35628,3147,149132,3.9,18.3,24.9,27.1
35629,1257,97927,11.5,10.1,33.0,34.3
35630,3349,49311,7.5,17.3,27.9,27.0
35631,3727,59677,12.3,11.0,23.3,15.6
35632,1643,84590,10.2,9.1,25.8,21.8
35633,891,60442,8.9,12.1,22.1,24.3
35634,536,28324,3.1,12.2,31.6,38.0
35635,3614,112753,10.3,18.1,26.5,39.1
35636,4776,93138,8.0,16.8,33.7,29.4
35637,4882,112717,7.0,13.7,32.9,18.9
35638,4560,90690,14.9,19.9,38.2,32.9
35639,4059,52423,11.4,22.3,48.8,24.2
35640,4464,142362,9.5,6.6,48.6,16.7
35641,1816,121070,13.4,17.8,46.4,32.4
35642,3736,88151,5.7,19.3,28.2,23.7
35643,3464,37057,10.4,13.8,46.6,22.5
35644,4273,86397,13.3,6.1,21.9,39.3
35645,288,69601,4.5,13.8,39.6,16.6
35646,2818,68339,5.8,22.5,39.5,38.2
35647,2505,45887,4.0,8.2,23.3,31.0
35648,4030,26527,14.9,12.3,37.3,26.3
35649,3265,120925,10.0,19.9,24.0,25.9
35650,1002,123929,8.9,22.5,48.8,17.8
35651,440,42069,7.1,23.3,34.1,35.0
35652,2981,100193,8.4,20.6,44.3,20.5
35653,4606,41348,12.3,16.9,34.8,36.4
35654,743,56999,14.0,12.0,25.7,36.5
35655,120,117575,4.3,14.7,23.5,34.8
35656,3172,118583,6.6,5.2,30.3,39.7
35657,777,46593,5.3,12.0,48.2,33.1
35658,1199,121197,8.2,19.5,21.2,36.7
35659,2750,37428,9.4,18.1,30.1,31.1
35660,3569,107789,11.7,5.2,35.4,39.9
35661,4283,93613,13.5,15.9,35.4,23.9
35662,2164,53389,9.5,5.1,26.6,21.8
35663,3500,117043,8.9,12.3,32.0,28.9
35664,2971,25904,9.9,24.8,21.8,28.4
35665,2530,38651,13.7,13.2,43.4,27.8
35666,2787,116962,10.8,22.9,48.0,19.1
35667,1516,125326,12.4,5.3,35.4,22.1
35668,4505,91778,11.6,19.4,42.6,19.3
35669,591,68586,14.1,14.1,38.3,20.5
35670,859,93247,12.8,15.9,28.9,37.7
35671,3601,26294,7.1,24.9,43.8,15.8
35672,100,134281,13.3,11.1,33.7,35.9
35673,2188,135654,8.6,22.2,47.9,19.0
35674,3756,63705,13.2,23.3,38.2,23.3
35675,4867,132359,13.9,11.0,30.0,30.8
35676,311,92092,11.2,5.9,46.5,39.1
35677,3822,52136,11.6,20.7,38.6,35.4
35678,3617,141990,4.7,23.7,31.7,39.0
35679,2065,107656,6.9,14.6,41.4,39.7
35680,403,137765,9.7,22.5,45.8,34.5
35681,4886,74930,3.0,9.4,20.7,17.2
35682,3872,63293,13.2,20.1,28.9,15.3
35683,1881,145521,7.4,19.1,26.7,38.9
35684,3325,136211,11.7,15.5,29.6,32.7
35685,4811,65293,12.2,11.4,45.1,19.7
35686,4718,37375,9.6,10.0,32.6,32.2
35687,2172,149294,12.5,19.4,30.2,26.7
35688,907,55064,11.2,16.4,37.3,15.5
35689,4220,95320,7.3,22.3,27.7,22.6
35690,1876,131339,12.8,21.4,39.7,21.7
35691,3290,144424,10.6,8.5,21.0,31.3
35692,4142,82152,4.9,9.3,30.5,34.2
35693,4303,146278,12.3,23.9,34.5,39.9
35694,1453,121575,11.1,12.5,35.8,29.8
35695,279,120129,6.4,15.9,21.9,25.7
35696,980,97330,13.1,13.5,44.9,36.4
35697,1930,56682,7.5,16.3,31.6,30.8
35698,4798,128036,9.6,18.5,33.5,25.2
35699,4102,123825,7.1,12.3,48.6,32.6
35700,2900,96233,11.7,11.6,41.3,34.5
35701,4363,93383,10.0,21.9,41.1,36.7
35702,322,94647,8.6,17.4,36.8,21.0
35703,4664,51991,3.2,22.1,48.6,20.7
35704,4473,47778,10.3,22.4,49.7,20.5
35705,2337,103617,10.5,8.2,30.6,30.4
35706,2678,70415,5.2,21.0,37.7,16.4
35707,1878,98958,7.0,23.0,20.5,35.6
35708,720,55537,13.5,13.8,43.2,36.7
35709,1313,81572,9.6,15.1,46.3,39.4
35710,4154,65887,8.2,12.5,36.8,34.2
35711,4413,87051,14.2,8.0,25.1,18.5
35712,4363,64517,12.7,15.7,32.4,37.2
35713,2927,36656,4.2,13.0,39.0,28.1
35714,2340,117676,13.3,21.5,46.1,39.2
35715,1462,91054,4.8,14.7,38.9,29.4
35716,2938,131979,5.1,24.1,41.8,28.4
35717,2602,100840,3.9,19.7,35.2,16.3
35718,2340,35458,8.8,9.7,35.8,23.5
35719,192,61619,10.7,13.1,26.3,38.4
35720,1338,136823,12.0,17.3,33.4,30.0
35721,4708,130159,3.3,7.7,33.9,23.7
35722,3570,135360,5.1,15.2,21.7,24.5
35723,3335,62772,10.5,22.4,45.1,30.9
35724,4301,145232,9.3,8.5,38.7,31.7
35725,2864,50609,3.6,6.7,22.0,31.8
35726,3704,99493,14.2,14.9,47.4,17.4
35727,2935,106575,12.1,22.8,37.6,29.5
35728,4001,126664,7.3,19.1,32.0,30.5
35729,3334,103754,9.4,16.5,25.0,21.8
35730,3728,112972,7.5,8.5,29.2,25.1
35731,1868,130062,8.5,19.9,32.7,19.4
35732,3609,124291,10.2,18.5,38.0,19.4
35733,3001,65975,7.8,24.2,47.7,17.6
35734,1641,147183,10.4,7.5,20.5,25.8
35735,2191,105416,8.6,11.6,30.2,31.2
35736,2750,81244,10.9,14.7,28.1,38.4
35737,1831,100298,6.1,17.8,44.4,30.3
35738,191,88670,5.1,14.4,33.3,27.9
35739,4954,71181,3.2,12.8,40.3,37.9
35740,830,62195,10.2,12.4,40.0,25.0
35741,4532,57846,14.8,6.9,21.2,27.4
35742,3914,52664,8.0,13.2,29.2,26.4
35743,799,75970,5.6,10.0,47.2,24.5
35744,3114,122649,3.2,10.8,42.0,31.6
35745,2411,34236,9.2,5.1,47.4,36.5
35746,2116,121660,14.9,5.7,37.8,38.3
35747,3590,120248,14.8,10.7,39.9,28.9
35748,1077,105794,4.2,8.8,48.1,34.5
35749,4310,100339,12.8,16.2,44.4,30.3
35750,1358,90967,5.1,15.3,29.3,23.4
35751,3955,52179,12.7,22.1,38.1,35.4
35752,1397,120651,13.2,6.2,21.4,38.6
35753,2078,149955,3.1,18.7,47.0,19.7
35754,4229,38336,5.8,23.2,46.5,35.8
35755,1832,105174,3.7,17.4,28.0,30.8
35756,3042,115724,9.0,22.0,27.2,37.8
35757,2609,89790,3.3,16.5,40.4,31.7
35758,548,122354,10.5,20.6,20.0,39.1
35759,1337,71897,9.7,6.3,32.3,19.7
35760,4600,73192,7.6,8.3,29.0,20.8
35761,432,78502,8.5,6.8,21.8,24.1
35762,4423,66231,14.9,23.2,29.0,33.6
35763,265,53283,5.0,16.4,30.0,23.3
35764,4780,72102,11.8,11.8,44.7,17.6
35765,4932,138619,10.7,15.6,44.4,21.6
35766,4793,62199,11.0,5.2,46.1,34.6
35767,4788,66717,7.1,18.9,23.7,39.4
35768,4127,94839,5.6,10.3,25.8,19.4
35769,2874,119242,10.8,9.9,24.8,38.2
35770,1799,66073,14.0,9.9,38.3,15.1
35771,1513,112071,14.7,11.2,28.3,27.9
35772,1546,89252,8.8,18.3,44.3,17.2
35773,3582,122110,8.1,17.5,48.3,39.5
35774,4844,122015,7.2,16.9,20.6,29.2
35775,1787,30016,12.7,11.1,34.0,22.8
35776,546,59730,6.1,20.0,49.3,38.4
35777,3574,88643,9.2,24.7,36.7,28.7
35778,196,28065,7.1,17.6,43.8,39.7
35779,2526,61716,13.5,15.7,36.1,30.0
35780,2817,130975,6.4,8.5,42.3,39.7
35781,3357,148713,11.2,6.6,24.8,32.8
35782,4826,32106,10.1,9.5,40.0,34.9
35783,602,88326,6.9,14.7,44.3,27.6
35784,4483,72456,6.1,10.7,42.0,31.5
35785,4564,42312,12.6,24.7,29.3,15.8
35786,164,63190,9.1,17.3,30.0,17.8
35787,4357,103965,10.3,11.7,49.3,17.9
35788,761,68042,14.5,19.7,47.7,26.1
35789,3589,93451,7.8,9.4,35.5,33.6
35790,580,50919,12.8,23.2,40.8,35.6
35791,4762,86657,10.7,14.7,44.3,39.1
35792,3361,112307,10.1,15.2,37.7,17.8
35793,505,39199,3.7,9.5,22.2,30.0
35794,4960,120924,13.9,5.3,34.3,24.3
35795,3660,68051,5.7,24.8,45.3,20.5
35796,3483,34389,8.7,20.0,29.7,33.1
35797,3767,86194,12.0,20.7,35.1,23.1
35798,1217,123501,9.3,11.6,26.2,20.8
35799,2537,34048,3.1,16.9,44.7,30.3
35800,3582,144085,14.4,12.7,26.1,32.3
35801,3809,84322,3.2,5.3,42.3,15.3
35802,3540,56546,4.1,21.0,39.2,28.1
35803,841,89417,5.7,5.2,48.1,20.0
35804,3339,78652,10.2,15.8,37.7,23.0
35805,3021,48249,14.7,15.4,40.8,33.7
35806,1931,89199,14.1,12.1,49.8,31.3
35807,4238,116105,10.8,5.3,29.8,28.7
35808,1010,41179,11.9,17.6,27.2,30.8
35809,4112,122583,11.5,19.1,30.4,29.8
35810,4802,25845,11.2,5.2,40.8,21.9
35811,1518,64058,12.7,11.5,34.2,31.9
35812,4914,43131,7.1,15.7,38.7,21.4
35813,4409,112427,5.7,24.5,49.1,37.5
35814,4138,62733,7.2,16.0,36.2,19.1
35815,3739,83911,3.6,21.6,39.9,36.6
35816,3545,25345,14.6,13.8,24.8,27.9
35817,231,41539,11.9,5.6,29.7,32.6
35818,2156,73715,5.6,11.5,44.3,15.7
35819,252,128865,6.1,13.7,20.1,36.1
35820,2578,147057,14.9,15.1,38.3,36.8
35821,582,144720,12.2,10.2,42.9,22.6
35822,404,86154,8.1,13.8,29.8,32.4
35823,2619,55496,5.5,12.8,28.9,15.4
35824,1092,131637,3.5,8.0,26.4,35.2
35825,2337,74255,11.0,19.4,42.8,37.0
35826,2659,140926,12.4,11.6,49.5,26.2
35827,4538,70009,4.3,11.3,41.1,15.9
35828,814,114396,3.0,6.5,43.2,22.0
35829,1809,143891,7.3,23.5,29.5,32.3
35830,1157,61299,11.0,18.4,41.2,23.0
35831,570,139473,14.1,19.8,38.8,34.9
35832,3565,28875,13.6,19.0,24.3,15.6
35833,840,89024,11.3,8.2,39.7,35.8
35834,3666,82267,12.8,7.6,48.0,39.6
35835,612,140940,7.3,23.9,35.0,29.1
35836,3493,32079,5.9,5.3,46.2,22.0
35837,3385,37914,4.5,22.7,47.0,16.5
35838,3937,123133,5.2,23.4,22.4,17.9
35839,2292,64877,14.6,16.1,45.0,38.0
35840,4754,82551,14.2,12.5,36.0,31.4
35841,4987,40037,3.6,16.9,39.3,18.1
35842,459,79792,8.6,15.9,23.5,23.4
35843,384,69650,7.5,24.5,23.6,30.6
35844,3416,43146,10.8,12.0,41.6,22.9
35845,3377,55428,6.9,16.9,44.9,37.1
35846,2731,66677,6.4,15.5,49.5,16.2
35847,1857,69868,12.7,8.4,47.8,36.6
35848,2874,124732,14.4,22.5,44.4,17.2
35849,1622,143964,5.4,9.1,49.1,33.8
35850,1345,147693,5.8,17.1,41.3,18.4
35851,1512,140328,8.0,12.1,49.8,27.5
35852,4938,26822,11.5,21.9,31.2,25.7
35853,1516,96340,5.0,22.0,21.6,29.9
35854,457,109968,8.6,7.8,41.7,39.9
35855,3565,142915,13.1,24.1,27.0,34.0
35856,4235,108839,5.8,7.9,31.2,18.7
35857,3049,149290,3.6,14.1,28.4,27.6
35858,3241,40461,13.9,19.0,20.2,22.0
35859,2976,104987,12.5,13.1,35.1,28.9
35860,4653,33662,11.4,16.1,22.4,18.1
35861,296,47183,4.0,24.9,26.7,33.6
35862,1974,143787,13.8,10.2,32.2,35.6
35863,1037,96673,6.7,20.2,35.3,18.8
35864,2294,64109,5.5,18.2,42.4,38.2
35865,3630,68211,8.8,23.9,26.3,37.3
35866,4225,98099,14.1,7.0,34.6,35.4
35867,489,100129,14.9,10.4,40.4,33.2
35868,3026,121829,10.4,20.3,38.4,32.4
35869,446,70638,14.5,21.4,24.8,21.1
35870,2944,37891,8.4,19.3,44.8,35.9
35871,218,149377,3.4,8.0,20.6,29.0
35872,4715,118574,6.3,11.6,33.1,23.3
35873,1338,34912,6.6,9.5,28.9,18.8
35874,2880,39903,12.4,20.3,23.0,33.3
35875,2227,123882,4.5,22.9,42.8,19.5
35876,2566,95540,5.1,17.3,46.0,38.6
35877,683,133979,10.4,8.1,36.1,38.7
35878,2859,149990,4.6,22.4,37.1,34.0
35879,1808,93136,8.9,13.7,36.8,33.8
35880,2804,39282,3.4,8.5,30.7,26.6
35881,4937,66702,11.0,17.4,35.6,39.8
35882,771,47166,13.9,6.7,36.6,23.2
35883,1871,127574,13.5,17.0,49.9,32.4
35884,1785,37096,3.9,24.4,30.0,31.6
35885,2177,41097,10.1,16.9,43.5,21.6
35886,2585,70982,4.2,22.1,28.3,29.6
35887,1796,121864,3.6,22.3,29.0,25.6
35888,3701,27030,10.3,8.3,21.2,31.7
35889,4258,30859,9.9,18.4,24.4,27.7
35890,1553,110027,4.1,15.7,32.1,21.7
35891,3306,97717,7.3,5.9,44.3,19.1
35892,4352,119372,6.8,8.7,36.0,21.0
35893,3090,103751,7.1,8.4,33.2,29.7
35894,4972,76380,7.0,17.4,45.1,19.5
35895,2401,137027,12.9,8.2,42.4,21.3
35896,3358,142952,7.2,11.1,32.5,17.2
35897,1450,103126,7.0,7.2,49.7,37.4
35898,4201,141422,3.4,6.2,43.9,15.6
35899,4049,128247,12.5,24.9,32.3,19.3
35900,1379,72349,10.9,12.9,44.4,33.8
35901,920,46407,7.1,15.0,37.0,19.9
35902,1443,101183,8.4,5.7,21.8,31.0
35903,2395,111029,12.5,8.2,41.6,18.9
35904,103,132950,7.1,17.0,31.9,29.0
35905,2660,27126,8.7,13.0,41.7,34.9
35906,2653,45339,3.2,17.2,34.1,16.0
35907,130,131496,14.0,11.2,28.6,37.8
35908,1752,30083,7.5,14.8,28.9,17.5
35909,1398,146618,6.6,23.2,25.3,26.9
35910,4904,41248,10.3,17.3,46.8,39.1
35911,985,56545,9.3,19.2,48.6,17.7
35912,1300,148526,7.8,23.5,41.0,29.3
35913,3458,31609,14.1,19.3,22.3,22.0
35914,2079,65446,7.4,17.9,34.6,35.4
35915,4943,68502,15.0,22.1,22.3,30.4
35916,4138,133364,12.5,18.9,29.4,31.9
35917,2226,36378,13.8,17.0,21.1,38.0
35918,2390,52199,6.4,9.8,49.9,25.4
35919,3994,52921,3.8,5.5,32.8,38.7
35920,4696,137062,8.0,13.4,28.3,26.3
35921,304,140395,6.8,21.4,22.4,21.2
35922,1583,38617,3.7,15.5,24.3,18.1
35923,2870,134891,3.9,6.7,26.9,28.1
35924,4528,50178,5.1,13.8,33.3,39.2
35925,2750,76983,7.5,17.1,24.1,21.9
35926,4361,54069,14.2,9.7,22.8,26.8
35927,2308,104805,10.9,6.7,40.3,37.5
35928,105,94197,7.8,16.2,37.8,25.5
35929,631,87188,12.6,6.8,25.5,24.2
35930,2192,36575,9.8,5.2,35.3,29.7
35931,4652,94645,8.0,19.8,27.1,33.1
35932,326,68116,4.7,14.2,22.6,33.7
35933,2199,69869,14.1,5.8,41.5,20.7
35934,4666,125394,10.5,16.9,35.8,16.3
35935,996,134368,8.3,5.3,38.1,37.4
35936,1420,51981,8.3,11.5,24.5,34.5
35937,2761,70530,12.2,8.4,42.5,28.8
35938,2659,124402,5.2,12.9,43.1,38.7
35939,1764,59718,8.0,5.3,35.0,37.9
35940,1625,126682,3.8,24.4,46.0,26.8
35941,3850,77976,4.0,8.0,49.8,29.5
35942,3754,68512,9.3,24.2,33.1,32.6
35943,2667,44266,7.6,15.1,40.8,27.5
35944,4869,87336,11.6,6.4,20.6,21.2
35945,1196,63991,14.8,22.6,22.1,32.7
35946,3198,137299,13.3,13.3,35.1,29.8
35947,3340,27010,8.3,7.9,25.2,32.3
35948,2922,25493,7.5,10.4,20.7,24.6
35949,3027,115033,10.0,10.9,21.9,31.2
35950,3714,76003,4.1,17.2,23.1,26.4
35951,947,95914,14.9,24.4,47.9,18.5
35952,3716,146335,14.8,8.7,40.3,16.0
35953,2804,147183,14.1,9.3,43.7,35.9
35954,3993,72729,10.9,24.4,25.1,35.2
35955,3481,29943,9.0,9.4,29.8,17.3
35956,3171,35350,11.5,9.6,23.4,19.9
35957,3094,71901,6.8,24.8,46.0,31.2
35958,4842,123303,13.2,18.1,33.4,29.9
35959,4633,111556,4.6,11.1,46.6,28.6
35960,1600,89271,12.6,9.8,39.4,20.0
35961,2542,133790,13.4,14.6,47.5,20.5
35962,1825,81540,5.0,11.4,41.1,26.0
35963,1665,146438,8.7,5.2,36.4,32.5
35964,1843,111761,13.7,6.4,20.3,30.9
35965,425,85730,14.5,15.8,29.5,24.4
35966,4517,50994,12.7,10.3,38.7,33.0
35967,2330,118938,14.3,23.8,49.9,30.2
35968,2766,38791,14.2,18.9,35.5,17.8
35969,1309,38335,14.8,24.6,39.8,37.6
35970,4461,53498,8.0,21.1,48.0,39.4
35971,941,30791,6.4,11.3,23.5,31.2
35972,4524,52465,10.6,19.9,36.0,18.0
35973,4001,49816,5.3,14.3,43.6,20.4
35974,3536,38663,9.7,15.3,31.5,19.2
35975,4878,101630,10.0,15.6,37.7,22.9
35976,2171,27400,12.7,18.7,41.2,37.1
35977,1384,114437,7.3,12.2,42.9,16.4
35978,1478,82437,10.2,20.7,27.9,17.1
35979,2758,126702,13.8,8.5,26.1,36.6
35980,3661,116855,8.1,12.1,47.6,39.5
35981,1987,45394,9.9,18.5,20.7,37.7
35982,4112,111068,12.4,21.9,44.1,22.5
35983,2078,37657,6.0,22.1,26.6,18.2
35984,4827,61736,4.2,11.7,42.9,35.0
35985,4516,40453,11.2,13.4,36.1,28.9
35986,4398,134153,7.4,10.2,35.0,28.8
35987,3261,149348,7.6,17.4,30.3,21.6
35988,2324,60445,14.2,12.5,47.7,29.1
35989,4822,85705,7.9,23.5,25.4,22.2
35990,2179,88292,14.4,12.0,21.6,25.8
35991,4922,109325,4.3,18.5,36.6,25.7
35992,1053,35300,7.1,18.3,23.1,31.7
35993,2967,49030,11.3,14.9,37.3,38.3
35994,2390,42659,4.5,5.4,35.6,30.9
35995,169,136351,7.6,10.9,40.1,23.1
35996,1194,136367,13.2,19.1,46.0,37.7
35997,4353,87005,12.1,13.2,30.7,22.2
35998,648,130619,6.4,6.4,37.7,31.4
35999,1939,132565,7.3,23.0,35.1,29.8
36000,2051,124445,9.1,16.7,25.3,17.9
36001,1158,56836,11.8,6.7,31.6,27.4
36002,3651,59334,4.8,5.9,35.4,31.9
36003,2607,130684,9.3,6.9,22.5,31.1
36004,4007,64065,3.9,25.0,26.3,31.7
36005,3590,52102,7.8,10.6,33.5,36.6
36006,4706,114534,5.3,19.1,38.9,25.3
36007,4563,66875,6.7,8.3,38.7,35.9
36008,3059,119485,7.0,10.2,27.1,37.9
36009,982,79584,12.2,5.1,48.7,28.0
36010,2725,29536,6.2,22.1,28.1,38.0
36011,4864,56335,11.0,24.8,34.0,37.5
36012,2253,46657,9.4,12.6,36.1,35.9
36013,4861,127160,12.7,9.3,30.7,31.0
36014,3666,126208,6.9,8.3,36.4,26.7
36015,359,96524,14.9,10.2,31.3,21.1
36016,1608,80450,6.5,12.7,35.3,26.3
36017,412,90079,10.0,19.4,37.7,37.8
36018,2778,116927,10.6,19.2,23.5,22.3
36019,1944,128960,9.5,15.3,41.3,36.4
36020,2684,67761,13.3,12.9,42.3,25.7
36021,4114,117963,4.4,15.2,22.5,34.8
36022,3351,118929,10.2,16.3,21.4,24.4
36023,1633,110713,9.1,17.3,42.5,17.4
36024,4869,92196,8.0,18.0,48.6,24.8
36025,1523,131156,7.2,17.9,31.6,37.3
36026,2120,104248,4.8,9.2,46.8,26.6
36027,1791,63861,10.8,14.6,45.6,24.5
36028,1828,47841,4.4,11.7,26.1,39.9
36029,427,108538,13.0,16.9,37.9,28.3
36030,1688,74745,8.4,15.0,20.5,15.8
36031,3853,92606,10.3,9.0,46.4,17.9
36032,2994,123951,3.9,18.6,35.6,22.7
36033,197,91865,4.1,5.4,48.8,36.2
36034,4854,141111,5.8,11.3,30.4,26.9
36035,2447,72704,12.4,20.7,20.7,16.2
36036,1197,47314,8.8,20.3,28.6,20.1
36037,4834,122631,6.7,24.0,30.0,18.3
36038,184,83224,13.2,16.7,34.8,34.5
36039,1377,64793,5.3,14.6,24.6,21.2
36040,2811,26234,6.1,18.3,40.3,25.6
36041,618,83961,12.3,21.9,22.3,29.1
36042,3623,51719,3.3,17.0,27.0,35.9
36043,283,112597,5.6,19.9,20.2,24.6
36044,1072,75608,9.3,11.3,36.2,16.5
36045,3485,63247,14.0,11.5,26.4,16.6
36046,2488,27830,6.2,6.4,38.0,18.5
36047,4422,99800,5.6,10.4,36.9,35.7
36048,3927,143420,14.7,14.8,43.6,25.6
36049,2411,32754,9.3,18.3,40.9,32.5
36050,2597,114308,3.8,16.0,21.5,33.8
36051,3579,64647,6.3,19.4,35.5,35.5
36052,4365,97709,9.4,14.1,45.8,25.8
36053,665,75230,3.9,15.3,22.0,19.2
36054,2035,136442,11.3,14.4,48.6,36.0
36055,926,104823,9.3,17.0,49.8,28.1
36056,4801,56563,11.5,11.8,32.7,26.6
36057,3217,146870,7.1,17.3,29.5,32.9
36058,449,62386,8.0,13.1,45.4,35.6
36059,198,112422,14.1,17.0,46.0,33.3
36060,1869,122446,5.5,11.9,44.7,18.7
36061,1904,63263,3.5,8.3,44.3,32.9
36062,1160,136689,14.8,8.9,40.4,16.3
36063,3609,29914,3.1,7.9,21.0,37.1
36064,3156,112716,13.7,8.2,37.3,38.1
36065,4270,149848,12.9,17.4,28.4,28.2
36066,2205,114272,8.9,22.6,37.9,20.3
36067,3190,74239,11.5,22.6,29.1,23.4
36068,501,80026,4.3,19.6,28.7,37.2
36069,287,45835,12.2,15.9,27.8,39.1
36070,4084,42472,12.4,14.3,31.3,16.4
36071,238,104120,3.6,7.5,31.1,15.3
36072,242,84582,9.0,9.0,45.9,28.7
36073,4303,140341,14.4,23.8,32.2,20.0
36074,320,142797,14.4,11.4,30.9,34.9
36075,4340,141085,14.8,16.8,27.6,39.6
36076,4705,78912,10.9,17.3,36.4,17.2
36077,2523,125731,4.7,9.3,30.8,16.0
36078,4200,59852,8.0,20.2,49.3,25.5
36079,4128,33930,11.7,6.9,34.1,23.1
36080,487,57597,6.4,10.4,20.1,24.6
36081,3938,126303,12.7,16.1,30.5,23.2
36082,3131,54947,13.3,14.7,25.7,17.9
36083,659,53526,12.2,19.7,30.5,37.2
36084,1939,52782,7.1,24.2,27.6,15.1
36085,3334,86450,11.9,9.9,26.6,18.3
36086,1871,122481,3.9,5.7,26.0,20.8
36087,464,45813,7.0,11.6,47.5,25.5
36088,516,125770,12.2,21.5,21.0,19.1
36089,1735,121493,12.5,19.8,43.5,24.6
36090,2168,42264,6.8,15.3,23.6,16.8
36091,616,120651,14.5,14.0,21.4,27.0
36092,4131,122733,6.3,12.6,30.3,30.9
36093,1320,35547,10.9,9.3,39.5,35.9
36094,760,88046,13.5,11.8,49.7,32.2
36095,3516,49334,9.6,8.9,27.9,20.8
36096,429,118332,7.9,6.3,27.8,30.9
36097,477,71580,5.5,22.8,24.5,21.2
36098,3382,80889,5.4,9.9,44.5,28.6
36099,259,149416,4.9,6.9,43.9,32.4
36100,4853,129899,8.3,15.0,34.0,25.9
36101,1363,119729,9.6,10.0,30.3,18.6
36102,4274,62804,13.1,13.1,26.6,18.1
36103,2299,66399,5.6,24.3,33.8,22.5
36104,2664,108966,12.1,8.7,44.3,21.4
36105,2530,125498,11.3,11.2,40.8,16.8
36106,4888,83229,10.6,15.3,34.8,16.5
36107,2137,49873,7.1,13.5,36.1,17.9
36108,2499,106501,6.8,7.0,37.1,34.2
36109,1324,31513,12.1,19.9,42.9,35.2
36110,2088,52432,6.3,14.4,23.5,35.2
36111,965,124197,7.0,10.2,35.6,16.8
36112,490,97936,14.6,20.4,26.6,19.6
36113,1508,140347,15.0,12.6,47.2,16.6
36114,4130,57891,3.0,11.4,47.5,21.8
36115,4535,74399,11.2,20.1,25.8,30.8
36116,1654,51061,9.4,7.2,46.2,32.0
36117,4147,59173,8.5,23.2,42.0,22.9
36118,231,130407,6.3,5.9,35.2,35.8
36119,3779,108049,9.1,7.8,42.1,18.6
36120,3176,68889,8.5,9.6,22.3,16.8
36121,4572,111693,7.8,18.5,48.0,31.2
36122,4835,116585,13.2,18.7,38.1,16.1
36123,1621,56856,6.2,24.9,20.6,25.8
36124,3369,80865,10.2,15.9,31.5,25.7
36125,540,60295,13.4,21.6,32.3,21.8
36126,1841,106873,14.7,14.0,46.3,22.6
36127,1303,146713,10.2,17.8,41.8,36.8
36128,340,140156,9.2,6.2,22.6,19.0
36129,3491,64277,13.1,21.4,20.7,38.1
36130,3821,130205,5.3,18.0,21.1,27.3
36131,4218,68786,10.6,17.6,21.0,39.2
36132,1303,95557,3.8,9.4,29.8,15.8
36133,1987,108838,10.9,13.1,27.7,17.8
36134,4370,66298,12.5,9.6,44.0,21.0
36135,297,56919,3.8,19.1,40.6,15.5
36136,3625,48847,13.2,24.9,24.7,32.8
36137,4294,94233,4.5,8.9,37.3,32.0
36138,844,137733,5.1,7.5,48.2,38.1
36139,552,61601,13.0,11.7,37.8,30.3
36140,3362,29450,4.5,15.1,33.6,21.0
36141,3121,112107,11.1,19.0,44.2,26.0
36142,598,145980,6.5,14.9,45.0,27.5
36143,3787,133548,6.0,24.7,31.4,22.3
36144,3362,41629,10.8,19.8,25.3,18.2
36145,240,79947,4.3,8.7,44.7,19.1
36146,1814,105633,9.9,10.9,43.3,39.6
36147,2920,83330,14.1,21.1,40.5,34.8
36148,2322,115758,13.2,22.6,33.6,30.8
36149,2567,97572,13.2,15.6,25.1,24.8
36150,775,131939,6.6,14.0,43.3,29.7
36151,3605,79455,11.4,8.1,26.3,17.6
36152,3702,33478,12.4,9.9,27.6,20.3
36153,1017,53883,13.8,19.1,24.9,26.3
36154,1922,36800,6.2,6.0,46.5,17.7
36155,3922,139533,12.1,17.1,34.6,39.7
36156,2703,87459,5.8,9.5,23.6,39.2
36157,4903,31839,3.3,9.4,42.9,20.7
36158,1830,66808,8.8,13.4,36.6,27.8
36159,3528,88469,12.2,14.0,42.8,16.5
36160,4756,116620,5.6,18.0,39.9,15.6
36161,4254,25334,3.6,8.0,43.0,29.3
36162,3818,107806,7.5,11.9,24.0,20.8
36163,1724,53617,5.4,8.2,24.2,15.3
36164,1906,55369,7.6,15.6,35.1,19.1
36165,4458,143955,14.0,8.8,43.6,30.1
36166,1554,42258,11.9,22.6,39.9,33.3
36167,453,60334,7.5,6.1,43.8,26.2
36168,3033,36878,6.9,16.3,30.9,32.5
36169,1040,124634,14.1,19.1,21.0,23.3
36170,4045,133696,13.7,22.9,23.4,21.3
36171,4242,86926,10.2,9.9,28.7,22.6
36172,4948,92309,7.3,18.6,47.6,21.7
36173,329,149907,12.5,19.2,42.0,16.0
36174,3582,115011,11.0,16.5,38.1,38.0
36175,4952,28753,9.8,22.0,47.0,28.9
36176,4957,62274,11.9,14.1,20.1,23.8
36177,337,26444,4.6,19.3,35.6,26.1
36178,3872,39646,14.2,8.7,41.1,23.9
36179,4273,31630,14.7,24.4,20.8,33.7
36180,2881,82125,7.3,17.3,41.7,31.2
36181,2706,144283,14.4,19.7,39.8,39.7
36182,2084,91103,12.5,11.0,38.3,29.2
36183,3195,88579,14.3,13.5,48.8,19.3
36184,1152,116809,14.0,8.5,25.5,31.7
36185,450,62532,5.4,24.0,49.2,16.9
36186,1012,80788,6.1,23.1,47.6,22.0
36187,4545,129111,6.1,8.0,44.0,20.2
36188,1404,118255,4.1,9.9,47.6,22.5
36189,2623,116212,7.8,15.6,48.9,22.0
36190,391,57813,7.4,7.4,36.6,33.0
36191,1312,68812,7.1,16.7,32.6,26.9
36192,567,44190,7.2,10.3,29.3,16.5
36193,3377,100266,3.7,17.8,26.8,32.3
36194,2625,87797,5.2,6.6,35.1,20.6
36195,3675,44167,6.6,8.3,43.4,26.8
36196,3299,48510,13.7,15.6,31.3,30.1
36197,4425,74912,14.1,18.9,44.7,31.1
36198,1164,136830,6.4,16.7,34.9,31.8
36199,4988,129524,11.3,11.3,27.3,35.6
36200,3563,129432,13.2,16.6,38.4,30.1
36201,1793,141200,9.1,10.5,48.0,35.0
36202,2494,128654,12.1,24.2,25.0,19.6
36203,2157,137689,14.7,8.2,35.2,35.1
36204,186,91196,4.9,17.2,22.1,33.4
36205,2692,96786,3.8,14.2,43.0,29.1
36206,4142,122711,10.7,11.9,46.3,38.1
36207,3020,74849,9.1,14.9,25.5,38.5
36208,103,98502,6.6,7.4,24.2,25.0
36209,3194,39833,14.0,13.6,21.0,32.0
36210,1621,99758,13.1,23.0,41.9,28.4
36211,3048,42208,6.2,8.1,21.3,19.7
36212,3957,91514,12.3,16.2,49.1,27.9
36213,2077,128765,12.9,20.6,27.3,15.9
36214,1574,83647,6.9,21.4,37.9,19.1
36215,1230,135903,4.2,8.5,39.8,18.2
36216,980,36988,13.2,19.8,24.7,39.6
36217,1501,92260,4.2,20.2,24.7,33.8
36218,2075,84882,8.7,15.9,20.5,17.6
36219,1850,96756,5.3,13.5,42.6,22.1
36220,101,145955,14.1,6.2,23.9,25.9
36221,1244,103789,4.3,5.2,29.1,34.4
36222,1738,92867,4.4,16.7,35.4,20.5
36223,248,41031,11.4,12.2,42.9,27.8
36224,4347,48372,5.5,10.6,28.2,26.7
36225,2453,39817,4.6,7.3,42.5,28.7
36226,2143,127133,5.0,23.7,31.2,37.5
36227,1802,130055,10.2,8.7,39.9,25.7
36228,3029,115668,5.7,18.2,32.3,40.0
36229,4670,121324,7.5,5.8,46.5,25.9
36230,1487,116234,13.2,18.2,29.8,26.1
36231,1763,49439,5.1,18.1,41.5,17.2
36232,2180,125419,12.9,23.1,37.9,27.0
36233,2096,125429,12.3,16.8,44.5,34.4
36234,3792,28217,13.0,5.5,46.8,21.2
36235,3330,66034,7.2,24.2,47.6,31.0
36236,1350,112890,8.7,7.0,39.1,30.2
36237,4562,132009,11.5,9.8,29.3,28.1
36238,2136,145706,3.4,19.9,22.1,31.1
36239,637,131140,11.0,19.0,26.6,31.1
36240,1654,136702,4.4,19.4,25.0,18.5
36241,2252,112801,6.5,13.4,26.0,38.1
36242,890,48599,12.7,12.6,48.1,27.8
36243,2048,54437,10.6,16.8,34.9,36.5
36244,4243,38888,10.5,10.5,33.0,23.7
36245,4855,38353,5.7,9.0,26.8,22.8
36246,1535,94765,11.0,8.2,35.0,38.8
36247,3349,48354,4.6,12.7,49.6,25.7
36248,2948,138232,14.6,22.9,26.3,35.4
36249,213,77242,6.0,23.5,28.6,23.5
36250,2443,39187,12.9,22.8,42.9,39.0
36251,4633,134235,14.0,9.1,47.9,32.1
36252,261,36068,5.1,16.9,35.8,20.0
36253,4012,76183,3.1,18.0,43.2,31.2
36254,603,69151,13.5,14.2,20.5,23.4
36255,2734,41257,12.2,16.4,39.2,18.6
36256,2605,93942,4.9,7.5,21.3,16.6
36257,1494,78142,13.0,23.0,49.7,21.7
36258,1609,82874,12.7,7.7,36.6,39.0
36259,2419,49416,8.5,21.7,24.8,31.2
36260,3350,70125,14.4,6.0,45.9,39.8
36261,579,33625,10.0,13.0,41.5,16.9
36262,4354,73530,8.3,8.9,30.1,31.4
36263,854,59397,3.2,8.2,21.3,27.2
36264,4099,102461,14.4,18.5,39.4,39.0
36265,1936,106282,4.5,22.8,39.1,16.4
36266,303,127011,6.6,20.8,29.4,29.0
36267,2942,47660,11.8,10.8,39.3,17.7
36268,3449,85637,3.1,17.1,25.1,36.8
36269,3314,98794,9.5,10.9,47.7,38.4
36270,3691,121187,4.9,6.8,31.0,25.6
36271,4707,117966,3.3,7.3,24.6,31.8
36272,4311,117390,10.7,8.5,45.9,31.8
36273,491,99395,10.2,18.2,31.6,22.9
36274,3514,102696,11.8,7.7,40.4,23.1
36275,3544,41533,10.4,16.5,38.5,32.4
36276,2873,140820,8.3,5.0,25.1,33.9
36277,2516,71508,8.7,19.6,32.5,39.2
36278,1338,147350,5.6,10.2,44.9,35.8
36279,3048,54490,4.0,16.4,25.8,29.6
36280,840,62478,13.3,11.9,34.9,31.4
36281,3983,46584,11.3,15.7,35.7,15.2
36282,4232,38929,4.5,8.9,46.5,37.3
36283,2943,39130,6.2,17.4,38.2,23.2
36284,1635,123843,13.4,22.6,46.0,32.6
36285,468,55457,14.5,16.6,46.4,32.8
36286,2371,121241,12.5,13.8,33.1,18.9
36287,2057,26821,9.8,14.5,22.7,15.9
36288,1198,73615,13.4,13.1,46.7,24.0
36289,2871,138671,10.5,9.7,25.4,27.4
36290,1491,66434,11.4,12.6,36.3,28.3
36291,1747,141989,12.9,13.4,23.8,23.2
36292,2131,53200,7.2,18.8,48.8,16.1
36293,1778,76692,12.4,11.4,20.4,38.0
36294,2246,35904,5.5,12.5,29.9,34.3
36295,2924,60386,5.3,17.5,49.5,30.1
36296,3396,130676,12.7,20.8,25.3,16.8
36297,4270,44233,9.8,21.8,41.5,26.2
36298,3881,101966,8.0,17.0,39.0,31.2
36299,2331,106222,9.3,14.2,20.4,33.7
36300,3464,40219,14.7,18.2,46.5,37.7
36301,3228,32893,13.7,5.6,20.7,19.1
36302,1372,112264,9.1,16.2,41.3,21.5
36303,2079,80725,9.6,11.2,33.5,27.0
36304,3797,105677,10.4,15.4,22.0,34.2
36305,2287,30598,12.5,10.8,34.1,29.2
36306,2506,51732,13.5,8.6,40.2,27.3
36307,1676,110408,4.8,9.9,21.7,33.2
36308,3579,79644,10.5,19.9,47.3,25.8
36309,3645,134299,5.7,12.5,29.9,37.5
36310,1569,37565,10.5,19.5,25.9,33.4
36311,1079,143170,5.1,20.0,45.3,33.8
36312,1355,71270,12.7,5.4,32.4,36.1
36313,3788,68674,10.9,23.8,45.8,39.4
36314,1741,38332,13.4,7.0,29.1,27.3
36315,399,56668,14.3,14.4,37.5,21.8
36316,4621,79946,14.2,24.0,49.3,30.1
36317,3142,82593,4.7,8.2,30.8,20.9
36318,500,107478,7.5,8.8,35.0,39.6
36319,1380,116697,8.8,9.7,44.2,28.3
36320,4936,53022,12.5,21.6,39.0,33.1
36321,961,30769,3.2,21.8,43.6,36.4
36322,4689,86038,14.1,23.0,30.7,34.5
36323,2673,60099,7.9,15.1,32.4,30.2
36324,2884,103567,10.6,23.0,20.9,38.8
36325,4285,123084,14.8,10.4,44.1,25.3
36326,4259,97360,13.6,17.2,36.7,25.1
36327,1211,112008,7.3,13.6,36.8,19.1
36328,1156,75876,8.8,10.8,30.0,25.1
36329,1195,75738,12.2,20.3,46.8,31.6
36330,2400,29836,11.9,19.7,41.3,34.1
36331,4091,133401,11.5,20.0,21.8,16.4
36332,613,40801,3.1,17.0,42.9,33.7
36333,4331,60560,5.4,11.7,21.2,31.4
36334,2776,113508,5.7,18.4,30.2,37.9
36335,220,123720,6.0,9.0,33.7,33.6
36336,1601,117690,4.2,10.0,39.5,39.3
36337,2947,135109,12.7,24.1,40.2,39.1
36338,1217,47989,7.1,15.9,35.1,31.5
36339,604,38453,12.3,19.3,29.8,22.5
36340,3091,42187,14.2,14.1,38.0,34.5
36341,1723,44334,6.8,5.0,40.5,19.4
36342,2338,102939,8.4,15.2,28.7,21.4
36343,2533,36370,4.1,15.8,37.9,29.3
36344,902,26569,6.5,6.9,35.1,16.7
36345,4473,101977,9.6,9.2,22.1,26.9
36346,1571,55751,5.2,7.5,45.4,36.2
36347,926,66257,9.4,22.6,47.4,28.1
36348,1528,93768,6.8,5.6,38.2,31.4
36349,2543,121118,14.9,20.2,44.1,38.4
36350,4974,66741,7.5,13.6,37.8,19.9
36351,4406,126336,3.5,5.1,35.7,33.1
36352,3881,62275,8.7,14.0,39.5,26.2
36353,2125,139665,7.0,24.6,38.0,38.1
36354,2417,144409,7.4,14.0,41.2,28.4
36355,1106,66382,7.4,10.5,38.6,26.0
36356,1737,34309,13.6,23.4,49.2,18.5
36357,944,29638,9.0,6.6,38.7,17.7
36358,4593,88639,6.0,20.1,32.5,31.9
36359,3387,78123,12.5,9.9,21.4,39.8
36360,3603,32629,8.3,19.2,42.7,40.0
36361,2961,57520,4.7,7.8,23.3,22.8
36362,738,81675,15.0,6.0,36.6,16.6
36363,592,68845,3.3,18.6,20.3,25.1
36364,3098,82879,11.5,12.5,41.4,28.1
36365,3757,27265,13.2,24.8,25.5,31.3
36366,2275,116489,7.2,16.2,30.5,23.6
36367,1585,61416,4.9,6.1,42.2,21.2
36368,4643,147582,8.2,7.8,37.9,35.1
36369,658,57144,8.8,23.0,26.3,28.1
36370,3848,83467,15.0,6.4,30.1,38.5
36371,1069,123724,3.2,15.8,33.4,22.9
36372,4109,130777,10.9,5.3,31.8,23.4
36373,185,138913,12.7,19.4,38.8,35.7
36374,3228,31572,10.4,7.8,32.6,39.4
36375,4401,122555,10.6,8.6,37.6,24.7
36376,2295,90850,13.5,10.7,27.5,20.3
36377,4986,64001,9.8,5.1,50.0,20.7
36378,4153,120626,13.6,15.5,43.2,33.6
36379,1046,43870,5.5,24.4,31.8,31.9
36380,3308,139515,9.2,18.9,49.0,17.3
36381,2093,46754,3.4,24.1,41.2,20.3
36382,3540,141288,12.6,7.6,33.6,36.0
36383,1645,46739,12.3,9.8,26.4,16.1
36384,4752,93153,9.5,12.0,37.4,17.1
36385,3607,74251,7.7,19.9,30.1,21.2
36386,129,83234,7.4,24.9,21.3,23.8
36387,1571,132307,5.4,22.1,30.3,26.3
36388,1509,54669,8.1,16.7,20.6,29.8
36389,3860,36724,6.6,16.7,36.1,23.4
36390,3779,67381,9.9,20.4,21.7,24.7
36391,628,61811,12.4,8.8,22.7,32.1
36392,225,49820,11.3,21.5,48.2,32.4
36393,3956,110372,9.2,19.8,37.5,39.0
36394,3358,117211,14.4,6.4,47.2,39.4
36395,753,47689,5.4,5.8,22.2,18.6
36396,4333,36454,10.7,8.1,49.6,38.6
36397,840,84513,4.1,18.1,42.9,37.9
36398,2361,118594,11.1,24.1,44.5,19.5
36399,390,26013,11.7,7.2,47.3,18.4
36400,3091,29389,12.4,17.2,48.2,33.1
36401,3741,25245,11.0,16.9,41.4,29.6
36402,2677,70027,4.5,8.4,38.3,36.6
36403,2839,83551,3.5,10.3,23.7,33.6
36404,1793,94056,11.6,15.8,23.3,37.5
36405,4744,51969,12.6,11.7,29.2,27.6
36406,1419,126543,3.4,8.2,32.4,22.8
36407,2921,100367,4.8,13.6,49.7,36.3
36408,3762,110396,12.5,6.8,39.2,19.4
36409,3329,81735,14.6,16.6,39.4,34.7
36410,1495,101376,9.2,7.9,36.5,18.9
36411,3067,61363,4.8,19.6,23.9,26.6
36412,4061,105472,6.9,15.9,36.4,27.8
36413,2714,65601,12.4,6.6,27.9,27.8
36414,1644,133579,9.5,9.5,37.0,33.6
36415,4001,107959,3.7,13.6,28.9,35.7
36416,4597,64117,6.7,12.9,35.4,16.8
36417,1880,104341,12.0,21.5,38.7,38.1
36418,2250,35913,6.9,17.6,34.0,17.6
36419,4982,56600,8.2,22.7,20.6,27.6
36420,4568,49471,13.9,16.0,24.8,16.8
36421,4533,85103,14.8,11.3,38.3,39.5
36422,1156,34178,12.1,5.6,26.1,33.9
36423,1545,133966,5.9,9.2,26.1,19.1
36424,2068,42343,5.9,10.1,40.7,23.6
36425,1196,27252,6.7,6.8,32.7,36.0
36426,1981,62020,4.9,15.6,41.8,21.9
36427,1304,46918,5.1,17.8,22.6,34.0
36428,2020,46310,6.1,6.0,43.5,37.6
36429,3683,90834,10.9,11.9,37.5,31.3
36430,3239,106938,10.3,5.5,35.8,28.8
36431,4074,133018,7.1,19.6,44.2,30.8
36432,3519,90079,5.4,15.0,48.4,26.5
36433,2138,115811,10.5,18.8,39.6,16.4
36434,1832,86482,4.6,17.4,24.0,32.5
36435,131,56023,4.8,22.1,38.5,22.1
36436,2068,113359,7.6,22.6,20.1,15.7
36437,3074,106185,9.8,16.2,29.9,25.5
36438,3430,57109,11.7,14.2,41.0,19.7
36439,3668,74776,11.2,24.8,46.1,22.2
36440,3025,142104,7.5,8.9,30.7,32.9
36441,2322,42536,10.9,17.8,27.3,25.2
36442,3538,91834,5.5,17.4,24.9,19.9
36443,114,57000,8.9,24.1,34.6,15.4
36444,3222,107295,10.4,6.9,33.4,32.8
36445,206,79359,11.9,24.0,34.9,27.4
36446,3893,143680,4.0,20.3,27.9,34.7
36447,4664,144747,4.2,7.6,34.1,24.4
36448,301,113279,3.9,8.9,30.5,37.6
36449,1894,91918,9.6,10.5,49.5,39.9
36450,1508,140539,9.8,18.5,25.7,33.2
36451,1016,96136,3.1,20.0,23.6,23.7
36452,4531,100035,10.9,19.7,44.4,27.2
36453,1784,134674,12.2,18.1,43.2,37.2
36454,3266,71892,4.4,7.7,44.5,30.4
36455,164,66442,7.0,5.9,34.9,21.6
36456,4748,116159,13.2,10.5,26.6,17.2
36457,4419,106127,11.2,17.0,47.2,29.5
36458,3750,95699,6.7,12.1,43.8,29.7
36459,2115,99646,11.9,22.0,42.4,35.5
36460,1421,142216,13.6,21.4,21.1,28.2
36461,4124,119195,6.7,9.4,34.6,39.9
36462,712,80373,11.2,18.2,30.2,38.5
36463,751,76517,4.1,21.6,30.3,36.8
36464,4913,35382,3.7,23.0,23.8,29.3
36465,1487,65863,10.0,13.5,46.5,17.2
36466,2966,139390,8.9,23.1,27.3,36.4
36467,2220,78763,12.7,19.8,21.5,26.6
36468,4863,136827,12.4,10.9,33.8,33.5
36469,3295,84391,6.4,11.8,36.3,20.2
36470,4209,80165,9.1,7.8,30.7,26.2
36471,3928,30918,12.1,12.6,31.0,17.3
36472,3228,71906,6.3,12.3,31.8,24.8
36473,4966,92270,7.3,17.5,40.5,39.5
36474,3205,92072,3.7,11.1,27.7,25.2
36475,637,84716,4.6,13.4,48.2,37.3
36476,2518,100277,10.3,7.6,31.4,38.7
36477,2307,91781,9.0,19.6,32.6,39.2
36478,3277,60301,5.0,5.8,24.4,25.9
36479,2422,75966,3.1,20.0,33.9,38.8
36480,2137,61294,5.0,8.6,40.9,34.2
36481,4453,99859,12.0,24.6,30.2,24.0
36482,1062,146318,4.1,24.8,25.8,28.5
36483,1343,103193,7.8,24.9,43.0,35.0
36484,632,105501,5.9,5.3,37.8,25.5
36485,1969,52535,9.6,9.3,34.7,17.5
36486,3230,78640,9.1,16.1,31.6,38.6
36487,1753,90510,14.8,19.7,28.6,25.8
36488,212,78366,12.3,21.3,23.5,29.8
36489,1399,40868,14.3,7.7,28.0,29.5
36490,2404,43157,9.9,22.1,28.2,36.7
36491,4524,70409,11.9,19.0,30.1,21.5
36492,3406,115877,13.7,10.8,28.2,29.4
36493,4246,145734,3.5,5.2,20.7,37.1
36494,1801,68964,14.0,23.3,28.8,35.1
36495,3914,108500,5.5,9.0,20.3,29.4
36496,320,133157,11.5,12.3,42.1,33.9
36497,2930,34862,12.3,22.0,25.7,18.8
36498,2743,106208,4.3,18.3,23.6,21.7
36499,3980,33178,14.4,7.7,39.0,31.7
36500,4417,26087,14.1,24.6,48.5,29.1
36501,3881,39593,10.9,11.4,47.7,21.4
36502,2058,81325,4.9,16.9,36.5,16.3
36503,1396,55012,9.8,17.6,30.4,37.1
36504,1132,28489,7.1,16.4,26.6,16.0
36505,4422,113080,14.2,16.6,31.5,16.4
36506,2705,103105,7.9,9.9,21.3,18.0
36507,3283,98547,11.3,24.2,37.6,15.2
36508,3328,89915,10.6,14.8,47.2,28.8
36509,1575,125904,6.3,7.8,40.0,33.0
36510,2465,27489,9.4,22.0,38.6,16.3
36511,2507,64277,7.9,7.9,28.5,17.5
36512,1035,147210,7.5,22.3,33.3,20.4
36513,3067,72458,13.4,16.2,48.6,17.6
36514,3049,69341,4.7,5.9,42.2,34.6
36515,2345,83780,7.9,7.5,21.9,27.3
36516,2737,74967,3.1,23.9,25.6,33.8
36517,4437,71053,6.1,7.6,33.1,29.4
36518,4050,33030,10.5,16.7,45.2,36.3
36519,2758,82575,4.1,11.3,47.3,17.9
36520,1914,116596,6.3,20.9,29.9,30.8
36521,3383,65025,13.6,20.9,25.3,32.0
36522,1396,114237,11.3,20.9,23.7,29.8
36523,3255,69615,3.8,9.2,22.5,22.9
36524,1747,114959,14.9,19.2,24.8,16.9
36525,459,124782,14.3,6.8,23.0,26.5
36526,3552,62252,4.7,6.5,34.9,20.8
36527,3711,59099,14.1,13.2,42.8,17.7
36528,1264,59048,9.6,16.9,29.0,21.8
36529,3344,122836,14.2,11.3,35.4,32.6
36530,4125,60189,14.6,11.1,46.4,24.1
36531,3800,36815,11.3,6.5,47.6,21.0
36532,602,125543,6.5,8.9,30.5,20.8
36533,4304,108325,14.1,17.2,42.0,31.8
36534,4938,81755,9.9,18.6,22.1,26.5
36535,1443,67847,7.1,23.2,37.2,23.1
36536,3479,84526,8.5,12.5,37.7,33.8
36537,3912,148058,7.9,9.7,36.4,18.2
36538,910,122500,14.2,19.4,25.0,31.6
36539,885,113285,12.8,18.5,40.0,37.6
36540,327,33084,3.4,10.5,26.9,31.1
36541,927,33742,3.1,20.4,47.5,35.9
36542,478,96663,3.8,9.0,22.7,19.5
36543,3911,54227,10.3,12.0,40.3,28.3
36544,2125,29074,12.8,9.9,31.7,21.3
36545,3464,79584,9.2,18.0,29.9,24.7
36546,3476,144592,9.4,14.8,29.1,30.1
36547,2438,69326,5.9,19.7,31.1,19.2
36548,1228,112699,8.5,7.2,27.0,33.9
36549,390,30653,6.1,10.1,45.3,23.1
36550,3648,45636,6.3,14.7,38.8,26.3
36551,2824,96469,7.7,6.1,42.2,29.6
36552,159,71531,3.6,19.6,27.0,28.7
36553,4301,121258,14.5,10.6,26.3,34.5
36554,2770,49776,14.0,17.1,32.8,19.4
36555,3439,48940,12.6,23.0,41.2,28.2
36556,2889,94431,9.8,10.1,49.2,27.0
36557,3754,50922,12.8,19.9,31.0,22.6
36558,3290,94976,14.7,17.7,45.9,26.0
36559,2592,92999,6.4,8.6,47.9,36.1
36560,4501,109064,7.4,19.7,20.2,39.5
36561,2762,80249,11.7,6.2,41.4,23.2
36562,301,99348,10.7,15.4,32.8,27.2
36563,3261,130187,12.9,7.4,37.7,18.4
36564,570,26777,7.2,18.7,35.9,30.3
36565,3126,61648,6.7,11.1,46.0,36.2
36566,3456,146372,10.0,21.1,25.6,38.7
36567,3854,136974,4.8,14.8,40.7,25.9
36568,2456,136470,3.5,6.6,27.5,37.6
36569,4073,42516,5.9,17.0,45.0,15.8
36570,4928,122729,4.9,5.3,46.2,34.5
36571,2683,72626,3.1,10.9,26.4,27.1
36572,4571,42338,12.3,10.4,30.7,39.5
36573,3885,72198,9.5,24.6,36.0,21.9
36574,2646,41515,11.0,9.9,22.0,17.0
36575,2783,25604,5.0,18.5,35.2,30.5
36576,4337,127965,6.1,10.1,38.0,25.4
36577,3223,114329,3.7,6.6,47.3,28.3
36578,3241,108320,15.0,6.3,31.0,18.3
36579,2407,101994,4.2,23.5,27.2,34.1
36580,3890,70313,4.1,6.9,35.9,21.1
36581,3210,119051,10.4,21.6,44.5,20.8
36582,447,134389,7.0,15.9,37.1,22.0
36583,1701,96983,13.7,13.6,45.9,19.3
36584,3696,93084,13.0,24.9,25.4,24.6
36585,3877,72683,13.4,22.8,46.1,17.6
36586,2653,102611,11.8,9.8,36.8,18.5
36587,4620,88677,4.6,17.0,28.5,27.7
36588,3878,47143,3.8,8.2,22.7,24.8
36589,421,59653,3.8,17.0,22.3,18.4
36590,3761,90874,12.6,7.5,40.2,20.5
36591,2397,51642,10.9,17.5,48.5,30.1
36592,279,96339,14.8,24.5,41.7,29.7
36593,4065,31558,10.7,16.6,42.2,18.9
36594,1812,88549,6.0,7.5,26.0,17.8
36595,128,91446,4.1,21.0,29.4,24.2
36596,3667,143684,7.4,11.6,44.0,21.2
36597,2133,137706,5.4,6.9,35.0,21.0
36598,837,38010,10.5,18.1,20.7,32.6
36599,3819,115965,4.2,21.6,27.9,22.7
36600,154,45654,12.3,14.7,46.4,21.1
36601,3025,114939,11.4,23.6,44.5,19.7
36602,1533,30500,11.8,18.6,25.6,32.8
36603,2164,53662,14.6,17.5,27.4,15.9
36604,3742,62382,10.8,12.1,48.3,21.4
36605,4283,124200,12.5,11.2,32.1,33.8
36606,3394,98960,4.0,10.7,24.2,39.8
36607,3955,126062,14.3,24.2,35.0,16.0
36608,2851,56460,5.6,18.0,34.1,26.6
36609,3733,66784,8.9,16.9,49.2,34.3
36610,824,82468,14.5,11.4,39.4,26.9
36611,1353,102384,5.2,12.1,33.6,35.8
36612,1277,58465,3.4,10.6,31.1,32.0
36613,1396,139458,6.6,8.1,38.4,30.6
36614,994,107981,4.9,23.4,36.0,15.3
36615,2599,123551,11.0,16.6,40.1,24.5
36616,1429,86439,6.3,19.7,36.5,18.6
36617,2574,67966,3.8,14.5,47.3,34.5
36618,2727,125223,13.7,6.1,20.1,33.1
36619,4446,26611,3.6,14.4,36.8,18.7
36620,2550,49716,6.3,5.8,43.8,16.7
36621,3068,61960,5.9,23.9,22.7,28.8
36622,1269,145462,3.3,11.9,22.8,26.2
36623,3539,61431,5.0,8.1,22.8,36.5
36624,2467,36519,12.8,9.5,48.3,27.1
36625,4394,91913,3.5,23.2,45.4,20.5
36626,1564,86384,3.3,9.1,23.3,15.1
36627,2292,39313,10.6,7.7,39.5,35.6
36628,1830,48539,4.1,17.3,37.5,37.9
36629,3394,48002,7.5,6.9,24.0,22.7
36630,1223,126167,3.0,14.4,35.8,27.0
36631,4721,100278,7.3,18.6,21.2,26.7
36632,1588,104714,6.8,7.8,20.2,27.3
36633,364,149897,10.4,20.6,28.7,34.5
36634,2129,115919,9.0,13.6,47.6,38.3
36635,1343,85189,11.1,19.2,36.8,23.4
36636,3866,36631,14.2,10.1,20.9,25.0
36637,495,111550,12.5,13.7,21.0,18.5
36638,1580,27312,14.2,14.5,23.6,37.9
36639,207,148551,3.7,10.9,28.1,18.4
36640,3663,90314,14.9,20.8,24.6,39.5
36641,3006,99032,6.9,8.6,26.7,31.6
36642,4831,90119,6.3,18.3,24.7,18.5
36643,3538,95415,7.8,23.6,43.3,27.3
36644,3296,108231,12.4,21.8,32.1,22.6
36645,1285,101568,14.5,20.3,40.2,26.0
36646,4231,135429,9.7,7.9,29.2,23.3
36647,3175,86476,4.9,20.2,33.5,32.8
36648,512,65610,5.6,12.5,38.3,38.9
36649,3258,144084,7.9,7.1,22.0,22.2
36650,582,98863,7.4,19.0,27.6,16.4
36651,3059,31631,5.9,6.3,48.9,17.4
36652,3947,77464,13.2,12.6,45.7,34.0
36653,702,119382,6.4,22.2,47.9,23.3
36654,1181,77003,10.1,18.7,21.2,19.4
36655,4367,56349,8.8,15.3,36.9,36.8
36656,4455,44416,14.1,22.6,28.3,17.6
36657,124,56057,10.5,20.0,45.3,36.2
36658,297,109326,7.0,14.4,37.9,31.7
36659,2726,86321,10.7,19.9,25.7,16.3
36660,522,84648,6.8,22.7,22.1,30.5
36661,1241,126369,4.1,7.9,41.1,25.3
36662,2153,49003,8.8,9.0,47.9,25.9
36663,1220,149121,13.3,19.5,29.6,19.1
36664,4267,88690,13.9,8.4,33.0,30.2
36665,4627,138294,9.5,8.3,42.0,25.1
36666,4575,55974,11.4,18.1,37.7,16.6
36667,1893,69127,10.3,15.7,38.6,37.8
36668,155,32886,12.7,20.1,27.9,23.5
36669,2363,136963,4.2,11.4,23.2,21.9
36670,120,118782,7.8,17.2,34.2,23.2
36671,3798,131626,6.0,22.9,36.6,37.0
36672,390,58394,3.1,23.1,43.1,37.8
36673,2094,107207,13.0,18.1,22.4,36.1
36674,934,30886,4.6,5.5,25.7,27.7
36675,4383,44091,6.9,15.6,26.8,22.0
36676,4409,92639,13.4,6.4,36.4,25.4
36677,2014,84391,11.7,24.8,32.4,38.5
36678,2701,60149,9.8,24.9,41.2,23.9
36679,1601,59402,6.7,7.3,45.8,18.0
36680,3421,137487,9.2,14.1,38.7,31.9
36681,4788,105681,3.7,22.2,46.1,29.2
36682,4236,40176,11.7,7.3,39.7,23.6
36683,119,51171,5.8,16.0,37.7,16.1
36684,1132,36447,8.8,9.0,36.2,32.4
36685,924,115798,4.1,14.7,35.1,35.1
36686,3374,117823,11.5,9.0,25.1,22.6
36687,3761,38096,13.7,15.6,34.8,35.2
36688,3893,37291,8.5,13.2,43.3,19.4
36689,847,141299,4.0,12.9,36.4,22.1
36690,4181,101210,14.3,8.2,32.8,39.1
36691,2466,120191,8.4,18.2,48.2,35.2
36692,1067,87976,4.0,6.4,20.6,16.3
36693,3647,136373,5.3,23.7,23.8,39.7
36694,4447,45446,4.4,6.2,46.9,25.3
36695,4535,63281,5.4,13.2,23.6,18.5
36696,2898,65800,4.9,10.7,36.7,21.7
36697,3115,46667,14.1,16.0,47.6,27.6
36698,1904,80081,5.5,5.5,40.6,17.3
36699,2778,83338,8.3,13.8,33.2,27.9
36700,2123,91937,11.8,20.1,22.4,37.6
36701,500,80343,11.1,21.1,26.1,33.0
36702,2518,75705,14.5,23.7,41.2,36.8
36703,4532,31744,14.6,7.2,40.8,21.2
36704,2023,52451,9.8,16.1,37.6,28.1
36705,1468,36419,12.0,13.0,35.7,17.4
36706,2420,89180,7.6,17.9,28.7,31.9
36707,3424,61338,8.2,21.6,39.3,20.6
36708,1977,71088,4.3,17.0,48.4,19.3
36709,2787,113215,11.1,9.6,39.7,20.0
36710,1497,66619,6.2,11.4,46.5,31.5
36711,3775,87937,4.0,22.9,41.5,25.6
36712,2019,42348,4.2,18.4,42.6,25.1
36713,105,117186,11.7,16.9,23.9,18.7
36714,685,140675,5.7,7.8,22.9,18.2
36715,1621,132108,12.2,11.8,29.5,25.1
36716,3978,106831,13.9,11.5,31.3,24.8
36717,3569,97902,7.1,5.5,39.1,21.2
36718,921,109050,12.5,23.6,31.9,35.6
36719,4433,130525,8.1,11.6,29.5,32.6
36720,3193,137469,12.3,7.1,49.8,21.6
36721,3212,106489,6.7,14.9,37.8,28.5
36722,957,69174,14.2,14.0,21.9,32.1
36723,2405,132772,14.8,22.0,20.6,26.9
36724,2650,117256,7.6,21.0,42.0,18.3
36725,2286,62734,5.4,20.6,33.9,26.1
36726,1325,110426,11.2,23.6,46.8,21.5
36727,2656,137068,10.0,12.5,42.3,19.3
36728,753,32719,14.9,16.8,43.8,21.0
36729,1439,66188,12.7,18.4,26.5,35.2
36730,4656,42402,13.0,14.4,30.4,24.9
36731,2817,99948,11.7,9.9,40.4,35.3
36732,3492,57228,7.2,23.0,45.3,18.2
36733,1162,144978,14.2,23.0,44.3,29.4
36734,4628,93415,8.6,20.4,30.1,29.8
36735,2632,71982,7.8,11.9,37.8,37.1
36736,1708,129961,5.3,5.1,20.1,27.4
36737,1181,61125,6.6,14.8,48.0,30.8
36738,2748,72562,3.0,15.5,28.4,38.3
36739,4850,57307,10.9,14.8,23.7,16.6
36740,2754,106764,10.3,6.9,43.3,29.3
36741,255,30734,7.8,20.8,41.3,17.0
36742,4396,69064,14.6,15.6,31.1,34.1
36743,3169,136368,11.3,9.4,31.9,24.3
36744,2063,59314,5.9,24.1,41.1,27.6
36745,4694,104227,7.5,11.0,20.7,26.4
36746,1334,92147,9.2,12.6,48.6,15.8
36747,1576,28977,9.5,13.0,47.8,17.5
36748,3855,62875,6.3,13.0,32.0,18.1
36749,930,78301,6.0,17.9,42.4,31.1
36750,3828,121352,6.6,10.7,37.0,32.0
36751,1442,119712,14.6,23.1,41.1,34.6
36752,2264,62380,7.3,16.5,47.2,22.6
36753,2844,49046,7.5,22.6,32.9,28.2
36754,4398,68287,11.6,23.3,32.9,30.7
36755,1944,45895,5.0,20.4,45.2,25.8
36756,561,39325,10.7,9.9,20.7,35.1
36757,3091,122385,11.0,11.6,27.7,27.5
36758,1678,123859,3.8,9.6,24.2,24.2
36759,300,49781,5.3,14.1,46.9,22.7
36760,615,39226,8.6,15.2,36.9,34.0
36761,4939,132497,13.0,11.8,21.2,18.0
36762,2496,45247,11.8,22.4,32.5,23.4
36763,3331,41501,13.5,12.9,44.8,35.6
36764,3796,76679,13.2,19.1,22.8,29.0
36765,1375,127155,9.1,21.7,28.9,32.3
36766,3393,61529,10.5,8.2,46.8,38.3
36767,1729,101628,14.0,19.3,21.9,16.0
36768,4118,46874,11.9,8.2,49.9,27.1
36769,4589,64139,7.3,20.3,29.3,15.4
36770,2116,104128,7.2,16.3,21.1,28.4
36771,266,149338,7.4,15.3,24.7,15.0
36772,1075,144924,8.9,15.6,39.2,21.9
36773,4647,52277,7.3,13.0,24.0,18.2
36774,959,63471,5.3,6.0,42.9,18.6
36775,4044,144324,10.1,16.1,31.8,20.0
36776,309,67008,13.4,5.4,46.9,37.9
36777,4963,80382,8.9,23.3,22.4,33.5
36778,1708,54882,5.6,10.0,31.9,36.5
36779,313,121867,12.8,18.0,37.7,35.1
36780,3531,93536,12.1,16.2,45.4,18.4
36781,1072,89495,11.4,17.3,36.1,19.3
36782,3899,130726,11.1,11.5,42.5,24.7
36783,403,30515,12.4,14.0,38.8,21.6
36784,1935,76377,13.0,20.0,28.7,16.6
36785,960,68147,13.8,12.8,32.1,32.0
36786,4147,132601,10.3,10.7,45.3,28.9
36787,1955,80139,7.7,5.6,23.2,27.1
36788,3561,37719,4.1,14.5,49.0,34.1
36789,2267,142681,11.7,18.9,38.9,35.0
36790,1733,115642,4.7,10.8,32.6,25.0
36791,2574,54039,13.4,22.3,46.0,18.6
36792,2477,95398,7.9,7.3,37.2,24.4
36793,1850,68060,13.5,12.5,40.9,18.7
36794,2782,119754,9.2,19.8,23.0,38.9
36795,3511,143128,8.4,24.4,44.9,31.5
36796,4759,103490,7.4,12.6,47.4,24.1
36797,4375,135146,3.7,19.8,22.6,39.0
36798,4485,125300,3.1,18.8,26.8,19.2
36799,4382,148621,9.1,23.7,32.2,39.9
36800,585,124378,13.8,15.0,35.3,18.2
36801,1460,48912,10.0,16.8,47.2,21.3
36802,872,118074,13.3,8.2,50.0,39.9
36803,3877,137682,15.0,10.3,42.4,28.4
36804,1932,121782,5.1,17.7,42.2,21.8
36805,1399,134199,10.9,16.2,43.5,37.0
36806,281,124170,8.0,13.9,25.0,36.3
36807,1362,94318,5.5,19.0,32.5,36.7
36808,4005,68092,5.9,9.9,43.0,19.2
36809,245,116304,5.9,19.0,47.1,26.7
36810,4042,45405,11.8,8.8,47.8,35.1
36811,1939,39016,7.3,14.9,20.0,24.1
36812,4694,89472,6.1,7.3,47.7,27.4
36813,902,35269,13.6,15.3,48.4,24.1
36814,2098,99898,3.4,21.4,20.1,16.2
36815,4050,127487,11.8,14.7,20.4,25.6
36816,1418,130773,14.5,11.6,28.1,38.0
36817,4726,38115,10.5,7.8,21.7,18.9
36818,3898,41974,9.6,12.2,38.6,27.0
36819,2358,139402,3.7,22.1,33.4,22.0
36820,3040,97727,9.0,12.8,27.0,33.7
36821,4161,85835,7.3,8.7,43.7,35.3
36822,2152,27224,12.3,22.8,25.2,35.6
36823,3952,114274,12.7,23.6,43.0,26.7
36824,315,30333,5.0,24.1,49.2,22.7
36825,885,89806,9.3,15.4,37.4,28.4
36826,1735,88239,13.3,16.2,44.8,35.2
36827,2399,138327,10.5,11.1,23.0,30.0
36828,3852,129437,8.8,11.7,29.1,15.8
36829,3209,52215,13.8,15.3,40.7,27.9
36830,4423,78997,14.6,8.2,41.0,18.6
36831,384,149496,5.8,24.2,23.5,33.6
36832,3681,69228,5.2,18.7,47.5,23.3
36833,2110,29904,13.4,5.9,48.5,21.1
36834,2513,29898,5.9,10.2,21.0,38.0
36835,1743,76647,13.2,11.0,44.3,21.9
36836,1227,116316,6.6,5.2,24.1,30.8
36837,3572,121309,3.2,24.7,23.7,35.6
36838,1369,148044,8.1,10.6,41.0,27.4
36839,3878,125787,3.5,6.0,22.4,26.6
36840,743,110521,5.5,22.5,33.4,39.7
36841,2878,37052,8.8,7.2,31.5,20.9
36842,125,126631,3.5,14.1,40.4,27.3
36843,3422,89809,3.4,12.3,43.9,24.2
36844,2145,100584,4.9,6.6,26.3,22.0
36845,4037,59768,8.6,5.7,25.5,16.3
36846,4907,144943,14.7,10.4,47.2,28.0
36847,1125,29572,4.1,12.2,20.2,32.2
36848,3930,56443,10.5,19.9,36.8,26.7
36849,1168,31896,9.0,19.5,37.8,17.8
36850,1038,30233,3.7,14.3,44.6,18.8
36851,4198,37644,3.4,9.2,26.5,24.0
36852,1572,56142,5.7,21.8,48.5,32.3
36853,3747,27364,11.2,18.0,22.1,32.5
36854,2425,49507,14.5,12.0,29.1,33.0
36855,275,63596,9.7,22.4,27.4,27.4
36856,1243,26210,3.5,21.4,26.5,36.6
36857,3610,40625,6.1,5.0,25.0,20.9
36858,4162,97382,14.3,22.4,25.6,36.7
36859,1050,68973,3.2,15.6,43.2,30.6
36860,4536,108718,10.2,23.5,49.0,25.4
36861,2844,123850,5.1,20.4,43.2,34.6
36862,220,38146,3.8,7.9,27.5,32.3
36863,4770,98769,6.1,11.8,27.5,28.1
36864,2020,26748,14.2,11.2,42.0,32.3
36865,1784,103935,12.1,19.1,29.9,23.3
36866,1068,147140,5.1,15.8,44.0,21.0
36867,3908,69186,3.8,10.4,20.4,17.1
36868,4880,80589,8.9,20.2,31.3,23.2
36869,3415,97449,3.6,18.1,31.5,22.3
36870,4838,124864,7.8,20.9,29.9,17.9
36871,1204,28777,12.6,19.9,41.5,25.7
36872,4489,87757,9.0,17.3,40.2,35.2
36873,2605,113122,13.8,8.3,49.9,35.6
36874,4942,55161,12.5,8.9,38.4,17.2
36875,3984,49169,9.7,20.7,45.0,32.7
36876,832,142254,12.5,22.1,27.2,37.5
36877,1681,131160,4.1,15.0,39.6,15.3
36878,3779,37483,5.4,24.7,34.5,31.8
36879,3952,64787,11.4,10.9,45.6,39.9
36880,2527,108687,3.1,19.6,46.4,30.5
36881,423,124624,3.1,18.4,27.6,19.1
36882,3799,54106,7.6,19.9,21.8,25.2
36883,3092,143632,13.4,13.3,36.2,15.4
36884,461,67715,14.8,9.9,30.1,30.5
36885,2200,105733,10.8,13.1,41.3,38.3
36886,4597,69823,14.4,8.8,20.2,31.1
36887,4876,79563,13.2,7.2,40.7,26.9
36888,1992,136439,5.4,18.7,36.2,21.2
36889,2854,70536,7.8,24.7,29.7,24.1
36890,1572,90417,10.5,18.3,37.2,15.5
36891,1206,81303,4.8,7.7,48.0,25.2
36892,2526,47292,6.8,15.4,46.6,18.7
36893,1903,148162,12.1,17.1,46.2,30.0
36894,2127,57566,7.1,19.7,27.1,30.0
36895,180,127996,14.1,20.5,32.1,23.9
36896,3068,80514,7.9,9.0,22.2,34.4
36897,2641,146732,5.6,11.5,23.9,35.3
36898,3839,80156,5.5,15.9,27.1,25.2
36899,3088,94346,11.2,5.1,46.5,18.2
36900,4936,47485,7.4,9.0,23.6,33.7
36901,424,25826,5.8,24.1,30.5,27.4
36902,2461,110923,11.3,12.1,20.9,35.0
36903,1334,55537,8.1,19.9,27.9,21.1
36904,202,33481,13.2,14.4,43.9,28.8
36905,846,115675,9.6,25.0,47.8,18.1
36906,3791,45981,14.7,23.0,32.4,30.9
36907,3585,98212,7.5,10.7,28.4,32.1
36908,1347,56109,6.4,21.1,37.2,38.7
36909,3164,99381,10.7,16.0,20.8,35.5
36910,1819,93666,11.5,11.1,30.0,19.7
36911,2302,26080,3.2,15.3,43.6,27.7
36912,3405,116767,11.0,11.7,20.6,39.1
36913,2636,60876,5.2,8.6,28.3,20.0
36914,3585,77921,14.5,14.4,25.8,18.8
36915,1889,66426,9.9,13.5,30.6,22.9
36916,1864,46279,4.5,11.3,22.2,36.7
36917,3457,88613,3.6,17.4,32.8,23.8
36918,4782,39036,13.6,7.6,34.1,33.5
36919,3097,126838,13.2,24.5,22.9,25.6
36920,359,73464,8.2,9.2,44.6,30.8
36921,2018,49252,4.0,17.3,41.8,20.9
36922,1886,27027,7.7,13.0,27.9,27.7
36923,199,85600,12.1,5.2,24.3,17.4
36924,4005,110612,10.9,9.3,49.9,30.5
36925,2442,122331,13.4,16.0,20.8,26.4
36926,3333,69375,12.0,12.0,35.6,19.7
36927,3349,133463,7.0,21.7,42.1,28.5
36928,427,145714,7.1,18.5,48.1,22.4
36929,1451,125964,10.8,8.1,35.7,22.0
36930,2911,121669,6.7,23.7,37.3,20.3
36931,2389,137955,13.4,9.8,46.7,35.4
36932,1465,113209,6.9,6.2,32.2,36.6
36933,3262,139039,8.9,14.7,31.2,30.9
36934,3199,104835,3.5,13.8,46.7,30.7
36935,4654,43636,4.4,14.8,41.8,24.7
36936,3802,141714,4.6,6.4,40.0,37.9
36937,1508,86897,7.1,10.9,24.9,38.6
36938,1610,85078,4.4,23.4,32.8,32.1
36939,319,75406,8.5,20.9,31.9,23.4
36940,2268,149171,6.2,8.0,47.4,32.5
36941,3286,148825,6.3,10.8,21.4,27.2
36942,3339,84130,8.3,19.9,49.5,19.6
36943,4630,114445,13.2,22.2,47.4,19.4
36944,1369,148368,12.1,7.8,39.1,20.0
36945,4475,130071,13.6,16.9,32.8,32.2
36946,3917,102863,14.9,13.8,43.1,31.1
36947,167,144513,3.1,14.7,45.0,21.2
36948,1771,83091,11.3,20.9,25.2,34.0
36949,842,138855,4.4,16.9,46.3,38.9
36950,2112,88762,14.2,16.1,24.4,15.3
36951,1805,51198,5.7,12.6,32.2,19.2
36952,1546,89239,7.2,11.5,26.1,33.0
36953,3169,58123,14.7,19.6,36.2,32.2
36954,390,80450,13.4,23.3,47.9,20.6
36955,3779,93275,3.6,5.5,30.3,34.7
36956,4010,133111,3.6,14.5,44.5,17.9
36957,4751,118702,12.8,16.3,35.4,29.3
36958,452,142836,3.8,10.7,44.4,29.2
36959,1363,104926,13.2,6.8,47.0,33.0
36960,1926,83059,14.1,8.4,33.0,36.4
36961,4478,61698,3.3,19.1,31.9,36.5
36962,1705,49032,5.6,9.4,26.4,32.9
36963,3936,128070,3.3,13.0,46.7,36.3
36964,3498,30258,3.9,5.3,42.3,35.4
36965,4651,111416,9.4,8.4,33.8,37.5
36966,3106,37517,11.8,21.3,31.7,18.6
36967,1104,85737,8.8,15.5,23.1,17.2
36968,2178,135658,7.6,7.0,26.0,33.3
36969,2595,120329,5.5,6.7,28.5,26.3
36970,2361,96793,5.8,23.4,46.5,35.8
36971,3864,56135,10.0,12.4,40.0,28.2
36972,1837,115007,13.3,20.3,25.5,39.7
36973,3196,63871,7.9,13.7,30.6,17.4
36974,2544,79284,14.3,7.5,25.6,29.7
36975,436,147773,3.6,15.5,28.7,27.3
36976,3083,67642,13.0,7.0,24.7,19.9
36977,1067,55644,7.1,22.3,44.6,35.8
36978,771,83790,13.4,6.0,21.7,33.0
36979,1403,64956,14.0,19.0,33.4,22.1
36980,4964,67479,11.4,24.5,28.6,18.9
36981,2770,29310,7.3,22.7,32.1,26.8
36982,2706,144951,8.5,23.1,46.8,17.4
36983,1814,125841,9.6,10.1,33.7,18.5
36984,2695,46382,8.5,14.4,33.1,19.9
36985,3070,99067,12.5,9.6,32.6,18.5
36986,3369,33303,12.3,18.8,24.3,33.3
36987,2701,120209,3.2,18.1,36.8,23.7
36988,578,86821,4.8,10.9,28.4,20.6
36989,943,54773,7.4,13.2,38.4,19.5
36990,1725,77889,11.1,12.6,39.9,38.9
36991,1980,94717,5.8,19.0,44.4,24.1
36992,3751,144144,6.9,5.4,41.1,32.4
36993,2217,91019,8.5,23.5,38.5,15.8
36994,604,103297,10.1,7.8,43.1,31.2
36995,209,138739,13.8,11.3,39.8,27.5
36996,1505,50456,12.7,5.9,30.3,33.7
36997,4592,77254,7.3,13.8,23.4,27.7
