ZCTA,Population_65plus,Median_Income,Heart_Disease_Prevalence,Diabetes_Prevalence,Obesity_Prevalence,Arthritis_Prevalence
00001,960,28480,4.6,20.4,42.1,33.8
00002,3872,131846,8.2,21.7,43.5,20.4
00003,3192,149437,5.7,15.4,30.9,36.6
00004,566,40860,8.9,10.9,31.5,32.5
00005,4526,93578,8.0,23.9,30.2,26.2
00006,3544,142524,14.8,24.2,26.6,39.1
00007,3271,82230,14.0,9.5,41.4,33.8
00008,3019,82026,10.0,20.7,46.8,27.0
00009,230,31564,5.1,5.8,32.2,22.5
00010,1785,45012,9.7,5.0,41.6,21.6
00011,869,79169,12.5,12.0,34.7,21.5
00012,2491,133537,3.5,14.3,23.8,26.5
00013,2533,115222,8.2,15.9,35.4,19.8
00014,1284,119416,3.5,12.6,28.0,32.9
00015,4655,51341,5.9,7.6,40.1,35.9
00016,3485,81758,4.1,11.9,33.5,17.0
00017,4217,108121,14.5,21.4,40.3,33.6
00018,4943,134474,5.0,11.7,34.4,27.7
00019,3004,71841,4.8,16.8,42.8,17.0
00020,574,117584,14.7,18.6,49.9,22.6
00021,1182,68335,9.2,19.6,45.8,37.1
00022,2658,80155,12.1,14.8,41.2,32.9
00023,2147,123314,6.9,7.5,27.4,25.0
00024,2847,106147,9.4,23.0,37.1,32.8
00025,1075,54527,3.1,10.2,39.0,21.5
00026,1906,120466,7.9,11.8,42.0,19.6
00027,289,73775,9.7,20.5,25.8,38.0
00028,2834,133085,9.2,20.3,35.5,23.2
00029,3105,75653,7.9,22.9,33.9,20.3
00030,4758,49704,12.5,5.7,27.9,30.1
00031,1999,131209,9.0,22.5,36.2,37.0
00032,1367,126907,10.6,20.8,47.3,34.0
00033,1628,143883,5.2,15.5,43.1,26.0
00034,3302,58057,13.3,8.2,36.7,30.9
00035,3656,128992,7.4,15.9,41.9,20.0
00036,3990,32393,8.8,8.9,43.7,27.8
00037,746,100404,7.2,24.3,41.7,36.0
00038,2988,136740,13.7,19.2,45.8,38.3
00039,2535,65373,13.8,16.9,43.3,33.3
00040,700,116956,5.7,21.3,44.8,24.8
00041,2463,135131,12.0,15.6,35.6,21.7
00042,2161,109613,4.2,6.2,35.1,23.0
00043,341,84171,3.4,10.2,30.7,33.8
00044,2141,54336,13.0,24.6,34.8,19.8
00045,2924,83714,4.6,22.0,40.9,25.1
00046,2712,37985,4.9,23.5,29.3,39.1
00047,1463,37014,10.3,7.0,26.7,37.9
00048,1578,33374,12.8,10.0,46.4,38.0
00049,2656,140038,5.3,6.3,20.8,16.4
00050,875,110506,4.4,21.4,48.0,38.4
00051,4114,47299,3.9,8.5,45.5,19.7
00052,134,116513,3.3,13.2,39.8,33.8
00053,3252,52331,4.4,10.4,42.8,19.8
00054,2055,30584,14.3,23.6,38.0,24.7
00055,1685,37965,4.1,17.2,37.2,25.3
00056,4043,109769,10.2,21.0,39.5,27.5
00057,3173,45819,14.1,17.0,20.2,37.3
00058,1121,53782,10.5,17.3,45.0,30.9
00059,3561,129708,3.4,12.7,44.5,19.9
00060,2713,135463,10.2,9.8,34.6,25.7
00061,3943,104035,13.8,12.0,27.1,18.6
00062,1600,110847,6.9,10.9,30.0,23.5
00063,4898,113434,6.8,18.8,32.8,25.6
00064,261,85773,6.0,13.5,24.8,22.8
00065,4397,48824,9.1,16.0,38.2,34.3
00066,2081,145504,5.9,20.4,24.6,15.4
00067,1095,39110,11.7,10.3,40.5,38.3
00068,3442,72707,10.7,13.5,36.9,28.1
00069,4651,113512,7.8,15.4,45.1,35.1
00070,3898,30825,11.7,6.1,31.9,19.7
00071,1375,28488,4.2,8.0,47.2,23.8
00072,1116,92431,12.0,6.3,39.6,39.2
00073,437,93444,10.2,20.0,20.0,28.5
00074,978,91947,10.6,11.0,33.1,24.0
00075,1176,30457,3.8,13.5,49.0,40.0
00076,4987,102110,10.4,18.4,48.8,32.2
00077,4093,133439,8.9,24.3,37.1,35.2
00078,4959,143687,8.8,21.2,39.9,19.9
00079,479,63216,6.9,6.2,27.1,15.3
00080,592,118230,3.1,11.1,29.6,37.9
00081,2162,33847,8.1,6.0,31.9,22.6
00082,3984,113212,7.8,6.2,32.4,34.1
00083,164,66309,8.1,7.5,41.2,25.7
00084,2668,39658,10.3,11.4,22.3,37.1
00085,2127,113928,6.6,9.6,21.4,21.5
00086,2795,42527,6.2,12.0,35.6,28.2
00087,1595,54676,9.0,21.4,37.4,24.1
00088,491,41781,10.1,21.0,31.6,32.1
00089,4614,25645,9.8,12.0,42.4,28.4
00090,4574,122476,13.6,18.2,25.1,33.4
00091,3661,103236,12.2,12.5,49.7,25.9
00092,2378,48990,3.6,12.7,30.5,34.5
00093,3199,111052,9.8,18.5,29.9,27.7
00094,300,43618,8.0,12.7,31.8,17.9
00095,4975,86859,7.3,16.0,45.1,33.3
00096,3204,101500,14.5,7.3,26.6,25.7
00097,4698,83827,8.5,15.8,33.7,34.6
00098,2554,122389,11.6,19.8,28.0,37.7
00099,3745,121726,14.6,22.8,21.3,37.6
00100,904,149863,4.8,7.9,31.0,34.6
00101,2831,26962,3.7,13.2,22.3,17.9
00102,2873,140497,6.8,14.7,49.1,39.1
00103,1670,64241,3.5,23.1,24.2,28.1
00104,2790,65251,4.4,10.1,49.5,37.9
00105,3940,87397,14.9,8.3,33.8,32.1
00106,1128,94951,14.5,7.8,25.0,20.3
00107,602,80770,11.3,8.1,28.0,30.7
00108,4593,139152,12.0,22.4,31.6,24.2
00109,970,56545,4.7,17.4,40.4,15.4
00110,4588,33705,10.1,13.4,41.4,36.2
00111,306,148213,4.9,22.3,26.5,39.5
00112,1584,120302,7.5,11.0,25.9,28.1
00113,963,35704,7.1,23.6,47.4,22.9
00114,2890,57119,10.4,20.2,33.6,20.3
00115,663,53671,4.0,5.4,30.8,21.4
00116,4291,46203,4.2,14.3,38.8,35.9
00117,1857,106927,10.3,21.8,36.5,18.9
00118,1778,145503,10.6,12.9,46.8,38.3
00119,3342,117115,7.1,24.7,24.8,25.6
00120,4736,37451,4.8,21.9,33.5,31.4
00121,1159,49516,13.6,20.1,26.0,25.6
00122,1822,136372,3.6,7.7,23.2,39.9
00123,3414,145102,11.6,7.2,28.6,24.3
00124,3257,121613,4.7,17.8,22.0,24.4
00125,2725,100856,10.6,18.2,38.1,36.8
00126,2829,83642,11.0,8.0,45.5,17.9
00127,1697,70976,12.7,22.1,29.1,19.4
00128,3160,44330,7.7,22.5,39.0,39.4
00129,2793,112656,3.3,13.3,23.9,17.3
00130,4991,59612,12.7,17.2,27.0,16.1
00131,3727,143299,8.3,15.2,40.3,33.9
00132,1463,138561,13.2,5.7,47.6,26.6
00133,2081,56790,12.3,6.8,20.6,28.2
00134,1763,130863,9.0,20.6,39.3,27.9
00135,1629,147872,15.0,14.8,41.1,37.0
00136,2138,112606,8.5,17.2,37.9,24.5
00137,3402,44449,11.4,17.3,32.8,35.1
00138,2337,99830,11.0,12.6,49.6,29.3
00139,1406,57256,9.2,5.6,28.2,18.8
00140,4129,123983,10.0,20.7,34.0,33.0
00141,2775,32190,12.6,14.4,40.2,17.4
00142,1382,128651,9.9,7.8,20.0,21.2
00143,809,70493,8.4,5.4,30.8,28.9
00144,4844,36561,10.9,5.4,31.8,26.2
00145,4513,45431,3.4,5.7,20.3,27.9
00146,3848,54617,4.3,8.1,20.8,27.6
00147,4879,38571,4.5,9.6,49.7,28.8
00148,763,134319,8.1,9.9,23.3,22.3
00149,2098,121931,13.5,17.6,27.1,25.3
00150,3545,25009,10.7,9.8,24.2,33.6
00151,3843,139291,14.7,18.5,35.4,36.7
00152,1595,135749,3.5,21.5,42.1,15.7
00153,3404,105739,11.7,12.7,22.3,24.9
00154,3863,68791,6.8,19.4,37.6,24.5
00155,1953,146151,3.3,7.1,30.6,28.4
00156,4759,95857,12.9,11.6,34.7,15.0
00157,1391,78368,5.0,18.7,28.0,22.5
00158,3681,100914,5.6,23.6,45.9,30.5
00159,3557,148553,7.1,17.3,33.6,20.7
00160,1736,73847,12.5,12.3,24.8,16.4
00161,3796,147422,10.5,11.3,43.8,20.8
00162,3099,98042,6.2,12.8,42.6,36.1
00163,3252,100755,5.0,18.1,34.5,21.8
00164,798,120491,4.3,11.5,41.7,26.5
00165,2260,59224,4.8,14.4,38.1,17.9
00166,4197,123347,13.4,20.2,24.9,33.3
00167,4837,65094,14.1,9.8,50.0,25.7
00168,954,87818,14.6,19.3,43.2,19.7
00169,3574,119305,13.0,20.2,40.0,39.2
00170,1807,35086,13.6,22.3,44.9,36.0
00171,2877,118893,12.8,5.5,47.8,24.3
00172,1833,65544,14.5,7.3,37.3,18.1
00173,3610,117398,13.1,24.1,37.7,30.4
00174,302,144258,8.5,7.5,20.7,34.5
00175,3355,43955,6.9,14.8,32.4,36.9
00176,4318,72660,10.0,8.3,35.3,25.5
00177,4596,149295,10.3,21.2,27.0,20.3
00178,866,98736,9.9,6.9,30.8,20.3
00179,4489,96168,11.5,6.7,31.0,15.4
00180,2427,104236,11.4,15.1,31.0,34.7
00181,3031,59630,4.0,9.8,48.7,27.7
00182,297,75385,6.4,18.2,37.6,38.1
00183,2030,110045,13.7,18.7,29.4,19.3
00184,3682,29711,10.1,16.7,29.1,22.8
00185,708,55871,6.9,21.7,45.4,36.4
00186,3372,27457,13.2,18.9,39.3,30.4
00187,1247,147889,6.0,8.8,45.5,23.9
00188,4382,101732,7.9,6.6,39.3,21.7
00189,3497,103375,6.3,20.0,47.4,29.6
00190,2611,64467,13.5,19.8,32.1,24.6
00191,1894,38167,11.7,22.0,45.3,21.6
00192,759,98995,8.5,9.0,25.3,24.4
00193,2911,32157,14.2,9.5,40.1,32.7
00194,1469,135357,14.1,16.5,30.9,25.5
00195,2086,27714,11.5,8.1,35.7,26.9
00196,246,111466,13.7,10.9,42.1,31.7
00197,3319,52217,11.6,21.2,36.9,27.1
00198,3011,65132,10.5,11.7,41.9,38.8
00199,1834,121653,8.0,5.2,21.1,16.7
00200,1943,105792,6.3,18.0,32.0,31.9
00201,588,81371,3.7,8.6,48.6,36.6
00202,3076,135302,12.6,8.9,42.9,21.8
00203,2059,81788,4.5,5.3,34.5,25.3
00204,2485,34583,7.9,16.6,41.3,24.6
00205,3019,114461,5.8,16.2,20.8,37.8
00206,4836,67042,8.5,6.9,28.8,22.9
00207,1902,115405,6.8,6.0,47.1,28.6
00208,4161,102807,13.0,14.8,34.9,19.1
00209,3469,93371,14.7,20.6,48.6,16.1
00210,362,33013,14.3,24.1,27.9,31.6
00211,723,147643,10.5,6.5,45.0,28.7
00212,1116,103775,14.8,19.2,20.6,17.2
00213,3743,54540,7.8,8.8,20.1,38.9
00214,2149,61973,9.3,5.7,24.1,25.8
00215,3823,137157,6.1,11.7,27.8,27.0
00216,4648,92690,13.8,16.5,21.3,26.8
00217,3208,112028,5.2,17.0,26.3,27.8
00218,4190,133840,10.3,6.0,46.2,27.1
00219,2156,94459,12.6,23.6,47.5,35.9
00220,3270,56558,10.1,6.1,23.6,26.7
00221,1782,133350,3.9,9.3,29.5,28.9
00222,2355,113004,10.3,13.7,38.3,22.7
00223,1254,65030,12.2,23.9,39.8,28.5
00224,4599,61636,5.3,24.8,20.8,30.2
00225,3291,94326,11.8,5.0,47.4,33.5
00226,1796,134528,13.5,9.5,32.8,36.1
00227,4091,115956,14.8,15.0,33.2,31.1
00228,4823,84051,7.9,18.9,22.6,18.5
00229,4782,122751,3.3,18.1,35.8,17.4
00230,1748,88566,8.0,10.0,37.6,29.7
00231,1545,76159,10.9,9.0,33.7,21.4
00232,4299,91809,13.7,5.3,46.6,34.8
00233,4023,81025,14.3,21.9,23.3,38.2
00234,353,51680,13.9,12.6,25.5,25.7
00235,3283,134463,10.9,22.3,31.3,30.4
00236,2657,37434,11.2,11.5,38.3,32.3
00237,198,87185,3.0,20.1,32.7,34.3
00238,2300,71096,7.4,6.4,45.5,27.1
00239,3061,72471,13.9,21.2,26.4,16.4
00240,4533,81004,11.3,22.8,27.2,19.6
00241,3877,99940,8.6,10.3,46.7,16.2
00242,2969,65579,4.3,7.8,34.0,27.9
00243,3334,35487,6.0,8.9,39.6,29.5
00244,3891,100925,9.7,22.4,31.3,15.6
00245,1056,119921,13.8,10.7,31.3,22.5
00246,4167,85628,4.1,9.6,24.3,38.0
00247,260,125568,4.8,24.6,46.6,16.3
00248,4593,73133,10.9,18.4,44.8,27.1
00249,1400,121925,6.5,21.6,36.1,31.8
00250,4087,138500,5.0,19.9,21.2,22.3
00251,1627,108530,5.1,12.5,26.7,37.5
00252,1318,34610,8.9,22.3,25.7,18.7
00253,4596,108706,10.0,16.8,36.1,32.3
00254,4835,78551,13.9,18.1,24.7,25.4
00255,3204,38869,9.4,11.5,33.0,21.3
00256,2835,110402,11.3,24.6,25.8,26.2
00257,4655,113466,5.2,22.1,28.6,28.7
00258,1054,100605,11.6,8.0,29.0,20.9
00259,4665,134403,10.8,9.1,26.8,37.9
00260,3546,73954,5.6,20.0,27.9,17.7
00261,1145,99107,11.0,5.5,24.6,29.0
00262,1793,47979,5.5,11.7,43.2,27.0
00263,3536,36492,10.1,15.7,49.2,36.6
00264,662,140381,11.0,9.1,43.5,26.3
00265,2585,85920,11.3,22.5,31.0,29.9
00266,3454,120826,13.9,22.8,42.7,38.1
00267,325,137784,14.4,24.1,21.9,16.2
00268,4993,119257,12.7,7.9,30.6,28.0
00269,1059,149327,13.5,6.6,31.9,38.1
00270,4648,122379,3.2,16.1,20.4,17.5
00271,3167,101118,7.4,20.8,48.5,37.1
00272,915,48409,3.5,10.8,33.9,15.5
00273,4854,141443,5.7,9.8,49.6,35.6
00274,4742,90162,7.6,15.4,28.4,36.8
00275,3220,97569,13.4,14.6,49.4,15.3
00276,116,49077,9.1,14.6,38.4,20.6
00277,1343,85428,10.8,13.1,32.5,25.6
00278,2305,51455,7.4,19.5,45.0,26.4
00279,2624,52385,10.2,17.3,36.3,30.7
00280,1169,25847,12.8,14.8,44.8,16.9
00281,3544,101699,6.6,19.4,35.2,15.5
00282,2665,78213,14.2,10.2,32.6,19.8
00283,1160,140883,5.6,22.8,38.2,34.7
00284,2427,34704,14.0,12.7,42.7,23.0
00285,3520,69862,3.3,11.6,21.4,32.9
00286,401,145166,9.5,15.8,32.1,25.0
00287,4376,56849,14.8,10.4,25.1,31.7
00288,706,96868,10.3,10.4,48.5,15.3
00289,3270,147842,9.7,6.6,49.2,16.2
00290,799,30648,11.2,18.0,47.3,33.3
00291,1239,56793,6.5,23.3,35.4,38.4
00292,290,110240,3.6,18.7,42.7,18.3
00293,2400,109377,6.0,16.4,47.7,24.1
00294,1080,118574,5.1,19.2,46.1,34.8
00295,3075,28450,14.1,24.3,36.1,18.0
00296,1284,33418,13.2,11.7,24.5,22.6
00297,3427,73718,6.8,13.6,47.3,21.1
00298,3494,59575,13.0,10.7,44.6,27.7
00299,227,135804,5.5,5.3,32.0,18.7
00300,2165,122260,5.4,11.9,33.9,27.8
00301,1916,139009,12.2,6.4,49.7,31.5
00302,669,58186,6.9,22.2,38.0,27.2
00303,1995,139426,3.8,19.3,25.1,17.9
00304,2833,51451,11.6,11.1,24.9,15.8
00305,3963,28155,14.9,11.6,21.9,39.6
00306,4821,34110,9.8,16.4,37.6,32.6
00307,4114,114284,6.2,21.0,20.8,36.8
00308,3001,54448,7.5,19.4,44.5,15.1
00309,1786,123122,10.8,5.6,29.5,35.1
00310,3109,110738,11.4,20.7,30.3,38.4
00311,254,70231,13.6,22.6,42.8,20.4
00312,2637,60399,13.9,6.8,23.2,22.1
00313,1509,45058,13.3,20.4,35.9,29.9
00314,4157,149225,10.8,10.0,31.1,19.2
00315,884,95166,8.4,8.5,23.0,15.8
00316,3275,97404,11.2,15.9,28.9,34.4
00317,4441,128817,11.0,16.1,38.9,35.4
00318,2906,125133,5.6,14.4,39.9,30.1
00319,637,100391,9.1,23.0,23.8,26.4
00320,1941,73698,5.5,9.8,48.2,29.6
00321,2555,70379,13.8,17.1,25.5,25.0
00322,624,115196,6.9,13.2,39.9,21.5
00323,3050,122275,12.7,22.5,29.8,17.4
00324,4231,28812,7.5,7.7,41.1,22.0
00325,4880,42270,12.2,6.7,44.4,28.8
00326,4215,48978,5.7,24.9,22.4,15.6
00327,2468,36531,12.2,16.5,43.9,36.3
00328,3947,53783,5.2,23.2,23.6,27.6
00329,4595,85019,8.9,13.2,35.6,29.3
00330,2801,38236,4.4,17.1,30.1,21.3
00331,1071,142485,9.3,18.9,29.2,39.8
00332,1266,55093,12.8,24.7,24.6,25.9
00333,2874,94683,12.1,7.3,40.3,20.1
00334,2082,43515,3.6,7.5,29.1,38.8
00335,953,118806,8.9,15.5,35.2,15.3
00336,4246,27759,13.2,6.1,20.5,39.0
00337,3836,134274,10.8,19.5,38.1,22.9
00338,3869,50316,3.7,24.8,40.3,33.6
00339,674,93412,6.9,21.2,21.9,23.1
00340,3361,70480,9.7,10.3,36.0,30.2
00341,1248,38332,5.1,21.0,41.4,29.2
00342,1815,100439,11.2,17.6,24.2,35.7
00343,4877,74207,10.6,7.4,21.3,29.9
00344,3954,126666,5.4,16.3,25.8,37.1
00345,2591,68819,9.6,22.9,30.5,35.8
00346,2760,83150,12.7,10.8,32.8,25.7
00347,3224,142744,7.5,18.2,22.2,29.3
00348,3151,78902,6.0,5.8,49.4,35.6
00349,104,34198,11.4,21.7,40.7,37.4
00350,4969,128307,3.8,9.1,24.0,17.2
00351,976,40732,13.0,17.2,43.9,35.2
00352,1091,131209,14.3,15.5,29.6,28.5
00353,4242,111023,14.6,16.0,31.3,30.3
00354,4464,80419,8.2,10.1,22.2,24.6
00355,4565,26781,10.5,16.2,32.7,16.8
00356,735,103948,13.3,17.1,22.3,38.6
00357,1793,75141,5.7,13.5,40.4,38.4
00358,1782,122090,3.3,17.7,30.3,19.9
00359,4852,86277,7.6,8.8,28.9,24.7
00360,219,134660,13.6,15.3,39.5,29.8
00361,930,81704,9.1,19.3,40.6,29.0
00362,3775,56485,9.4,12.4,39.2,18.1
00363,1469,79351,11.3,13.2,43.7,15.3
00364,840,143057,9.9,8.3,39.1,39.5
00365,216,51654,3.7,17.3,48.4,39.6
00366,2938,58145,9.7,7.5,37.0,28.8
00367,1250,76529,10.8,15.0,46.5,26.0
00368,2031,129349,10.7,9.2,48.8,39.0
00369,1112,71378,11.7,8.9,24.9,26.8
00370,1764,41665,9.2,6.9,40.3,26.8
00371,1181,87475,13.8,12.1,39.7,18.1
00372,4829,103462,8.6,22.3,46.1,24.1
00373,612,109839,9.2,17.1,30.1,31.2
00374,2949,72802,12.4,20.6,31.8,33.3
00375,659,102892,13.0,7.3,21.4,39.9
00376,3772,64752,10.8,11.3,43.0,34.8
00377,4683,61362,4.5,12.8,28.0,32.0
00378,3443,75990,7.0,22.2,47.9,19.6
00379,4170,72126,3.2,18.3,39.9,24.0
00380,4899,103160,6.5,14.8,30.0,33.1
00381,1570,64338,9.8,11.0,44.6,26.9
00382,680,118004,12.7,20.2,44.5,34.1
00383,2394,121464,10.0,22.8,24.8,31.5
00384,3247,115326,3.5,15.7,36.3,26.7
00385,4349,46114,6.1,5.9,20.3,23.4
00386,1779,119630,9.9,10.4,30.3,19.0
00387,3606,27120,11.5,19.9,40.8,26.0
00388,2844,135289,13.4,12.8,29.9,31.9
00389,3456,126174,14.6,17.5,24.0,16.8
00390,4145,25785,13.7,15.5,37.3,22.9
00391,1343,81925,8.6,23.2,48.8,18.4
00392,3218,91473,12.0,11.1,32.4,22.3
00393,2241,133185,5.9,13.9,47.5,35.2
00394,3159,54969,3.8,6.3,47.2,24.9
00395,4648,90236,3.7,21.1,40.1,36.8
00396,3059,118823,5.9,11.5,22.1,33.3
00397,2365,132752,3.5,19.4,39.6,24.2
00398,2579,126416,13.2,5.1,37.7,19.1
00399,4746,41297,8.9,22.3,37.4,15.1
00400,1735,47816,12.7,24.4,30.2,25.6
00401,1857,146386,14.3,14.4,42.5,27.6
00402,4552,130741,14.9,14.7,46.5,26.2
00403,2170,95070,14.2,17.3,40.2,24.2
00404,2949,34529,11.6,24.5,24.4,33.2
00405,3351,47013,8.3,16.2,43.5,17.4
00406,3830,55089,10.2,6.5,24.7,17.7
00407,2589,31171,12.8,16.3,44.0,28.7
00408,1731,66229,13.8,13.4,38.2,15.8
00409,2916,42874,14.5,20.2,30.3,24.9
00410,1115,63809,11.8,11.1,37.0,19.9
00411,1448,84465,9.5,23.5,44.7,20.3
00412,4711,84024,14.6,21.0,35.4,27.1
00413,3187,46153,14.5,11.5,34.3,28.4
00414,2939,129693,8.7,12.0,26.4,25.3
00415,435,53429,10.8,15.4,31.0,18.4
00416,4692,82753,12.7,7.0,35.6,26.8
00417,995,31641,8.2,18.8,23.4,35.0
00418,3646,67401,13.0,17.2,41.4,31.9
00419,951,114075,4.3,11.4,46.8,28.0
00420,1787,50367,8.8,17.8,43.7,18.5
00421,2031,46726,8.8,7.0,34.6,30.2
00422,3846,140047,11.2,24.0,20.2,27.6
00423,2527,29677,4.4,6.3,33.7,35.6
00424,1668,30139,4.2,11.6,23.7,18.8
00425,4100,82766,13.8,24.4,42.3,24.7
00426,2838,49696,6.6,13.0,23.8,17.5
00427,3598,76372,6.9,22.7,23.7,28.1
00428,4013,111049,12.3,8.0,35.4,37.6
00429,1166,101693,8.0,6.3,27.2,38.6
00430,4480,82414,13.0,7.2,27.2,15.8
00431,2544,37832,7.8,24.4,48.8,24.2
00432,4207,138413,12.1,6.8,28.8,23.1
00433,3473,136559,9.3,18.0,47.6,30.8
00434,4069,126996,14.2,13.8,27.0,32.7
00435,2646,144318,6.9,22.2,47.0,19.7
00436,853,98741,7.4,10.9,26.1,19.6
00437,2182,30425,14.6,5.6,25.2,22.1
00438,2874,28900,11.9,20.0,28.3,15.6
00439,2996,102347,12.3,16.8,32.7,29.3
00440,4285,98998,6.6,13.7,26.3,32.4
00441,875,145580,9.4,11.5,38.5,15.1
00442,1725,128917,6.8,23.0,34.0,25.8
00443,3169,149463,6.1,7.4,36.2,26.4
00444,517,54134,9.4,7.8,39.9,30.3
00445,214,107442,14.9,5.3,33.9,33.8
00446,716,27817,5.6,6.5,22.8,36.7
00447,4074,95486,5.9,22.1,30.6,18.9
00448,3367,60607,5.9,20.9,35.5,24.9
00449,925,137637,12.5,7.0,25.4,30.0
00450,1616,114809,9.1,20.6,34.8,27.2
00451,3246,98027,7.6,17.8,23.7,31.6
00452,512,98550,13.1,12.7,30.6,29.2
00453,828,32691,6.6,6.7,45.2,23.2
00454,3448,90978,7.7,17.0,21.4,38.0
00455,2908,47778,3.9,21.8,21.1,35.6
00456,775,82154,4.4,13.4,32.0,33.2
00457,3565,121415,4.6,13.5,47.4,24.7
00458,2604,117195,7.2,21.5,38.4,16.3
00459,3067,73788,9.3,9.2,40.6,39.4
00460,2886,118039,3.0,8.4,36.7,31.9
00461,1222,34413,5.3,18.9,43.3,22.2
00462,4179,139113,5.1,18.1,32.2,26.4
00463,1671,102177,6.0,23.2,42.5,21.2
00464,2243,68400,5.0,11.7,48.0,33.5
00465,1787,54899,5.3,9.0,30.3,31.1
00466,4232,137683,14.8,13.6,32.3,28.0
00467,3951,117474,10.1,12.7,25.3,24.4
00468,3540,70463,12.2,23.8,23.5,22.7
00469,3866,25894,12.8,23.4,42.5,35.3
00470,2426,135398,11.0,13.6,37.6,24.8
00471,3014,60021,11.4,13.2,41.5,26.9
00472,4052,120472,10.6,13.9,25.0,19.3
00473,695,121296,10.8,19.6,42.7,36.6
00474,828,125314,14.1,16.0,29.4,21.2
00475,1465,113777,5.2,10.8,38.6,19.2
00476,4592,71442,6.3,20.4,45.4,30.6
00477,798,144681,4.1,23.1,38.5,18.4
00478,495,119302,13.0,19.4,25.1,39.4
00479,4271,111555,8.4,8.9,35.0,29.0
00480,4460,52791,13.9,20.8,27.6,16.1
00481,2602,114728,7.9,24.8,36.6,18.5
00482,1919,130301,8.3,18.7,22.4,38.3
00483,817,119716,8.4,9.9,49.5,28.7
00484,2882,68520,10.3,5.1,38.6,23.9
00485,3677,134342,12.2,12.7,31.4,32.4
00486,243,132541,7.2,14.4,30.3,24.3
00487,3240,128137,10.6,23.2,37.4,18.6
00488,4591,54899,5.4,17.4,40.2,33.6
00489,3038,72802,9.6,10.6,27.0,24.1
00490,3736,126238,9.6,18.8,36.5,39.5
00491,3322,148350,13.7,6.8,45.7,21.7
00492,1267,103107,13.8,9.3,44.3,17.0
00493,2716,25371,8.8,19.9,25.5,29.5
00494,1162,55193,3.3,10.9,31.5,17.5
00495,2256,85747,13.1,5.6,43.7,34.9
00496,3082,105922,3.0,14.9,29.3,24.3
00497,3394,130302,8.7,18.2,43.1,39.3
00498,4829,39464,3.2,20.8,41.3,37.5
00499,1256,108323,7.2,11.1,25.5,27.9
00500,832,111522,10.6,13.5,40.9,23.9
00501,4430,143634,7.5,16.1,45.1,39.7
00502,4946,74025,14.1,6.5,47.2,23.9
00503,1053,119187,10.7,9.0,27.3,17.9
00504,2639,136710,10.8,12.4,49.9,33.4
00505,3424,111593,7.5,10.3,34.7,35.7
00506,3401,54872,3.5,14.3,27.5,23.1
00507,1642,101248,11.9,18.0,41.7,21.9
00508,1291,89997,11.6,15.8,41.4,25.7
00509,3093,107927,9.4,20.5,38.4,20.0
00510,2781,118458,8.0,17.5,24.3,37.3
00511,1317,25667,9.5,10.8,21.0,36.3
00512,1640,41325,12.0,7.4,42.1,32.6
00513,3336,91982,11.6,17.8,30.5,35.7
00514,2486,40890,10.9,9.2,22.9,21.3
00515,3819,143654,13.8,11.4,47.9,27.0
00516,1488,51483,10.3,20.9,47.8,24.2
00517,1956,117479,3.2,9.4,39.3,35.6
00518,1465,117217,10.4,15.8,27.3,18.7
00519,599,127672,10.4,6.9,49.5,19.7
00520,1780,63085,3.8,13.3,27.2,30.4
00521,610,146934,8.1,24.6,20.3,24.6
00522,4412,126333,10.8,24.1,47.0,18.7
00523,1424,66000,11.5,23.9,25.9,17.7
00524,1255,38025,13.7,16.9,38.9,26.8
00525,1927,145580,13.1,10.9,27.2,33.5
00526,3241,54940,4.4,12.1,33.4,16.3
00527,3586,146878,10.3,9.1,32.1,33.5
00528,1910,144492,10.2,7.0,31.2,30.4
00529,3023,113299,6.6,8.4,29.5,23.2
00530,2314,49701,5.2,14.3,20.5,15.8
00531,4286,107697,5.4,5.5,26.4,39.2
00532,813,66795,5.1,23.8,49.8,24.4
00533,3702,115990,12.7,16.2,20.2,38.3
00534,4234,127793,4.8,8.5,22.2,28.1
00535,3622,38115,6.2,13.3,21.0,29.2
00536,4368,64038,5.6,12.5,35.4,23.2
00537,4848,81433,11.6,21.7,21.1,25.1
00538,4949,71999,4.9,7.4,36.1,31.5
00539,1343,99564,3.3,13.6,29.8,26.7
00540,3809,66484,7.5,19.2,46.3,24.9
00541,1181,132747,6.7,12.5,30.8,15.7
00542,555,32688,7.8,12.2,44.6,24.2
00543,994,127545,12.0,11.8,41.1,19.8
00544,1484,147018,3.1,20.2,49.1,38.3
00545,2058,132230,3.5,7.4,33.3,21.4
00546,3172,48255,6.1,22.1,48.6,16.5
00547,2096,104747,13.7,6.4,39.4,19.2
00548,4385,107088,5.0,11.4,31.5,18.2
00549,604,71617,15.0,12.8,34.7,19.5
00550,1314,67108,12.7,12.9,41.9,21.0
00551,1631,66259,8.5,8.8,46.6,38.8
00552,3540,102049,12.0,17.1,32.2,34.1
00553,923,95569,9.2,14.1,48.3,20.6
00554,1028,91057,9.8,16.4,34.4,31.9
00555,233,121360,10.0,17.3,43.1,31.1
00556,2205,148497,10.8,8.8,47.2,23.2
00557,3727,103792,3.7,23.4,26.6,24.3
00558,4880,135080,10.4,21.6,26.0,37.5
00559,1952,51293,11.6,21.6,40.5,27.0
00560,4275,55607,6.7,15.6,39.0,38.6
00561,3033,37793,14.7,21.4,44.9,19.6
00562,3384,115413,4.7,17.5,36.2,15.9
00563,4398,132148,13.9,14.0,41.8,27.3
00564,2911,61069,11.1,20.0,25.1,29.7
00565,1350,111079,11.0,17.0,36.4,28.0
00566,3612,52213,13.5,5.0,20.3,31.3
00567,1356,43663,13.0,24.9,40.5,23.8
00568,3476,67582,7.1,13.6,49.1,18.4
00569,3586,89694,11.5,16.4,25.3,22.0
00570,3684,119526,3.6,13.1,24.1,16.8
00571,1496,59449,8.6,7.0,34.2,16.8
00572,3737,38116,14.3,21.7,33.4,24.4
00573,3430,123395,6.3,18.7,33.3,37.4
00574,2803,28706,3.6,21.6,28.7,27.3
00575,570,41147,10.0,14.7,24.1,19.2
00576,1453,124264,7.3,20.8,47.7,24.0
00577,2883,45543,7.6,21.0,30.5,39.4
00578,2931,124147,10.0,11.7,32.2,15.8
00579,457,139906,10.5,5.1,32.6,30.0
00580,3119,33895,8.2,22.2,23.8,30.3
00581,767,87058,9.1,8.7,25.9,37.0
00582,4568,47412,14.9,22.4,20.4,25.4
00583,1245,58014,14.5,17.4,34.9,25.5
00584,4285,38251,11.5,17.7,36.6,39.2
00585,3819,135533,4.9,9.9,26.4,15.6
00586,2845,30109,7.3,13.1,32.7,30.2
00587,639,49632,13.6,11.2,40.7,32.5
00588,2879,120276,8.1,8.8,27.8,17.3
00589,4236,37151,14.5,19.5,31.0,32.8
00590,4935,71165,8.9,6.9,41.1,31.5
00591,3875,80276,13.3,15.2,37.9,15.4
00592,2608,120269,3.4,15.7,35.2,36.2
00593,2879,31325,8.2,24.1,46.0,30.9
00594,1024,113227,11.4,22.4,22.1,38.2
00595,3056,119964,13.4,14.8,35.8,30.7
00596,1681,100586,10.3,21.9,41.0,25.6
00597,3424,26912,5.1,20.8,28.3,30.4
00598,4585,61989,13.6,5.6,28.6,36.6
00599,355,32374,9.9,23.4,35.0,25.5
00600,4904,58034,4.3,18.8,30.2,25.6
00601,1938,137993,8.6,18.4,32.7,17.6
00602,2044,110402,11.4,19.3,40.7,29.1
00603,109,71678,8.4,9.5,31.2,26.1
00604,2971,116792,13.4,5.6,20.8,24.5
00605,897,118305,8.1,9.6,22.8,16.0
00606,1115,75683,10.0,20.9,35.2,30.1
00607,1924,35198,5.5,16.9,48.1,16.4
00608,4569,119817,9.2,12.2,28.6,17.2
00609,3236,95100,5.7,9.8,20.7,16.3
00610,2293,61996,5.7,21.0,44.4,22.1
00611,323,85794,6.4,14.2,43.2,27.9
00612,4258,32155,3.5,17.2,46.1,29.9
00613,4025,72952,5.0,5.3,34.0,23.6
00614,4884,148899,8.1,13.6,22.3,32.4
00615,4100,123621,4.6,5.3,24.4,34.5
00616,1733,83944,4.6,20.7,48.8,30.1
00617,2252,91246,14.6,10.0,45.7,23.5
00618,610,36388,8.1,8.3,38.2,16.1
00619,484,99178,7.8,23.5,21.6,38.4
00620,504,51457,6.2,5.4,22.0,39.5
00621,4713,43127,9.1,9.0,25.5,17.4
00622,4671,59091,10.2,9.8,39.8,25.5
00623,2100,36752,8.0,21.5,49.2,20.5
00624,2856,76832,7.7,19.2,37.4,28.6
00625,1768,29237,11.4,24.3,45.1,27.2
00626,1560,28051,14.4,18.9,43.0,20.4
00627,3736,120705,13.5,9.7,27.9,37.7
00628,2824,89346,4.4,8.3,37.5,37.3
00629,4909,111584,10.8,20.1,41.2,32.4
00630,4278,68311,3.1,23.0,29.7,33.0
00631,2148,44088,10.6,23.2,38.3,23.7
00632,4246,30675,8.6,20.4,23.9,24.7
00633,4880,64555,8.9,20.9,44.0,27.2
00634,816,27640,10.1,18.2,29.3,31.0
00635,4644,88328,11.9,19.7,29.1,25.9
00636,4683,37317,11.8,7.3,41.9,21.8
00637,1923,69408,3.5,11.6,43.5,36.7
00638,2181,130680,11.8,14.2,41.9,22.0
00639,3519,131442,13.0,18.3,30.0,30.6
00640,1674,128666,3.8,13.4,47.6,32.8
00641,349,58462,6.9,12.5,37.9,30.6
00642,773,111173,12.5,16.3,30.8,33.8
00643,4633,100921,8.9,12.9,30.4,20.0
00644,2265,82683,11.3,6.5,22.4,24.8
00645,870,40201,9.0,24.4,25.0,29.0
00646,4062,59536,14.7,23.5,39.6,36.8
00647,4463,49667,14.2,5.8,29.4,39.2
00648,2084,135920,6.4,15.6,27.7,36.5
00649,1177,90707,7.6,19.3,20.2,18.1
00650,335,60517,8.2,17.2,45.3,15.7
00651,488,60870,4.3,12.1,28.2,22.1
00652,3137,140308,7.8,21.1,29.2,25.2
00653,4958,137911,12.3,17.3,49.8,18.1
00654,1948,62982,13.2,9.8,34.4,32.0
00655,4819,83332,13.6,17.2,36.1,37.5
00656,2914,57844,3.2,10.5,21.8,25.0
00657,3474,109118,12.5,16.9,35.2,39.7
00658,3378,29237,9.0,20.3,32.8,22.3
00659,1352,148110,5.5,11.1,46.1,25.1
00660,4081,55465,9.0,10.7,35.7,16.4
00661,4773,31027,13.1,19.5,46.1,32.8
00662,2222,103777,8.2,15.2,42.6,15.3
00663,4630,35367,14.9,7.8,20.4,25.7
00664,2250,52483,10.4,15.9,49.2,20.7
00665,4959,80007,8.9,18.3,22.2,30.7
00666,1429,105567,6.5,14.8,21.0,20.4
00667,1458,125848,3.1,17.5,29.3,29.0
00668,2582,122559,10.3,12.3,32.7,17.1
00669,4642,88268,9.9,22.6,26.7,17.0
00670,2117,118724,9.2,9.8,34.9,37.2
00671,1431,139675,9.5,10.6,49.0,34.6
00672,4444,126161,13.1,20.5,36.7,39.2
00673,4361,124857,6.8,6.2,23.4,20.7
00674,1458,96810,9.6,24.7,47.4,22.3
00675,4737,87924,11.2,17.6,23.3,40.0
00676,4954,103092,5.5,21.1,33.7,32.0
00677,3277,77892,14.1,16.7,33.9,22.5
00678,2228,132457,11.8,20.7,41.8,21.4
00679,2280,88034,3.6,13.7,40.4,36.0
00680,4992,59395,13.4,16.5,38.5,25.0
00681,237,51543,14.2,18.2,39.1,16.0
00682,3572,102059,12.5,23.0,42.8,24.1
00683,2932,26074,8.1,5.7,25.2,19.4
00684,3679,110124,14.9,7.2,49.3,17.3
00685,3131,38990,4.5,18.8,36.4,37.2
00686,4264,122064,9.4,11.9,41.6,32.4
00687,2693,107948,5.0,18.6,37.4,31.8
00688,4400,107567,8.3,9.6,46.3,30.0
00689,3918,70793,14.1,17.6,37.6,33.0
00690,4238,105373,12.5,14.6,22.9,38.7
00691,3923,63071,12.4,7.5,46.2,16.7
00692,4142,138048,7.2,23.6,23.1,15.9
00693,2006,44546,14.2,20.8,35.6,29.0
00694,860,71515,7.4,20.6,26.1,25.2
00695,3545,70875,3.5,18.9,23.6,17.1
00696,999,42286,10.7,5.4,23.7,38.9
00697,4555,78219,7.4,15.1,46.0,34.2
00698,3047,34695,4.8,20.0,30.4,27.2
00699,1819,62844,14.2,9.3,30.6,38.9
00700,380,36054,10.6,17.3,40.6,34.2
00701,3366,86822,14.3,23.6,45.0,16.9
00702,1987,27897,10.0,20.1,44.6,31.6
00703,3366,34537,3.8,16.0,39.4,26.8
00704,766,46946,3.4,11.2,41.5,29.8
00705,4288,82325,13.8,17.7,38.5,21.0
00706,771,33681,3.5,19.3,45.0,26.7
00707,2069,144940,10.4,17.8,30.3,23.2
00708,4256,98387,6.6,20.1,27.1,26.1
00709,3222,115537,11.3,10.6,25.9,17.6
00710,4799,105121,6.4,15.2,38.1,18.2
00711,4877,130532,3.4,16.0,27.1,26.5
00712,4000,72038,11.8,6.8,23.9,21.1
00713,623,79833,6.7,8.5,48.9,21.8
00714,2493,73123,9.6,11.1,31.3,31.2
00715,3217,55117,12.3,6.0,46.8,15.3
00716,2693,96131,11.4,9.7,41.1,26.5
00717,2068,48774,7.2,15.4,30.5,29.3
00718,1853,139101,12.0,15.8,24.3,23.7
00719,2396,68691,14.1,10.0,45.2,28.3
00720,2361,78143,10.3,23.9,46.7,35.7
00721,2386,100135,11.4,14.3,25.5,26.1
00722,4302,96998,13.4,17.7,38.9,27.1
00723,2978,38307,13.1,5.6,36.9,36.5
00724,4243,64136,7.2,13.0,47.9,26.5
00725,3744,148302,14.9,15.8,39.4,38.6
00726,4532,52531,3.3,11.2,28.1,37.5
00727,2155,67174,14.8,8.4,41.5,15.9
00728,4820,61710,6.0,9.0,35.8,19.5
00729,1376,59568,8.3,14.3,30.4,27.4
00730,2866,39414,13.6,6.4,38.2,18.3
00731,402,87294,5.9,9.7,48.9,36.9
00732,738,56723,5.7,19.4,44.5,26.1
00733,155,119572,10.7,9.3,42.3,19.0
00734,4921,35261,11.5,7.3,22.3,32.0
00735,625,86987,3.1,6.7,23.6,32.5
00736,4669,92913,8.4,24.8,38.4,27.8
00737,4223,130627,8.9,6.7,21.0,18.6
00738,2225,76255,6.3,13.7,39.3,35.3
00739,3387,139530,9.6,15.2,29.1,37.3
00740,464,26271,4.9,24.3,24.8,38.0
00741,4721,128324,6.9,22.8,21.4,20.4
00742,1746,70316,11.6,9.8,26.3,30.0
00743,1018,53419,13.5,6.7,40.9,32.5
00744,2897,58202,10.1,13.8,33.5,16.9
00745,1631,44982,3.9,7.0,21.0,29.0
00746,3445,94307,11.1,22.4,22.1,16.2
00747,2006,105409,13.8,19.1,37.5,35.1
00748,3186,132030,9.1,23.9,45.1,37.1
00749,4680,66340,8.9,16.4,37.9,30.8
00750,2175,109070,14.9,12.3,31.6,38.2
00751,813,61892,10.6,15.0,33.1,21.8
00752,1162,102653,12.7,8.2,32.0,32.7
00753,2076,30602,10.8,14.3,46.9,19.4
00754,1396,105957,5.7,25.0,24.6,16.7
00755,225,122210,6.4,18.8,31.4,25.6
00756,4732,30167,11.0,6.2,29.2,38.8
00757,3696,96022,8.5,19.5,37.7,35.7
00758,3383,78201,7.9,7.0,40.8,32.5
00759,1703,74698,3.3,12.8,35.5,31.7
00760,166,118728,13.6,20.7,49.7,21.5
00761,332,111342,13.6,7.6,27.6,15.8
00762,2256,90249,8.5,10.9,20.6,26.4
00763,1269,88753,11.4,8.9,41.7,22.7
00764,2258,100479,5.1,22.4,27.3,24.0
00765,4306,95360,9.0,8.0,49.1,16.8
00766,1593,89687,8.3,15.7,44.1,21.6
00767,4818,60883,10.9,10.5,38.8,29.5
00768,4107,25218,8.6,15.1,41.1,37.6
00769,2572,57893,9.0,8.3,44.0,35.5
00770,2760,38169,6.5,20.2,40.5,22.4
00771,2839,139629,3.6,17.9,29.4,34.3
00772,1861,71458,14.0,5.9,35.2,32.2
00773,3614,70374,3.1,24.0,29.4,18.6
00774,2075,83672,6.4,22.9,41.1,29.7
00775,2462,99951,8.4,11.0,20.3,34.8
00776,976,29180,6.8,10.8,31.6,18.4
00777,3912,62928,9.6,15.0,24.8,16.6
00778,3548,109690,8.5,17.4,48.5,16.7
00779,1412,123145,6.1,10.8,41.6,28.0
00780,1560,34766,4.1,20.9,35.1,15.8
00781,2809,55058,4.7,6.6,27.3,26.9
00782,2424,26942,8.8,13.0,20.6,28.2
00783,1833,36532,13.2,16.1,42.7,20.1
00784,1705,111377,4.2,21.0,34.9,39.2
00785,2663,68374,11.1,22.4,22.7,33.6
00786,3521,120412,12.5,9.9,37.3,24.9
00787,3617,91790,6.3,9.8,21.2,36.7
00788,2497,58755,11.0,12.4,33.0,26.1
00789,3835,146925,11.2,13.6,33.2,33.0
00790,2970,84192,11.5,22.0,45.9,29.9
00791,1260,105459,13.7,5.2,49.6,26.6
00792,4954,122218,7.8,18.7,24.3,21.6
00793,342,131415,5.9,9.4,41.1,15.5
00794,2690,114875,9.5,22.6,46.2,15.8
00795,1163,72592,3.8,11.3,32.9,31.1
00796,4424,145041,7.0,15.8,29.8,36.8
00797,2695,135397,13.6,11.6,20.6,35.8
00798,1019,137044,9.4,13.5,36.9,28.7
00799,105,38118,8.2,15.4,25.4,16.0
00800,567,135215,6.2,20.0,22.2,16.6
00801,4270,138305,6.0,7.4,20.1,19.5
00802,103,132813,5.8,12.0,48.8,20.4
00803,745,124675,13.0,17.8,45.7,24.5
00804,217,89610,14.8,16.8,48.9,20.0
00805,3028,103699,9.4,20.6,48.3,22.6
00806,2651,58128,4.0,22.8,38.8,16.6
00807,4389,33104,12.0,6.9,38.2,25.3
00808,946,104722,13.5,19.3,45.4,28.2
00809,2862,33549,14.2,10.7,48.4,33.1
00810,1241,122798,10.5,14.6,37.7,16.7
00811,1910,120614,9.1,17.6,23.6,38.1
00812,823,114704,10.4,8.0,23.9,26.1
00813,324,82240,3.2,11.9,39.8,25.4
00814,4727,119002,10.9,24.5,22.4,39.0
00815,4308,147417,11.5,7.7,38.4,28.1
00816,4754,126087,11.7,6.7,48.9,21.5
00817,2148,57831,9.8,21.7,20.1,15.7
00818,4849,109148,11.4,13.6,25.6,36.9
00819,4515,84978,10.7,18.5,48.3,34.1
00820,1673,127153,4.4,11.1,34.7,31.2
00821,1928,113252,13.8,9.0,28.6,26.1
00822,2017,122462,10.5,9.2,27.5,34.8
00823,4334,94474,11.7,8.9,45.9,21.8
00824,2126,141203,7.1,9.9,32.9,20.5
00825,3844,132075,14.0,9.4,39.1,38.3
00826,1001,113233,9.0,21.3,29.3,16.7
00827,4885,37609,11.1,15.7,36.4,37.7
00828,2139,104019,14.4,10.9,43.9,20.7
00829,109,35523,14.0,11.9,30.2,38.6
00830,360,147474,10.7,24.2,31.9,24.6
00831,1773,51989,5.0,8.7,33.3,24.6
00832,2319,125462,14.4,22.7,38.0,16.2
00833,2160,76277,14.8,19.7,29.1,35.6
00834,3813,135265,4.2,17.3,33.4,36.7
00835,1719,129700,8.4,17.5,36.4,32.8
00836,420,92819,9.6,13.5,30.6,33.4
00837,1442,96772,4.1,13.8,20.2,22.7
00838,2476,65577,5.3,20.9,28.1,31.8
00839,2932,135262,9.5,21.2,44.5,15.3
00840,2924,28105,14.6,16.4,28.5,33.2
00841,2094,126856,3.3,20.4,44.7,37.9
00842,3058,110395,13.9,21.2,32.3,20.9
00843,2138,26838,13.8,11.6,46.0,16.8
00844,3590,115333,13.3,17.5,31.3,32.6
00845,3777,49437,7.5,13.7,28.8,38.3
00846,1218,107815,8.9,7.0,27.1,37.3
00847,1704,145297,7.8,18.0,29.1,38.2
00848,4127,96449,14.4,16.7,25.9,31.7
00849,335,143099,9.3,7.1,42.5,24.9
00850,2069,139176,4.0,6.4,49.5,25.9
00851,4529,142696,6.3,10.0,31.9,38.0
00852,2008,50560,8.5,21.7,30.0,31.7
00853,475,51208,14.4,6.3,39.1,30.4
00854,3630,143358,9.8,14.2,32.9,31.6
00855,2735,60658,11.4,8.6,21.4,36.0
00856,1670,72355,4.1,10.1,30.3,16.4
00857,2660,68003,13.5,20.4,44.0,19.2
00858,3491,139027,9.5,22.0,22.1,20.7
00859,3065,80437,14.1,16.6,27.8,20.3
00860,3743,39646,8.3,22.3,49.2,28.1
00861,3950,75560,11.2,22.1,28.5,22.6
00862,972,143560,8.7,9.4,45.5,24.2
00863,1352,111597,4.7,17.9,47.0,27.4
00864,1414,83679,6.3,20.6,40.5,28.3
00865,4920,65214,3.8,16.2,34.2,26.3
00866,2998,69597,8.3,21.1,48.7,29.0
00867,177,47873,10.8,17.6,48.9,22.2
00868,2721,28458,5.9,10.7,39.1,30.5
00869,4327,62165,8.9,18.7,42.4,24.2
00870,700,112803,8.5,16.8,46.4,39.0
00871,1165,88994,9.4,17.5,23.2,37.8
00872,2236,39582,5.2,6.9,37.0,34.3
00873,2549,122925,9.4,7.5,45.9,35.7
00874,2443,39823,7.4,21.3,47.4,39.3
00875,1963,65856,6.4,13.6,50.0,19.7
00876,1418,32406,10.0,9.3,42.0,31.1
00877,4811,143288,4.8,6.9,26.3,18.8
00878,3697,55619,13.8,10.3,39.0,21.2
00879,3862,32071,14.2,10.9,49.7,25.7
00880,4770,46852,10.9,24.7,37.6,18.2
00881,2290,136382,6.6,21.7,31.6,23.5
00882,1092,73872,10.5,6.6,28.1,29.7
00883,2812,128311,10.2,20.0,30.5,18.0
00884,2292,132871,7.7,16.3,42.1,30.4
00885,1348,113217,6.4,9.6,26.3,24.5
00886,3154,133029,5.0,19.9,39.2,24.3
00887,4698,35144,5.6,5.6,38.8,37.3
00888,4133,134753,10.8,19.6,27.9,24.8
00889,2097,36183,13.6,22.9,35.1,32.7
00890,3787,46074,7.6,22.7,46.0,37.9
00891,2251,79838,4.5,20.4,43.9,33.5
00892,4118,110416,3.2,23.7,37.6,31.5
00893,3210,37349,7.9,19.1,40.0,21.8
00894,2070,143160,5.8,18.7,21.1,33.2
00895,297,52493,6.9,5.5,22.7,20.2
00896,2726,114146,5.9,8.5,31.2,16.9
00897,1302,34357,11.0,20.6,31.5,28.8
00898,2135,29561,10.7,25.0,28.9,38.0
00899,577,120380,13.9,19.4,39.5,22.3
00900,1354,98150,11.4,16.6,38.2,22.8
00901,1022,89685,5.0,8.7,40.5,29.2
00902,519,27358,12.0,24.0,26.9,18.9
00903,2304,56805,5.2,18.0,20.1,32.0
00904,2697,36430,9.7,14.8,49.0,26.9
00905,1220,41041,3.9,22.2,43.2,19.3
00906,3168,136407,3.6,24.1,33.7,26.7
00907,1050,117262,8.6,12.4,21.3,17.8
00908,2436,35267,4.3,15.3,26.0,30.6
00909,2343,102395,6.7,7.3,21.6,17.6
00910,2745,136099,7.1,24.2,34.3,33.9
00911,1957,100909,12.2,7.4,26.5,32.1
00912,4712,115170,7.0,23.6,36.2,16.6
00913,1965,97793,8.9,8.8,21.9,17.0
00914,3012,47597,12.3,23.2,41.3,23.0
00915,2953,133454,5.5,14.0,23.0,18.2
00916,3328,131680,12.7,16.8,29.3,23.2
00917,3819,48989,13.0,5.7,39.4,20.1
00918,3328,44003,14.9,12.9,23.2,31.9
00919,2471,55169,8.3,14.9,49.4,18.2
00920,2991,133176,7.4,5.2,25.7,15.9
00921,3856,72271,11.4,18.2,21.1,20.5
00922,4325,41961,3.7,21.8,40.1,24.3
00923,194,37146,3.5,5.5,31.4,15.5
00924,2774,79395,7.0,14.9,49.0,33.5
00925,2055,87676,11.8,5.7,22.6,33.6
00926,893,70237,4.4,22.5,30.7,26.9
00927,1934,66030,10.6,8.2,37.8,27.4
00928,2216,91091,6.2,6.2,36.3,33.1
00929,4206,140539,10.8,22.2,34.6,33.6
00930,3425,67178,8.5,13.9,31.5,31.4
00931,3019,28640,4.4,6.9,45.0,17.5
00932,2697,71136,6.0,18.0,24.1,29.7
00933,3305,92448,5.6,19.1,35.0,29.7
00934,4907,109650,5.0,16.4,37.2,24.8
00935,914,63187,8.6,11.6,46.5,19.2
00936,445,142053,14.5,13.5,28.5,38.4
00937,2449,48922,10.9,24.1,28.2,34.7
00938,462,138746,13.0,15.7,44.3,26.0
00939,2543,54500,14.8,12.9,28.3,22.2
00940,2365,39429,9.5,19.2,21.6,25.4
00941,2288,139954,5.9,6.5,35.7,27.0
00942,3105,61684,14.1,10.8,42.8,34.4
00943,3381,38687,11.4,9.5,24.6,16.2
00944,1084,114248,14.5,18.6,42.9,32.1
00945,1739,39837,10.8,17.1,30.6,30.9
00946,927,83744,12.3,20.2,48.5,31.6
00947,2830,138775,13.7,13.5,22.6,32.8
00948,3631,37865,12.1,8.5,29.5,38.9
00949,4551,69653,9.8,8.7,26.3,35.0
00950,3035,103455,8.7,22.8,46.9,29.3
00951,3976,60094,12.9,6.5,28.4,25.8
00952,226,60569,12.3,16.9,28.0,36.3
00953,3277,112472,7.4,9.6,41.1,39.8
00954,3156,73787,9.0,9.3,48.5,39.3
00955,703,55961,10.6,7.0,37.7,28.8
00956,3549,76186,3.3,24.6,48.3,31.3
00957,4246,136837,6.0,6.2,39.7,35.5
00958,3633,101558,6.0,8.0,25.9,25.3
00959,3467,40297,13.6,12.3,42.3,32.5
00960,3468,81605,7.0,14.1,28.9,24.4
00961,3897,107904,9.5,24.0,29.3,30.5
00962,1892,111019,13.0,9.8,44.3,18.7
00963,2961,31463,6.1,19.4,27.8,34.3
00964,3576,38632,4.5,18.1,30.0,17.3
00965,3517,54703,14.4,15.3,49.6,18.4
00966,1745,140763,11.5,10.3,25.1,35.7
00967,1305,107943,5.1,8.1,39.0,29.0
00968,3130,71221,12.8,8.5,31.8,27.6
00969,2972,143585,12.4,11.9,29.6,37.0
00970,3172,136370,13.1,7.7,24.0,23.3
00971,1954,146658,6.3,25.0,36.0,23.3
00972,4121,131775,8.4,13.9,37.1,28.3
00973,4762,108031,11.3,15.8,40.6,36.1
00974,2808,50759,7.7,17.3,43.6,20.2
00975,3602,112000,3.8,8.9,32.4,22.3
00976,1432,147669,4.6,14.6,36.2,33.2
00977,301,141763,10.2,6.3,22.0,39.7
00978,3607,85943,7.5,24.4,32.5,32.4
00979,4312,87249,3.1,14.5,24.0,29.1
00980,674,110862,12.2,5.6,20.0,36.9
00981,636,58039,8.0,17.0,21.8,25.2
00982,1725,149003,6.8,7.0,20.7,32.0
00983,2222,135475,11.6,20.8,31.8,21.0
00984,485,149107,8.5,24.1,31.5,24.9
00985,3381,139877,11.3,23.3,26.0,33.0
00986,574,148425,3.2,13.6,34.0,30.2
00987,517,101069,3.1,19.3,22.4,37.6
00988,3700,37158,9.7,8.1,28.8,20.2
00989,1054,45398,14.8,6.5,21.4,27.2
00990,4958,131446,6.3,21.4,20.2,16.3
00991,1305,106685,11.2,18.9,37.6,39.2
00992,4859,62711,5.1,23.1,41.5,30.1
00993,4220,87807,6.7,23.3,27.8,19.5
00994,2090,144554,3.9,11.9,40.8,36.3
00995,4905,107688,13.6,11.4,38.8,17.8
00996,3672,55772,6.7,13.8,43.3,37.1
00997,4480,135271,5.8,18.3,26.2,16.0
00998,4258,52307,11.8,5.1,34.4,38.5
00999,4857,30166,5.4,15.7,26.3,22.4
01000,2813,148890,5.9,5.4,46.1,24.2
01001,2303,32589,4.2,14.0,39.4,30.7
01002,3220,128102,14.6,6.6,22.6,38.6
01003,1066,72986,6.0,16.2,31.0,19.8
01004,3532,25464,14.9,11.3,21.2,24.0
01005,788,27600,5.1,14.6,49.5,31.9
01006,4343,25916,3.2,24.2,44.7,16.7
01007,3801,100180,13.7,11.8,30.6,23.5
01008,441,31126,10.0,19.4,31.5,30.8
01009,1824,32151,7.2,18.7,31.1,25.9
01010,4522,102196,9.2,22.4,39.7,39.5
01011,1892,25065,6.1,11.7,30.4,39.4
01012,1859,84946,10.6,6.1,26.4,38.2
01013,3312,116837,10.4,24.4,28.0,38.9
01014,1089,103424,4.0,12.2,43.9,38.8
01015,2362,132995,13.9,8.9,23.1,36.0
01016,2582,104535,8.5,23.3,32.9,38.7
01017,1051,76056,5.3,8.8,31.9,15.2
01018,822,32193,6.7,15.6,36.7,34.6
01019,3489,89610,13.4,20.1,21.8,28.4
01020,2179,144259,7.6,19.6,21.0,26.7
01021,2817,146404,9.7,5.6,40.8,18.2
01022,2432,53540,14.4,9.0,35.7,23.9
01023,3476,101537,10.8,22.8,23.6,24.6
01024,4624,86434,11.1,16.1,31.6,20.4
01025,1600,34078,6.0,18.7,35.7,38.6
01026,385,81125,11.0,13.0,30.6,30.3
01027,3595,77960,7.7,19.9,23.4,39.2
01028,2165,86521,13.9,10.8,24.5,29.7
01029,868,114485,4.6,9.6,27.4,28.2
01030,3157,49245,6.4,24.9,20.0,24.7
01031,4389,141648,3.8,8.2,41.9,19.9
01032,2261,109667,7.6,24.6,40.6,19.5
01033,3393,139056,4.8,23.5,46.4,33.2
01034,1046,57811,13.1,19.3,23.4,35.3
01035,3435,56543,14.1,16.6,38.5,15.9
01036,4250,87941,11.0,5.1,41.7,17.6
01037,4995,61610,4.2,17.7,38.2,33.4
01038,4973,29705,7.1,20.4,30.7,19.3
01039,1581,43272,14.6,19.7,29.8,24.5
01040,2001,56834,4.6,8.4,24.2,34.8
01041,3551,78050,9.7,15.9,49.1,36.8
01042,4164,104176,7.2,16.0,23.3,37.9
01043,154,106548,15.0,18.1,40.5,23.5
01044,1923,86236,6.4,21.6,46.6,30.0
01045,3562,96419,3.6,19.0,47.0,27.0
01046,3179,50295,11.4,7.8,47.7,32.8
01047,932,107610,6.9,5.4,39.8,33.5
01048,4508,73937,10.9,7.7,23.9,20.6
01049,2906,149825,4.3,5.8,35.6,38.6
01050,2590,31842,9.3,13.7,33.2,27.2
01051,427,122092,7.5,10.7,40.2,20.7
01052,3410,33301,9.4,5.1,33.8,22.0
01053,3400,127862,13.2,6.6,44.7,18.5
01054,3775,56579,14.7,13.0,32.4,19.3
01055,3154,50090,12.0,23.8,42.6,36.4
01056,2243,147408,12.2,24.9,48.5,36.0
01057,1411,33828,9.3,6.0,41.8,26.0
01058,3291,77480,4.2,21.6,42.9,27.4
01059,2638,128616,11.0,14.6,41.3,16.7
01060,4083,91162,4.8,17.4,45.2,21.0
01061,4647,123373,5.9,15.1,28.8,20.9
01062,264,84850,11.5,23.5,49.8,36.0
01063,4377,48933,10.9,14.6,43.9,25.9
01064,922,86233,6.8,8.4,42.7,16.0
01065,1043,112533,12.3,20.6,22.7,21.7
01066,4525,57591,14.3,15.3,30.0,26.3
01067,874,39432,9.5,7.3,27.6,19.2
01068,2298,118911,11.1,14.2,23.4,16.7
01069,3256,35042,6.3,18.7,47.4,19.0
01070,4342,45703,14.6,10.9,38.3,20.9
01071,3795,47345,6.3,23.2,46.9,27.3
01072,3552,36070,13.6,22.0,36.0,34.2
01073,1014,102080,14.1,16.4,47.3,20.9
01074,1408,143665,11.6,6.1,47.8,35.5
01075,4277,147188,12.7,16.7,39.6,35.9
01076,613,98595,8.5,13.3,35.0,31.7
01077,2020,64552,14.0,19.5,26.6,28.1
01078,3694,43018,11.9,10.3,47.4,18.4
01079,4941,39093,6.9,17.1,43.4,28.8
01080,1509,134972,3.4,16.1,30.1,25.8
01081,4902,93079,9.5,15.5,40.0,18.7
01082,4666,41118,13.1,7.3,38.3,17.9
01083,3290,97889,13.3,14.8,23.2,21.5
01084,4591,88219,13.0,16.0,47.9,33.2
01085,1655,38349,5.6,23.6,20.2,30.5
01086,904,91304,8.1,14.2,44.8,18.8
01087,1379,39163,10.4,17.8,35.3,26.2
01088,3677,40095,11.0,16.4,44.8,21.8
01089,3001,145452,7.0,8.9,36.7,37.6
01090,1487,93139,11.3,8.7,24.6,16.7
01091,4788,91527,10.1,19.8,34.2,22.5
01092,2861,51304,9.8,15.5,46.4,20.9
01093,2779,67988,11.0,22.9,26.9,25.1
01094,2206,83873,10.2,23.2,23.6,17.4
01095,4323,107408,5.0,10.9,32.4,20.8
01096,4931,98715,13.5,7.0,44.3,37.8
01097,2868,29152,5.9,11.9,41.2,19.8
01098,4053,74663,11.9,6.3,49.9,22.3
01099,3286,118431,5.1,20.6,46.4,24.9
01100,3380,117263,10.9,7.9,25.1,21.4
01101,2673,52180,13.7,22.3,43.6,30.9
01102,4716,149987,3.1,13.3,41.5,39.3
01103,2699,145385,14.8,10.6,25.9,28.3
01104,4133,91270,3.4,15.0,43.4,35.6
01105,336,96214,3.1,17.1,27.3,17.0
01106,1404,61077,13.3,19.0,33.7,25.5
01107,3530,115482,11.5,11.8,28.3,21.7
01108,1401,51649,4.3,24.7,33.5,22.8
01109,2641,72496,14.2,13.4,29.1,36.2
01110,2151,88282,11.1,21.7,39.8,28.4
01111,541,95237,4.3,5.7,44.1,24.2
01112,2176,119317,13.3,20.6,20.6,23.0
01113,3280,89903,8.8,16.0,32.1,16.6
01114,2757,38060,6.3,17.8,24.4,37.3
01115,3898,117413,12.9,12.5,20.6,23.7
01116,904,100558,11.9,15.9,49.5,30.2
01117,174,108779,10.5,23.6,40.2,29.6
01118,2275,65487,13.8,12.7,33.6,26.4
01119,4024,137419,13.3,7.1,32.9,35.1
01120,2189,25916,5.7,19.4,45.2,22.8
01121,140,146597,13.5,15.1,37.1,28.0
01122,2181,48648,7.5,13.5,42.5,21.5
01123,4783,129985,8.2,20.6,47.6,36.1
01124,1722,69135,14.7,16.2,46.5,30.5
01125,441,76814,12.1,17.6,22.8,24.1
01126,4152,134130,6.9,23.5,34.6,15.3
01127,2174,62460,10.8,6.2,39.0,30.7
01128,745,106391,9.5,10.2,33.9,33.0
01129,4926,83581,4.4,23.0,28.7,30.1
01130,4363,117272,13.7,20.9,47.5,39.7
01131,709,26335,12.9,8.8,47.0,17.9
01132,554,117728,12.3,8.4,45.3,22.4
01133,3053,79202,9.7,21.5,48.0,25.5
01134,1808,87564,5.7,16.1,42.3,24.8
01135,3572,140449,13.6,22.2,31.7,33.6
01136,3069,118830,7.2,23.4,34.9,18.2
01137,3128,35892,3.2,6.4,44.7,16.8
01138,4897,141819,14.8,24.4,47.3,15.8
01139,2781,144502,13.3,19.3,40.1,32.2
01140,3729,67913,10.5,21.7,37.4,34.8
01141,4325,72971,3.1,17.6,46.8,26.9
01142,3167,50524,5.7,11.1,42.5,24.5
01143,1486,90837,8.4,17.0,47.4,19.4
01144,3876,131044,10.5,15.3,46.5,26.9
01145,2966,120448,11.5,23.6,29.9,17.7
01146,4888,39903,12.5,16.1,23.9,17.8
01147,3463,117700,9.7,5.6,41.1,26.1
01148,4989,77846,10.9,18.7,48.0,15.5
01149,4224,137731,12.7,6.0,47.3,32.9
01150,248,126005,11.6,23.9,47.6,38.1
01151,3950,67435,14.5,14.7,46.1,23.2
01152,2158,115725,13.5,24.4,33.2,31.1
01153,1236,145902,5.0,5.5,48.1,37.8
01154,286,96180,14.4,15.7,39.1,20.7
01155,2954,30520,5.5,9.5,44.9,28.6
01156,1350,58436,14.9,17.8,29.0,29.6
01157,1433,27128,11.4,15.0,35.0,35.7
01158,4293,105995,10.5,16.3,23.5,30.3
01159,4250,130042,6.9,12.2,24.6,34.6
01160,2811,107137,4.6,6.0,44.2,21.9
01161,4953,85275,4.5,7.1,48.3,32.4
01162,4601,33940,13.4,22.2,35.8,27.6
01163,1885,127524,8.2,19.1,34.6,28.9
01164,850,49776,9.7,20.4,48.3,32.4
01165,1862,122281,14.2,7.5,44.9,35.4
01166,4020,109541,6.1,6.0,25.5,20.8
01167,4560,128443,12.2,5.3,21.3,21.3
01168,581,122238,8.6,15.4,48.5,40.0
01169,253,91257,5.6,15.0,36.2,16.4
01170,1624,132447,13.2,7.2,39.4,17.7
01171,2220,125185,11.2,11.9,35.9,27.8
01172,2443,84571,4.1,15.6,42.2,28.7
01173,1340,141120,9.5,18.5,46.9,32.9
01174,160,112101,13.2,21.2,49.8,37.8
01175,1038,109240,3.8,17.8,30.9,37.9
01176,1739,64718,8.0,5.6,35.6,31.0
01177,4220,34968,12.7,16.7,46.5,33.9
01178,4326,105634,13.3,6.8,33.1,31.4
01179,3669,146865,12.3,16.3,30.8,19.1
01180,1352,99426,6.7,12.5,49.1,38.6
01181,4303,91157,9.1,10.7,42.0,36.1
01182,271,84931,11.9,14.6,35.2,17.4
01183,1558,120193,4.8,12.6,43.9,39.6
01184,3649,41843,10.1,21.6,29.6,36.1
01185,4297,116196,11.6,9.5,37.7,37.4
01186,2422,81377,13.2,7.7,41.3,28.0
01187,1736,49875,4.3,21.7,41.5,37.6
01188,3215,84888,7.0,9.9,25.9,23.4
01189,4190,106234,9.5,5.6,49.8,18.9
01190,3104,149155,11.4,12.7,42.6,16.1
01191,429,51006,11.8,21.4,42.3,21.5
01192,3740,49525,6.0,13.6,37.6,36.8
01193,3994,128679,3.2,14.4,30.3,31.1
01194,4207,77604,11.3,5.9,34.7,23.7
01195,1441,114232,13.9,19.2,32.8,20.7
01196,3763,121846,12.6,11.9,23.4,21.4
01197,315,117500,10.5,19.6,47.7,31.9
01198,438,30925,14.7,13.2,35.2,19.1
01199,4162,141509,8.2,15.5,21.3,18.4
01200,2808,56122,9.3,16.8,32.6,30.9
01201,3252,64199,3.1,8.9,32.6,37.0
01202,1850,58756,14.4,10.9,22.6,34.4
01203,2521,49789,10.0,16.7,25.9,17.1
01204,809,41915,7.7,21.5,22.3,34.5
01205,3826,27917,3.5,24.2,24.8,37.6
01206,3742,97421,7.3,15.5,23.4,32.4
01207,4093,126923,3.0,6.5,47.1,34.2
01208,588,84328,6.9,24.1,43.3,37.0
01209,146,84602,14.4,13.4,46.2,28.2
01210,3459,35410,4.9,7.0,24.2,28.5
01211,4973,119745,9.5,24.4,40.1,30.1
01212,4906,38574,5.2,10.6,47.1,20.2
01213,500,122057,12.4,18.1,48.6,25.8
01214,4090,87115,9.7,7.9,21.7,28.3
01215,3257,119597,5.4,19.4,31.4,16.1
01216,4445,64332,13.4,24.5,30.9,27.0
01217,490,84453,12.4,24.7,25.6,30.9
01218,3953,55805,14.4,7.5,24.6,33.8
01219,4530,126364,3.0,20.4,31.1,16.2
01220,728,149488,8.5,18.3,41.4,28.7
01221,4332,39826,15.0,21.0,41.9,34.0
01222,3030,138535,12.7,11.7,37.3,19.6
01223,1621,55779,13.0,13.0,43.6,23.5
01224,926,60292,10.5,11.8,41.1,17.0
01225,4922,37607,11.6,20.3,43.9,24.9
01226,1600,140377,12.7,21.2,49.2,21.6
01227,3394,84443,4.1,10.0,37.4,23.9
01228,2519,70712,11.3,16.5,43.0,19.5
01229,1034,70883,12.8,7.5,45.0,21.9
01230,3142,26100,3.5,5.3,47.4,24.9
01231,4597,33310,6.6,17.2,36.4,15.4
01232,1566,68728,6.9,21.8,47.6,23.0
01233,3661,63069,13.3,23.1,36.2,18.9
01234,714,148385,12.4,17.4,40.8,38.4
01235,1282,114737,10.9,21.2,30.4,24.2
01236,3323,72740,12.7,13.1,49.6,24.9
01237,2767,141888,8.4,22.5,26.5,37.2
01238,230,34233,13.5,20.5,27.7,35.3
01239,3083,134631,5.8,11.2,27.6,16.8
01240,4378,25496,11.5,16.9,32.6,16.5
01241,4559,120979,5.9,6.0,43.0,36.2
01242,138,29174,3.5,7.9,49.5,17.9
01243,4059,82402,6.4,23.9,38.5,26.5
01244,3687,96066,8.9,5.2,38.5,18.7
01245,1020,40098,13.1,9.1,35.8,25.9
01246,2869,81121,9.1,7.8,47.1,20.2
01247,4211,134628,5.1,19.0,30.0,30.9
01248,592,118650,14.9,7.1,25.7,17.1
01249,1231,59421,6.2,5.4,26.9,31.8
01250,3621,65014,14.8,23.6,45.8,28.2
01251,410,71828,14.2,22.5,25.1,30.2
01252,838,121070,9.5,12.2,35.0,23.8
01253,3341,149586,4.1,7.0,29.7,38.3
01254,645,71567,11.3,18.6,25.5,17.5
01255,2561,107163,13.1,22.7,37.2,37.4
01256,4446,43639,8.3,24.5,45.7,28.7
01257,4954,97535,5.9,7.6,29.6,36.2
01258,1904,136702,12.6,17.0,23.6,35.1
01259,3312,116786,9.5,13.6,38.7,21.1
01260,3910,64511,5.4,8.1,42.2,20.4
01261,913,93228,14.4,21.2,36.8,27.4
01262,4224,31073,14.4,20.6,23.5,32.8
01263,2132,131534,7.4,24.3,20.1,23.5
01264,4672,93783,3.8,6.7,22.6,37.3
01265,4513,113541,10.6,9.8,47.7,23.5
01266,344,108535,6.8,21.6,37.3,16.0
01267,4943,25019,3.8,12.9,31.2,33.4
01268,4892,74372,13.7,14.5,25.5,19.1
01269,371,39160,15.0,17.2,41.0,37.9
01270,3611,72378,7.2,13.2,42.9,31.4
01271,1871,45155,11.9,5.7,44.2,22.5
01272,1362,65089,3.8,17.1,20.6,25.8
01273,2524,129910,7.4,9.6,43.1,25.4
01274,4461,65344,4.3,24.4,24.8,28.7
01275,1020,57398,3.7,18.8,43.9,20.6
01276,3530,82594,10.1,21.8,24.5,17.7
01277,4535,86651,12.6,24.1,27.3,30.2
01278,4584,73605,8.4,6.3,43.3,29.6
01279,2724,131132,9.3,8.0,38.9,24.3
01280,3860,89174,6.2,21.2,21.0,36.9
01281,2150,103242,11.8,22.7,25.0,34.1
01282,3600,140194,7.3,5.1,26.9,20.3
01283,1265,95277,3.8,23.9,45.3,28.6
01284,475,55323,5.0,14.1,38.4,17.8
01285,2133,115980,4.5,14.3,25.5,22.2
01286,245,138866,8.2,22.6,27.7,37.9
01287,4488,53566,3.8,10.8,33.6,37.3
01288,531,62355,12.7,16.7,22.5,21.9
01289,804,113358,13.9,11.7,32.4,22.1
01290,2732,80752,6.0,7.3,43.8,38.9
01291,4594,67129,8.8,12.2,31.9,28.1
01292,1063,128661,9.2,8.5,43.6,38.6
01293,2334,74891,14.8,15.4,38.7,24.7
01294,2141,34982,3.8,15.6,32.1,31.1
01295,1928,131919,11.0,13.7,46.8,35.0
01296,2208,126359,7.1,8.5,33.2,21.7
01297,4168,144075,9.0,7.4,42.0,32.3
01298,1038,43587,5.6,7.1,44.0,15.8
01299,4905,100711,4.9,7.2,47.5,16.8
01300,906,78074,5.9,10.9,28.3,21.5
01301,1563,57185,3.9,5.0,26.0,25.3
01302,3515,108877,6.3,6.2,33.4,24.4
01303,110,135834,11.3,14.4,46.3,27.0
01304,1968,79478,10.8,8.7,29.9,34.9
01305,4967,106323,9.7,10.3,28.2,34.2
01306,984,92325,3.0,12.1,21.1,28.7
01307,3664,105843,4.5,5.8,41.0,18.5
01308,1489,146089,13.1,9.4,41.0,31.2
01309,3501,25584,6.3,20.5,45.0,37.1
01310,4421,63946,13.9,11.8,34.9,26.8
01311,924,142888,13.5,8.7,46.7,19.3
01312,2365,141030,4.9,9.0,22.6,21.9
01313,1036,61958,13.8,24.7,36.9,30.7
01314,2900,72323,10.5,8.0,34.3,31.3
01315,2653,120868,10.6,23.1,46.9,18.0
01316,3945,99936,13.2,6.6,47.2,32.7
01317,1896,138700,7.9,22.5,49.3,39.2
01318,153,134318,11.8,15.1,30.6,21.3
01319,826,36885,11.0,17.2,31.4,15.3
01320,2836,52023,12.3,9.9,25.8,27.2
01321,3270,46169,10.9,23.0,42.3,39.4
01322,2013,116277,4.0,16.7,45.0,16.1
01323,1696,103816,6.5,18.5,45.6,28.3
01324,2014,39469,14.3,16.1,49.7,23.3
01325,2566,106340,5.7,7.5,36.9,26.8
01326,2837,128060,8.7,21.7,26.4,37.0
01327,949,96561,7.3,8.7,38.0,26.4
01328,2209,32455,4.0,10.8,30.9,33.3
01329,102,88365,5.2,18.4,30.0,34.7
01330,4355,35497,6.4,6.9,41.0,31.6
01331,4169,91598,8.6,23.7,26.1,18.6
01332,4976,53976,13.5,7.5,36.3,38.9
01333,992,85698,9.2,18.3,24.2,19.6
01334,2130,133343,10.8,17.7,46.7,30.1
01335,3260,50101,8.1,19.0,22.7,18.4
01336,2476,144190,13.4,13.7,48.0,15.5
01337,4775,100110,11.0,12.6,50.0,16.0
01338,2033,144669,4.1,24.6,27.1,24.7
01339,1480,72481,8.7,21.3,22.8,25.9
01340,3781,146300,12.9,14.7,20.9,29.5
01341,1390,46352,11.8,8.6,24.4,23.6
01342,1740,96602,13.9,22.8,47.5,25.3
01343,2782,54661,5.7,18.0,41.9,37.5
01344,1087,46784,14.7,7.7,22.8,23.6
01345,1318,128988,6.4,8.7,48.8,22.9
01346,1455,53682,3.6,15.8,39.6,33.0
01347,4365,35914,8.9,15.1,47.9,39.5
01348,4716,64606,4.3,13.2,41.4,15.6
01349,4235,147041,11.2,13.5,31.3,16.7
01350,1660,59755,13.8,8.4,22.0,34.2
01351,1518,94603,14.1,10.1,20.5,16.5
01352,1054,144756,10.3,14.9,38.3,33.7
01353,1083,127408,9.4,6.3,35.1,24.4
01354,1074,37315,14.9,12.1,37.4,27.7
01355,4233,138462,10.0,9.2,48.9,15.7
01356,4072,33877,14.1,8.5,47.1,22.5
01357,1013,122743,14.0,7.9,30.7,35.9
01358,4649,147494,6.5,7.8,29.6,38.8
01359,136,48038,3.2,8.2,28.5,28.8
01360,3487,37869,8.3,12.5,48.2,39.6
01361,1811,37058,13.3,7.0,47.2,17.4
01362,3120,36017,13.0,22.9,48.1,36.7
01363,895,94270,10.2,15.0,27.0,33.9
01364,4136,113724,4.9,15.1,34.1,17.9
01365,4788,140929,4.3,9.2,30.7,32.4
01366,3211,28500,14.5,22.3,29.7,31.2
01367,1424,149541,8.1,21.6,22.9,38.7
01368,417,117162,10.8,5.7,45.2,20.7
01369,2496,87650,13.9,19.6,28.9,23.2
01370,2262,70098,13.4,8.7,30.5,19.8
01371,2845,96266,9.8,16.1,38.2,38.3
01372,1691,79682,8.9,22.4,47.8,36.5
01373,3211,93797,11.8,23.7,41.7,21.9
01374,4030,135633,7.2,8.7,39.3,36.5
01375,2096,146952,10.5,23.8,22.9,39.0
01376,1412,77995,3.3,6.4,38.7,18.2
01377,1385,95361,12.9,23.2,28.0,38.8
01378,4411,26981,15.0,20.4,39.2,37.2
01379,2483,107567,14.5,23.3,29.8,37.6
01380,3339,78075,7.3,12.3,22.3,16.5
01381,2239,40876,9.4,23.8,45.3,38.5
01382,1804,26982,5.8,21.4,36.6,39.9
01383,462,89368,6.6,11.6,28.4,32.8
01384,2704,149808,8.5,11.8,30.7,35.9
01385,1816,95791,12.0,12.1,38.5,27.2
01386,4551,101285,3.2,16.8,40.4,17.4
01387,4386,55214,7.7,8.6,34.6,26.8
01388,3838,119244,9.7,13.7,35.8,37.5
01389,2569,27019,5.6,6.4,23.2,26.1
01390,4895,83166,3.9,12.2,24.4,23.5
01391,656,127978,9.5,18.3,26.3,30.9
01392,925,65839,10.7,16.8,35.9,39.2
01393,2908,97516,10.7,11.3,32.6,29.2
01394,4621,68524,7.3,10.1,37.1,28.3
01395,2819,76984,5.8,11.5,25.2,26.7
01396,3608,34212,5.6,6.4,49.0,25.4
01397,3841,138518,3.5,10.2,38.5,25.5
01398,1674,116193,5.2,19.2,23.8,39.3
01399,4098,114022,12.8,8.6,31.1,22.0
01400,2229,88642,3.0,7.8,49.4,26.9
01401,2503,112911,3.5,21.9,49.0,18.0
01402,3429,133518,4.5,9.7,22.1,26.8
01403,688,45592,8.0,10.0,44.9,23.4
01404,2112,57203,7.0,14.3,39.3,27.1
01405,1647,61443,5.1,14.4,25.6,25.8
01406,394,85227,4.3,8.7,45.0,37.3
01407,2085,59547,14.3,16.1,39.2,30.2
01408,3217,116931,13.9,18.9,23.4,25.2
01409,1790,78848,12.3,14.7,45.4,24.8
01410,1236,127841,6.0,22.9,42.8,16.3
01411,2164,148107,6.9,24.8,20.2,20.8
01412,4555,107793,11.0,15.6,27.6,37.2
01413,4895,69610,6.5,24.5,28.1,24.3
01414,4643,54817,9.4,17.9,33.8,39.0
01415,4870,111686,10.8,15.6,26.9,19.1
01416,1107,110348,9.2,22.4,44.8,18.6
01417,2614,83635,8.0,24.3,41.1,36.9
01418,3626,136286,7.2,25.0,20.9,27.9
01419,4781,112524,12.3,20.2,41.2,36.3
01420,1347,36108,11.9,14.7,48.5,22.7
01421,4002,34219,11.4,10.9,34.8,21.0
01422,1535,143237,7.5,16.2,25.5,30.7
01423,671,115232,12.3,20.6,46.4,22.9
01424,2482,50317,14.5,5.5,39.8,15.8
01425,1345,28881,11.3,10.4,32.8,37.5
01426,2184,133005,7.9,12.1,32.4,35.5
01427,377,67202,12.6,20.6,28.5,28.1
01428,1987,144477,10.3,17.3,23.2,21.4
01429,4679,114365,13.5,13.5,46.2,23.2
01430,1365,45736,11.6,23.4,49.5,15.9
01431,4926,81623,12.2,15.8,48.4,18.1
01432,1140,84434,11.0,19.5,25.1,23.4
01433,1017,36109,4.1,18.1,32.6,35.7
01434,985,113979,8.8,22.2,28.8,34.5
01435,2852,96185,3.7,21.2,30.3,25.3
01436,121,69741,8.4,24.8,29.7,36.6
01437,4669,84056,11.6,12.6,47.9,29.0
01438,3291,117747,8.1,8.3,48.4,38.1
01439,2453,111928,3.0,20.2,21.2,15.6
01440,4899,86108,7.4,22.5,36.1,36.6
01441,786,97853,3.8,6.1,39.9,32.7
01442,384,82937,12.4,11.7,27.4,23.5
01443,4911,140721,12.4,21.1,21.8,32.5
01444,3847,101567,12.7,18.7,22.3,32.5
01445,862,139899,3.4,20.1,42.1,30.1
01446,2528,104499,3.4,15.9,31.0,37.8
01447,2607,57003,13.8,12.6,36.9,37.5
01448,128,145745,4.5,21.2,29.5,20.7
01449,1006,83749,11.0,16.1,44.4,20.9
01450,3204,30508,12.5,15.3,22.8,26.5
01451,4099,62785,8.4,19.7,20.5,31.9
01452,3094,86155,9.6,8.8,33.2,33.9
01453,2606,98658,5.7,16.7,32.1,39.7
01454,4765,49509,14.1,11.1,20.5,21.5
01455,3709,146167,6.6,5.4,44.9,28.4
01456,3653,134572,5.6,20.0,36.1,20.2
01457,1553,50497,9.3,14.5,45.2,36.3
01458,4933,39418,5.3,23.1,33.7,24.3
01459,3456,84383,11.2,15.0,38.6,38.9
01460,615,68159,9.2,5.2,20.8,33.0
01461,138,94598,4.8,13.2,43.5,33.6
01462,3442,71814,3.8,8.4,21.9,16.6
01463,986,97884,4.6,23.4,28.2,29.6
01464,2944,131246,4.6,13.9,34.1,16.1
01465,2304,32945,6.8,15.2,27.6,16.9
01466,1198,142926,13.0,12.3,21.8,38.7
01467,1923,26493,3.7,15.4,41.1,16.6
01468,3301,86517,4.5,6.7,31.8,38.4
01469,3255,103235,6.6,14.2,42.2,21.4
01470,3193,141265,9.6,18.3,27.2,15.5
01471,3630,108517,12.2,12.4,34.2,39.3
01472,3878,60196,14.1,12.9,30.6,26.6
01473,2996,36187,7.9,21.7,33.1,22.9
01474,3553,138429,4.3,15.7,49.2,25.0
01475,3611,41696,5.6,16.8,32.0,38.2
01476,1088,122119,6.4,10.9,35.4,21.3
01477,4216,101170,12.4,14.7,48.8,38.2
01478,4126,119093,11.2,6.1,21.5,17.0
01479,4279,64454,5.5,13.6,29.6,17.3
01480,1782,143763,13.1,21.1,26.1,27.4
01481,4765,90539,13.3,8.2,33.6,23.4
01482,4063,130365,13.6,20.3,23.6,15.5
01483,1033,66845,6.3,12.5,33.8,28.6
01484,3698,37380,4.6,5.5,28.7,21.9
01485,3333,46602,4.2,24.1,49.0,28.3
01486,2080,139879,7.8,8.6,24.8,29.7
01487,1955,92916,8.2,11.7,33.9,20.1
01488,3156,42619,13.4,14.6,40.6,35.5
01489,892,98298,6.2,24.0,38.1,27.2
01490,891,52854,10.5,16.6,29.9,33.2
01491,1909,70682,12.5,23.1,28.0,29.9
01492,2355,36225,6.2,16.3,32.3,28.9
01493,3710,82083,6.2,9.1,22.1,35.1
01494,1707,70628,11.0,16.3,30.2,23.2
01495,1084,60171,11.7,7.0,37.9,32.4
01496,3776,63789,14.5,7.3,49.7,20.1
01497,3480,81572,13.2,7.3,39.0,31.9
01498,619,130038,12.9,5.2,48.4,24.2
01499,690,103019,11.3,8.0,20.2,15.4
01500,1150,115373,4.4,12.1,43.2,37.0
01501,3733,92905,12.7,6.4,33.9,17.3
01502,4544,27467,14.2,5.1,38.5,27.4
01503,1059,57241,7.7,7.2,30.7,33.6
01504,792,67894,6.8,23.7,28.8,17.3
01505,3999,144115,9.3,15.5,30.5,26.7
01506,4573,104143,14.5,13.7,38.0,18.6
01507,3046,59027,3.6,14.7,38.5,37.8
01508,626,136272,11.5,16.1,36.6,27.5
01509,3324,59822,12.8,7.2,32.2,26.6
01510,2353,41917,12.5,16.7,43.5,29.9
01511,3444,125423,9.8,21.7,43.9,26.2
01512,4065,42907,14.0,16.2,41.6,39.0
01513,1975,134161,4.6,22.7,25.2,33.1
01514,1863,68146,5.9,7.8,31.1,36.2
01515,620,110377,6.7,21.5,47.3,17.8
01516,1116,60357,3.1,18.3,34.0,37.0
01517,216,62187,7.4,17.1,35.7,27.3
01518,2533,97628,4.9,16.8,44.6,31.1
01519,683,64512,11.7,7.4,48.2,30.4
01520,494,125244,8.0,17.8,48.1,30.7
01521,3888,110656,11.5,13.0,27.7,32.3
01522,2868,74224,6.5,6.3,22.2,20.2
01523,4267,109807,4.6,9.1,35.6,27.9
01524,3960,71468,4.6,13.9,40.9,20.8
01525,373,30357,5.4,24.9,43.0,17.6
01526,2113,116099,4.4,13.6,40.0,32.7
01527,4533,91881,5.6,8.0,22.7,28.3
01528,1489,34978,9.9,23.0,30.0,16.5
01529,3666,38616,6.1,5.7,20.2,33.0
01530,4802,99759,7.1,7.5,43.8,20.3
01531,265,123273,3.6,14.5,22.6,28.3
01532,1667,141694,13.7,6.9,38.0,19.6
01533,828,34422,4.7,16.4,30.3,32.0
01534,2143,33602,7.2,8.2,33.8,17.5
01535,4297,35497,7.6,18.0,28.8,29.3
01536,3596,75971,12.3,7.4,42.2,38.2
01537,878,146482,8.8,21.2,29.9,33.5
01538,313,114133,7.6,19.7,41.5,33.8
01539,3862,72229,11.4,23.5,31.5,35.1
01540,1676,93628,10.2,6.4,32.3,39.6
01541,2548,79441,3.9,16.1,36.4,15.1
01542,3036,93127,6.8,19.2,33.1,28.7
01543,3217,81735,14.7,23.1,37.7,37.6
01544,691,125806,8.8,14.6,47.5,35.9
01545,2820,99389,8.1,24.0,30.9,17.3
01546,813,116341,4.8,7.4,41.3,22.6
01547,1035,83700,13.1,13.7,46.2,18.9
01548,4437,44476,4.6,10.1,22.5,36.6
01549,101,97597,4.3,8.1,36.7,29.7
01550,2948,106697,8.3,10.7,23.6,35.5
01551,4144,92209,8.2,18.3,43.6,31.7
01552,2049,116200,14.8,14.7,31.1,26.8
01553,1017,118760,4.5,8.6,35.3,39.2
01554,3274,88575,8.8,5.6,36.0,35.9
01555,2341,121066,5.4,23.5,37.5,36.2
01556,189,85894,11.4,11.3,49.4,39.4
01557,1809,103890,7.7,7.6,35.4,18.7
01558,2269,96538,10.8,7.9,42.5,36.6
01559,4338,133456,7.1,10.1,49.3,33.5
01560,3141,32308,9.8,9.6,42.9,16.2
01561,205,134941,8.6,10.6,45.0,17.5
01562,986,146347,7.5,9.5,21.3,38.6
01563,527,58267,9.5,13.6,25.7,22.8
01564,1995,104126,7.6,20.3,40.4,18.8
01565,416,123629,12.7,5.5,47.1,37.8
01566,734,104265,8.9,8.8,21.9,34.8
01567,2025,54224,13.8,19.2,44.3,27.8
01568,2156,145721,5.7,8.0,25.6,32.4
01569,3244,91423,4.3,19.8,33.4,40.0
01570,2370,132491,7.6,15.3,45.3,20.8
01571,1539,126977,5.2,22.6,25.1,22.0
01572,652,101768,7.7,5.2,39.7,19.8
01573,815,131239,5.5,20.7,44.9,21.9
01574,4011,58696,13.4,16.4,38.8,17.7
01575,1813,85312,9.8,14.4,20.8,36.0
01576,3489,94939,9.0,7.9,39.7,19.1
01577,1207,39992,12.5,9.7,25.5,24.6
01578,4306,145114,4.6,20.7,25.4,29.3
01579,350,133418,13.3,8.0,31.7,36.4
01580,2530,32990,8.8,15.5,43.2,18.2
01581,2154,86909,4.6,9.2,22.9,31.2
01582,558,69215,12.8,14.8,34.6,35.5
01583,307,83998,8.5,10.1,46.7,36.8
01584,999,107544,10.3,12.0,34.5,38.0
01585,3561,121546,13.7,21.0,29.3,16.9
01586,3485,29344,13.7,5.7,28.4,26.6
01587,121,76523,13.7,23.5,49.6,25.9
01588,509,137058,8.0,11.4,23.2,15.1
01589,994,46083,12.0,16.9,32.4,33.2
01590,614,49634,5.8,9.4,42.5,34.1
01591,4209,30116,13.0,12.2,29.2,20.5
01592,2234,84660,7.1,14.2,45.3,36.5
01593,3695,87781,8.6,18.8,38.5,22.9
01594,3056,129541,13.7,22.5,33.8,22.8
01595,1660,132773,12.7,22.3,47.8,29.0
01596,1366,66646,14.4,11.7,31.2,20.4
01597,2269,114547,7.4,6.8,49.0,33.8
01598,3738,29610,4.8,23.5,22.2,21.5
01599,849,74684,13.9,5.6,21.2,29.5
01600,3527,85519,8.9,22.6,22.5,21.1
01601,4880,86248,13.7,5.5,22.6,23.6
01602,2027,62265,11.8,24.5,27.0,38.3
01603,3904,28852,13.5,5.2,32.2,26.6
01604,3802,122222,10.9,5.3,44.3,32.0
01605,2456,44788,12.7,15.2,31.7,20.5
01606,4890,126072,4.4,18.3,23.8,32.5
01607,2435,109575,14.6,12.1,20.9,39.4
01608,406,125444,5.2,17.1,36.7,32.7
01609,3765,32724,3.3,21.9,26.9,27.2
01610,2089,74725,9.4,20.9,30.8,18.0
01611,761,75717,11.5,22.7,27.3,28.4
01612,4744,71026,11.6,8.2,32.2,21.0
01613,411,34997,7.1,9.5,49.2,33.6
01614,3020,74588,12.0,16.8,49.2,23.2
01615,1182,35695,13.1,19.5,41.4,18.9
01616,3071,68422,10.3,7.1,27.1,18.5
01617,854,94125,7.6,8.5,45.6,18.7
01618,4230,88442,10.4,23.5,20.3,32.4
01619,4640,26398,13.3,5.5,35.4,16.2
01620,452,133050,13.8,13.0,46.3,39.1
01621,1002,98227,3.4,9.2,32.6,19.9
01622,3988,73500,4.5,20.5,27.4,23.3
01623,258,101479,3.1,22.3,38.8,19.3
01624,2077,104462,8.9,9.9,44.5,37.1
01625,1056,85273,8.2,16.8,40.1,15.9
01626,2171,70817,9.5,21.9,27.6,32.9
01627,503,86171,11.2,17.0,23.8,17.8
01628,4711,37113,7.4,17.0,28.2,40.0
01629,2879,55134,5.5,13.3,24.3,24.7
01630,1487,28266,7.7,18.1,48.8,23.1
01631,3553,31408,3.1,24.2,31.0,24.8
01632,1055,39842,13.0,11.0,49.0,24.1
01633,1812,36136,7.6,9.0,37.3,19.4
01634,4803,28497,10.5,24.2,40.7,36.8
01635,1373,86415,6.9,6.2,47.3,30.8
01636,3911,46340,10.4,21.8,49.8,23.7
01637,2725,59742,9.5,23.2,48.5,24.4
01638,2482,121944,5.5,9.4,33.4,16.9
01639,1541,132362,10.5,13.5,40.8,24.7
01640,3079,120330,4.3,7.5,31.7,34.2
01641,1897,99781,8.8,12.3,38.9,25.2
01642,4490,128714,11.6,14.1,35.7,26.3
01643,4109,114662,9.6,15.2,20.6,19.6
01644,4950,93070,12.0,7.4,46.0,18.8
01645,1494,81725,6.3,13.1,30.7,32.6
01646,4381,72018,3.6,17.5,33.5,32.0
01647,1369,147907,3.7,15.0,30.3,30.6
01648,4832,60985,6.2,21.8,34.5,34.3
01649,3814,109255,7.9,24.0,34.9,26.7
01650,629,78828,9.5,21.3,39.0,18.1
01651,3723,85341,12.1,5.9,31.3,28.7
01652,3058,80547,13.1,9.3,26.8,21.3
01653,3014,114249,11.3,6.8,31.9,32.5
01654,4989,70982,8.6,13.7,29.6,31.4
01655,3691,109077,6.2,19.5,37.0,21.3
01656,2247,104712,8.1,5.6,41.8,36.6
01657,4673,44075,6.3,10.3,41.5,37.4
01658,3469,146229,10.5,6.9,46.7,32.2
01659,1039,44726,12.8,13.2,26.2,25.5
01660,625,26555,9.2,23.5,35.1,30.0
01661,101,41659,3.6,13.3,38.7,23.3
01662,474,142424,14.3,17.7,35.5,23.6
01663,2440,55966,6.5,12.7,39.2,27.2
01664,4105,50923,14.0,19.6,45.7,22.8
01665,3152,93625,12.8,19.9,22.8,33.0
01666,4748,105279,8.0,7.8,31.2,18.5
01667,2465,98114,3.7,18.1,35.2,17.2
01668,1625,147656,14.4,12.7,35.7,28.3
01669,4576,125476,10.9,22.2,20.4,26.5
01670,1746,52967,6.0,8.2,37.3,23.8
01671,113,139840,9.4,22.9,40.9,37.2
01672,4699,141292,10.6,15.2,31.7,28.0
01673,2378,48185,5.7,10.1,47.4,35.8
01674,3255,65492,4.1,11.7,40.4,34.1
01675,229,68027,6.2,5.1,38.9,28.2
01676,3914,59594,3.6,24.0,26.2,36.1
01677,3316,148126,3.8,9.5,49.4,30.1
01678,3038,112429,4.9,23.2,34.0,20.4
01679,4028,42754,4.9,22.1,21.1,24.7
01680,2140,69507,6.0,12.0,22.2,37.3
01681,127,95858,14.2,9.2,30.1,23.1
01682,2213,46512,9.9,13.5,21.2,16.3
01683,1352,30811,8.1,23.7,25.1,37.9
01684,4456,59459,9.8,22.1,40.3,28.0
01685,2146,64442,3.1,14.8,30.3,34.3
01686,4655,51726,13.7,15.9,32.4,26.5
01687,4123,89757,9.4,13.2,48.6,30.8
01688,4496,101372,8.4,23.9,39.4,29.7
01689,3474,126694,14.3,24.8,28.8,17.4
01690,3566,142086,11.8,10.8,30.2,18.9
01691,3181,133777,7.0,24.0,48.4,35.8
01692,3878,34862,14.2,24.0,33.4,18.1
01693,729,123340,13.2,14.5,33.1,22.4
01694,369,134912,14.5,13.3,28.2,30.1
01695,2739,108547,4.2,22.4,29.6,37.9
01696,2093,60107,14.5,23.9,42.7,24.7
01697,2991,113080,9.5,13.0,44.4,28.0
01698,3532,39425,11.1,14.8,27.3,39.2
01699,1380,59139,5.5,11.7,48.2,33.8
01700,2460,58444,4.7,9.2,29.5,23.2
01701,675,95608,4.0,24.9,41.3,33.6
01702,1407,25252,8.1,8.8,38.6,23.6
01703,3292,126168,5.7,21.3,20.9,31.7
01704,3278,141304,4.0,13.4,45.8,19.5
01705,2834,35208,14.5,6.7,38.9,17.3
01706,2312,109151,11.8,11.5,37.4,24.8
01707,2452,80585,9.2,6.7,36.6,20.0
01708,3668,107680,11.9,24.6,40.0,35.6
01709,1755,110206,10.3,10.3,22.5,30.3
01710,1679,64069,5.1,19.9,42.7,16.7
01711,2303,81218,10.6,13.5,29.2,24.6
01712,1490,48218,11.2,18.6,32.6,25.8
01713,1842,58160,5.8,10.1,21.2,35.7
01714,2025,101819,6.8,6.9,24.1,37.2
01715,719,69502,7.6,21.2,44.2,25.3
01716,1374,50006,10.2,19.3,31.0,35.1
01717,1056,124300,4.5,7.2,41.8,34.1
01718,2039,64916,11.9,19.6,31.2,16.9
01719,4053,50667,7.2,17.0,46.0,18.0
01720,2481,140788,11.3,8.4,34.7,22.1
01721,1068,115213,14.2,21.5,29.7,32.4
01722,1416,101427,13.4,19.0,43.7,17.5
01723,1143,148772,11.9,15.1,37.1,30.7
01724,381,72688,5.3,8.6,36.9,15.0
01725,2944,105078,11.8,15.8,41.7,31.7
01726,1158,141948,10.6,8.3,49.6,38.9
01727,4393,39414,12.3,8.7,31.1,36.8
01728,2632,89624,13.4,9.8,36.0,34.4
01729,3928,149668,6.7,18.1,28.9,22.1
01730,1108,43564,10.7,18.6,31.6,16.3
01731,1329,30316,6.3,6.5,21.9,37.1
01732,1135,69056,7.2,18.0,32.0,18.1
01733,4685,103295,9.2,5.7,25.9,16.0
01734,375,86028,8.2,23.1,38.3,29.4
01735,2840,141468,10.2,20.6,21.3,28.3
01736,2389,53190,12.1,19.5,23.9,19.5
01737,1339,86357,10.3,9.8,36.1,28.0
01738,225,113353,14.6,24.8,32.3,21.4
01739,4165,67239,11.9,23.5,32.3,34.2
01740,4412,61776,14.8,14.8,36.2,35.9
01741,3968,97909,11.9,5.7,26.9,23.1
01742,1308,87938,9.1,15.2,24.3,38.8
01743,3349,73110,7.9,8.1,22.6,24.8
01744,1018,73195,11.8,16.9,46.4,38.2
01745,4023,61054,11.2,24.7,43.2,29.3
01746,4503,101409,11.0,20.1,31.1,19.0
01747,2069,127821,11.7,11.4,28.3,25.7
01748,2893,44012,13.5,12.9,35.6,23.5
01749,991,107458,5.7,23.9,22.5,34.9
01750,4570,104530,9.8,7.2,47.5,34.9
01751,2133,43164,10.2,22.8,37.3,35.9
01752,1464,31605,6.5,6.5,47.9,17.2
01753,228,102254,14.9,13.3,48.4,16.2
01754,1114,73109,12.4,19.9,36.4,37.8
01755,1899,60116,6.9,12.9,34.9,20.6
01756,4712,41145,7.3,16.4,29.1,24.4
01757,1618,46791,11.6,14.8,44.6,27.6
01758,4281,41120,3.1,17.1,48.4,38.7
01759,1298,48553,8.6,8.4,25.3,31.8
01760,3973,141648,7.1,16.6,43.5,23.0
01761,2574,41362,13.2,24.7,25.5,31.1
01762,3585,126395,12.5,8.9,25.4,39.2
01763,4149,139140,7.0,6.3,27.9,15.5
01764,3819,64865,13.4,12.8,40.8,20.1
01765,402,110482,14.0,12.5,22.1,30.5
01766,4052,62849,9.6,7.5,29.6,15.5
01767,4783,95437,4.9,16.4,35.7,36.7
01768,1086,125608,12.2,13.8,43.9,25.0
01769,1963,133996,6.8,21.7,30.0,34.6
01770,4540,27485,9.3,13.5,34.9,33.3
01771,3172,147616,3.5,24.7,38.9,30.5
01772,3224,84789,9.0,20.6,27.7,30.0
01773,1427,136768,7.6,14.7,47.9,39.8
01774,2508,147863,11.2,16.0,30.9,16.5
01775,3773,123952,3.5,22.3,42.4,25.5
01776,3391,35461,10.5,20.5,40.0,35.7
01777,4133,82042,12.3,18.2,39.3,25.9
01778,803,104548,3.2,10.3,32.3,33.6
01779,674,55131,12.0,13.2,46.0,34.1
01780,3332,77967,4.6,20.7,43.5,18.2
01781,4883,129583,11.4,17.5,36.9,38.0
01782,2732,34743,8.5,24.1,29.4,27.2
01783,3928,54447,9.6,22.5,36.8,33.7
01784,3330,149182,7.0,13.5,22.6,38.8
01785,588,27632,5.9,10.9,36.3,29.6
01786,1447,49287,3.9,7.5,41.0,31.1
01787,3781,52108,13.4,13.2,47.6,23.1
01788,3273,90057,10.3,9.5,41.5,31.5
01789,4689,124572,14.8,5.3,27.0,17.4
01790,1767,125077,13.2,7.8,21.6,21.3
01791,1737,69049,13.4,14.1,28.6,35.6
01792,4214,97556,10.2,22.8,31.9,27.1
01793,3653,61395,4.0,11.4,20.4,17.3
01794,1100,140854,14.0,13.8,48.4,34.9
01795,950,93084,4.4,12.7,37.6,34.3
01796,1488,124854,9.2,12.4,48.4,18.2
01797,3812,43524,13.3,19.5,30.4,29.3
01798,1467,63270,8.7,15.1,41.5,32.1
01799,921,80160,5.0,13.2,39.3,21.2
01800,554,64190,7.5,23.9,27.3,37.6
01801,1724,30846,14.9,10.5,28.2,28.5
01802,2872,110440,15.0,21.7,32.1,39.5
01803,3826,147616,11.5,15.3,25.8,38.3
01804,3247,97661,13.7,13.8,29.9,38.3
01805,4189,135150,3.5,6.3,37.1,19.7
01806,4906,33812,6.3,22.2,27.3,24.8
01807,2290,95943,7.4,10.4,28.6,15.5
01808,1016,142211,3.1,18.6,46.9,35.7
01809,4086,122137,7.5,22.5,34.2,29.0
01810,2975,29767,4.1,15.7,41.3,21.1
01811,1540,98898,9.2,17.8,28.1,33.9
01812,4500,47028,3.1,11.8,37.9,38.2
01813,835,43803,6.2,19.5,40.5,29.4
01814,3668,35971,13.4,18.1,29.1,28.8
01815,3438,132912,5.6,13.9,33.1,28.0
01816,3115,145765,3.8,17.7,45.3,39.7
01817,2989,105056,6.0,10.3,41.1,33.1
01818,1061,114597,12.9,18.2,46.8,33.1
01819,3089,73559,10.0,18.5,25.6,20.4
01820,3948,124242,10.0,13.9,40.2,32.3
01821,1126,111850,3.0,10.0,20.5,35.4
01822,3965,80504,8.7,21.1,27.2,17.8
01823,2963,89481,6.2,20.1,21.8,35.0
01824,2601,146631,7.0,6.1,42.7,39.3
01825,2047,88486,10.2,14.9,35.2,30.2
01826,1277,89840,13.5,6.8,35.1,35.9
01827,4860,104208,5.2,11.4,32.2,30.0
01828,111,67991,12.2,13.4,21.7,15.0
01829,4499,48995,3.6,8.5,42.9,29.1
01830,3464,49448,6.9,14.4,41.5,38.7
01831,3122,120672,5.6,19.1,41.5,30.8
01832,3471,56088,14.0,13.7,49.8,30.7
01833,2930,28177,5.1,9.7,45.2,34.4
01834,142,52347,9.9,13.3,28.0,27.3
01835,1043,40684,5.0,16.8,24.4,36.5
01836,2490,46735,8.7,23.7,33.5,23.9
01837,2645,30100,8.0,15.0,45.0,27.5
01838,2511,127100,3.5,22.8,24.7,38.1
01839,1104,44268,12.9,24.7,43.3,36.4
01840,120,67691,12.4,16.2,48.2,19.1
01841,506,108192,6.3,7.9,24.2,30.6
01842,1114,104164,10.4,22.5,40.5,36.6
01843,4531,31407,7.4,22.2,26.4,39.8
01844,1938,141440,12.2,22.4,49.9,39.9
01845,3288,49054,11.3,24.0,46.7,25.0
01846,814,65198,4.1,10.5,31.1,34.6
01847,4246,51532,13.1,11.7,21.3,39.6
01848,3954,69447,5.2,18.7,21.4,34.0
01849,4519,120120,5.1,16.3,34.8,24.4
01850,4984,108611,11.8,22.4,48.7,29.5
01851,240,53741,5.2,10.1,45.4,36.0
01852,4665,34449,4.5,18.2,34.4,36.1
01853,4982,148311,7.0,23.8,26.5,32.1
01854,1063,46557,13.1,9.3,22.0,23.1
01855,472,86609,5.1,11.1,31.5,35.9
01856,3735,51659,7.1,13.1,44.5,19.4
01857,2641,28905,6.4,6.7,34.6,33.3
01858,3710,63814,7.3,8.5,34.2,39.9
01859,1792,63848,11.6,12.6,34.3,39.5
01860,205,119466,7.9,6.5,26.3,21.1
01861,1781,101026,12.1,12.3,44.3,36.6
01862,4197,80308,10.7,9.9,42.6,16.4
01863,4116,146502,7.3,22.3,29.0,28.4
01864,2736,97220,8.2,17.2,25.5,18.1
01865,2237,59872,11.4,23.0,43.7,33.9
01866,3516,144787,9.4,9.1,49.3,22.4
01867,4545,34376,13.4,6.6,24.2,15.9
01868,3630,123740,14.2,12.1,24.8,26.9
01869,1386,72881,11.6,6.1,37.7,29.3
01870,3279,111245,14.9,22.7,34.5,37.7
01871,3754,38118,10.2,8.8,24.6,36.4
01872,2459,136432,3.5,7.8,38.0,34.1
01873,544,54888,9.1,20.8,20.7,16.0
01874,135,119827,5.8,19.2,34.8,28.0
01875,1575,72460,7.0,6.1,23.5,34.3
01876,4057,117511,8.9,15.2,31.4,37.5
01877,1898,130312,6.5,14.0,49.5,29.9
01878,1945,136873,6.7,12.7,31.0,33.5
01879,1508,82965,7.8,7.5,30.5,23.6
01880,1808,53289,6.4,20.7,33.0,23.3
01881,3038,66594,5.0,9.8,36.6,27.8
01882,1400,52588,12.2,14.2,20.3,30.2
01883,1343,141681,7.7,22.6,44.5,39.3
01884,4076,125979,13.0,11.4,28.9,17.3
01885,3197,80013,13.6,5.7,45.4,36.9
01886,4716,60108,12.0,22.8,24.2,28.1
01887,109,116521,7.8,14.9,32.9,15.2
01888,2525,61584,11.7,14.9,49.6,29.6
01889,1760,83172,4.9,16.0,25.8,31.8
01890,2731,60049,10.9,8.6,35.4,23.7
01891,4915,81615,7.9,19.3,29.6,24.3
01892,1172,96358,10.9,9.6,39.4,34.1
01893,3325,50112,12.1,11.0,22.2,26.0
01894,1416,116514,9.8,17.6,44.2,16.3
01895,4245,41037,10.7,20.0,39.1,15.9
01896,3783,33996,5.6,19.6,46.1,16.4
01897,3373,104860,10.1,6.7,42.8,19.7
01898,245,102009,8.5,20.1,24.1,35.2
01899,3140,48066,8.1,18.3,46.1,37.7
01900,1562,115963,7.9,17.1,31.7,23.2
01901,4776,65865,6.7,24.3,34.7,33.8
01902,1684,74707,6.7,11.9,21.8,39.8
01903,582,33067,11.4,18.7,26.8,36.2
01904,3279,30341,9.7,16.5,28.7,30.5
01905,1349,46427,3.4,12.8,44.2,17.4
01906,4868,105694,3.6,20.8,34.3,36.3
01907,730,86667,9.8,13.1,30.9,17.5
01908,761,51440,13.2,16.2,48.5,20.6
01909,3603,147088,3.5,16.2,27.1,27.3
01910,2952,106163,9.1,15.2,34.5,17.5
01911,2566,129333,13.2,14.1,27.8,25.9
01912,1087,86693,3.1,8.4,27.0,23.5
01913,1646,113738,6.3,9.8,46.6,21.0
01914,749,104877,14.0,7.5,36.9,26.9
01915,1068,92630,4.0,19.5,20.0,19.2
01916,2737,143166,10.3,19.9,24.4,16.8
01917,1200,44314,9.1,17.8,46.4,34.2
01918,540,68587,4.8,23.4,21.9,25.6
01919,869,115365,3.5,10.3,46.8,18.5
01920,1443,28520,9.0,21.4,26.2,37.0
01921,4458,74210,11.8,8.7,49.4,37.5
01922,3829,57136,5.1,6.4,38.7,19.0
01923,4006,77854,11.3,5.0,49.4,16.0
01924,1677,84065,9.6,16.6,35.5,37.7
01925,4108,43991,7.3,20.6,43.5,31.1
01926,3451,30110,11.0,21.5,28.2,37.3
01927,4895,71270,5.3,14.4,24.7,16.9
01928,2449,66224,8.5,6.2,23.1,17.3
01929,3702,125011,9.6,5.7,30.0,37.0
01930,1341,137173,8.5,23.3,31.6,33.8
01931,1225,85558,7.8,6.9,29.6,26.4
01932,2701,109213,11.9,20.7,48.8,34.4
01933,1290,134783,10.9,6.4,24.2,31.5
01934,4231,60252,10.7,8.7,26.0,34.0
01935,4939,76887,13.7,8.3,26.1,15.3
01936,4548,57583,14.9,10.5,42.0,25.0
01937,172,101251,9.8,13.1,40.0,38.0
01938,2014,110375,7.2,7.5,25.3,31.9
01939,2572,140625,12.3,24.5,20.8,16.1
01940,3146,58645,4.7,5.0,21.2,39.9
01941,807,68664,9.2,20.4,27.3,39.8
01942,1904,99274,9.3,15.5,42.7,26.5
01943,3813,60230,14.8,6.7,46.9,37.3
01944,2664,123095,14.9,7.4,47.1,25.4
01945,2575,62261,12.6,16.8,33.0,22.0
01946,3710,135074,8.7,11.3,44.7,39.4
01947,4355,122432,9.6,14.0,41.6,34.6
01948,2923,129439,6.8,16.0,22.2,27.3
01949,1835,49365,13.0,16.5,47.6,26.1
01950,1685,135127,12.0,16.7,36.3,17.1
01951,166,109135,12.3,6.4,33.9,35.8
01952,3161,73817,4.7,19.8,37.6,21.2
01953,2528,86190,7.8,10.9,25.3,17.8
01954,4253,145414,9.4,7.3,24.8,32.7
01955,441,47331,4.5,7.0,33.1,29.0
01956,2874,122058,7.4,9.7,37.2,32.0
01957,2917,49805,4.0,17.6,21.7,18.4
01958,2761,54374,14.5,14.4,22.6,18.1
01959,1332,42811,12.0,7.1,48.2,19.1
01960,3974,129591,10.4,5.6,30.7,29.1
01961,2501,139581,5.5,5.5,23.3,21.5
01962,1594,43083,7.0,13.4,24.5,30.1
01963,4311,71610,4.7,20.8,31.9,27.7
01964,761,37161,9.4,16.5,45.4,24.9
01965,3983,39403,12.8,21.2,30.4,15.7
01966,3719,141833,3.2,11.4,42.0,35.4
01967,1968,147886,4.2,7.8,28.7,16.7
01968,2434,97494,5.8,21.1,33.4,31.3
01969,3474,78424,11.6,19.6,27.4,24.0
01970,1116,50805,13.7,16.8,42.0,33.2
01971,4506,119506,12.0,22.8,43.6,21.9
01972,307,125127,9.3,17.6,33.8,23.9
01973,2765,143672,4.3,15.5,41.5,39.5
01974,2593,35468,12.1,15.0,29.6,24.7
01975,732,36135,4.3,17.3,33.8,30.3
01976,2202,82974,7.2,15.3,46.3,38.8
01977,3059,115381,6.7,10.5,21.4,32.7
01978,3183,88135,7.3,24.1,33.7,24.6
01979,4852,89699,7.0,24.2,21.7,24.7
01980,2031,45155,12.2,8.3,33.0,25.7
01981,3819,120027,5.1,15.6,35.6,25.4
01982,2662,91036,13.2,20.8,42.7,23.8
01983,1779,46990,13.3,6.1,29.2,29.1
01984,336,98475,8.9,7.5,43.5,35.0
01985,4543,46991,4.3,15.9,21.7,29.7
01986,4825,71045,9.9,5.6,26.9,21.2
01987,1640,104325,12.9,21.7,38.1,32.6
01988,4043,44134,6.5,22.5,20.2,27.9
01989,463,75464,13.1,19.7,39.2,30.5
01990,2468,109073,11.1,21.4,41.6,32.7
01991,385,62504,14.8,18.4,45.3,26.6
01992,248,25608,12.9,7.8,42.9,25.0
01993,4137,69003,5.4,5.6,48.0,36.7
01994,4651,144792,8.4,22.0,35.9,36.5
01995,1866,104423,4.2,19.1,42.3,32.7
01996,4995,43047,3.8,13.0,44.3,23.3
01997,1112,28294,11.5,20.9,39.0,33.0
01998,2931,145612,14.0,6.1,47.9,25.8
01999,2607,141685,14.7,11.4,34.2,32.4
02000,1623,117541,6.2,11.8,26.8,20.2
02001,2885,105709,5.4,7.1,27.9,15.2
02002,2656,47406,9.7,19.8,30.8,18.1
02003,3825,117823,5.4,20.6,42.1,30.0
02004,4676,110105,6.6,16.7,36.7,25.7
02005,1701,59299,13.0,13.4,48.0,23.8
02006,2508,72043,12.7,17.1,47.0,37.1
02007,440,54750,13.7,23.0,33.7,19.3
02008,2917,61984,8.8,12.2,31.9,36.7
02009,2596,81536,9.8,11.7,49.1,27.4
02010,1825,28706,12.2,17.5,34.4,39.4
02011,1789,36266,5.9,18.7,49.7,22.8
02012,3367,114179,12.9,14.2,27.1,35.5
02013,4506,111422,3.2,22.2,46.7,27.9
02014,361,148555,12.6,12.0,28.1,21.0
02015,1542,72544,12.3,17.8,39.3,36.5
02016,505,100382,6.6,18.4,50.0,28.9
02017,2290,103255,11.7,10.9,37.2,35.0
02018,4537,111924,5.6,5.4,44.8,30.6
02019,343,70116,9.9,21.5,27.5,16.8
02020,4685,89213,11.4,14.6,36.9,30.1
02021,4207,110464,11.6,6.9,34.0,15.4
02022,660,71326,14.8,24.2,31.2,33.5
02023,4237,94354,5.2,10.9,21.8,22.1
02024,2825,33087,8.8,14.5,42.3,26.3
02025,693,146770,13.6,14.7,49.3,18.3
02026,1926,138508,9.7,12.4,38.7,18.2
02027,3329,126747,13.5,8.0,22.3,32.3
02028,3387,73416,8.2,19.1,40.0,17.1
02029,4173,112629,12.5,8.9,50.0,27.3
02030,233,91583,13.4,18.6,42.5,30.8
02031,3238,68413,13.2,21.0,32.7,25.0
02032,4019,149211,13.5,5.5,49.4,27.7
02033,172,135578,5.6,19.6,47.3,37.8
02034,4594,109580,8.3,17.8,43.3,33.5
02035,4325,122651,5.1,8.9,47.9,34.0
02036,3078,98466,5.2,17.4,43.2,36.3
02037,4461,106530,8.9,13.4,49.3,24.6
02038,2085,51838,14.5,6.7,42.8,20.2
02039,892,86701,10.1,15.5,24.4,17.0
02040,4359,130362,13.2,24.5,23.0,33.7
02041,194,139507,14.2,18.0,27.4,21.6
02042,1233,64034,4.0,11.6,24.1,26.1
02043,337,115875,4.9,16.3,36.9,21.0
02044,3046,35559,6.5,19.8,39.8,29.7
02045,2630,82229,10.4,8.1,23.7,20.3
02046,2060,28408,3.7,15.6,20.2,31.0
02047,1148,145989,12.4,15.1,40.9,33.1
02048,2629,48878,3.8,12.5,21.5,17.6
02049,3064,43068,4.9,19.9,41.6,37.7
02050,1063,71144,7.6,16.3,22.1,36.6
02051,636,86808,9.7,19.0,48.9,39.0
02052,4323,124173,13.6,16.9,27.5,19.4
02053,3779,128427,14.6,20.6,22.0,38.6
02054,4287,52309,13.6,17.7,38.7,39.8
02055,3824,57391,4.3,18.6,41.7,24.7
02056,642,116025,10.6,9.5,47.7,17.4
02057,945,80027,8.3,21.9,44.8,37.4
02058,3703,118243,4.5,8.1,28.4,19.5
02059,3136,114132,9.7,11.8,26.0,24.6
02060,2594,113647,7.3,22.8,29.2,27.6
02061,4585,83974,7.1,7.2,27.2,27.6
02062,2819,107462,4.1,22.3,41.6,31.0
02063,1984,59971,14.7,14.5,41.0,20.7
02064,4238,109855,11.7,8.7,36.8,23.3
02065,4449,107671,6.4,19.7,22.1,23.8
02066,3301,125415,14.0,10.7,48.6,22.0
02067,2810,148300,14.4,18.6,30.5,39.8
02068,2053,97812,12.7,20.8,44.4,36.5
02069,4837,116598,10.9,16.4,43.9,36.2
02070,3950,79851,7.5,20.7,28.9,24.6
02071,789,74698,8.2,23.7,27.4,28.8
02072,2050,105122,8.5,16.0,36.1,16.6
02073,556,46345,14.4,8.0,30.7,19.6
02074,2230,109477,12.1,19.2,47.6,39.6
02075,4076,92107,6.5,13.2,47.4,25.6
02076,4344,64352,10.5,15.6,43.2,27.0
02077,1279,82797,10.1,17.5,20.6,28.9
02078,4385,76843,12.7,19.3,45.4,37.2
02079,3665,146648,4.1,17.8,39.7,37.3
02080,982,34949,11.4,9.7,35.7,34.0
02081,499,62542,7.0,20.0,31.7,29.2
02082,708,103097,4.6,21.1,38.5,28.6
02083,1738,57827,11.8,5.8,27.7,28.9
02084,2248,119549,7.0,11.2,37.3,35.2
02085,1482,116529,11.8,24.6,39.5,39.8
02086,1503,137406,4.9,8.6,40.3,19.6
02087,919,113131,14.8,8.7,32.6,37.0
02088,3392,108258,12.6,16.8,22.1,33.0
02089,919,115578,6.5,11.8,32.5,24.5
02090,519,32001,11.9,18.1,47.0,21.8
02091,4319,117422,4.6,10.3,36.1,17.6
02092,4617,32948,10.8,13.5,21.2,19.0
02093,3402,122410,3.7,25.0,31.2,29.2
02094,1608,109391,7.0,12.5,38.5,17.7
02095,867,138930,14.7,6.7,28.4,31.9
02096,2144,50295,4.5,19.8,25.6,28.9
02097,2239,50811,10.2,16.8,37.3,27.9
02098,3129,66522,3.8,13.9,38.2,23.2
02099,1649,66942,11.0,23.2,33.8,30.5
02100,1864,85310,6.3,7.9,22.8,17.5
02101,2745,84679,6.7,14.8,42.2,32.5
02102,3816,144208,7.1,8.8,42.7,37.4
02103,4705,54225,5.5,6.7,31.7,32.0
02104,4581,136350,14.3,13.8,20.3,35.5
02105,2393,131405,13.9,23.9,39.1,20.2
02106,4937,75882,13.4,19.4,49.3,24.1
02107,2808,45723,4.3,9.7,34.6,36.8
02108,1000,98415,5.8,14.3,40.6,21.7
02109,3184,147725,10.3,20.9,35.8,30.2
02110,2109,131104,14.6,8.9,27.1,29.6
02111,341,142735,10.3,9.1,30.2,28.2
02112,2485,100085,6.9,8.6,48.8,32.8
02113,4368,84719,12.8,17.1,37.9,32.0
02114,771,117874,4.6,5.6,25.6,27.2
02115,263,144913,13.6,16.8,21.5,32.8
02116,564,108705,14.7,21.5,21.6,29.6
02117,3142,137502,14.6,20.7,35.0,37.7
02118,4692,59730,4.8,18.3,23.2,32.4
02119,4895,40136,9.6,9.4,45.0,28.2
02120,2542,130550,10.0,21.3,30.3,23.2
02121,4898,67148,5.3,24.1,31.5,29.7
02122,2455,96501,9.6,8.7,30.3,38.5
02123,4378,93214,10.8,23.2,36.1,39.5
02124,4824,113025,6.9,22.1,49.9,21.3
02125,2657,136672,6.8,24.6,46.9,19.8
02126,645,87399,3.7,11.4,27.0,33.5
02127,4819,68967,14.5,23.7,46.9,37.1
02128,3935,63075,12.6,8.6,37.5,37.8
02129,693,44507,12.1,8.5,41.9,28.0
02130,4939,126447,3.3,7.1,35.6,26.1
02131,3904,126104,10.5,13.6,39.8,30.1
02132,1559,74475,5.2,5.2,31.8,25.9
02133,3593,86027,10.9,12.6,28.5,30.9
02134,2701,57081,10.5,17.5,35.1,28.0
02135,2544,141890,13.2,6.6,34.3,26.0
02136,2772,113122,6.1,21.4,31.9,18.4
02137,4300,147130,3.3,10.9,43.7,33.7
02138,116,125098,14.0,5.9,41.5,26.4
02139,3291,133744,13.9,12.5,28.6,28.1
02140,492,27342,8.5,7.8,25.9,15.7
02141,524,69360,3.9,20.9,20.1,35.2
02142,671,35167,9.0,11.7,49.4,21.9
02143,3731,87853,9.3,7.3,30.6,31.6
02144,1220,142733,12.9,14.1,38.4,23.1
02145,341,124611,11.6,14.0,42.4,32.1
02146,3997,73303,3.8,10.5,26.2,39.5
02147,4195,138249,11.5,11.5,40.0,38.1
02148,2379,137988,4.6,20.4,23.4,23.9
02149,888,91991,4.1,17.8,22.9,15.5
02150,814,83306,7.8,9.3,29.1,20.7
02151,4954,51293,3.9,24.0,29.6,22.7
02152,2949,133925,13.0,11.1,25.4,19.9
02153,875,128695,8.6,15.7,34.0,37.2
02154,4126,27539,10.0,16.4,38.5,22.7
02155,2347,126922,9.9,9.3,47.8,24.4
02156,178,125682,14.7,10.8,41.1,21.6
02157,4026,115986,14.0,14.6,35.7,28.0
02158,955,43589,13.2,10.1,36.2,29.7
02159,2248,37719,7.6,11.1,37.2,37.2
02160,1131,124443,4.7,17.3,28.6,32.4
02161,3371,28591,10.1,19.7,42.3,26.9
02162,3676,46098,8.3,21.0,39.6,23.4
02163,4282,95250,5.7,7.4,34.7,15.0
02164,3556,134169,4.2,19.7,26.4,29.9
02165,3606,116657,8.2,23.7,45.5,18.1
02166,507,117955,10.8,16.6,25.9,31.8
02167,2811,54603,10.5,17.1,25.9,37.3
02168,3188,29667,12.3,24.1,24.4,25.2
02169,1768,98993,8.6,22.4,49.9,22.7
02170,247,139061,6.9,16.2,27.3,28.1
02171,4427,98829,9.5,20.3,45.5,22.1
02172,3997,89574,14.7,8.6,21.0,17.8
02173,2050,73100,3.5,13.3,41.2,34.6
02174,465,49238,9.3,19.3,20.9,21.6
02175,1774,114078,7.0,10.8,38.7,17.2
02176,4631,89311,4.3,14.1,28.0,20.2
02177,4594,110893,8.2,8.5,22.1,23.3
02178,2646,51110,10.7,23.0,28.2,33.7
02179,662,125573,9.3,22.9,23.7,39.1
02180,3662,109403,3.4,14.6,26.6,22.2
02181,2589,108133,9.9,8.8,40.6,34.4
02182,872,144423,5.8,18.6,45.0,18.7
02183,2137,36184,7.1,9.3,33.1,39.4
02184,3523,111349,6.7,9.6,32.5,19.9
02185,2667,50482,13.3,24.4,33.9,31.5
02186,1673,116693,3.6,7.0,34.1,15.1
02187,3794,67564,7.2,12.6,27.0,35.2
02188,3391,40660,7.7,16.1,49.7,33.7
02189,1346,105222,10.4,7.2,40.0,22.1
02190,3819,129299,12.5,5.8,43.2,17.0
02191,3939,123873,11.7,15.8,33.3,25.9
02192,459,49479,12.0,7.3,42.8,16.2
02193,2476,89215,5.3,10.0,40.5,16.3
02194,3109,124849,13.9,14.9,44.8,35.8
02195,3093,91444,8.0,11.9,21.3,28.5
02196,1062,62230,3.1,19.2,21.4,17.4
02197,3732,94619,11.0,24.2,37.1,38.6
02198,1927,28340,10.2,20.1,31.4,30.4
02199,1713,130251,4.5,25.0,44.1,35.6
02200,1740,56829,14.5,12.8,25.0,31.3
02201,2316,32039,9.7,11.1,27.5,36.2
02202,4412,130416,8.6,9.3,32.6,21.6
02203,477,142113,7.8,22.7,46.8,22.7
02204,4314,101946,5.5,12.8,24.0,26.0
02205,4385,32155,14.4,19.2,43.3,29.4
02206,469,116125,11.4,18.5,49.7,19.2
02207,2296,64438,9.8,6.1,42.5,31.1
02208,3847,141560,10.6,22.6,36.5,38.9
02209,751,128213,13.1,14.7,36.7,36.8
02210,869,98933,10.6,9.5,24.9,21.8
02211,2521,138896,4.4,24.6,33.2,27.0
02212,880,140503,11.4,20.1,35.9,28.7
02213,1816,139753,9.8,17.3,35.0,30.8
02214,4083,37237,14.6,24.8,23.3,32.3
02215,1411,125355,11.8,20.1,24.6,33.7
02216,3459,25002,7.1,7.4,27.6,35.4
02217,622,147114,4.6,24.8,35.6,17.4
02218,621,71794,8.8,17.0,24.8,36.4
02219,4978,90860,11.2,11.0,28.4,21.7
02220,2420,87703,5.1,21.4,30.3,23.1
02221,1035,63902,10.8,6.0,40.1,21.1
02222,2330,107524,12.9,18.1,30.0,27.0
02223,4140,46275,4.9,8.2,40.9,21.5
02224,4683,76734,11.5,6.8,24.5,31.4
02225,3797,88261,3.8,12.1,28.5,23.6
02226,2937,57061,3.1,12.1,32.7,32.7
02227,4183,60890,3.4,17.0,28.0,35.3
02228,2561,114896,10.6,16.3,25.5,27.4
02229,3343,106365,14.7,18.8,49.2,31.9
02230,3459,44498,12.3,8.5,39.7,37.9
02231,785,102003,6.1,22.4,20.6,36.7
02232,2260,90882,3.9,22.2,25.6,24.4
02233,4088,38369,10.4,9.3,39.8,35.2
02234,4166,70114,3.0,14.5,30.6,27.9
02235,1667,85071,12.5,14.8,35.3,22.0
02236,138,38997,5.9,23.4,44.0,24.6
02237,2644,68518,6.6,23.1,23.5,29.4
02238,4975,134885,7.1,6.3,39.2,30.5
02239,1356,126747,12.2,24.2,34.7,37.4
02240,3090,141942,6.2,6.4,26.8,16.8
02241,2296,49686,6.4,16.0,29.7,23.7
02242,3568,123326,9.5,11.2,20.8,20.9
02243,2808,87891,8.6,12.8,49.4,17.6
02244,401,110736,14.5,17.5,23.8,19.2
02245,746,100691,6.2,16.7,42.4,23.3
02246,4858,38074,4.1,8.3,33.1,30.3
02247,1859,43091,9.5,24.4,34.0,33.3
02248,4451,134578,5.2,5.6,37.8,27.4
02249,697,31715,8.0,11.9,47.4,17.2
02250,761,63821,5.2,21.0,36.8,34.3
02251,4430,45199,13.6,22.0,44.1,27.9
02252,1468,115858,6.9,20.9,45.3,34.3
02253,2681,91050,12.3,12.4,39.5,21.3
02254,3968,80439,14.4,18.5,39.2,21.8
02255,3637,28039,14.3,20.3,45.9,20.2
02256,4965,30861,9.3,16.6,21.5,20.0
02257,4408,90032,14.8,18.6,39.1,27.3
02258,4658,77008,10.9,16.1,35.6,28.5
02259,382,109261,4.5,6.1,28.0,19.0
02260,3778,82668,13.7,10.5,43.4,39.9
02261,1586,64104,8.6,19.1,28.9,27.1
02262,4182,61130,4.8,9.8,43.4,23.8
02263,4283,147494,12.5,14.1,47.4,36.3
02264,560,61258,10.5,15.7,37.2,35.4
02265,2425,142195,13.6,18.4,44.1,20.8
02266,3854,55691,12.9,10.2,27.8,36.1
02267,2568,115068,6.8,16.9,24.7,22.1
02268,1824,128471,6.1,16.9,37.0,16.7
02269,1476,93714,11.8,21.9,32.8,15.8
02270,2843,48815,9.9,16.0,32.7,28.0
02271,614,110244,3.8,10.9,23.8,23.5
02272,802,116674,5.2,15.5,48.1,34.1
02273,1753,108464,4.8,7.1,23.2,28.4
02274,2166,112771,10.1,17.2,28.7,34.5
02275,122,134725,4.0,23.3,34.2,32.2
02276,2560,50101,5.5,15.6,42.3,39.6
02277,1404,120126,9.5,10.8,38.8,27.0
02278,3400,129476,4.6,13.1,22.2,23.5
02279,461,111553,6.0,23.0,21.4,19.6
02280,3827,100477,13.9,21.3,37.1,31.4
02281,1384,145974,11.4,21.1,20.4,28.5
02282,614,50416,6.7,16.3,36.9,32.7
02283,548,109185,13.5,12.9,25.5,34.6
02284,1955,136184,6.0,7.6,25.7,31.3
02285,3662,99440,10.1,24.5,25.4,35.5
02286,2620,66026,7.4,8.6,43.2,20.3
02287,3181,50336,12.0,10.0,34.2,37.5
02288,1528,145975,7.5,20.3,26.4,21.0
02289,4067,30260,6.0,12.0,21.9,23.3
02290,1022,38657,10.3,16.7,33.3,18.1
02291,3237,148344,11.9,20.2,35.9,19.4
02292,2259,127495,9.4,16.1,37.8,32.6
02293,2647,54079,11.6,14.8,22.6,18.7
02294,3079,101917,8.1,6.0,31.2,39.7
02295,2381,106592,12.5,14.8,30.3,38.6
02296,2749,46283,10.0,14.1,29.9,16.7
02297,413,26467,5.4,22.6,46.7,34.7
02298,2713,111772,13.7,13.9,30.9,24.5
02299,3183,31101,13.0,17.6,39.1,35.2
02300,2356,98083,14.6,20.5,46.5,16.7
02301,1137,27760,9.8,14.4,20.1,30.6
02302,3589,129725,11.1,10.2,42.2,32.9
02303,2734,37648,13.4,22.9,39.5,36.2
02304,4083,59161,3.6,22.9,47.3,37.2
02305,1878,126997,13.9,23.0,33.6,15.3
02306,3995,135803,6.3,10.5,48.7,33.7
02307,1224,112298,3.7,11.3,34.0,18.7
02308,797,43083,5.9,23.4,22.0,28.4
02309,2279,42504,10.0,7.5,43.0,24.3
02310,1504,63097,3.6,18.1,20.7,20.6
02311,1143,75723,3.0,10.8,49.0,22.6
02312,2029,103601,10.7,19.4,20.0,21.5
02313,1113,73739,8.4,21.7,41.1,20.7
02314,326,137660,13.1,13.2,23.1,31.3
02315,1928,107648,6.1,8.0,35.1,23.6
02316,2123,36696,6.4,19.6,23.6,37.4
02317,2552,107535,3.9,6.1,37.2,28.5
02318,2185,123674,9.5,5.3,36.8,28.0
02319,4383,130071,7.4,22.5,22.0,38.1
02320,1180,112258,7.1,21.3,24.4,36.9
02321,2420,120735,8.5,16.6,41.4,15.7
02322,3290,87071,13.2,18.3,40.0,30.2
02323,2730,119968,4.3,24.1,28.7,30.2
02324,2663,79094,9.3,6.3,25.5,38.1
02325,3392,99675,5.4,9.3,40.3,32.8
02326,4721,75271,5.5,19.6,36.1,26.2
02327,3686,67415,6.1,10.3,27.5,16.4
02328,4531,113251,8.5,9.1,49.4,17.1
02329,3047,52124,8.9,13.8,31.3,26.7
02330,4059,48403,13.5,19.5,40.6,39.6
02331,2913,27422,13.7,9.2,46.5,39.8
02332,2683,130894,10.0,13.6,48.6,26.9
02333,261,38455,6.4,15.4,46.9,37.1
02334,693,53187,12.8,8.4,37.8,20.3
02335,3359,117658,12.5,14.5,26.3,22.8
02336,4255,72109,12.6,22.3,47.8,24.5
02337,3062,100068,3.2,19.9,49.3,32.5
02338,3988,38541,12.0,15.1,20.2,35.6
02339,3490,40481,13.2,7.5,47.3,24.8
02340,4601,67478,10.3,5.5,46.6,26.6
02341,763,63593,12.0,6.3,33.5,16.9
02342,1232,97296,12.3,20.0,43.8,22.0
02343,641,67919,9.1,19.1,48.5,35.1
02344,3074,66670,12.8,19.9,29.3,16.0
02345,967,45954,12.5,11.1,34.1,33.9
02346,2166,58341,14.0,6.8,24.2,27.7
02347,531,52419,14.1,19.3,28.8,21.8
02348,4935,74659,9.4,23.4,46.5,26.7
02349,4378,113655,3.4,14.0,25.4,26.3
02350,1306,27222,3.2,20.3,48.3,39.4
02351,2628,81840,14.3,19.6,36.8,32.6
02352,1269,119899,7.0,22.1,41.1,25.3
02353,930,140982,7.5,5.6,31.8,38.4
02354,1751,51273,8.6,24.1,27.0,38.0
02355,1236,91323,6.2,22.3,34.5,27.8
02356,2910,118901,10.1,22.5,29.2,38.5
02357,575,127971,12.4,24.9,35.6,30.4
02358,2910,141921,6.1,17.8,23.0,33.2
02359,1426,50162,11.9,6.6,47.5,26.7
02360,1119,101893,11.1,21.5,28.2,30.6
02361,1936,77802,9.3,7.7,39.0,24.8
02362,4356,70569,6.9,19.8,39.4,18.9
02363,2548,142937,13.5,13.5,27.5,23.9
02364,4393,52277,7.8,5.1,49.9,24.8
02365,1383,129375,7.5,13.7,34.5,34.4
02366,759,74116,10.7,20.9,42.6,25.0
02367,2110,110956,14.0,6.7,20.9,26.8
02368,498,82899,9.1,5.0,26.9,34.0
02369,1833,125013,11.7,14.1,23.2,28.4
02370,2225,74029,8.5,5.0,30.4,23.6
02371,2271,37167,5.6,23.7,42.3,15.2
02372,174,70350,4.5,21.5,24.2,33.7
02373,4797,40590,4.6,17.6,32.4,38.0
02374,3571,52883,3.3,5.3,25.9,15.1
02375,936,112132,9.6,16.4,26.8,31.7
02376,599,92046,4.6,18.4,21.5,27.8
02377,237,121299,13.4,16.7,35.2,35.7
02378,2197,84930,14.8,23.9,25.0,19.2
02379,3796,112823,9.0,21.6,29.2,23.8
02380,1985,69506,8.4,12.3,30.7,17.4
02381,2857,39374,7.2,18.9,26.8,21.8
02382,4020,49551,10.7,14.2,34.3,27.0
02383,2000,114472,10.3,23.6,22.7,38.0
02384,2710,119188,7.1,17.4,41.2,20.2
02385,4086,126810,7.1,16.6,28.7,32.3
02386,1549,145766,10.7,15.0,35.3,32.7
02387,646,80584,9.7,12.6,23.4,18.0
02388,4776,94169,11.6,8.0,20.8,39.4
02389,2103,117518,14.3,10.5,30.5,19.3
02390,2196,42845,12.4,11.7,40.2,16.4
02391,803,112834,6.7,8.1,33.5,39.2
02392,2503,31352,12.1,21.3,41.2,24.4
02393,1725,125475,8.4,5.0,39.6,22.2
02394,3431,136566,12.3,23.3,41.3,22.3
02395,4833,88317,13.6,7.6,45.6,15.4
02396,3078,82080,6.0,6.0,28.1,31.8
02397,4836,33594,5.9,24.9,20.2,34.0
02398,2939,33475,8.2,25.0,21.5,26.1
02399,3484,146494,3.6,8.8,26.6,20.4
02400,2759,113035,11.2,7.7,23.3,26.3
02401,1961,131736,12.0,9.0,28.6,38.5
02402,2956,119374,7.1,15.2,38.1,19.0
02403,785,120983,8.6,11.4,43.0,16.7
02404,4383,62424,10.1,11.7,24.7,23.9
02405,1719,90210,3.9,21.2,37.3,37.7
02406,4743,100923,11.5,22.8,46.9,24.3
02407,1531,132196,9.3,24.4,42.3,33.1
02408,975,27670,10.5,15.3,24.7,15.9
02409,4813,84263,11.7,9.9,39.3,23.5
02410,2561,94896,11.1,16.1,34.4,29.6
02411,1465,60316,4.1,22.4,27.5,27.9
02412,1343,43710,12.4,5.6,35.8,28.8
02413,262,142484,10.3,23.2,24.8,25.6
02414,2074,64814,11.6,9.5,29.5,30.4
02415,3391,125510,6.1,11.2,30.8,35.7
02416,369,30179,5.7,12.3,30.1,17.0
02417,731,86938,12.9,23.3,22.7,24.7
02418,1005,106212,7.7,8.5,32.5,33.0
02419,3571,141298,9.9,9.5,45.3,34.8
02420,3353,50063,9.6,19.6,45.2,30.6
02421,2114,74616,10.0,23.7,32.6,24.8
02422,1741,78475,3.8,7.1,20.4,21.6
02423,304,83009,6.6,15.4,37.4,27.3
02424,681,96011,3.8,23.3,37.9,23.6
02425,940,34681,8.8,22.7,45.7,31.9
02426,1819,97501,13.8,24.0,45.1,32.9
02427,2743,58566,7.7,23.0,43.2,28.3
02428,2397,142488,12.4,11.3,45.7,35.2
02429,974,52874,6.4,9.2,27.5,18.1
02430,789,77392,13.3,23.0,37.0,37.2
02431,4100,61123,8.0,19.2,48.0,18.2
02432,3241,110849,7.3,12.6,35.9,32.1
02433,1522,70317,11.4,19.3,46.7,25.0
02434,771,86217,9.2,11.1,47.2,26.2
02435,1271,91395,7.0,16.6,22.1,38.1
02436,3826,49939,3.7,9.7,47.5,28.3
02437,1043,72102,5.0,16.2,23.0,18.9
02438,1549,104854,12.3,23.5,32.1,32.7
02439,3837,65456,14.0,20.4,42.6,37.0
02440,2639,35337,5.0,18.1,22.1,38.1
02441,4059,87475,9.8,9.9,31.9,25.1
02442,4360,36023,3.4,6.3,27.0,35.3
02443,2461,103406,6.5,19.2,41.2,33.2
02444,3752,128326,8.4,16.5,46.1,37.5
02445,3770,130888,11.8,9.3,43.0,33.6
02446,1853,85916,3.5,23.7,36.5,36.2
02447,2452,129706,12.4,16.0,45.3,25.4
02448,2038,116027,5.4,16.4,45.7,27.1
02449,470,72620,12.1,11.0,34.9,20.2
02450,4579,39274,10.5,22.6,45.6,31.2
02451,2031,108694,7.1,22.8,46.8,17.9
02452,524,110285,11.7,19.3,20.3,21.9
02453,4824,49398,5.8,7.0,46.4,32.9
02454,994,106506,5.6,6.7,21.7,37.6
02455,697,55135,3.7,14.4,29.0,35.0
02456,3162,98878,7.7,7.8,36.6,29.3
02457,2436,137096,4.2,11.6,27.3,38.3
02458,4788,130729,8.0,8.4,46.3,30.9
02459,1787,36412,3.1,11.2,43.6,20.4
02460,672,126325,4.9,23.9,34.5,25.8
02461,2190,127541,14.2,20.1,45.1,36.7
02462,3769,129698,12.5,7.8,44.5,38.1
02463,4372,40293,5.8,18.4,29.9,37.8
02464,4724,77969,11.6,5.6,21.9,16.0
02465,1733,38194,11.0,24.7,37.8,31.1
02466,1617,138283,5.1,15.6,43.6,27.5
02467,4393,116182,7.5,15.1,47.8,26.1
02468,2757,85787,14.0,9.8,21.1,16.9
02469,3748,119301,11.9,14.2,32.1,24.6
02470,3688,107680,12.1,15.5,40.5,26.6
02471,1637,62219,9.8,18.2,33.7,22.6
02472,3237,127931,11.0,5.9,26.7,34.5
02473,197,60507,9.1,11.8,37.8,20.1
02474,3315,81591,11.9,12.7,46.3,24.4
02475,4630,133513,11.8,8.0,48.3,27.9
02476,4832,112468,3.4,9.8,49.8,28.4
02477,3850,64559,10.6,9.7,31.5,18.8
02478,3257,114836,10.6,21.2,26.1,16.7
02479,4783,113765,3.8,18.7,44.2,36.9
02480,443,31867,7.9,23.5,40.6,18.1
02481,4766,99644,13.8,11.2,42.6,31.1
02482,710,121319,14.4,22.6,30.9,32.9
02483,1827,28943,12.4,22.3,26.7,34.7
02484,2390,89413,4.8,14.0,43.4,17.3
02485,1954,40523,7.5,17.6,33.4,22.5
02486,2708,126764,5.2,17.0,40.7,19.9
02487,2179,92028,10.8,11.2,46.2,16.2
02488,2424,61389,12.3,10.2,30.3,30.6
02489,4727,33918,13.6,8.4,43.0,18.8
02490,1277,71610,13.3,21.8,33.6,19.7
02491,1191,70821,4.2,15.7,38.5,25.8
02492,2891,51185,4.5,11.8,44.8,17.9
02493,1849,46402,13.9,15.2,29.0,30.7
02494,2775,147850,13.1,6.6,45.2,34.5
02495,881,119860,8.5,7.1,26.2,30.2
02496,3148,54576,8.2,20.2,32.7,25.6
02497,2205,122296,9.6,23.0,28.3,35.8
02498,3967,48134,10.2,11.4,20.5,35.3
02499,4642,111761,6.1,13.2,20.4,37.7
02500,2213,99667,7.8,12.5,25.9,37.6
02501,4070,147156,10.4,14.6,39.4,35.2
02502,2091,74239,5.5,13.3,35.8,29.1
02503,1167,55505,15.0,12.7,29.6,15.4
02504,1677,140250,6.4,18.2,33.3,33.1
02505,1111,26268,9.6,10.4,40.3,27.1
02506,2374,132986,9.6,23.9,46.7,17.1
02507,4969,96097,8.4,11.2,27.8,33.2
02508,1914,89624,5.9,9.3,46.4,25.3
02509,2526,119649,9.8,24.4,32.3,24.0
02510,4502,80197,4.1,9.6,30.0,35.2
02511,4974,36271,7.6,15.7,37.1,22.3
02512,2651,149452,5.7,11.6,30.7,21.7
02513,3757,127958,4.5,6.5,28.7,20.9
02514,107,142859,14.1,24.1,47.0,21.3
02515,2655,32512,11.4,12.5,32.2,29.1
02516,575,147540,5.0,17.9,24.5,35.3
02517,2311,93336,14.4,22.2,33.0,39.0
02518,584,122156,5.6,16.1,28.7,15.2
02519,4754,88968,5.8,19.3,35.4,20.6
02520,2385,146534,4.6,20.7,39.3,26.6
02521,4663,85757,11.7,12.6,20.5,39.7
02522,3625,46422,9.9,17.6,43.6,36.6
02523,3439,132753,3.7,9.1,34.0,22.9
02524,2922,79040,3.3,6.1,36.3,23.5
02525,3024,121381,9.4,24.7,24.1,15.7
02526,358,119897,10.8,6.9,33.1,33.2
02527,382,37764,12.9,13.6,34.8,34.2
02528,1998,46164,8.7,6.3,21.2,20.9
02529,4235,133915,11.1,23.5,25.3,35.6
02530,3076,91679,11.8,7.2,31.0,27.8
02531,2367,54213,10.4,20.7,25.4,26.7
02532,3300,97239,7.2,19.3,29.6,25.4
02533,712,119386,4.6,5.9,46.4,29.9
02534,787,134661,10.8,19.4,38.7,29.0
02535,3790,35806,12.2,24.4,36.5,33.1
02536,712,140435,5.3,15.4,45.3,26.9
02537,2407,32094,8.9,10.8,27.1,20.9
02538,3113,80597,7.8,15.9,49.3,18.6
02539,1881,41158,5.5,7.4,26.6,19.9
02540,2691,85833,5.9,24.1,34.8,23.6
02541,2796,139523,5.9,12.3,48.9,38.5
02542,4058,52209,8.0,14.1,30.0,32.4
02543,674,38763,7.7,13.0,25.0,25.5
02544,2010,61256,9.7,5.6,32.2,18.9
02545,3704,84191,4.1,5.7,27.0,33.3
02546,769,102753,10.0,16.2,42.5,25.6
02547,4464,67105,3.3,15.0,47.6,34.2
02548,1383,125408,6.1,24.7,45.7,35.5
02549,1023,110776,9.0,10.3,24.3,29.7
02550,1225,128423,11.2,12.4,48.5,35.3
02551,1629,79410,12.3,24.8,42.1,29.5
02552,1694,38510,3.4,6.0,42.7,27.7
02553,346,142456,9.4,17.9,36.5,34.2
02554,3811,143747,7.3,7.0,31.2,25.4
02555,1660,92344,11.3,23.9,27.6,30.5
02556,2500,46864,6.4,10.8,34.1,24.6
02557,2343,90945,11.9,21.3,44.1,38.4
02558,3964,25645,10.2,23.2,29.3,32.7
02559,2039,86264,12.5,21.9,46.7,36.8
02560,3169,108471,14.8,16.1,24.4,28.2
02561,326,38926,13.9,24.5,21.5,37.2
02562,3647,145050,10.1,18.5,35.1,28.8
02563,364,26113,13.7,20.7,47.9,33.9
02564,1495,77739,4.8,9.9,45.1,33.6
02565,3657,74213,3.5,13.4,24.1,17.2
02566,745,50811,9.4,17.0,24.2,24.2
02567,3090,86687,14.7,7.9,22.9,39.7
02568,1999,141415,11.5,24.3,43.6,20.4
02569,2604,29592,6.7,7.2,29.9,24.0
02570,2872,137695,11.0,19.7,30.0,39.4
02571,1254,49552,3.5,6.2,47.8,23.3
02572,687,86898,8.6,7.1,39.2,35.6
02573,4671,77118,5.8,17.5,47.9,25.9
02574,1921,44744,3.6,14.0,27.2,38.4
02575,1085,47046,6.0,5.1,42.3,30.0
02576,4179,114990,11.7,12.9,22.8,39.3
02577,3448,106365,9.6,10.0,40.0,17.8
02578,3931,132908,3.3,22.4,32.9,21.8
02579,1341,89932,7.9,19.2,20.9,30.0
02580,289,133229,12.0,19.7,22.5,17.8
02581,1080,48084,14.5,24.0,48.2,33.5
02582,1798,61398,13.5,19.2,43.5,38.3
02583,1815,122219,3.0,8.2,44.0,30.9
02584,2693,57477,5.6,23.7,21.0,32.5
02585,4236,94405,5.5,7.3,42.5,18.9
02586,4533,30200,8.0,8.9,20.8,31.0
02587,1198,133987,10.7,10.7,28.5,25.9
02588,2426,27039,4.8,8.5,34.9,33.9
02589,3347,103615,14.0,5.4,31.8,22.7
02590,995,114374,12.3,14.2,24.2,31.6
02591,1774,124611,8.0,18.8,49.5,16.9
02592,3009,86356,10.0,13.4,21.6,22.8
02593,1030,31634,9.5,9.7,40.5,30.0
02594,4484,89899,10.0,22.7,43.7,29.3
02595,823,26724,13.3,12.8,28.3,29.6
02596,3040,112590,5.4,21.8,32.2,26.6
02597,1189,127994,11.2,8.6,22.5,30.1
02598,4678,27455,4.3,11.7,30.8,22.0
02599,1035,137966,8.5,21.1,30.4,26.2
02600,2395,140629,10.6,5.6,20.9,19.0
02601,255,97628,3.2,23.4,27.9,23.9
02602,1170,79447,4.3,12.9,47.8,31.5
02603,2058,51612,4.1,24.6,40.3,29.1
02604,2601,65456,7.5,19.0,20.4,15.9
02605,4319,67773,10.5,24.0,35.5,32.7
02606,3930,121638,15.0,6.3,30.4,29.9
02607,954,28061,6.0,19.4,49.5,24.8
02608,739,57001,4.6,22.5,48.5,30.0
02609,2338,35586,8.0,24.8,40.6,16.5
02610,1702,119479,4.8,5.7,20.6,33.8
02611,541,100012,3.3,6.7,24.4,30.2
02612,4728,115507,9.8,19.6,42.8,21.0
02613,1436,28763,13.6,5.8,38.1,15.6
02614,3800,70209,13.3,5.2,27.0,30.9
02615,1048,49078,4.2,15.9,23.2,36.7
02616,3473,83434,4.8,15.6,31.0,17.9
02617,559,60656,8.9,17.3,46.3,37.4
02618,4746,100450,7.4,5.3,36.2,35.9
02619,492,78595,11.4,15.1,28.8,26.9
02620,4038,29006,8.9,10.7,22.7,24.7
02621,1887,42470,3.2,20.1,25.4,20.9
02622,2357,97035,6.4,12.0,32.5,16.5
02623,1238,124608,13.8,12.1,42.7,21.9
02624,3908,101840,9.1,18.1,34.6,35.5
02625,4841,120771,12.6,18.2,34.1,27.0
02626,2554,47894,7.8,6.2,28.3,16.1
02627,1566,42398,11.1,17.5,27.5,28.0
02628,3774,70332,5.0,18.2,40.2,33.3
02629,1477,115332,11.8,14.2,41.4,33.8
02630,2697,145536,12.4,21.6,48.9,36.3
02631,241,102533,4.1,5.2,47.0,33.0
02632,2759,55780,5.2,24.4,37.6,15.2
02633,4696,67086,8.6,12.5,38.3,25.4
02634,939,118368,10.6,16.9,31.7,23.4
02635,3718,51506,10.6,5.7,49.2,26.4
02636,4017,133618,11.0,19.2,47.5,34.8
02637,695,99200,11.6,15.9,21.3,16.0
02638,2004,128424,9.1,24.2,31.2,31.8
02639,380,140103,9.9,13.5,32.0,25.2
02640,523,120700,3.1,19.4,28.1,40.0
02641,4465,120596,5.0,6.5,33.2,22.3
02642,4349,76020,9.0,6.3,33.5,27.2
02643,1850,38985,11.9,24.0,43.3,38.7
02644,4857,127416,12.7,10.1,47.3,19.1
02645,2067,108453,11.7,23.2,35.8,29.4
02646,4188,147610,8.8,6.8,27.7,30.6
02647,4278,26462,6.4,17.8,36.1,30.5
02648,3046,137494,8.3,16.0,25.3,34.1
02649,1549,49082,3.1,24.3,30.5,18.4
02650,2431,26865,10.2,13.1,36.1,32.8
02651,2320,61777,3.9,6.0,48.6,19.0
02652,3889,36322,4.7,14.5,34.1,25.8
02653,2910,116848,10.5,21.5,20.3,37.8
02654,4828,52762,3.2,6.0,23.3,19.0
02655,1631,39538,9.9,5.7,32.0,32.6
02656,4982,82125,10.7,21.4,25.1,31.1
02657,3090,98246,12.5,21.5,29.7,33.2
02658,4593,115583,3.8,9.0,46.1,37.7
02659,1243,28177,3.0,18.1,40.7,35.2
02660,1033,52502,12.2,6.3,39.1,28.6
02661,1560,44249,6.5,20.3,31.8,20.2
02662,2823,28197,13.6,11.1,43.1,18.7
02663,2612,60229,5.2,9.6,50.0,16.6
02664,385,49166,10.0,18.6,30.0,27.2
02665,364,137290,4.3,23.2,40.0,36.7
02666,2467,94117,7.8,5.8,26.1,20.4
02667,3547,33692,13.6,7.9,23.0,37.6
02668,1862,131298,10.3,10.1,49.1,18.9
02669,3148,123424,11.3,23.6,26.1,37.2
02670,2481,26775,5.7,22.5,23.1,32.4
02671,2369,57656,14.1,23.1,34.5,21.6
02672,140,25606,10.5,12.6,40.9,39.5
02673,167,82281,4.3,9.6,20.0,26.1
02674,1087,32375,3.2,8.8,32.0,19.5
02675,4108,25819,3.2,22.6,34.1,32.1
02676,3298,101992,3.6,9.6,34.8,19.1
02677,4890,56373,13.9,15.6,32.0,37.3
02678,2624,25783,7.3,11.6,24.6,38.1
02679,1185,75998,6.6,15.0,41.4,16.8
02680,2579,32560,8.0,11.9,39.1,27.0
02681,1793,54168,7.9,10.9,21.0,16.6
02682,2415,90927,5.9,13.5,38.1,24.3
02683,878,49264,4.1,11.7,42.6,32.7
02684,4689,124436,4.3,21.8,23.8,24.2
02685,1685,101245,10.2,16.6,42.9,38.3
02686,1592,127749,7.8,8.5,27.8,20.9
02687,760,103598,13.8,9.7,40.3,19.5
02688,1448,71801,8.6,6.1,40.1,31.3
02689,1399,100924,9.0,11.0,37.0,37.9
02690,4040,72359,14.1,18.4,26.7,15.2
02691,2086,53036,9.0,8.7,28.2,35.2
02692,2144,30318,9.0,7.0,34.2,28.2
02693,3616,88371,7.4,11.4,20.8,16.7
02694,1158,79714,11.5,17.3,32.5,31.5
02695,1076,55544,7.7,14.5,40.8,25.5
02696,4677,45823,10.1,11.6,20.1,25.5
02697,827,74828,8.4,22.7,42.2,17.2
02698,2627,129555,9.3,14.4,32.9,32.1
02699,3236,41978,12.9,14.1,34.6,17.7
02700,442,53460,8.0,5.6,26.7,27.1
02701,1547,69111,5.8,17.8,32.4,35.8
02702,2479,28324,9.8,14.2,35.2,33.6
02703,3759,113088,14.3,7.9,49.4,20.2
02704,626,80578,11.3,9.9,38.6,35.5
02705,1996,147418,6.7,9.0,38.9,37.0
02706,4854,27934,14.6,7.4,49.9,33.5
02707,2173,30033,7.1,13.7,21.1,39.9
02708,505,130067,14.8,12.3,46.1,16.9
02709,1673,31086,5.3,12.2,43.7,16.8
02710,4700,62101,15.0,10.0,21.4,30.7
02711,3840,68945,3.9,13.7,33.3,23.2
02712,4374,117475,11.6,16.0,35.5,26.0
02713,4327,140527,11.9,17.2,21.0,33.4
02714,1946,43894,11.2,9.4,33.4,37.6
02715,1578,86113,12.3,19.6,46.4,21.0
02716,2495,29687,8.7,5.5,20.9,19.4
02717,871,27887,3.6,20.0,44.8,33.8
02718,678,28043,7.3,10.7,45.2,36.2
02719,3001,43015,10.7,12.4,20.1,34.3
02720,293,42789,10.8,16.6,47.3,18.2
02721,2107,81784,5.3,17.2,41.5,34.0
02722,1285,31115,6.0,13.4,48.2,26.0
02723,2494,53821,8.8,23.8,47.9,30.2
02724,3098,47879,11.7,22.2,27.4,25.1
02725,1892,142177,13.2,9.5,35.5,15.3
02726,1210,78642,4.0,16.8,34.7,39.9
02727,4105,85780,14.1,19.4,41.3,19.4
02728,2361,74157,14.1,9.3,37.5,31.8
02729,3836,142269,3.1,5.4,48.9,20.5
02730,3893,57717,9.1,24.5,35.1,15.9
02731,2036,131715,10.0,24.2,31.2,39.7
02732,4975,85262,9.6,11.4,49.8,15.2
02733,4457,65971,10.4,9.8,37.8,30.4
02734,829,126146,9.0,8.1,32.3,33.5
02735,4478,96040,6.5,18.7,30.6,29.1
02736,3551,146535,4.1,20.1,41.2,34.2
02737,4557,99185,5.5,13.4,46.7,19.3
02738,4636,117384,11.9,9.9,25.3,15.6
02739,2240,88823,5.9,14.0,31.2,28.4
02740,1744,49742,13.0,15.3,22.0,25.8
02741,2900,106211,7.8,15.9,28.2,34.2
02742,241,130587,8.0,13.9,47.5,16.5
02743,1555,137453,13.4,5.1,39.4,16.3
02744,4896,125277,5.6,14.4,47.4,23.4
02745,2196,51520,5.3,11.9,36.7,34.8
02746,1425,39833,14.8,16.1,49.6,26.7
02747,1313,76347,9.5,6.4,39.1,34.7
02748,1259,86475,5.3,22.6,41.6,31.0
02749,4750,98110,5.0,22.5,45.9,25.7
02750,4599,33143,13.3,16.3,30.6,35.9
02751,4797,114472,10.2,19.7,28.9,31.7
02752,440,127132,4.4,13.8,25.2,25.5
02753,3928,112005,13.6,16.8,41.2,17.8
02754,2068,73538,8.3,17.4,44.6,24.2
02755,803,88795,14.9,12.1,31.7,16.5
02756,4513,128041,6.4,24.2,20.0,27.1
02757,2529,107159,9.3,17.1,47.2,16.4
02758,1900,148796,5.1,24.8,41.7,34.3
02759,4748,126256,8.3,13.6,46.6,23.9
02760,955,102166,5.1,5.6,46.3,30.2
02761,1912,42239,6.7,11.0,34.7,22.6
02762,2966,121559,6.2,18.0,42.6,37.1
02763,3742,52240,6.4,23.2,45.4,27.3
02764,282,126542,14.6,17.3,21.3,33.7
02765,3212,25553,3.5,14.4,44.4,31.5
02766,4592,49518,9.0,6.6,35.0,32.5
02767,1617,134309,10.6,7.9,30.7,27.9
02768,1456,133381,10.9,6.1,25.1,40.0
02769,2274,38612,12.1,19.2,26.8,17.5
02770,3729,101673,12.1,21.6,43.9,27.7
02771,3728,89459,14.5,8.3,45.9,24.1
02772,4196,50804,12.1,11.5,48.9,24.0
02773,3339,66154,12.9,14.6,24.4,33.9
02774,3791,65106,9.4,7.9,35.5,15.2
02775,118,123041,10.9,13.3,47.5,24.6
02776,3503,135183,8.7,24.3,26.6,25.3
02777,4779,80146,6.3,19.4,27.3,27.7
02778,4651,34617,6.8,8.3,36.3,24.9
02779,3104,40398,7.3,7.0,37.1,22.3
02780,1232,27693,7.1,13.9,25.8,28.8
02781,3439,55971,9.4,24.8,35.6,37.7
02782,3411,92507,6.0,20.9,47.3,23.2
02783,3472,79554,9.2,10.9,37.5,17.6
02784,1087,105078,14.0,5.5,43.6,27.5
02785,3421,99227,7.9,13.2,43.2,36.1
02786,4715,103990,5.7,8.2,31.6,18.4
02787,273,111034,7.2,8.6,43.6,36.2
02788,3841,94309,13.5,8.2,44.9,32.8
02789,3152,110567,14.3,19.4,32.7,29.0
02790,826,65677,13.6,5.7,43.6,26.2
02791,3860,93402,6.4,16.3,49.8,25.5
02792,1975,74838,7.7,20.1,38.9,33.1
02793,4133,123104,14.7,8.1,27.5,26.9
02794,1089,92603,6.9,22.9,45.1,31.4
02795,3844,47291,4.7,6.6,23.6,15.9
02796,2786,53497,6.4,18.7,35.0,38.5
02797,519,140135,14.6,8.4,46.9,26.3
02798,693,56969,8.0,21.1,39.4,37.8
02799,1874,133262,14.2,16.4,49.2,30.8
02800,2559,67084,4.2,16.8,31.8,31.5
02801,1035,121994,12.2,11.9,35.8,19.9
02802,3908,41677,4.1,10.7,30.9,16.8
02803,431,55245,5.4,14.3,39.6,20.4
02804,3549,78312,10.4,20.2,29.1,28.4
02805,2802,60314,8.2,8.4,28.1,15.9
02806,4106,33267,11.0,21.3,42.2,37.0
02807,3968,64812,14.7,14.6,49.3,25.6
02808,4300,28775,3.6,14.0,25.1,27.1
02809,301,101924,5.3,5.3,46.2,18.6
02810,2597,100802,10.7,7.5,48.1,36.5
02811,1942,88078,13.8,13.6,43.1,31.5
02812,1966,50875,12.6,24.6,31.8,17.2
02813,2096,120803,8.6,10.0,21.9,19.6
02814,1009,143866,11.9,5.2,20.9,16.2
02815,4405,72589,5.5,13.7,37.9,30.4
02816,4758,28534,3.2,5.3,43.6,18.1
02817,3289,92589,9.8,11.7,29.1,27.1
02818,870,64880,12.8,12.1,33.3,32.7
02819,3255,43083,8.2,5.0,27.5,28.2
02820,2601,86807,9.8,20.6,44.4,26.8
02821,2814,76670,8.1,23.3,44.0,17.4
02822,4824,100465,9.2,25.0,42.0,27.9
02823,3685,79720,13.6,15.2,45.4,16.8
02824,1728,67890,8.7,11.1,24.7,15.3
02825,486,64600,3.1,19.3,33.4,36.2
02826,3521,66329,12.6,19.7,44.5,38.2
02827,4108,122619,10.4,12.6,48.7,15.1
02828,4193,28739,11.8,16.3,44.2,31.1
02829,4463,45757,13.8,21.4,46.8,20.8
02830,2566,58107,6.4,8.8,20.6,26.6
02831,2382,27862,9.0,5.4,42.7,27.8
02832,1956,107533,10.2,15.8,24.2,27.6
02833,2098,42487,7.1,18.3,42.3,31.0
02834,1336,53353,13.2,16.5,22.2,20.1
02835,4769,33984,11.4,16.9,28.9,33.8
02836,4244,48130,11.8,12.9,40.5,20.5
02837,1250,98794,12.7,18.0,25.8,37.4
02838,4418,103038,6.1,5.9,43.5,16.9
02839,1531,62279,11.9,8.0,22.7,16.9
02840,1919,65080,12.3,13.9,44.9,17.2
02841,2424,37839,13.1,23.9,37.1,31.6
02842,1230,118907,8.9,17.9,20.6,17.6
02843,2758,79557,9.1,12.1,27.6,19.8
02844,3600,123874,4.2,14.2,34.5,23.2
02845,474,66499,13.2,21.9,39.3,31.5
02846,2220,30356,9.4,15.8,40.2,30.5
02847,4120,107036,10.1,6.0,46.8,37.0
02848,2121,100926,4.5,13.3,33.1,18.5
02849,3805,54778,10.2,12.8,20.4,19.2
02850,3359,130528,3.5,23.0,28.0,20.9
02851,3535,88192,14.1,11.1,22.8,22.6
02852,1989,77183,13.4,6.3,45.1,32.8
02853,1923,110376,5.3,12.1,24.5,27.9
02854,1574,54980,10.1,5.9,30.7,28.4
02855,2342,60819,10.2,21.6,24.4,22.2
02856,3343,39065,12.6,16.8,35.5,33.5
02857,3234,35559,12.1,14.4,25.9,26.6
02858,2170,149514,14.9,12.2,42.9,26.7
02859,459,98969,7.2,13.4,34.7,21.0
02860,2141,33656,4.5,20.8,34.9,22.2
02861,1241,68210,9.9,8.6,48.5,28.3
02862,1735,86988,12.2,6.4,29.6,16.5
02863,4100,56477,6.4,16.2,31.4,38.5
02864,2043,137060,5.8,22.2,37.8,28.6
02865,4874,131111,12.6,16.2,30.2,30.9
02866,3461,130606,12.0,20.9,44.9,15.7
02867,3080,54529,5.4,22.9,36.4,16.1
02868,106,43262,13.4,6.5,20.1,39.1
02869,3367,90087,4.6,16.8,29.7,18.9
02870,1691,62649,4.3,21.7,35.0,19.0
02871,3364,78788,7.2,17.9,43.4,37.1
02872,2706,76686,13.6,16.8,42.2,34.9
02873,3319,67865,11.3,20.8,40.1,31.4
02874,3373,61577,7.7,19.1,45.0,32.5
02875,1013,99299,4.9,15.0,26.4,15.6
02876,2111,112525,11.6,5.9,33.8,32.1
02877,1542,114653,10.2,17.3,36.2,20.7
02878,3154,89327,14.9,9.3,49.2,20.7
02879,3646,85052,12.2,10.1,49.3,25.9
02880,4321,138044,4.2,18.6,34.9,25.5
02881,3028,61409,11.7,14.1,24.3,28.2
02882,1929,53080,6.1,19.3,46.6,33.2
02883,675,53195,14.5,12.9,20.8,37.5
02884,1029,91192,3.2,22.4,33.6,26.3
02885,3859,40609,5.9,13.5,34.9,29.9
02886,3799,44535,9.0,14.9,24.4,27.4
02887,1563,148828,3.9,7.5,31.1,15.1
02888,3375,29110,7.1,15.1,40.2,35.7
02889,1154,134518,9.0,9.8,41.0,33.4
02890,2000,32207,8.4,20.3,43.4,39.0
02891,1557,87544,8.5,19.3,37.2,24.3
02892,1499,73637,13.5,5.3,28.8,35.5
02893,3515,58074,9.1,14.9,20.4,33.2
02894,542,66664,14.3,5.9,38.2,17.9
02895,3750,111412,4.8,16.4,36.9,39.3
02896,4752,99405,6.4,23.0,39.0,18.8
02897,1278,122225,10.9,22.3,47.9,35.8
02898,4558,68872,6.4,9.9,27.1,26.8
02899,1357,37185,7.2,7.8,41.2,30.0
02900,3734,131706,13.8,20.8,26.0,27.9
02901,1941,45878,9.5,15.9,43.6,16.7
02902,2409,26396,7.0,13.5,20.9,38.7
02903,1010,28460,12.3,21.2,28.1,36.8
02904,4440,127657,3.8,10.1,27.7,29.7
02905,4737,76314,9.8,9.5,45.5,27.3
02906,4109,70389,4.2,17.2,36.4,23.3
02907,2269,119556,5.1,10.5,32.4,19.4
02908,2272,133776,3.7,13.5,27.3,34.6
02909,223,32676,13.8,14.1,29.7,27.9
02910,3258,62312,3.6,9.1,41.6,32.0
02911,885,28148,9.2,6.2,45.5,22.4
02912,2516,37272,5.7,20.3,22.8,37.3
02913,896,91363,7.6,20.7,20.4,39.5
02914,4272,27655,8.9,17.0,36.5,31.5
02915,4254,68105,8.4,8.0,45.1,36.4
02916,2036,80863,12.0,14.5,20.7,20.9
02917,2256,86045,13.9,8.6,37.4,39.3
02918,3907,70517,6.6,22.6,44.4,20.7
02919,1401,99227,3.3,18.9,23.4,20.7
02920,4263,68638,13.7,5.6,30.9,38.0
02921,3240,99789,14.7,5.0,23.0,22.1
02922,3336,147552,8.2,24.7,21.1,24.1
02923,2452,98061,8.5,5.8,34.8,36.3
02924,2032,104089,4.7,22.3,39.9,36.4
02925,2821,79322,8.7,24.1,47.7,17.1
02926,464,126800,6.6,11.2,29.3,23.0
02927,2490,145782,14.9,15.8,27.8,21.0
02928,1046,29222,5.2,17.9,38.7,37.5
02929,1477,116238,7.5,15.4,48.4,22.4
02930,1539,76141,10.4,9.3,25.6,20.9
02931,3280,35716,7.1,16.6,23.6,22.4
02932,4957,85644,8.7,10.2,45.3,36.9
02933,440,113499,14.7,8.3,24.0,19.8
02934,3089,112424,9.1,15.1,33.1,19.6
02935,482,94716,13.9,12.4,43.4,35.9
02936,1656,26382,3.5,5.5,31.3,19.3
02937,399,87225,4.4,24.0,39.5,27.6
02938,238,104898,14.3,5.8,43.8,27.1
02939,458,89347,4.5,23.1,36.2,15.3
02940,1622,29167,11.8,8.8,26.0,30.2
02941,3556,142854,8.4,7.8,26.8,31.8
02942,1727,142323,7.9,6.4,49.5,20.1
02943,1403,128849,10.9,13.5,44.3,29.4
02944,1234,83373,11.7,16.7,29.6,18.6
02945,2286,144897,14.2,23.1,25.3,33.5
02946,3270,120823,6.1,20.7,28.4,28.4
02947,3935,106117,11.4,8.2,44.6,25.3
02948,2251,116730,7.1,8.4,37.9,39.0
02949,1337,73721,11.6,5.2,40.7,38.8
02950,3835,53823,4.7,18.8,39.7,16.0
02951,2934,85972,8.5,5.3,45.6,22.5
02952,4360,99963,5.2,7.8,49.6,21.0
02953,1098,101358,7.0,17.7,38.9,38.8
02954,2667,79534,11.6,8.0,38.1,19.6
02955,1407,61751,5.8,8.1,23.4,16.4
02956,756,141093,11.2,9.7,47.6,20.0
02957,2760,49121,9.0,12.7,21.9,33.8
02958,2311,96736,4.1,5.2,40.3,27.9
02959,2009,105297,7.6,19.9,42.3,39.2
02960,3830,47126,13.4,20.5,30.0,35.3
02961,2146,86581,14.9,12.3,23.1,19.9
02962,3262,113631,7.4,21.0,32.7,24.4
02963,1240,51123,3.7,10.7,27.2,35.4
02964,366,76036,4.6,24.7,37.8,33.4
02965,1945,103855,12.5,13.0,21.0,23.3
02966,1808,40590,10.9,18.4,21.4,29.7
02967,3730,71265,6.4,11.4,37.2,29.6
02968,3311,79324,7.7,14.0,24.1,37.0
02969,2393,92720,12.7,17.9,30.8,15.5
02970,3832,47701,8.0,12.0,46.2,21.5
02971,3929,97539,12.1,18.1,20.7,32.8
02972,1610,66178,6.5,7.9,24.5,31.2
02973,575,130734,11.7,14.7,47.2,23.5
02974,1076,62118,8.6,10.5,31.4,36.5
02975,1307,50387,9.5,23.4,31.0,33.4
02976,2060,82613,10.2,21.5,36.6,30.0
02977,657,71666,8.4,14.7,33.2,21.1
02978,982,64135,8.6,14.1,43.2,22.4
02979,2294,54554,6.2,21.7,28.4,31.2
02980,4861,144387,14.8,18.8,24.5,39.1
02981,2767,118317,13.9,18.7,36.6,36.3
02982,4777,67146,9.3,16.0,34.1,20.2
02983,4890,125037,3.4,22.2,30.8,33.7
02984,1710,37988,5.0,8.8,31.3,38.4
02985,3588,77119,13.2,22.2,47.3,17.5
02986,2554,41456,14.2,15.4,43.8,32.0
02987,4594,144681,4.9,17.4,26.0,17.1
02988,2046,129421,11.8,24.2,33.3,15.1
02989,4910,147573,10.5,13.5,42.6,39.4
02990,4899,95578,6.6,18.4,35.6,20.2
02991,2908,54214,8.2,15.4,48.0,35.0
02992,3925,98597,11.1,23.6,41.3,29.0
02993,3636,86405,4.2,14.8,24.2,30.7
02994,3902,140318,5.3,10.1,32.0,18.8
02995,4277,36034,3.4,14.7,45.7,33.9
02996,4799,112523,13.8,23.3,32.0,23.5
02997,2070,25877,9.9,15.0,35.3,30.1
02998,3922,122950,9.3,7.9,44.5,25.0
02999,2919,87718,11.5,15.8,20.6,19.5
03000,1002,83100,14.9,12.8,22.3,18.4
03001,464,117777,5.1,18.0,28.0,24.8
03002,4358,111213,4.6,9.8,43.0,15.2
03003,3219,34642,6.5,11.4,28.3,39.1
03004,2658,125844,13.8,15.3,32.4,22.2
03005,1963,90143,7.9,7.4,30.3,31.9
03006,215,123385,12.5,9.2,44.0,29.3
03007,2484,75483,5.4,21.0,38.2,33.3
03008,4035,90293,8.9,23.8,26.5,35.7
03009,2590,100450,4.5,24.4,46.5,36.9
03010,1042,131259,8.0,23.7,20.3,31.8
03011,1824,121629,6.1,23.8,32.5,24.7
03012,2434,139227,9.6,21.4,43.9,27.3
03013,2867,138140,12.4,19.7,33.8,24.2
03014,1237,74508,14.3,9.6,28.4,38.8
03015,2627,132815,6.4,13.8,47.6,23.0
03016,4217,25579,11.9,13.0,40.0,21.6
03017,3520,37587,13.6,19.6,36.3,28.7
03018,4878,91181,4.5,14.5,47.8,17.4
03019,4006,73470,10.0,12.2,47.3,37.1
03020,3737,96799,10.3,21.3,30.4,39.6
03021,3053,40928,6.3,20.0,30.5,23.7
03022,2467,117345,3.3,12.4,28.8,17.9
03023,4321,68591,6.1,13.4,28.5,21.9
03024,376,56901,10.0,22.9,24.3,25.5
03025,2099,118411,5.4,19.7,39.2,36.0
03026,1327,33499,6.4,18.8,29.0,39.2
03027,3852,25233,11.5,19.2,33.4,33.0
03028,3835,42418,7.8,7.0,34.3,38.3
03029,795,84566,3.8,16.3,40.1,19.5
03030,1409,103466,7.8,10.8,44.8,38.2
03031,4252,40246,15.0,6.7,49.1,29.5
03032,3334,63785,6.1,19.6,33.2,26.2
03033,4214,128425,6.2,11.1,45.6,26.3
03034,2411,138400,5.0,11.2,36.0,38.8
03035,2941,59503,6.3,17.8,48.0,24.1
03036,4308,29277,9.9,18.3,42.8,18.9
03037,3659,91477,14.6,14.5,40.6,29.8
03038,3498,25349,10.3,16.1,32.5,17.8
03039,641,117798,7.9,22.0,29.1,32.8
03040,2794,91941,7.7,7.1,44.2,15.0
03041,4774,98000,3.3,6.3,37.4,25.2
03042,1188,38508,3.0,18.1,22.3,35.0
03043,3463,122565,12.6,17.1,33.1,25.2
03044,124,135123,8.9,8.7,24.4,34.1
03045,1672,92081,3.4,15.4,20.8,32.6
03046,3058,144008,6.4,19.9,49.8,31.7
03047,4336,84095,7.3,19.6,36.3,25.3
03048,1867,141434,12.4,16.9,44.4,38.0
03049,4843,53957,8.2,7.6,33.5,24.0
03050,2335,32896,12.5,11.1,39.1,24.5
03051,300,108274,10.6,13.1,49.7,32.4
03052,3298,135128,3.4,20.8,39.6,33.7
03053,356,130634,14.6,15.9,24.9,22.9
03054,3847,29288,5.2,19.7,43.6,34.9
03055,4742,50744,6.3,23.5,47.9,35.7
03056,2341,46150,12.7,17.5,29.7,16.1
03057,3275,112877,5.3,9.7,26.7,26.7
03058,3706,135540,7.8,7.8,27.9,31.5
03059,3436,130139,13.4,5.0,25.0,21.3
03060,4997,125889,10.6,8.5,26.3,31.6
03061,513,46091,6.6,10.4,40.7,19.4
03062,2114,25900,10.7,10.4,31.0,15.3
03063,1481,71702,12.8,18.3,46.6,29.5
03064,1198,44725,7.8,8.0,30.8,16.7
03065,3526,53722,9.9,13.7,47.5,26.3
03066,3755,49078,14.9,5.1,24.0,25.9
03067,1009,107047,14.6,10.2,21.0,38.8
03068,287,43059,9.1,5.8,43.5,18.0
03069,4144,43161,4.2,19.2,43.0,27.5
03070,3856,95701,11.4,12.1,40.9,34.6
03071,2115,115345,6.2,14.6,32.6,17.6
03072,2192,35687,11.0,20.2,26.0,31.0
03073,3744,107503,7.2,22.3,26.9,39.0
03074,2230,124770,11.6,15.3,44.0,15.4
03075,457,33694,7.4,18.0,48.2,26.7
03076,2522,64518,14.3,19.7,48.5,36.4
03077,4357,124459,4.6,10.7,31.2,19.6
03078,4645,55641,3.8,19.1,39.6,30.4
03079,1597,83843,12.4,18.1,29.2,29.1
03080,2258,65728,7.8,13.9,45.6,32.2
03081,2655,75087,8.6,11.8,37.8,33.2
03082,2442,68551,14.2,24.5,45.8,29.9
03083,3051,140043,10.1,24.7,42.4,34.2
03084,1338,108914,10.9,18.9,27.4,20.7
03085,1073,95692,3.2,12.7,20.9,36.8
03086,4827,120869,11.0,20.0,49.5,37.8
03087,4065,80433,7.7,18.6,33.6,20.7
03088,1150,132941,8.5,15.9,28.2,39.8
03089,3801,120676,12.7,7.6,44.4,34.6
03090,2880,101387,9.3,23.9,25.1,17.5
03091,1688,81561,14.8,9.7,35.2,24.7
03092,3978,30364,12.6,12.9,32.6,15.2
03093,2468,102008,11.7,11.8,23.8,26.3
03094,536,28974,10.1,8.1,40.3,32.2
03095,2928,109424,7.9,5.5,46.5,24.1
03096,1656,109066,3.6,23.6,47.9,19.0
03097,3958,49053,3.2,19.8,36.7,38.9
03098,1404,65072,3.6,5.4,20.4,18.8
03099,2484,26210,14.5,18.8,31.6,39.3
03100,282,113099,6.9,7.6,36.5,31.7
03101,1689,66589,11.4,19.5,49.0,18.4
03102,1687,101445,10.1,15.1,33.3,36.0
03103,759,144570,9.9,24.6,30.6,36.9
03104,259,130128,10.0,13.6,47.7,18.7
03105,4053,63966,6.6,20.0,33.2,29.6
03106,1111,51070,13.6,5.8,48.7,37.1
03107,152,91643,14.0,23.7,29.5,34.3
03108,2407,134573,10.7,16.2,42.4,20.2
03109,1328,128290,13.4,11.3,45.3,17.4
03110,1135,126738,3.7,7.5,46.6,29.5
03111,3802,131327,4.2,17.8,28.9,27.0
03112,4145,36246,9.7,19.9,49.5,39.2
03113,4549,44199,13.2,6.7,42.3,25.8
03114,1364,64829,6.8,8.3,24.5,18.6
03115,1984,86125,9.6,12.7,42.8,24.5
03116,1909,108955,3.1,22.0,45.0,16.2
03117,3267,130111,14.8,24.7,25.5,26.8
03118,3897,130277,12.2,19.9,25.1,39.7
03119,2441,25169,7.3,5.1,23.9,32.4
03120,3514,118943,14.8,23.1,34.9,24.6
03121,917,117408,4.1,5.5,41.5,37.6
03122,2537,37949,8.6,22.9,31.4,22.5
03123,988,72313,3.7,13.2,21.7,27.7
03124,767,103735,7.0,19.8,30.8,35.5
03125,4828,85131,5.6,6.7,41.1,32.4
03126,2724,105012,6.8,8.3,22.9,16.3
03127,4332,132127,14.4,14.0,36.7,37.3
03128,4623,66764,8.1,5.8,38.1,30.7
03129,918,55899,6.9,12.8,39.5,39.7
03130,2288,111935,10.7,20.0,30.4,37.7
03131,1206,72740,11.2,18.1,47.8,26.6
03132,2324,90490,14.8,12.0,49.8,34.1
03133,297,48281,9.6,5.2,45.1,33.8
03134,2771,137339,12.0,10.4,23.3,15.9
03135,3592,93570,7.6,20.5,28.0,28.1
03136,2548,38328,5.1,11.8,26.0,25.9
03137,570,69047,8.2,12.5,21.6,21.1
03138,2048,144168,8.0,6.5,46.9,16.3
03139,3999,44796,8.0,17.0,25.6,30.4
03140,2110,95524,11.3,17.4,31.3,25.6
03141,3900,97666,7.9,13.6,31.3,15.6
03142,4218,138408,14.4,20.2,43.3,39.6
03143,3896,127173,14.8,22.5,33.4,39.9
03144,4088,80251,9.3,20.0,31.1,37.9
03145,334,25791,9.7,15.9,28.0,22.7
03146,1028,37333,7.9,23.7,35.8,32.1
03147,3707,134047,7.3,12.6,23.4,35.0
03148,622,61609,14.8,18.1,38.5,18.9
03149,3623,85558,3.5,16.5,44.7,27.1
03150,4626,93892,7.9,21.8,47.8,33.4
03151,4988,65290,4.8,15.0,38.9,22.5
03152,1729,29925,11.7,16.1,44.7,17.4
03153,4728,35764,5.3,14.1,26.8,28.8
03154,1416,79226,13.6,7.8,35.4,25.3
03155,2957,102632,7.5,22.7,28.5,26.3
03156,1224,64468,14.0,22.2,50.0,35.7
03157,2687,27094,14.8,19.0,31.3,25.1
03158,1123,70583,12.3,12.0,26.7,29.6
03159,1478,74021,10.5,12.1,43.2,37.0
03160,3474,96786,4.8,5.7,33.8,31.1
03161,1619,40362,14.2,6.6,23.8,33.3
03162,326,66575,12.3,15.3,43.7,31.1
03163,991,71021,6.5,6.0,34.5,24.6
03164,4172,112172,8.6,7.0,43.7,17.8
03165,2357,37185,3.8,10.0,42.5,24.6
03166,2888,64771,10.9,12.5,37.1,30.2
03167,496,106678,4.5,14.8,41.6,15.7
03168,2178,143984,10.8,11.5,45.7,35.2
03169,4844,60069,11.1,23.8,33.5,37.2
03170,4524,68190,6.9,24.0,48.7,15.8
03171,3337,95805,14.4,6.1,25.5,28.9
03172,3993,34764,12.3,24.7,49.1,38.6
03173,2105,134524,9.0,8.5,27.0,26.8
03174,2116,52113,14.0,11.6,35.2,36.9
03175,3271,41888,13.3,21.7,34.1,19.9
03176,2768,39748,11.3,18.8,21.8,17.1
03177,1978,141633,4.8,6.2,25.7,36.2
03178,1296,76013,9.0,20.5,44.9,26.8
03179,1872,55203,13.4,18.3,28.3,23.4
03180,261,143410,10.3,24.0,20.2,28.8
03181,4076,143371,9.5,23.2,44.7,33.3
03182,1851,140091,14.5,24.5,48.6,27.1
03183,875,45715,3.2,14.1,36.0,23.7
03184,1039,67579,3.1,19.1,37.9,37.5
03185,3320,27906,13.7,24.2,23.4,30.6
03186,639,118125,3.5,5.0,48.4,30.4
03187,1561,36808,7.0,20.8,26.4,29.9
03188,455,46112,14.1,6.1,36.5,23.8
03189,3704,114629,11.3,25.0,49.0,38.9
03190,3423,89945,10.8,5.3,33.4,38.7
03191,334,92105,10.9,16.1,22.8,32.7
03192,1648,135212,6.8,15.4,26.5,24.9
03193,2196,90675,9.4,11.1,22.1,22.1
03194,4313,95219,10.6,19.6,32.1,39.1
03195,2201,130034,6.7,10.1,37.7,24.5
03196,1773,51419,12.5,10.8,33.5,23.5
03197,2200,36156,6.9,8.6,30.3,38.6
03198,3757,30062,3.9,19.3,25.0,21.7
03199,4753,78817,5.4,8.4,41.0,22.2
03200,3696,52745,7.9,23.0,48.9,25.1
03201,3848,59940,13.9,10.8,29.9,38.7
03202,3273,47463,8.0,15.4,35.6,19.0
03203,1915,61188,4.1,14.5,25.0,30.4
03204,3941,96813,5.4,19.0,22.2,30.8
03205,2105,118155,9.5,9.7,25.0,33.2
03206,4593,59017,5.1,21.8,22.8,21.8
03207,774,145752,3.8,19.8,38.5,22.5
03208,486,139375,11.6,11.9,39.7,21.1
03209,2258,55244,12.4,7.4,50.0,27.2
03210,2761,27697,13.2,15.1,49.8,26.0
03211,2164,126057,13.1,24.6,33.3,30.8
03212,3951,39903,7.6,5.5,26.9,32.8
03213,3353,135930,11.8,21.9,34.7,35.3
03214,4736,79086,10.0,19.0,46.9,26.3
03215,4366,113385,3.3,8.7,40.5,30.5
03216,839,61652,7.8,14.5,38.6,20.6
03217,1501,32254,3.6,17.6,40.9,32.4
03218,3359,123398,4.0,18.9,24.6,39.6
03219,2377,94827,3.7,23.4,31.4,35.8
03220,4004,86631,14.5,22.5,25.8,24.3
03221,4023,105527,13.1,11.6,48.5,27.1
03222,4314,70577,8.3,7.4,25.8,18.1
03223,3327,103576,6.0,7.1,25.4,27.3
03224,2931,129084,3.9,24.4,47.2,27.0
03225,3858,144771,8.2,24.1,48.5,25.8
03226,2612,138645,10.2,21.4,41.4,25.2
03227,2251,84019,12.6,24.6,50.0,15.3
03228,3775,98740,3.6,10.5,21.5,17.6
03229,2845,125605,8.0,21.5,41.6,20.5
03230,3966,45467,14.7,15.0,25.6,24.7
03231,3864,145807,4.4,21.0,31.3,31.1
03232,2322,129528,7.8,17.2,28.8,17.7
03233,2892,90233,6.3,21.9,46.1,34.7
03234,1797,25372,4.6,12.9,23.5,26.4
03235,3562,127793,13.1,24.8,29.3,17.7
03236,4163,104737,11.4,9.4,42.7,33.2
03237,1624,96387,7.9,18.5,42.4,15.0
03238,4860,96564,7.4,21.1,36.2,36.2
03239,132,148297,12.9,16.7,44.4,37.2
03240,4125,88615,4.1,10.8,22.5,31.3
03241,2666,140504,4.8,16.2,20.1,36.1
03242,2903,54445,13.9,15.1,23.1,24.2
03243,3996,84147,12.8,8.8,44.5,37.7
03244,3809,110532,12.3,20.3,34.9,18.4
03245,819,118516,10.5,10.3,31.5,25.7
03246,4679,134435,6.5,21.6,27.0,24.4
03247,1072,88769,14.2,9.3,23.9,36.4
03248,3818,49131,8.9,15.0,37.4,16.1
03249,4502,47734,6.4,18.9,39.2,26.9
03250,4652,147127,7.4,24.9,21.5,29.0
03251,2307,59100,3.2,10.4,22.2,30.6
03252,4526,39738,6.1,17.7,41.9,22.5
03253,4420,101974,5.3,8.1,33.1,38.9
03254,3130,146049,4.6,21.4,29.5,38.0
03255,3675,73799,3.4,22.2,34.5,26.7
03256,3216,72429,5.7,22.8,25.8,36.8
03257,3385,25755,4.2,23.9,20.8,24.7
03258,743,87716,3.5,12.1,30.4,17.4
03259,4811,94061,4.6,18.3,29.8,19.3
03260,294,54884,5.4,11.3,32.1,34.4
03261,4096,26796,8.0,21.1,35.1,21.6
03262,588,38754,10.0,13.3,44.0,36.5
03263,2304,37161,6.9,16.1,47.2,37.5
03264,2757,142747,4.7,7.7,25.3,20.4
03265,3376,92713,14.3,22.0,31.9,15.2
03266,1202,118668,9.2,14.7,20.7,25.1
03267,1341,92586,11.9,17.8,39.4,15.2
03268,615,76141,11.3,18.4,30.4,21.2
03269,492,147206,6.4,10.5,32.9,27.5
03270,730,115666,9.7,20.9,22.0,26.4
03271,3816,138796,10.2,21.7,45.3,30.9
03272,1947,63577,7.2,15.3,42.0,15.7
03273,2755,79765,11.0,23.0,24.9,26.8
03274,1079,49841,12.5,8.2,20.2,25.4
03275,4629,50498,7.4,13.3,23.5,21.0
03276,3502,133567,3.2,5.9,34.7,32.2
03277,3971,115645,7.2,13.0,44.4,23.2
03278,377,129280,4.4,24.9,41.6,27.4
03279,332,137642,4.9,14.3,39.2,19.8
03280,1652,102711,7.4,13.4,44.0,19.5
03281,3370,92229,5.5,18.8,35.4,29.2
03282,2509,88914,14.2,6.0,40.0,17.2
03283,3612,76203,10.8,12.1,45.0,38.2
03284,125,118802,9.2,15.7,36.6,39.3
03285,560,136399,3.1,14.7,38.2,18.4
03286,3864,117943,4.2,17.8,38.7,19.4
03287,3531,39838,12.5,7.8,47.9,27.9
03288,3583,86671,7.7,13.1,33.6,21.8
03289,2094,126224,3.5,17.7,22.7,21.5
03290,590,111765,12.9,11.0,46.1,32.0
03291,1172,94703,6.6,17.3,21.7,34.4
03292,3273,47615,7.6,24.2,21.4,27.3
03293,315,78775,14.7,23.6,25.9,21.4
03294,1823,66845,3.2,19.5,22.2,37.5
03295,1692,146434,11.7,8.6,35.7,32.6
03296,2706,121705,14.4,20.7,46.3,31.7
03297,258,63907,3.8,13.9,27.3,30.8
03298,4881,56158,13.4,24.0,21.5,37.2
03299,3413,90043,8.0,17.2,27.6,19.5
03300,2941,124762,13.5,9.4,28.7,30.1
03301,1876,110715,6.7,11.2,46.0,27.7
03302,2152,101883,14.8,11.4,39.7,27.5
03303,2395,126714,10.8,10.5,24.5,18.1
03304,1796,78176,10.5,20.4,28.7,19.4
03305,3093,80421,12.7,11.7,38.9,28.6
03306,2569,58330,8.2,8.9,21.6,21.6
03307,2046,73145,6.1,16.9,40.4,38.7
03308,3909,80244,6.2,14.3,46.2,19.9
03309,2883,97528,7.0,5.4,46.0,28.8
03310,3744,102754,10.4,10.6,21.8,25.5
03311,2600,146696,13.1,5.8,44.3,29.0
03312,3745,65564,9.0,20.3,35.0,27.0
03313,2745,120867,7.8,24.0,35.0,21.4
03314,2449,128963,12.5,15.0,37.3,38.7
03315,2032,113004,6.5,16.2,32.3,18.1
03316,3394,109891,11.3,21.9,41.4,17.6
03317,1857,74496,4.3,5.4,29.7,38.7
03318,1216,146299,4.4,8.2,42.4,25.7
03319,2667,146812,10.7,18.1,47.8,26.1
03320,3599,145972,4.0,19.8,23.8,20.8
03321,592,87469,4.9,17.5,33.4,28.0
03322,3406,27716,10.5,23.8,20.6,20.7
03323,719,57361,8.3,12.8,33.2,38.7
03324,3332,52254,9.7,16.1,33.1,17.5
03325,3923,67632,14.7,24.1,41.8,23.9
03326,2480,128964,10.6,23.0,30.6,27.8
03327,1646,88141,10.1,5.6,46.6,36.7
03328,3663,130536,7.6,12.0,32.0,15.9
03329,1705,134623,10.6,19.8,36.6,29.0
03330,3852,46277,3.2,5.0,27.8,18.3
03331,4775,42503,9.7,22.3,24.7,17.4
03332,1990,100640,3.8,15.0,39.7,38.6
03333,1375,125566,5.6,6.7,32.6,15.7
03334,2843,140430,9.8,13.8,38.5,21.6
03335,2593,111921,11.0,14.9,38.3,38.5
03336,456,57235,7.6,12.3,34.7,24.4
03337,969,101180,8.0,14.1,29.1,24.2
03338,985,46687,9.0,22.8,25.9,22.7
03339,2101,73409,12.1,11.5,25.5,21.3
03340,1383,134264,3.2,24.2,36.1,19.7
03341,719,65098,8.4,18.7,28.9,21.0
03342,982,138752,3.2,22.9,36.8,15.8
03343,896,58550,6.8,9.2,43.9,23.8
03344,3742,57864,9.2,14.8,35.0,16.2
03345,3525,33778,4.0,16.3,34.1,30.4
03346,1396,54783,8.8,6.7,48.5,34.9
03347,4814,80813,14.1,14.9,31.3,18.9
03348,344,121923,11.2,22.2,20.9,35.1
03349,2995,103910,12.4,6.0,46.5,16.3
03350,1029,70596,10.0,17.8,26.7,25.6
03351,619,46295,13.8,24.8,37.9,36.1
03352,3312,43622,4.8,15.5,48.1,32.6
03353,2509,74081,8.4,11.1,42.3,24.9
03354,107,50492,10.2,16.7,45.0,32.8
03355,2625,44733,13.5,15.8,32.7,17.2
03356,3523,134082,6.7,7.1,33.8,19.8
03357,2119,37372,3.0,9.3,21.8,34.0
03358,4690,136950,14.7,18.4,40.1,27.0
03359,4382,60256,3.3,16.9,42.3,23.2
03360,3767,77945,4.8,11.9,35.9,17.2
03361,3771,98353,8.1,24.6,45.6,24.7
03362,2901,109757,9.0,17.9,23.3,22.7
03363,185,89683,13.0,9.6,22.6,18.3
03364,3215,139687,8.4,14.4,23.9,27.9
03365,4332,142074,9.6,19.2,45.9,18.7
03366,2568,130700,5.4,18.4,25.6,37.2
03367,3719,43225,9.8,9.9,22.2,39.9
03368,1736,83546,7.2,18.0,43.8,18.9
03369,3683,145054,4.2,11.7,40.9,18.3
03370,4109,33064,14.4,14.2,24.8,27.1
03371,3426,128073,4.0,18.4,42.9,39.5
03372,2318,38986,11.1,16.6,28.8,26.2
03373,2317,66689,13.9,19.3,20.9,25.2
03374,2469,90852,5.2,12.6,21.0,38.9
03375,3738,81605,5.8,20.0,23.6,26.3
03376,2603,57843,8.1,5.3,44.6,35.0
03377,1043,111989,6.5,8.8,31.9,25.9
03378,2937,69006,12.1,24.5,31.3,32.5
03379,2760,57195,7.1,6.7,43.8,38.0
03380,3036,25203,14.8,18.2,39.4,31.2
03381,4544,65663,13.3,23.3,46.5,39.3
03382,4047,97103,13.7,22.2,20.7,33.3
03383,1776,71814,3.8,23.3,25.0,16.6
03384,1296,70248,5.1,24.7,45.6,16.0
03385,4205,32460,5.0,12.1,48.8,18.6
03386,2887,143463,11.1,11.6,28.8,18.6
03387,1561,118056,3.1,7.4,21.1,15.7
03388,3418,82230,12.7,9.0,20.3,24.4
03389,766,81076,9.6,18.1,20.9,39.8
03390,2276,147268,9.8,11.6,39.8,29.6
03391,3843,79710,9.4,11.8,27.6,33.5
03392,700,88788,9.4,17.9,31.1,26.3
03393,2752,29355,5.4,7.1,31.1,19.4
03394,4522,56935,6.4,6.1,27.4,23.8
03395,3924,142739,8.9,21.1,25.4,20.6
03396,4006,27663,11.1,20.8,35.7,28.8
03397,1079,66391,6.3,12.7,22.1,26.7
03398,2551,117875,12.7,16.9,33.7,36.3
03399,728,119903,12.7,9.8,32.6,20.3
03400,1729,147072,6.3,12.4,28.7,29.3
03401,3796,44546,9.7,5.7,22.5,15.5
03402,3530,98925,7.2,10.5,39.7,35.0
03403,3774,111998,5.3,5.3,38.1,29.0
03404,4029,25038,12.7,13.5,42.3,16.6
03405,2865,72812,14.9,15.4,36.0,35.4
03406,4469,84862,9.8,14.9,35.3,16.6
03407,4880,35318,14.0,11.8,27.3,25.8
03408,215,33920,10.7,9.1,31.9,36.6
03409,2103,86243,9.8,14.1,36.1,16.5
03410,792,142853,8.8,22.4,22.2,21.3
03411,3262,78931,5.8,24.7,41.1,22.7
03412,1205,129490,4.0,11.3,47.9,28.8
03413,3108,135723,8.3,24.5,49.1,27.3
03414,2261,109044,9.7,13.7,44.4,36.1
03415,253,104793,9.1,17.3,44.3,37.4
03416,3799,48783,11.3,21.1,25.0,23.7
03417,4510,61902,5.3,12.2,29.8,37.5
03418,3886,122845,7.3,9.2,42.8,24.8
03419,1164,113214,8.0,10.5,21.1,34.5
03420,4300,61539,5.2,21.8,22.5,29.6
03421,2013,105847,13.9,23.7,39.2,35.3
03422,1316,96074,11.2,7.6,33.0,30.2
03423,2501,73949,4.1,18.9,40.5,34.9
03424,1872,93793,11.6,5.7,27.7,29.5
03425,2060,129765,9.6,22.5,22.4,17.9
03426,2880,71543,9.3,22.1,44.9,34.7
03427,4904,137047,14.9,20.5,43.5,32.3
03428,4846,36398,10.4,21.5,33.9,34.4
03429,2971,120734,13.8,17.1,46.4,17.4
03430,760,106580,14.0,7.9,26.7,32.2
03431,2735,112308,4.2,23.3,31.0,34.4
03432,2429,39772,3.1,7.8,27.3,24.2
03433,4054,89114,8.2,9.5,22.6,38.8
03434,2550,98436,12.2,13.7,39.6,31.9
03435,1232,101326,12.9,15.0,37.7,16.5
03436,799,54011,12.4,6.9,33.3,31.7
03437,2138,134809,8.4,20.2,45.8,15.4
03438,4747,75396,12.0,7.7,34.8,19.1
03439,4600,135583,11.6,18.1,33.5,24.7
03440,4657,91193,6.8,14.0,40.4,23.2
03441,2279,134461,5.0,21.2,21.1,33.0
03442,2938,108619,10.5,10.9,28.4,22.5
03443,973,45840,11.1,21.7,45.0,34.5
03444,183,80220,9.8,10.0,23.9,21.9
03445,1522,114967,5.6,16.5,44.6,28.8
03446,2775,52619,6.3,14.7,39.0,30.8
03447,3280,123119,11.5,12.1,44.0,38.4
03448,4416,89258,14.6,5.2,22.3,15.7
03449,4075,105061,14.3,13.0,41.2,22.7
03450,1491,88900,9.2,7.4,43.4,20.1
03451,3318,70384,13.6,9.5,20.8,32.3
03452,4307,149679,3.4,18.8,41.8,26.7
03453,714,54917,13.3,16.4,34.6,28.4
03454,3071,96499,8.7,15.5,20.4,17.0
03455,3665,137301,12.4,16.3,39.4,29.1
03456,3676,113155,3.1,7.4,27.2,22.5
03457,4670,95071,13.4,8.3,49.0,34.4
03458,370,81425,10.1,15.9,49.3,24.1
03459,4166,105116,5.9,13.1,20.1,15.9
03460,2568,138968,7.2,14.3,24.0,16.6
03461,1490,69586,5.4,22.6,35.4,22.7
03462,3454,86321,8.1,8.7,38.9,23.2
03463,4235,89396,7.0,23.2,39.0,32.1
03464,3707,92512,9.4,22.1,41.6,22.3
03465,2683,82089,12.8,23.0,25.2,34.2
03466,4173,87272,14.8,17.8,29.0,28.8
03467,3175,126973,6.0,22.3,36.1,22.6
03468,4006,143880,4.3,24.8,24.2,21.4
03469,389,72055,7.7,14.4,44.3,23.1
03470,2580,25937,4.7,22.2,43.5,22.8
03471,3352,112516,13.0,23.1,40.5,29.8
03472,378,42673,9.0,11.2,30.0,34.6
03473,3024,127974,10.4,13.9,37.4,20.6
03474,680,141838,4.8,16.5,20.2,34.6
03475,353,97957,12.0,12.0,38.0,15.9
03476,4376,73582,14.7,11.4,21.5,22.9
03477,4876,54500,8.8,12.6,26.6,23.7
03478,924,82856,14.5,13.5,30.4,16.1
03479,3932,37953,3.4,10.0,39.4,28.5
03480,799,92052,3.4,14.5,27.3,16.3
03481,1480,71340,14.5,20.6,23.9,31.3
03482,3996,68042,11.4,17.5,34.9,31.4
03483,1773,124708,5.3,12.6,42.5,19.5
03484,2827,144180,7.4,8.1,31.7,17.0
03485,3256,96706,9.1,21.5,45.8,17.2
03486,3488,51507,11.4,15.2,48.2,21.7
03487,4407,149765,13.1,24.4,41.4,34.6
03488,483,27353,4.0,10.1,44.2,29.5
03489,441,36999,10.9,8.5,36.6,29.8
03490,2087,101474,8.7,5.2,37.3,27.2
03491,4159,88134,10.2,6.7,21.1,30.1
03492,3209,25580,9.1,12.7,35.9,38.8
03493,4182,110249,8.4,9.0,35.8,36.4
03494,4615,98829,5.5,5.8,36.8,15.9
03495,2898,95086,8.7,9.5,26.7,24.5
03496,3340,70248,5.3,19.6,31.6,34.2
03497,2088,118954,3.5,19.7,48.5,39.2
03498,3514,142651,7.5,8.0,45.6,19.6
03499,1949,87249,3.3,23.7,33.6,30.5
03500,405,90834,9.8,8.2,32.5,37.5
03501,3713,61884,3.9,6.8,43.5,24.4
03502,2849,41428,8.3,8.3,31.9,24.3
03503,1235,32647,14.8,7.8,38.0,17.6
03504,305,93079,3.1,17.6,46.1,23.5
03505,4691,110779,7.4,8.1,25.8,38.4
03506,3550,95314,11.1,17.7,42.2,35.3
03507,3911,88153,4.9,10.5,49.9,20.8
03508,3722,105094,9.7,10.0,21.1,39.0
03509,3699,78546,6.1,22.9,20.9,17.6
03510,2651,77704,5.7,9.3,40.9,39.8
03511,4408,105919,13.7,22.3,33.3,26.5
03512,409,55033,5.4,11.1,25.5,20.8
03513,2808,110075,7.5,24.8,35.5,19.8
03514,2091,139975,5.0,24.6,46.7,33.3
03515,371,110625,6.4,21.6,35.7,30.3
03516,3742,123820,6.5,22.4,48.2,39.2
03517,4186,92737,6.9,21.5,37.1,38.4
03518,1922,56000,10.7,17.6,25.6,35.9
03519,3373,97113,11.9,21.2,45.2,21.6
03520,4638,37629,9.1,17.6,31.4,35.5
03521,4449,131406,10.3,21.8,38.1,33.3
03522,620,86525,12.8,23.7,31.8,37.4
03523,1076,61426,15.0,20.1,32.7,26.6
03524,3822,31922,8.5,24.3,25.2,20.7
03525,3651,94822,14.2,14.0,38.8,36.2
03526,4205,118435,8.9,23.5,29.5,30.3
03527,2873,120299,12.4,9.5,30.5,27.0
03528,2652,94472,9.9,5.6,25.8,30.7
03529,2932,116281,13.6,7.6,30.3,37.4
03530,4007,124294,8.4,8.2,44.6,18.3
03531,252,111891,11.3,21.5,48.6,20.0
03532,3064,86049,8.6,13.0,33.2,18.0
03533,3016,121155,13.3,9.7,42.5,29.8
03534,2900,32721,14.9,21.2,47.3,19.4
03535,1852,141539,5.9,9.0,27.6,16.7
03536,2710,65957,8.7,6.6,24.0,30.0
03537,3975,126013,4.0,14.3,27.3,21.7
03538,1204,78159,4.7,6.4,46.7,30.2
03539,2636,142309,14.1,10.6,29.2,30.2
03540,4299,136870,9.5,19.0,35.8,21.8
03541,3954,92714,7.7,12.5,48.9,36.7
03542,3594,124142,11.1,6.7,34.3,30.5
03543,2014,120166,9.7,13.1,31.0,30.2
03544,3172,136992,6.5,15.3,47.7,37.1
03545,1106,34747,5.7,10.0,23.2,38.2
03546,506,149102,10.1,8.4,41.2,35.5
03547,266,46318,5.3,20.2,32.9,29.4
03548,608,51619,4.7,6.4,43.6,28.4
03549,1761,132929,6.8,24.1,34.1,23.1
03550,3764,98640,13.3,5.2,44.9,18.6
03551,3589,72746,3.4,18.0,32.9,34.2
03552,4958,32338,13.0,7.7,24.7,36.3
03553,780,91704,10.5,15.9,32.0,24.7
03554,2624,105723,3.5,8.7,23.9,36.9
03555,2220,121609,10.2,5.7,21.7,32.9
03556,4777,81500,8.1,22.2,27.3,37.7
03557,4457,91483,13.1,13.5,32.5,35.9
03558,1463,123464,13.9,10.5,23.9,15.7
03559,1431,119671,6.4,23.9,40.8,21.4
03560,2392,36323,12.4,6.6,39.0,31.3
03561,1638,105086,6.7,12.0,44.1,35.4
03562,3508,93163,6.5,8.5,27.3,36.6
03563,660,106768,5.3,24.8,31.3,34.0
03564,1199,43919,11.1,15.9,39.8,17.7
03565,2003,43656,6.1,21.2,32.2,16.4
03566,274,143151,8.6,8.3,31.5,30.9
03567,2256,78956,12.7,11.1,30.4,22.6
03568,2330,41544,12.5,17.4,34.9,36.3
03569,4387,75936,13.3,8.6,32.2,33.3
03570,4260,84288,4.9,15.0,36.4,39.0
03571,4020,113518,10.0,23.6,49.6,19.0
03572,1597,44566,14.0,23.6,34.6,39.8
03573,3954,39880,3.5,12.1,43.3,26.1
03574,3271,77776,12.5,15.3,40.1,23.4
03575,1667,36936,6.0,9.0,36.7,30.3
03576,1251,121284,11.0,24.6,42.2,36.8
03577,468,148646,11.6,15.4,39.1,39.0
03578,142,108947,14.1,9.1,22.0,28.5
03579,2007,37198,9.1,21.9,42.4,25.4
03580,3590,33376,13.2,13.4,47.2,22.9
03581,2635,92432,3.5,17.7,44.1,27.4
03582,4273,134791,8.0,21.9,31.4,34.2
03583,2973,60172,8.3,11.2,47.1,15.9
03584,1924,109459,9.5,16.6,23.0,33.7
03585,1393,42116,8.8,6.1,31.4,18.5
03586,4869,88295,14.6,9.7,20.1,34.3
03587,4896,34813,3.9,7.8,30.8,17.0
03588,4954,123881,6.2,17.9,21.2,18.6
03589,3486,76313,14.6,10.1,42.5,32.6
03590,3072,131873,8.3,20.2,28.2,30.9
03591,4022,45232,9.9,20.2,36.5,21.8
03592,1092,108228,4.0,20.7,37.8,28.0
03593,2486,102920,6.4,7.7,29.3,35.2
03594,2340,58609,3.5,15.5,27.4,27.2
03595,1576,141859,4.7,18.6,36.5,24.2
03596,3507,82499,10.6,11.5,27.2,24.7
03597,489,64021,12.2,10.2,24.7,19.5
03598,1099,70108,13.4,19.4,42.3,34.3
03599,4720,116814,6.0,12.0,29.6,26.9
03600,1955,101363,7.0,10.0,33.4,25.1
03601,758,110305,9.8,16.3,47.4,28.2
03602,2863,29821,4.0,17.4,23.8,31.1
03603,3763,145501,12.7,20.5,21.9,23.0
03604,1581,42797,8.8,5.8,32.9,32.4
03605,3831,90580,14.6,8.5,38.4,18.1
03606,551,120143,4.4,20.5,34.0,35.1
03607,2575,43070,4.6,15.6,20.3,22.0
03608,3322,30236,7.2,21.1,32.2,19.8
03609,1637,51745,5.5,14.0,34.4,39.5
03610,3193,31625,11.4,14.2,48.4,36.8
03611,982,118353,14.4,12.6,22.3,31.5
03612,4508,44109,4.1,18.8,40.6,28.8
03613,4168,50999,5.9,16.8,31.8,22.7
03614,2666,65777,5.9,12.9,46.2,30.9
03615,3377,29014,9.1,8.8,39.8,22.0
03616,474,63548,8.4,5.0,31.8,26.2
03617,4646,95131,11.7,6.8,39.2,29.2
03618,3797,66033,11.8,7.2,33.4,20.9
03619,3162,77170,9.9,16.4,41.5,30.3
03620,4790,64060,10.1,20.2,43.7,21.1
03621,3350,92096,13.1,14.1,40.8,18.7
03622,4695,83235,7.8,13.3,31.2,35.0
03623,4659,101860,3.1,7.6,21.0,32.2
03624,212,117001,5.6,23.0,24.1,22.1
03625,3297,120285,3.4,19.7,33.9,33.3
03626,2478,50822,7.7,13.3,37.6,19.7
03627,2024,102530,7.3,6.9,22.8,33.4
03628,239,107392,4.2,21.9,33.9,15.2
03629,1524,145123,12.1,8.4,28.6,15.4
03630,3049,59985,9.6,18.5,22.0,17.0
03631,3268,50276,5.7,11.8,30.6,26.1
03632,616,68039,12.1,22.2,39.0,19.5
03633,2716,106972,11.0,16.7,43.3,33.9
03634,987,27987,5.3,9.5,42.8,39.1
03635,3204,33330,14.8,5.3,35.3,26.7
03636,149,50973,5.1,9.2,22.8,29.9
03637,4051,89558,12.3,12.3,37.9,23.5
03638,3660,43521,14.6,19.2,21.5,25.4
03639,118,124131,11.7,9.3,32.8,30.7
03640,4921,100811,11.0,10.2,39.8,28.4
03641,1573,115084,13.8,13.7,23.7,22.7
03642,4161,73119,6.2,5.9,38.6,21.2
03643,2706,139619,6.3,20.4,40.2,30.4
03644,551,52552,10.7,6.6,46.7,37.8
03645,3865,140936,13.6,19.7,26.5,16.1
03646,2538,119761,10.4,10.4,44.6,17.1
03647,4410,62603,14.7,14.2,30.3,20.2
03648,1649,53940,5.7,13.2,31.6,32.0
03649,3574,70965,12.9,10.1,49.0,17.0
03650,227,33377,14.1,10.1,35.2,37.4
03651,4955,93978,8.1,24.0,46.1,24.6
03652,2861,87308,14.5,11.1,41.0,18.8
03653,4556,97938,5.4,8.7,32.6,31.9
03654,4764,60961,14.4,10.0,21.3,39.5
03655,1515,121679,13.8,18.9,34.8,33.3
03656,301,29928,3.8,11.2,31.2,25.8
03657,2469,34604,9.3,8.4,35.7,37.8
03658,617,73029,9.3,13.3,41.9,23.6
03659,1441,118300,3.7,7.4,36.1,19.4
03660,4876,38777,3.5,13.0,40.1,39.4
03661,2088,65364,3.1,22.2,41.0,33.1
03662,3645,77068,9.3,12.5,43.4,20.9
03663,4620,50591,8.6,15.3,39.5,30.4
03664,3902,95073,14.3,20.8,46.4,31.1
03665,3375,86478,7.1,15.3,29.0,25.1
03666,3754,81203,10.9,5.9,45.1,32.7
03667,2534,56905,3.1,9.3,39.0,23.5
03668,4973,137236,11.0,22.9,38.4,25.5
03669,307,128949,14.0,21.0,25.6,39.9
03670,2733,29261,7.3,20.2,45.3,39.5
03671,4217,59703,6.8,15.9,38.0,17.6
03672,253,82193,10.5,12.1,25.4,29.0
03673,3466,116580,6.9,18.9,21.5,20.3
03674,4414,62306,7.8,18.3,34.6,22.1
03675,4864,94962,6.3,17.9,28.5,32.2
03676,1618,87432,7.1,15.1,28.9,33.7
03677,2700,26358,11.2,10.2,22.3,23.1
03678,2295,103959,14.1,13.7,26.7,29.0
03679,4598,59537,10.0,15.2,49.0,31.4
03680,4791,52337,3.1,9.3,36.8,28.1
03681,3654,88247,6.2,9.6,36.1,15.1
03682,2514,116301,14.4,20.8,35.2,17.7
03683,2949,71493,13.9,11.4,43.1,17.4
03684,1842,42576,4.4,24.5,40.3,24.6
03685,1406,60584,13.9,13.7,25.8,25.9
03686,3949,64035,14.6,17.2,35.0,23.1
03687,4268,118733,6.9,15.1,41.3,29.3
03688,4676,48409,11.4,14.9,33.5,17.4
03689,4755,29856,9.7,22.8,36.3,39.7
03690,4940,120980,7.0,6.9,22.4,25.0
03691,4295,112137,4.8,11.9,20.4,16.1
03692,2655,138723,7.4,10.7,43.1,33.5
03693,2405,107962,14.1,11.5,43.3,20.5
03694,4608,112163,12.7,23.3,35.3,16.1
03695,1188,66185,7.0,6.4,44.5,20.9
03696,2742,100706,9.6,10.7,43.5,15.6
03697,1277,97291,7.9,19.8,30.7,27.1
03698,4857,113387,8.6,9.8,34.7,18.5
03699,3094,61745,12.1,21.7,34.2,36.7
03700,659,54712,9.5,11.6,20.6,33.3
03701,3064,37023,5.2,7.3,20.0,37.2
03702,1371,125187,6.2,15.4,45.2,23.0
03703,1913,87919,9.8,15.2,49.3,36.4
03704,3015,25540,11.3,5.8,42.7,35.7
03705,709,33837,9.1,19.4,22.1,17.1
03706,2561,144773,10.4,7.8,38.3,31.0
03707,4220,46185,12.5,9.3,38.8,37.1
03708,383,128030,9.5,16.2,28.1,34.6
03709,3028,89889,14.7,22.8,34.6,32.8
03710,4496,48406,5.8,5.4,20.4,27.5
03711,1191,86630,14.0,21.5,34.0,38.3
03712,916,74054,6.0,20.1,28.1,36.7
03713,182,75840,9.4,8.2,26.5,30.6
03714,2020,34046,8.5,12.5,49.2,16.3
03715,3591,129938,7.5,23.1,40.2,36.6
03716,3244,123708,14.6,7.9,46.8,37.9
03717,2193,77495,6.3,7.2,24.4,16.8
03718,4813,65579,11.1,19.7,26.9,29.7
03719,275,130322,12.6,14.4,47.8,18.1
03720,2804,84821,5.4,10.7,28.4,27.1
03721,469,115631,14.7,8.4,46.4,23.3
03722,1918,120877,9.6,19.4,42.2,26.7
03723,2201,101668,14.0,13.8,21.1,24.9
03724,4885,59175,11.0,9.8,24.6,38.7
03725,3590,34012,10.8,23.9,36.7,36.2
03726,1879,32030,7.1,16.2,47.5,29.7
03727,1464,147047,12.2,12.1,37.3,23.9
03728,4562,135170,3.4,19.4,41.0,20.1
03729,3442,111450,9.7,14.9,40.2,22.9
03730,4839,98464,3.4,5.2,23.4,15.5
03731,3776,123275,6.7,21.8,44.9,19.0
03732,2526,37027,4.2,6.3,42.0,17.2
03733,172,143755,13.9,24.8,29.6,30.6
03734,3062,96742,10.5,12.0,33.8,25.8
03735,959,118399,11.0,15.5,34.4,19.5
03736,3956,43565,13.2,25.0,43.8,29.6
03737,4238,122213,11.8,10.4,48.6,25.9
03738,2524,54290,4.5,14.3,45.7,38.5
03739,1164,126536,10.4,20.1,34.4,29.7
03740,2317,138921,14.7,14.3,30.1,31.4
03741,4117,50000,5.6,11.7,26.9,31.2
03742,2359,75703,10.4,7.4,40.6,22.6
03743,3851,58125,9.8,15.3,32.5,37.0
03744,2186,36638,7.7,16.0,24.3,30.6
03745,468,108514,14.5,9.7,21.5,39.4
03746,2904,79280,7.3,11.7,37.5,39.0
03747,250,116122,4.1,11.0,46.2,29.7
03748,1234,82540,14.6,13.5,29.9,16.8
03749,2884,87580,11.8,21.0,26.3,32.6
03750,4264,34225,7.1,11.7,35.1,15.2
03751,2446,50437,6.4,10.4,42.6,32.3
03752,4997,121774,14.1,21.8,21.1,26.9
03753,2350,107268,6.3,21.2,46.3,28.8
03754,160,53353,9.4,20.9,49.7,37.3
03755,3110,73531,5.6,19.9,33.4,32.4
03756,4001,26658,14.9,22.8,45.3,26.6
03757,1437,50150,12.2,19.3,32.6,35.8
03758,1284,38315,9.8,8.4,23.2,23.0
03759,4526,43203,11.9,5.7,35.1,37.3
03760,1651,146159,14.0,8.6,25.3,17.7
03761,4533,63649,14.6,12.3,25.7,37.7
03762,1729,64423,12.4,6.1,43.9,30.3
03763,1427,132426,13.2,20.1,23.1,36.5
03764,1626,88617,7.8,17.8,28.8,31.5
03765,1773,45392,7.7,19.4,30.9,37.0
03766,1461,31043,12.7,6.9,47.3,33.9
03767,1673,41867,12.1,11.6,38.3,15.9
03768,2786,127216,13.8,14.2,21.7,19.7
03769,4470,25357,4.6,17.1,28.4,25.9
03770,2466,70440,11.3,21.1,21.9,37.4
03771,3857,49829,10.8,24.5,42.1,39.8
03772,2534,66794,12.6,6.6,25.8,18.8
03773,2093,58958,3.3,17.8,26.7,38.7
03774,969,55408,12.9,7.7,23.6,23.6
03775,1114,51279,6.9,11.0,40.7,20.4
03776,2011,54467,11.2,20.4,35.5,17.6
03777,702,127868,10.4,24.9,27.9,17.4
03778,3921,80131,8.3,15.5,43.8,38.4
03779,790,66452,12.0,12.1,37.5,24.5
03780,593,120127,14.5,9.3,25.4,38.8
03781,589,93945,6.9,20.7,20.6,27.7
03782,2656,101855,12.0,23.1,22.7,24.7
03783,4585,51696,6.8,22.0,30.0,34.5
03784,394,131547,13.1,15.2,22.4,26.6
03785,4127,88612,8.2,16.8,27.3,28.0
03786,2943,115373,8.4,21.7,22.3,36.9
03787,3012,52578,12.3,23.6,22.2,34.2
03788,1817,26908,9.0,23.8,29.2,34.8
03789,2696,123059,6.2,18.8,35.4,31.0
03790,4844,94182,14.9,8.8,30.3,19.1
03791,1973,81867,10.4,11.3,23.1,17.8
03792,4763,104368,10.7,10.3,21.7,33.7
03793,3358,109297,10.8,8.5,25.9,33.5
03794,2917,36586,13.6,10.0,41.0,26.4
03795,544,45720,5.2,22.4,40.0,24.0
03796,3741,95940,3.7,20.4,46.8,37.5
03797,4558,112878,7.6,5.9,47.4,23.7
03798,841,26625,9.8,8.0,43.2,21.5
03799,2141,122543,6.4,24.7,20.5,33.5
03800,779,63186,11.3,9.5,23.3,19.0
03801,2567,116340,3.9,17.7,42.2,31.2
03802,3797,62154,12.5,9.1,44.8,35.1
03803,1458,96890,11.6,9.7,38.4,32.6
03804,162,59157,5.6,15.0,30.9,23.3
03805,2659,80061,6.6,14.8,25.5,31.6
03806,3869,42871,12.7,17.9,40.3,25.8
03807,4451,137961,12.3,8.4,32.4,27.0
03808,234,80653,12.8,10.3,31.1,33.1
03809,3744,34108,6.9,17.5,34.1,31.1
03810,2235,100869,14.6,6.9,45.1,22.3
03811,3378,140398,11.6,23.2,39.3,21.1
03812,922,108806,3.8,8.6,36.7,36.7
03813,3174,59984,8.7,13.8,29.6,36.2
03814,3081,108240,11.0,7.2,29.8,25.0
03815,220,106840,5.0,18.7,49.6,36.6
03816,1737,88478,13.8,11.5,34.2,27.2
03817,1024,49290,12.0,6.5,26.9,36.2
03818,744,39433,4.0,16.9,41.6,19.6
03819,2132,122984,14.0,24.6,42.5,34.1
03820,2861,123057,7.9,22.4,31.4,25.3
03821,2168,94981,8.4,19.1,43.6,27.5
03822,341,62599,12.4,5.3,46.1,28.8
03823,2768,35818,10.7,22.2,44.9,32.0
03824,902,114737,8.3,22.9,22.2,17.6
03825,4264,31984,6.1,5.8,43.8,21.3
03826,295,66360,9.2,7.4,32.0,33.0
03827,2287,91286,10.0,14.0,23.2,15.0
03828,3615,137066,10.6,13.0,46.8,24.4
03829,2430,30594,10.3,10.9,34.7,23.2
03830,2459,87260,10.4,9.0,46.3,27.4
03831,4941,104266,8.7,16.0,38.0,39.6
03832,3706,32171,9.7,20.4,29.8,33.7
03833,376,147179,6.5,23.7,37.3,39.0
03834,160,121624,4.9,11.0,48.7,20.8
03835,3490,141575,10.3,19.1,38.7,32.2
03836,2013,110605,3.6,20.8,44.4,32.9
03837,4027,75570,3.8,14.6,45.9,39.2
03838,2691,142291,6.0,23.4,31.7,39.9
03839,666,120350,5.3,5.5,24.7,29.4
03840,4035,77923,7.5,23.0,49.3,24.2
03841,1671,144788,7.5,22.9,46.7,33.8
03842,4817,87405,4.4,7.7,37.8,23.5
03843,1300,136606,6.0,13.8,48.4,19.5
03844,4509,87653,3.1,15.3,38.4,30.2
03845,2954,35210,7.2,13.0,38.7,32.8
03846,2995,84380,12.6,22.9,38.9,25.0
03847,1336,67605,6.2,19.3,44.8,40.0
03848,236,126791,10.7,7.5,29.4,22.4
03849,1129,99541,4.2,23.5,29.3,20.8
03850,2256,145598,3.1,5.9,21.0,33.2
03851,2694,55825,9.0,16.9,44.3,15.4
03852,761,145996,8.5,15.5,27.9,28.1
03853,2572,144421,5.3,6.4,26.6,24.6
03854,2777,106241,6.4,18.9,34.3,17.4
03855,2408,126473,3.4,24.3,45.7,24.3
03856,186,58791,12.6,14.2,38.0,29.1
03857,2612,100237,6.6,15.3,45.3,28.5
03858,3042,117150,5.6,12.7,20.0,39.7
03859,2873,105202,12.7,22.5,25.7,20.4
03860,2604,141081,3.5,23.6,41.5,34.9
03861,3410,139105,6.4,12.9,28.5,36.7
03862,1800,95775,6.2,22.8,48.2,17.0
03863,3770,106748,6.2,9.1,42.7,15.4
03864,2800,109266,3.1,14.2,41.0,18.4
03865,3729,91391,14.2,10.0,20.5,16.9
03866,4690,99894,13.4,9.5,40.7,37.9
03867,1747,142442,8.0,22.1,35.7,16.9
03868,3418,75817,8.3,19.3,25.2,27.4
03869,3787,94574,9.3,6.3,37.6,39.8
03870,696,67932,8.7,20.1,23.2,24.6
03871,4645,88404,12.3,16.5,34.6,21.8
03872,584,45071,8.9,20.7,25.7,37.7
03873,745,108036,5.3,16.9,20.3,27.1
03874,3189,69328,4.4,12.5,31.1,33.8
03875,4857,78694,14.0,14.9,31.1,26.1
03876,4953,25733,3.6,7.8,35.5,27.2
03877,4484,86127,13.8,11.2,48.9,36.8
03878,820,121031,11.3,5.4,22.4,37.6
03879,4833,60689,7.9,13.1,26.7,20.9
03880,598,69289,5.2,6.8,33.5,29.1
03881,4829,103345,6.7,18.2,30.5,38.9
03882,1773,133202,9.4,23.3,36.9,38.3
03883,3167,38686,10.9,19.8,44.1,37.3
03884,214,94034,11.3,9.1,32.5,37.1
03885,3079,132620,8.4,15.1,29.3,38.7
03886,4869,29717,7.5,19.2,26.8,37.0
03887,1836,29854,12.2,21.1,43.6,29.6
03888,3711,125162,14.1,10.7,22.8,37.5
03889,2353,133787,14.0,14.5,34.6,27.2
03890,2394,39358,9.6,7.1,31.2,17.8
03891,3730,46857,3.9,19.5,39.0,23.5
03892,246,125817,3.9,13.7,36.3,21.5
03893,4082,106120,7.8,5.8,30.4,17.8
03894,3553,29960,11.8,15.6,23.2,31.0
03895,4607,61283,9.0,20.8,24.1,19.9
03896,2510,51576,10.5,5.9,40.4,19.6
03897,236,116909,13.1,13.1,34.8,22.6
03898,3460,43700,3.5,14.6,43.7,21.1
03899,3105,68540,14.1,25.0,47.8,28.8
03900,3652,76166,7.0,9.4,40.2,15.4
03901,118,72417,3.6,21.4,47.4,26.0
03902,2342,125471,13.0,7.9,20.8,31.5
03903,548,44412,14.2,24.3,36.1,19.7
03904,2048,122760,12.2,11.1,28.0,18.7
03905,1045,84291,12.7,7.9,25.9,37.6
03906,4336,116255,13.5,12.6,28.4,35.5
03907,2020,29231,9.3,5.3,44.6,21.4
03908,3077,110068,11.2,7.2,38.9,35.9
03909,4288,32521,6.4,14.9,43.3,37.2
03910,4115,89569,6.0,23.8,35.0,17.9
03911,338,148815,10.3,13.9,28.0,33.8
03912,304,36349,11.8,18.2,34.0,28.1
03913,2707,57768,7.8,19.1,26.4,33.2
03914,4440,131572,7.8,5.7,49.7,32.8
03915,3488,120168,14.5,11.4,43.2,26.6
03916,3072,87985,9.2,24.9,21.9,15.4
03917,4490,32611,14.8,5.1,49.9,31.7
03918,2787,44012,13.4,14.4,24.5,29.8
03919,4266,113054,10.7,21.7,39.7,27.2
03920,1448,133691,3.1,10.8,31.4,32.3
03921,4500,74725,6.6,24.9,36.3,29.1
03922,916,26548,8.0,14.7,41.4,23.8
03923,920,115297,10.8,23.3,29.1,34.9
03924,292,38988,7.7,15.6,23.1,33.5
03925,1876,119729,12.9,13.0,39.7,29.6
03926,3745,86186,11.0,19.2,20.8,27.9
03927,4724,39497,7.2,24.2,26.7,31.1
03928,350,96581,12.4,12.5,20.3,30.3
03929,1888,44876,6.6,22.3,42.1,20.2
03930,3800,51819,3.8,18.2,46.5,19.1
03931,2563,115145,5.1,12.6,29.7,21.4
03932,1267,32839,3.0,6.1,29.4,24.0
03933,3993,116732,13.0,11.2,22.9,36.5
03934,1196,63457,10.5,21.6,21.3,17.8
03935,2779,141584,9.8,6.9,27.1,31.8
03936,1947,142143,10.9,16.4,45.8,17.9
03937,4004,133296,10.8,15.2,38.1,24.3
03938,604,128720,9.8,18.2,20.3,24.9
03939,1721,86976,13.1,23.8,38.3,32.9
03940,2572,35275,8.3,20.0,21.5,37.3
03941,2646,63151,12.7,15.2,32.6,31.0
03942,1487,59173,12.4,21.6,48.0,37.6
03943,3094,104985,5.4,19.0,38.8,24.4
03944,3916,118800,8.4,22.9,38.4,33.9
03945,817,68612,13.0,19.5,40.2,29.3
03946,3584,40960,13.0,20.1,24.2,34.1
03947,4534,29538,3.3,6.7,22.8,32.0
03948,758,75338,5.7,5.1,31.2,23.8
03949,4108,53709,8.1,24.1,25.7,28.7
03950,4624,27139,3.6,10.0,20.7,39.4
03951,4334,60446,6.1,8.3,30.2,31.3
03952,3864,61562,6.1,8.2,34.9,32.2
03953,3089,44103,5.6,19.8,21.5,20.6
03954,4737,72204,7.8,5.9,49.2,28.9
03955,2204,49432,12.8,18.2,43.0,21.5
03956,1355,62370,5.9,16.4,42.1,33.9
03957,2582,100954,10.0,7.9,46.4,33.4
03958,483,135519,9.7,7.7,37.7,34.7
03959,2707,127754,12.8,7.7,33.1,15.1
03960,293,121135,7.7,10.2,34.5,32.0
03961,3907,102096,5.7,17.8,25.9,19.4
03962,3819,45341,13.7,9.1,31.4,15.3
03963,2681,104382,13.0,18.2,43.9,35.3
03964,2665,31069,10.5,24.4,35.1,36.9
03965,2863,99215,4.1,22.2,25.5,36.4
03966,2898,38293,3.2,21.0,45.9,15.1
03967,2439,123582,5.2,24.0,39.5,15.7
03968,3506,125895,5.4,17.2,38.0,33.7
03969,831,148529,4.6,20.4,49.1,37.2
03970,2972,52554,6.1,20.5,47.8,16.6
03971,3220,123658,7.1,24.5,24.4,33.1
03972,4880,138982,12.1,17.9,42.3,29.6
03973,4277,109162,11.5,10.5,47.1,25.5
03974,2704,62667,4.3,8.9,45.9,33.0
03975,2482,129540,14.7,11.1,46.7,36.3
03976,631,76632,12.0,20.2,44.2,34.3
03977,4416,123861,5.0,18.1,49.7,30.0
03978,734,71106,4.5,9.4,28.2,19.1
03979,1869,94022,4.1,22.2,24.8,17.4
03980,3904,107081,11.8,24.6,22.3,23.4
03981,2470,113164,5.8,20.1,44.7,23.7
03982,102,140386,3.9,6.2,33.6,26.5
03983,305,133469,8.1,17.6,27.7,22.8
03984,4235,94080,11.5,23.8,40.3,26.3
03985,2721,110697,6.7,11.3,20.0,39.9
03986,4839,59973,8.8,16.7,25.9,24.9
03987,2990,140179,5.3,9.5,31.4,23.7
03988,3293,43376,8.1,22.6,26.4,26.7
03989,2766,75184,7.3,22.4,30.3,32.8
03990,3406,110203,8.2,12.3,25.0,36.7
03991,997,85854,8.6,12.0,20.1,24.2
03992,1185,112936,4.1,5.0,34.9,34.0
03993,1379,95455,4.1,11.3,22.1,16.1
03994,770,136270,6.1,20.6,41.6,29.8
03995,1605,80126,4.4,5.6,21.8,36.2
03996,3675,148665,6.0,9.1,43.0,19.5
03997,4914,141521,3.3,19.6,21.8,30.0
03998,2055,124295,7.2,18.0,49.2,39.0
03999,349,102934,5.6,24.7,30.8,18.5
04000,1992,113904,13.7,12.8,29.0,36.7
04001,3539,47730,13.3,7.7,29.2,33.3
04002,1953,43167,6.6,18.3,27.3,23.0
04003,2954,79336,8.7,6.6,25.3,35.5
04004,1603,88178,14.5,7.3,44.9,32.7
04005,3485,42568,9.3,16.4,33.8,33.1
04006,3671,124972,13.2,14.4,23.0,36.4
04007,3892,97369,12.9,10.3,44.6,23.0
04008,3526,96360,14.3,14.6,45.8,37.7
04009,143,84657,6.7,22.4,47.7,20.3
04010,3712,25571,3.5,19.5,21.4,22.1
04011,2718,62068,4.2,14.1,34.2,24.4
04012,4778,45122,9.9,11.2,38.1,32.4
04013,3263,25583,9.4,16.6,45.3,16.9
04014,1388,147011,6.6,5.1,38.6,21.3
04015,3042,148187,6.0,19.7,33.7,25.7
04016,319,86889,11.5,21.0,42.9,23.8
04017,2025,82405,7.1,7.4,33.9,38.8
04018,3072,147228,10.2,13.1,28.6,19.0
04019,3613,46963,11.5,7.9,37.5,16.4
04020,2548,127874,8.2,24.0,35.3,25.8
04021,3571,106276,5.3,21.5,34.6,18.4
04022,2874,53364,13.3,5.4,25.7,27.8
04023,1090,96227,4.1,24.4,45.4,16.3
04024,3046,100861,13.0,7.8,21.7,38.1
04025,1912,141647,13.0,6.7,21.6,22.4
04026,903,138806,9.9,5.7,24.2,23.1
04027,589,114950,10.6,20.8,23.4,27.0
04028,3656,30126,7.3,23.5,46.5,21.3
04029,1593,117144,13.1,6.9,43.7,21.5
04030,3745,28762,6.2,24.7,28.5,36.6
04031,2991,27786,9.7,11.3,28.0,37.1
04032,1805,92078,3.0,18.6,32.2,16.4
04033,3616,141363,14.3,24.7,35.6,20.2
04034,3440,103349,14.4,5.2,29.9,28.0
04035,153,41417,11.5,15.9,47.2,39.9
04036,2675,86305,8.1,18.1,21.4,38.8
04037,3691,41294,5.1,12.4,48.8,33.6
04038,715,93335,8.9,7.2,37.1,26.4
04039,1054,147184,12.5,17.4,48.4,37.1
04040,2533,108775,10.3,5.9,40.9,29.0
04041,1729,135176,9.3,23.5,24.5,18.2
04042,2881,97459,13.2,14.2,40.8,23.0
04043,749,125989,6.8,23.2,49.1,37.7
04044,2447,75209,13.3,21.7,35.0,39.4
04045,4590,31938,8.3,5.1,46.3,36.5
04046,3378,111421,3.0,14.2,49.7,22.8
04047,2740,120249,11.8,22.8,30.2,36.8
04048,3901,147285,13.5,12.4,32.4,16.0
04049,2661,129875,8.8,11.5,28.2,34.2
04050,3349,68921,8.5,18.7,47.8,38.5
04051,470,29388,12.7,19.1,38.8,21.6
04052,957,96558,13.6,17.9,42.7,15.4
04053,4986,93163,14.7,12.3,26.0,35.2
04054,4853,143508,7.1,6.3,32.9,22.7
04055,483,32247,10.1,23.5,39.1,18.9
04056,3977,134653,12.9,11.3,42.1,18.1
04057,2652,94179,9.4,20.9,39.7,16.0
04058,4434,47575,8.5,12.0,41.3,38.6
04059,4390,45146,9.9,14.9,38.5,32.2
04060,2825,47371,7.3,12.5,25.8,25.3
04061,4134,117243,5.3,6.6,36.4,33.0
04062,3393,132102,3.8,11.6,46.8,32.7
04063,4351,76507,10.3,24.1,23.6,35.5
04064,4088,51875,7.5,7.2,27.1,21.7
04065,1022,38792,13.6,16.1,33.2,35.0
04066,3015,119028,5.7,24.4,22.2,18.1
04067,3050,135771,6.7,5.4,31.4,21.7
04068,3146,73723,14.6,6.4,32.5,37.9
04069,1074,108253,9.7,23.2,44.7,22.8
04070,1330,110928,7.2,19.7,49.6,37.8
04071,2535,109393,13.3,15.9,25.7,28.2
04072,1914,96679,11.9,15.7,26.3,23.7
04073,3034,85901,9.9,24.5,47.3,26.0
04074,1463,127037,13.7,5.4,46.7,15.8
04075,4040,43470,4.1,10.4,48.9,23.2
04076,303,44734,7.7,11.3,45.2,17.8
04077,260,38103,12.7,7.4,36.4,36.2
04078,4587,72728,7.6,12.1,37.3,36.9
04079,868,115487,14.1,12.4,32.8,34.9
04080,3848,92488,4.8,24.2,20.3,15.9
04081,2681,61478,7.0,13.8,34.8,17.2
04082,1193,149968,8.1,23.7,46.4,25.2
04083,4600,75845,11.2,21.2,23.3,25.8
04084,707,137333,5.3,19.7,26.3,39.2
04085,1640,55766,3.1,11.6,25.2,33.1
04086,2975,69515,14.7,13.5,20.4,28.5
04087,3291,70240,13.8,5.9,24.2,29.1
04088,1937,115183,6.6,12.5,33.6,32.2
04089,789,56288,8.8,22.4,44.1,31.8
04090,3859,92310,8.9,20.6,21.2,39.6
04091,3049,140261,13.4,21.2,32.6,39.6
04092,2203,146173,10.2,9.4,45.3,37.3
04093,465,62432,12.9,9.2,47.8,32.9
04094,3675,95595,13.9,18.3,22.3,28.9
04095,4650,145050,9.8,18.0,39.9,17.6
04096,4299,143754,6.4,8.9,40.7,39.9
04097,4272,129775,9.0,19.4,49.0,35.1
04098,4425,47497,13.2,12.5,20.9,34.2
04099,2478,53283,10.0,22.7,44.1,29.2
04100,1305,137597,13.7,12.3,38.5,18.0
04101,3939,66112,13.7,9.6,22.1,17.9
04102,2835,145062,7.5,8.9,30.2,28.4
04103,3447,66688,8.4,23.0,36.5,26.5
04104,1775,137039,11.1,22.2,21.6,32.4
04105,398,101007,4.3,13.5,41.2,36.6
04106,1056,100280,8.6,9.8,46.2,15.4
04107,1214,94199,4.8,10.7,36.4,29.7
04108,2605,85911,13.2,12.7,40.4,26.3
04109,1574,37463,14.3,5.9,38.9,19.8
04110,4560,106914,4.7,6.3,21.7,22.5
04111,4546,113614,11.0,23.5,29.6,38.3
04112,3826,63909,10.6,20.3,45.3,33.4
04113,3571,145974,12.1,21.3,43.5,37.7
04114,2928,31160,11.3,14.6,30.3,23.4
04115,2950,135840,5.6,12.3,35.6,22.0
04116,2606,52682,6.5,6.8,47.9,21.5
04117,3870,116111,5.0,16.2,49.4,28.1
04118,3064,130446,14.1,19.9,44.1,31.3
04119,4694,121401,9.3,8.9,28.3,33.5
04120,1049,46405,14.7,12.8,23.0,18.5
04121,4703,113790,8.4,23.5,46.9,21.3
04122,2950,64076,9.6,21.9,39.8,23.9
04123,265,34326,12.5,21.0,45.1,15.8
04124,3586,62510,12.6,5.8,22.3,32.9
04125,2609,110065,5.8,8.3,36.9,18.8
04126,1019,49527,6.5,11.1,46.2,24.9
04127,213,126019,4.2,11.1,21.8,39.0
04128,3604,106622,12.7,7.6,48.0,32.0
04129,1091,66313,12.5,10.8,39.7,30.2
04130,3939,46777,4.0,13.6,31.0,16.7
04131,1358,87382,6.1,6.0,40.3,16.8
04132,3526,67262,8.4,13.1,41.4,31.0
04133,614,111002,9.5,14.9,39.1,22.9
04134,4904,61499,9.3,5.8,41.8,22.4
04135,3296,40390,14.8,18.5,24.0,23.4
04136,4534,70581,12.2,6.6,36.2,31.1
04137,2684,82853,4.4,18.0,29.5,18.8
04138,167,42921,6.5,24.9,23.9,38.7
04139,1696,65860,7.1,6.2,41.2,38.9
04140,4578,57945,6.8,10.4,38.0,32.5
04141,118,43760,12.4,7.6,50.0,39.0
04142,2830,65506,7.3,12.4,45.2,24.1
04143,3621,132296,8.9,21.7,32.3,19.6
04144,672,80983,9.4,23.6,43.4,19.6
04145,2358,28243,6.2,21.8,25.6,28.4
04146,3002,120627,6.9,18.8,34.1,19.7
04147,750,28666,12.4,19.3,32.1,19.6
04148,2687,107857,13.4,7.4,38.3,36.7
04149,3362,44411,3.4,10.0,44.1,23.9
04150,1438,108940,10.3,12.3,33.9,32.7
04151,3734,85126,10.6,6.0,45.9,38.1
04152,2927,48586,11.8,21.4,42.6,22.0
04153,2317,105168,11.3,10.1,28.1,26.7
04154,3639,135036,13.5,6.0,36.0,31.7
04155,1137,92510,3.9,6.5,45.5,19.8
04156,4483,83862,7.7,24.4,42.6,30.0
04157,4078,134165,12.4,23.2,44.6,39.6
04158,3061,26258,13.2,24.2,27.7,39.3
04159,3326,130356,6.2,24.1,43.4,31.4
04160,1198,44494,10.0,21.0,32.2,25.1
04161,2424,67202,5.2,10.5,48.8,20.5
04162,1039,38528,13.2,11.5,34.0,36.2
04163,3816,109673,11.8,13.0,46.9,31.7
04164,3514,112714,5.7,20.7,39.9,35.1
04165,1548,142363,10.5,23.5,48.0,37.2
04166,670,105544,9.1,13.8,37.0,39.2
04167,3004,102400,6.1,11.0,27.1,17.8
04168,2605,123723,13.7,9.9,39.6,25.6
04169,1017,132148,4.8,10.1,27.7,30.1
04170,1974,93407,8.6,5.1,45.5,17.8
04171,1778,85589,10.0,9.7,22.6,17.7
04172,715,56432,12.9,10.9,27.2,15.1
04173,4601,40202,4.8,20.5,43.5,31.3
04174,1849,103637,10.3,16.0,32.5,30.5
04175,3925,124171,3.1,11.6,24.8,26.0
04176,4288,41238,12.9,16.9,49.8,20.1
04177,2577,36179,5.8,20.8,33.7,22.7
04178,4849,115285,11.7,17.2,34.3,31.1
04179,3605,55793,10.2,6.4,30.6,26.0
04180,3575,33004,3.6,9.8,22.0,39.3
04181,4629,139462,5.2,10.7,27.3,31.5
04182,1235,46116,6.2,12.3,28.4,27.6
04183,4100,149439,13.6,5.5,37.1,16.0
04184,474,111047,8.8,19.9,48.1,32.1
04185,306,138917,14.0,14.4,24.2,29.2
04186,4975,111512,3.6,22.9,49.2,30.8
04187,1419,56856,3.1,15.4,34.2,24.8
04188,1241,125546,14.4,24.8,37.5,28.1
04189,4727,103351,11.7,19.0,21.1,38.1
04190,2790,27488,12.4,22.7,45.5,20.4
04191,3355,108432,14.0,24.5,46.0,20.3
04192,189,96152,14.8,14.4,42.6,15.7
04193,4208,142459,4.2,17.7,24.4,23.1
04194,3120,141331,4.9,23.3,32.1,36.0
04195,1957,57791,5.3,16.5,48.7,21.4
04196,904,125641,12.8,6.1,32.7,36.1
04197,1044,142631,7.3,18.9,30.5,29.1
04198,2889,56027,10.1,23.7,22.6,19.6
04199,3975,37591,13.3,20.6,22.4,18.2
04200,1710,131326,11.2,20.8,33.0,32.1
04201,3023,29726,3.8,6.6,36.2,20.7
04202,3982,141404,8.3,19.7,44.7,38.2
04203,3321,130398,3.8,5.6,47.2,35.3
04204,4491,29133,8.7,23.6,32.0,35.5
04205,4835,80681,5.6,23.3,45.3,16.2
04206,2487,91280,3.0,24.6,36.3,21.0
04207,4823,88044,12.8,11.1,49.2,25.5
04208,1041,111097,14.6,15.8,47.9,21.1
04209,2666,54813,14.6,16.6,41.4,23.2
04210,1075,115105,6.6,16.1,25.7,18.6
04211,1054,30940,12.9,13.2,47.7,18.1
04212,1362,123353,11.1,24.7,23.5,24.2
04213,1043,48196,12.6,22.7,44.6,37.8
04214,2302,31217,13.2,17.2,34.8,37.0
04215,3427,44433,14.8,18.0,38.3,28.4
04216,4374,35934,4.8,19.3,46.1,32.4
04217,2359,79377,12.2,17.1,43.8,23.1
04218,1928,98404,11.8,19.2,21.8,18.6
04219,1357,110809,6.5,21.3,31.1,16.5
04220,564,131255,7.7,24.6,49.1,26.2
04221,3394,51198,5.1,22.0,30.7,26.9
04222,1330,90373,14.0,7.6,44.2,25.7
04223,2754,69357,13.6,15.9,41.9,28.6
04224,984,72787,10.4,17.6,48.7,28.0
04225,3905,51363,9.1,10.3,48.5,32.5
04226,3956,72459,5.8,14.5,33.7,36.4
04227,3235,49019,12.5,23.7,26.8,36.8
04228,1024,79927,3.1,10.2,29.0,22.5
04229,4689,110275,8.6,11.3,28.8,30.7
04230,1646,50589,13.3,23.2,38.9,39.1
04231,1194,88672,10.4,6.9,31.0,28.9
04232,2511,66113,10.6,22.6,46.0,31.0
04233,2717,36093,3.8,11.1,29.1,35.6
04234,862,96797,6.4,15.0,49.7,18.2
04235,2423,142002,11.1,17.9,39.9,19.3
04236,4245,110376,3.6,17.9,30.7,37.5
04237,2875,72940,7.0,24.6,37.6,38.6
04238,4759,48792,7.2,5.7,30.8,21.1
04239,4978,111186,9.0,19.1,35.5,17.0
04240,3255,132112,7.3,21.9,35.8,35.1
04241,4070,77201,8.4,16.8,43.0,20.7
04242,2140,46027,9.6,24.5,33.4,31.7
04243,683,128608,4.5,13.4,48.5,18.6
04244,4431,108845,5.2,20.0,23.0,24.5
04245,2203,97381,13.0,18.7,29.6,27.2
04246,2042,31810,8.5,5.6,42.4,24.0
04247,4555,40228,7.3,16.1,37.9,30.5
04248,209,60225,8.2,10.2,23.7,36.4
04249,291,97418,5.1,15.6,44.4,29.1
04250,1003,147508,5.9,22.7,39.9,28.8
04251,961,51187,9.2,17.6,37.5,27.4
04252,1183,29241,7.3,16.9,46.3,39.0
04253,749,44493,8.7,18.4,45.0,15.5
04254,4234,35729,4.8,15.6,29.5,17.7
04255,3711,37549,4.9,14.0,36.3,25.5
04256,736,63013,7.6,12.5,45.8,36.0
04257,1136,133123,7.5,19.0,21.9,38.3
04258,4231,49347,13.6,20.5,29.9,38.7
04259,2248,62208,3.4,13.5,31.7,20.9
04260,3965,89772,14.9,5.9,28.2,25.5
04261,3257,65378,14.5,15.9,35.3,31.7
04262,3687,26998,9.5,16.5,43.9,36.2
04263,3394,85270,11.6,14.6,34.4,31.8
04264,4361,75283,14.2,12.2,21.3,37.5
04265,2530,59760,6.0,22.9,45.6,20.3
04266,1979,137172,6.8,14.6,26.2,28.8
04267,4066,147735,4.3,21.0,32.9,27.4
04268,3813,139100,9.8,17.8,20.6,36.4
04269,4226,50089,4.9,20.7,33.2,18.1
04270,4206,128344,14.2,22.6,31.2,29.9
04271,2111,140400,8.2,9.9,28.7,31.9
04272,3473,52737,14.0,21.6,48.1,18.9
04273,2243,90750,5.5,19.4,40.3,34.0
04274,2600,63514,11.3,16.2,47.5,30.3
04275,4681,87782,10.8,15.9,34.0,19.5
04276,1389,82947,7.8,11.2,35.5,37.6
04277,1547,81133,13.8,15.8,48.5,36.2
04278,3299,61537,8.2,12.7,33.7,16.1
04279,2043,128171,5.4,22.8,20.9,20.2
04280,3283,148549,14.7,16.6,39.4,24.5
04281,3316,75232,8.3,11.0,25.9,28.4
04282,3236,119766,5.5,7.9,48.6,28.9
04283,3418,100153,7.4,18.9,22.1,18.6
04284,2882,35461,10.4,18.3,46.9,17.8
04285,1090,107394,9.1,12.2,24.4,38.3
04286,2253,34323,10.6,8.2,27.7,33.4
04287,325,140550,10.9,19.3,24.6,18.1
04288,876,99539,4.5,10.4,30.0,37.2
04289,2937,72283,6.8,22.2,23.2,21.5
04290,787,62040,12.0,19.5,31.2,24.6
04291,629,33678,10.8,22.8,29.3,31.0
04292,3542,39749,4.1,24.7,42.3,31.2
04293,2253,148571,6.8,11.8,38.3,27.7
04294,1394,110028,14.2,15.1,40.5,18.3
04295,1626,117734,13.3,13.1,34.7,22.7
04296,4874,107187,11.0,6.6,45.6,27.0
04297,2996,115896,3.9,13.1,30.6,37.9
04298,3203,110793,10.3,13.9,32.1,23.8
04299,2540,101699,3.1,8.5,22.9,35.0
04300,4235,129835,10.9,22.7,50.0,15.2
04301,3902,109321,11.8,10.8,33.6,22.9
04302,944,111829,9.0,20.2,47.5,21.3
04303,546,52917,3.0,6.5,45.6,36.5
04304,4015,85415,11.0,5.6,27.8,20.1
04305,3209,142004,12.8,24.9,35.0,37.4
04306,1334,82328,10.0,7.5,37.6,28.1
04307,326,147297,11.5,20.3,45.3,35.6
04308,4243,138968,4.1,17.1,22.9,23.7
04309,3059,120477,11.6,14.1,44.8,22.8
04310,1930,42585,10.4,5.7,23.4,17.9
04311,3879,112106,7.0,11.6,33.5,30.8
04312,286,41660,11.2,23.0,45.9,18.9
04313,2977,145015,10.7,23.1,27.0,31.3
04314,2635,82650,10.2,17.0,21.4,16.7
04315,2032,120781,5.2,16.5,21.4,18.6
04316,3024,140318,6.6,13.5,25.7,39.0
04317,948,142273,14.9,20.5,36.2,33.4
04318,2132,80813,8.2,22.7,46.8,17.8
04319,1352,81593,3.7,19.6,41.3,24.7
04320,1981,97936,13.8,15.5,44.1,18.4
04321,369,124441,5.1,17.7,27.4,27.1
04322,1730,122704,7.8,9.4,31.5,38.4
04323,4505,31968,6.3,24.8,35.7,23.2
04324,3303,92249,14.6,23.7,31.0,34.2
04325,1674,34240,7.5,24.1,42.6,18.0
04326,2992,67543,11.5,8.3,49.1,23.6
04327,1795,61119,10.2,18.1,43.1,22.2
04328,3358,131397,3.5,18.1,48.2,19.7
04329,3362,55038,7.6,12.1,49.4,22.1
04330,1545,38100,7.7,22.3,29.6,34.7
04331,319,67794,14.9,20.6,38.5,28.9
04332,152,129519,12.7,19.4,43.0,33.8
04333,1857,73121,13.3,5.6,38.6,26.3
04334,1766,34143,6.8,24.8,38.0,23.5
04335,2885,84376,6.9,19.4,31.0,35.2
04336,819,108144,9.2,24.4,35.9,32.3
04337,505,112365,10.6,6.7,30.2,27.2
04338,2394,131528,11.7,18.9,26.8,35.4
04339,171,107016,12.8,19.9,31.4,17.4
04340,2153,94894,13.5,6.3,32.0,19.0
04341,1329,105745,3.3,6.3,24.3,32.7
04342,1667,103737,12.6,20.2,34.7,26.4
04343,3782,93677,10.3,21.0,39.1,37.8
04344,3053,147668,9.4,23.2,23.1,32.9
04345,4582,137932,10.5,20.4,35.9,15.1
04346,798,117889,13.6,9.8,22.6,35.2
04347,926,102006,9.5,24.4,45.7,28.7
04348,448,41555,4.9,10.3,32.3,31.3
04349,4008,79005,8.2,19.5,27.3,39.0
04350,407,120133,14.1,15.6,31.3,38.6
04351,3516,55090,12.8,7.4,39.6,24.6
04352,2434,71335,5.4,23.5,34.3,23.4
04353,4961,50476,11.6,16.8,38.1,22.0
04354,4920,89775,6.1,6.8,37.9,28.7
04355,2909,89004,7.2,12.7,40.9,28.0
04356,3658,87473,8.6,20.3,48.0,34.1
04357,4578,99469,8.3,17.4,39.6,29.5
04358,3577,145119,3.4,9.5,24.9,33.7
04359,4720,65305,12.3,16.4,33.7,18.4
04360,2786,100650,13.2,11.2,25.7,27.4
04361,3085,121808,9.4,15.5,24.1,25.1
04362,375,68657,5.1,11.4,42.3,21.9
04363,2647,148270,6.0,14.9,24.7,34.7
04364,2864,124262,4.5,21.8,43.4,36.4
04365,436,56858,5.0,9.2,35.7,25.2
04366,2073,144358,13.5,5.0,32.7,31.8
04367,3079,66303,8.8,8.1,46.2,19.6
04368,4676,28481,4.3,21.8,47.0,29.2
04369,4068,141257,6.1,13.3,26.5,24.7
04370,1010,87841,14.4,19.8,44.0,30.0
04371,2096,32931,9.1,5.6,38.2,15.5
04372,3229,131951,9.2,7.9,34.9,24.9
04373,4304,79694,9.3,16.4,27.1,28.1
04374,3857,33635,4.3,19.4,44.1,39.3
04375,427,70252,14.6,20.8,46.4,39.5
04376,1899,101643,4.0,17.9,41.9,27.6
04377,414,84754,11.4,20.1,28.3,19.5
04378,3645,94017,3.7,8.3,22.1,22.6
04379,1234,147619,8.3,18.2,34.4,23.9
04380,2846,47077,13.8,13.5,28.0,20.6
04381,4976,91953,12.2,23.3,30.3,33.7
04382,1620,112776,7.0,17.3,29.9,16.4
04383,255,98212,9.6,15.8,26.3,26.3
04384,1824,97547,5.0,16.6,49.5,38.3
04385,3443,80861,14.5,21.6,45.7,34.3
04386,986,42054,11.5,5.2,22.5,20.8
04387,3173,79565,7.5,22.2,45.2,16.5
04388,2905,80153,6.8,5.6,20.8,34.4
04389,821,121280,5.9,16.7,45.0,18.1
04390,1012,43668,12.4,15.1,25.8,15.1
04391,3457,103284,8.2,12.4,34.1,16.0
04392,970,145128,7.0,7.6,29.6,30.5
04393,4208,66059,13.9,7.5,37.3,18.2
04394,597,76939,4.8,19.8,33.4,20.1
04395,1856,147545,6.2,7.3,21.1,16.0
04396,1217,140095,7.1,18.7,42.5,28.5
04397,3509,56898,6.1,24.8,34.4,17.1
04398,2928,124281,10.0,18.6,26.3,20.8
04399,1747,73561,10.2,6.5,37.9,27.0
04400,3083,117910,3.7,15.8,25.5,15.5
04401,242,112473,4.7,21.7,36.3,27.9
04402,2861,148022,5.4,24.1,32.9,19.1
04403,3535,48836,3.8,19.6,36.0,30.1
04404,4760,85420,4.5,11.2,37.2,21.4
04405,2531,121778,5.9,10.0,21.2,35.4
04406,4612,33911,7.1,20.7,39.1,32.1
04407,1948,51035,12.5,20.2,29.0,29.0
04408,2796,49993,5.6,14.7,30.2,30.9
04409,1817,116216,11.0,6.7,43.2,40.0
04410,3172,74696,3.7,18.4,25.4,25.0
04411,1167,146841,10.9,16.8,30.1,23.7
04412,2886,97496,12.5,5.2,22.0,29.0
04413,3891,98080,10.3,17.8,49.0,16.8
04414,1388,96838,5.4,7.6,26.8,16.8
04415,3971,47289,7.0,21.5,46.3,30.3
04416,1906,56346,12.7,18.5,38.1,33.2
04417,1604,134784,8.2,6.0,32.9,33.7
04418,3408,83116,6.1,15.6,37.4,31.9
04419,3051,133189,14.2,21.1,37.0,33.7
04420,171,50644,10.6,21.6,37.9,24.0
04421,1790,53279,12.7,6.7,30.2,34.3
04422,1444,120446,3.3,6.6,46.6,20.5
04423,3403,73638,7.1,20.5,43.4,22.9
04424,3213,143911,8.5,9.7,49.3,15.9
04425,982,138917,10.0,16.9,45.0,37.1
04426,4334,59341,5.3,17.2,30.9,32.2
04427,2762,144660,9.0,17.6,29.5,38.1
04428,1604,143481,11.2,11.8,34.0,23.1
04429,2563,48903,7.2,5.8,21.8,37.0
04430,2653,125957,11.3,15.7,31.8,29.0
04431,832,91076,7.7,15.3,21.0,35.0
04432,1848,59979,8.6,13.7,25.2,28.0
04433,4024,133054,4.6,10.6,29.4,15.5
04434,523,131626,10.8,21.9,39.3,27.4
04435,3578,90109,5.7,12.4,49.2,34.0
04436,1691,134239,12.9,7.5,24.8,39.2
04437,4585,86943,9.6,20.2,23.0,30.4
04438,4537,46927,9.7,17.7,47.7,32.7
04439,4809,94356,13.9,11.2,34.9,37.7
04440,592,109151,5.0,8.0,38.4,34.3
04441,291,50401,9.4,13.8,20.6,35.9
04442,598,76870,7.6,6.3,29.8,33.0
04443,1356,56701,14.6,9.5,35.1,28.5
04444,2068,98226,12.5,24.3,27.8,32.7
04445,4422,124326,12.1,8.0,44.2,18.5
04446,2286,128658,5.4,10.5,38.2,17.8
04447,916,29226,5.8,7.8,48.7,24.8
04448,3320,115808,3.4,23.2,40.9,18.3
04449,1573,132533,10.7,23.5,24.6,25.2
04450,1186,91349,7.5,6.2,35.7,37.6
04451,4299,143525,6.7,23.0,24.6,34.6
04452,1974,132154,10.6,7.8,45.8,21.9
04453,970,52003,12.9,12.9,29.9,38.2
04454,4863,108003,4.6,16.7,33.1,16.7
04455,2142,126278,14.0,14.2,46.1,27.9
04456,372,122571,3.4,7.7,27.9,19.1
04457,1129,83527,4.1,20.8,33.8,23.4
04458,3318,79718,13.1,18.7,43.5,24.5
04459,4169,113601,8.9,23.8,22.0,25.7
04460,1151,93160,14.3,12.1,28.3,32.2
04461,4133,30505,8.5,13.6,23.3,31.5
04462,1673,38381,14.1,12.0,42.4,28.3
04463,3290,32549,5.9,6.3,24.4,21.7
04464,4488,126036,10.4,6.1,48.8,23.9
04465,3897,76149,14.9,20.2,31.4,19.8
04466,3389,35203,7.5,10.7,35.9,16.6
04467,3847,83592,3.0,14.7,26.7,23.8
04468,2205,81827,3.8,24.6,45.3,29.2
04469,407,36928,13.3,5.4,27.2,28.1
04470,3459,121295,8.9,15.4,34.4,31.2
04471,3276,38457,9.4,15.4,49.0,21.8
04472,1351,147465,12.6,25.0,34.2,26.6
04473,2847,62111,12.7,21.7,35.1,39.1
04474,1617,49587,8.7,6.3,45.9,23.8
04475,1478,84354,13.3,8.1,46.8,26.0
04476,4991,126911,8.6,5.7,41.2,17.1
04477,2061,50312,11.1,8.9,20.7,18.5
04478,4405,91045,3.4,9.2,41.7,31.1
04479,2963,132764,4.7,6.8,42.4,38.8
04480,2756,31094,13.2,15.5,30.7,38.3
04481,2594,102994,6.8,24.5,39.1,29.0
04482,4667,63513,7.0,21.1,28.1,27.1
04483,4105,111736,11.0,9.1,29.8,39.3
04484,3663,126346,10.1,20.7,30.7,28.9
04485,1022,95446,4.0,24.6,46.1,38.3
04486,4332,31572,12.2,21.7,47.9,35.6
04487,4562,140746,10.4,14.4,41.7,27.9
04488,3059,62068,13.3,10.4,25.6,20.8
04489,283,34081,9.4,20.0,41.0,27.8
04490,3458,112423,8.0,20.7,27.7,33.3
04491,1498,109872,7.5,10.9,24.3,33.4
04492,2896,52913,3.1,9.5,35.3,36.2
04493,636,112616,3.5,18.4,47.1,26.7
04494,1373,65378,4.6,22.8,31.1,27.5
04495,3067,135177,14.2,5.4,39.3,15.8
04496,3149,76896,13.6,24.7,42.5,25.6
04497,1196,87189,9.0,8.8,45.4,35.3
04498,1405,51084,5.2,12.0,21.3,30.3
04499,1015,122240,4.8,6.1,35.1,15.9
04500,3181,147325,6.1,6.1,46.9,21.5
04501,4347,85681,13.9,10.5,28.8,31.8
04502,1128,93569,9.3,16.3,22.2,32.3
04503,2077,47418,12.6,23.0,31.1,32.5
04504,3454,67727,9.1,6.4,41.5,24.5
04505,2611,99860,10.3,15.9,49.3,29.9
04506,370,57232,10.3,13.3,36.9,28.5
04507,1286,91737,3.4,24.8,47.9,36.4
04508,4655,107168,8.3,8.7,48.1,18.3
04509,4300,33003,13.4,12.4,44.4,19.8
04510,3864,51471,8.9,5.7,33.3,37.8
04511,2498,87468,8.2,23.3,41.9,22.6
04512,4629,79428,9.3,17.4,47.6,34.5
04513,4335,49805,7.6,16.8,45.5,37.7
04514,4282,93211,9.2,6.0,36.9,26.8
04515,1811,100012,4.6,7.0,46.5,24.7
04516,2330,44259,14.6,20.8,45.2,24.5
04517,228,99048,3.4,16.0,23.9,27.8
04518,1369,65062,8.8,9.0,28.5,23.2
04519,3772,74179,5.5,16.0,45.2,37.1
04520,1701,68858,3.7,24.4,42.9,27.0
04521,4865,91045,10.8,7.1,31.5,15.6
04522,4070,105099,14.8,24.4,35.8,23.1
04523,4344,42024,12.0,20.5,49.6,23.3
04524,727,86980,6.0,7.9,31.5,34.1
04525,3897,110170,8.9,21.3,26.7,34.8
04526,2144,94283,3.6,19.9,40.4,36.6
04527,3652,76871,9.4,16.5,25.2,38.0
04528,2441,45287,4.2,20.5,23.0,35.6
04529,3314,144693,12.5,7.8,46.4,22.0
04530,349,50887,3.7,19.4,46.4,24.3
04531,3025,126640,3.1,17.8,43.1,29.1
04532,1074,149370,13.3,10.7,20.5,16.7
04533,1425,42802,14.3,18.8,26.2,34.1
04534,1083,98135,4.0,18.6,43.8,27.0
04535,988,34650,6.3,9.8,44.2,38.1
04536,3037,44843,11.9,8.0,34.5,32.7
04537,2217,79056,9.5,12.2,45.1,32.8
04538,2772,55232,14.4,13.0,45.6,19.5
04539,1426,65080,7.7,21.5,44.4,39.0
04540,570,130646,3.0,13.7,42.7,39.3
04541,2087,68527,3.2,19.7,44.7,29.8
04542,190,67297,9.8,14.3,23.5,20.1
04543,629,53268,12.0,6.3,35.6,17.1
04544,4856,144936,12.5,18.1,33.2,34.4
04545,4159,54185,13.9,22.9,21.7,30.8
04546,4934,142769,5.7,15.4,49.7,18.9
04547,2873,25346,11.9,19.0,36.0,35.1
04548,1786,74268,12.9,20.6,45.0,19.4
04549,291,68418,13.0,14.3,32.9,19.7
04550,2086,34612,7.9,10.0,29.6,29.2
04551,3723,67814,10.5,22.2,35.5,27.5
04552,2285,110002,9.6,21.6,24.4,30.6
04553,4540,137013,10.2,22.2,25.6,28.1
04554,1108,26631,6.4,21.5,21.8,35.8
04555,3883,92535,11.2,7.7,45.8,15.1
04556,4398,82211,11.5,13.3,36.3,24.8
04557,4768,40452,5.4,8.8,49.6,35.5
04558,4387,114189,8.3,8.1,44.8,28.7
04559,2152,103105,8.1,20.6,36.6,39.7
04560,3408,65900,12.0,14.6,35.9,39.5
04561,1816,47482,11.0,6.8,35.1,39.0
04562,410,148686,8.7,13.1,21.7,39.5
04563,4638,130307,10.8,24.9,21.6,28.4
04564,1360,124995,6.2,9.2,34.7,27.6
04565,4032,60472,5.8,12.9,47.0,27.9
04566,3368,112460,5.9,16.9,39.5,15.2
04567,684,143123,3.4,9.0,35.9,20.4
04568,2899,66170,11.3,24.4,38.5,19.6
04569,459,116802,14.8,17.7,29.4,18.3
04570,2966,92313,6.7,9.6,30.5,21.2
04571,2111,105379,14.2,13.9,42.2,39.7
04572,4106,60915,10.3,12.2,26.3,15.1
04573,1725,120554,5.7,7.4,25.1,26.9
04574,2864,33057,3.1,10.7,35.6,35.9
04575,990,43883,11.7,16.1,42.2,24.2
04576,831,74838,11.4,6.8,29.2,22.7
04577,4061,85014,5.8,6.0,32.5,26.4
04578,4801,46450,7.0,15.8,36.5,35.2
04579,2604,50505,13.8,13.7,46.6,21.8
04580,714,86457,4.9,8.8,38.8,37.1
04581,3906,50890,13.0,19.3,45.6,21.6
04582,1819,76985,5.0,6.8,31.6,24.5
04583,4869,133269,8.8,10.4,37.6,24.8
04584,1687,60013,9.0,7.0,39.5,31.5
04585,1711,58953,8.7,19.6,47.4,18.0
04586,996,27464,6.5,17.7,44.2,21.8
04587,377,99111,6.0,8.8,24.4,18.1
04588,4747,137839,11.8,16.1,40.2,18.5
04589,1736,71825,6.3,18.9,21.6,26.0
04590,2258,54566,10.3,5.7,49.8,30.4
04591,2532,119035,13.2,18.3,32.3,29.9
04592,4004,26521,13.0,11.2,40.0,33.6
04593,4956,42363,5.0,7.7,25.6,31.3
04594,3362,105938,10.9,21.4,43.5,34.8
04595,1549,111097,10.2,17.1,40.9,37.3
04596,4600,94146,6.4,15.9,30.5,29.8
04597,1332,147159,7.7,21.7,30.8,39.1
04598,4217,96236,6.4,10.3,40.4,21.3
04599,777,36462,9.4,5.3,31.0,33.9
04600,2758,98109,12.6,24.0,48.5,32.0
04601,2128,76105,13.5,10.3,29.7,29.9
04602,3858,79698,11.7,17.7,28.0,18.0
04603,4724,132980,8.8,24.5,42.8,24.7
04604,2137,107803,14.5,9.7,23.1,30.7
04605,2749,52103,9.8,24.9,36.9,34.9
04606,756,144511,8.7,15.8,38.7,15.5
04607,265,41507,13.3,24.2,29.2,20.4
04608,4691,121783,5.2,6.7,48.5,37.6
04609,689,88101,4.9,15.6,32.5,15.8
04610,4624,123829,12.4,23.9,28.4,18.2
04611,2921,141774,13.4,8.1,40.5,34.3
04612,4358,73326,3.9,10.5,41.6,29.6
04613,1362,35347,12.2,9.2,32.8,39.2
04614,171,113331,8.1,24.3,25.4,38.0
04615,3616,31099,11.4,10.3,39.0,32.5
04616,4850,100104,4.6,7.4,27.5,18.3
04617,3680,29406,14.7,20.9,26.7,22.1
04618,368,53037,13.6,15.3,37.3,24.5
04619,1876,127439,7.9,16.8,49.6,19.8
04620,2562,82178,13.7,17.1,40.8,37.6
04621,1368,29876,13.7,17.3,44.3,23.8
04622,1115,115692,8.5,14.1,41.4,26.0
04623,2822,55871,14.4,24.5,31.2,28.0
04624,1183,108913,14.7,8.5,47.2,39.5
04625,4201,121442,5.6,24.2,44.3,27.8
04626,506,127829,3.8,10.8,40.7,26.3
04627,3176,137631,7.0,8.8,36.2,15.2
04628,1085,69895,8.9,17.5,30.9,17.2
04629,3703,148336,4.1,22.8,33.5,34.1
04630,4585,68760,4.7,12.3,29.3,20.6
04631,809,71306,14.7,6.5,47.6,28.6
04632,2718,100179,11.8,15.7,29.9,17.7
04633,4949,41587,13.5,24.7,48.1,37.1
04634,1511,101554,14.7,12.8,33.3,24.3
04635,4721,29213,7.5,5.4,45.1,17.3
04636,1585,35044,11.3,15.0,27.5,19.2
04637,3050,112843,5.2,12.7,49.0,22.2
04638,4751,69425,9.6,6.3,46.9,19.9
04639,3034,129669,5.5,22.5,41.0,33.5
04640,4214,46376,4.9,17.4,47.6,25.5
04641,4770,47590,4.2,8.1,38.6,32.5
04642,1103,68403,10.0,23.5,20.4,18.0
04643,2566,51628,14.4,16.5,27.5,24.2
04644,2566,114421,4.5,18.8,22.7,30.7
04645,2038,130763,9.0,16.7,22.0,18.9
04646,2039,27192,11.2,24.6,34.1,28.5
04647,1735,46433,9.0,22.8,49.3,17.9
04648,1798,109629,13.9,5.3,31.8,21.2
04649,4627,149062,5.0,5.3,49.0,32.4
04650,2191,55617,3.3,14.8,46.7,17.2
04651,1995,142516,7.6,11.3,25.3,19.4
04652,4340,132454,9.7,15.8,46.5,36.1
04653,3498,56682,6.1,11.8,27.7,38.6
04654,1173,127378,5.0,22.6,21.6,40.0
04655,2502,145638,12.7,8.4,23.6,34.4
04656,4995,35250,5.3,6.1,35.5,30.2
04657,3312,57836,8.3,11.9,38.7,24.5
04658,4137,137319,14.5,7.8,20.8,29.9
04659,1251,92173,10.4,16.8,41.1,20.6
04660,2545,128967,9.0,14.4,22.2,29.2
04661,2056,131697,7.3,19.2,39.5,19.8
04662,4658,131761,9.2,6.5,21.8,20.9
04663,4007,31251,11.8,20.1,29.0,35.4
04664,907,126429,12.9,10.5,46.5,24.6
04665,286,81246,10.8,18.4,48.8,21.9
04666,4927,147193,12.5,10.8,21.6,36.8
04667,4624,146021,4.1,21.7,44.7,37.0
04668,1407,58006,3.2,21.7,38.0,22.2
04669,2384,111966,11.8,11.1,48.0,16.0
04670,4966,121598,6.1,23.2,31.6,20.4
04671,857,65785,13.5,11.4,40.6,20.7
04672,4331,123594,9.4,22.9,22.5,27.3
04673,4987,31464,8.7,8.9,29.1,26.9
04674,3954,92344,12.3,10.8,33.9,25.9
04675,4366,35281,11.9,22.7,33.0,16.8
04676,2306,75106,11.5,6.6,43.3,31.8
04677,3658,120429,11.3,19.0,22.9,18.2
04678,1680,146720,9.2,18.6,21.8,33.7
04679,1061,119840,14.1,24.4,22.5,19.1
04680,3947,125234,13.7,24.4,20.1,29.6
04681,3675,130293,7.0,14.6,28.8,36.0
04682,975,70040,12.7,18.2,47.5,20.0
04683,2518,148163,13.7,8.1,40.9,33.9
04684,4298,33998,10.4,9.5,30.1,21.3
04685,1101,39517,9.7,16.2,26.2,31.5
04686,3484,131083,11.1,9.8,41.8,38.4
04687,4166,79282,5.0,9.3,40.9,22.7
04688,2945,67866,4.0,5.5,38.0,35.6
04689,1581,138384,12.8,6.5,46.2,18.3
04690,3401,47969,9.9,19.2,38.4,32.5
04691,757,125980,4.5,5.3,30.9,20.8
04692,2880,40783,8.0,22.9,42.1,22.7
04693,522,143259,6.6,6.6,27.1,22.8
04694,3781,56107,13.5,8.1,38.5,32.9
04695,4366,70631,9.1,11.8,21.1,31.5
04696,2810,28759,9.9,19.5,32.8,19.1
04697,552,39789,5.8,19.0,22.4,36.1
04698,2497,119181,12.6,9.9,48.9,22.7
04699,2075,100346,14.2,11.5,24.5,22.6
04700,1757,38214,12.5,21.4,29.1,19.5
04701,2641,95657,8.9,14.9,27.9,19.5
04702,3175,54482,13.0,14.2,29.4,28.0
04703,3264,57472,5.3,17.7,33.3,24.3
04704,3066,136857,4.4,14.1,27.9,25.3
04705,2153,99536,8.3,13.7,31.3,24.8
04706,387,73187,5.2,21.0,28.0,32.1
04707,3317,56087,6.1,23.6,49.3,17.1
04708,3954,143474,10.0,16.0,28.6,22.6
04709,1547,25941,7.8,10.8,29.1,39.0
04710,707,147919,13.4,24.0,31.1,27.0
04711,4652,124642,5.7,19.0,38.9,18.3
04712,1864,144340,15.0,18.1,49.1,27.5
04713,1325,26321,7.3,17.1,37.6,35.9
04714,1335,108574,9.2,19.8,49.5,24.0
04715,1129,88467,4.6,20.5,30.4,28.6
04716,2771,70972,10.0,20.8,47.6,37.9
04717,4062,93604,14.5,24.5,31.7,28.9
04718,4642,111658,12.0,13.2,38.9,31.4
04719,3277,64361,5.9,9.9,21.6,15.5
04720,3822,66354,8.3,12.9,20.1,35.1
04721,1575,91327,8.1,20.3,26.8,35.8
04722,2996,85977,4.2,15.8,21.2,29.9
04723,908,72191,13.6,22.3,32.7,17.3
04724,1078,80828,7.6,9.7,33.4,39.4
04725,2563,35136,8.9,19.7,48.6,32.1
04726,825,40747,6.5,10.0,25.2,26.1
04727,2601,91279,4.8,21.0,33.6,36.9
04728,3462,97060,13.8,13.8,29.2,25.2
04729,1316,104402,3.4,24.8,21.8,31.0
04730,4151,64342,7.8,18.4,23.2,20.6
04731,2297,90046,11.8,19.8,46.3,37.3
04732,2906,106851,6.7,5.9,31.9,28.2
04733,878,120447,8.4,19.1,43.0,20.9
04734,1072,70332,9.8,13.4,33.5,17.1
04735,2910,57961,14.9,11.5,47.4,37.5
04736,2223,131198,12.1,20.9,41.1,19.9
04737,698,94810,14.6,9.6,30.2,39.7
04738,3441,54838,11.3,8.6,45.9,18.6
04739,324,39332,6.2,12.1,22.6,26.5
04740,940,143585,6.4,17.6,22.3,28.3
04741,1914,88001,12.9,10.1,36.6,21.2
04742,4909,115329,8.1,16.2,41.9,39.8
04743,1206,61350,7.4,12.7,38.0,29.4
04744,224,144771,14.3,12.9,39.9,29.3
04745,3346,105954,3.2,9.1,27.8,36.8
04746,3031,73473,9.3,11.4,46.3,29.5
04747,4225,136148,12.3,10.5,49.2,26.9
04748,3071,65897,11.8,9.9,31.7,26.9
04749,2117,36682,7.4,6.6,32.3,32.9
04750,2515,46727,9.4,13.7,33.6,23.7
04751,4690,81669,3.1,9.9,26.0,27.8
04752,3196,68775,9.4,24.2,24.2,23.1
04753,1709,81941,10.1,17.0,43.3,37.3
04754,817,94439,13.5,14.2,38.2,20.1
04755,3661,37115,5.5,11.8,24.5,29.4
04756,1116,75937,12.9,14.2,34.9,23.0
04757,3665,70132,11.6,11.8,49.9,28.8
04758,4801,98498,11.0,22.1,35.8,28.0
04759,4570,87038,7.7,10.1,47.4,26.6
04760,2060,37025,7.4,10.6,45.1,26.3
04761,1148,120439,11.4,19.2,23.3,26.0
04762,1457,83526,14.9,23.0,32.1,25.3
04763,3526,41907,7.9,18.6,36.8,18.6
04764,215,93832,14.0,6.7,39.5,38.2
04765,2195,81108,10.0,23.0,28.7,39.4
04766,1901,45863,13.4,20.4,20.2,26.6
04767,2246,131015,5.6,9.8,29.3,26.1
04768,1720,30685,12.1,6.3,37.0,25.1
04769,4880,31647,13.0,19.3,30.5,20.5
04770,3050,55145,13.0,9.7,31.4,16.9
04771,3892,148248,12.4,15.5,45.1,15.6
04772,3041,65562,6.7,6.8,32.5,29.1
04773,1077,128894,9.3,16.4,49.0,32.7
04774,3166,45767,6.6,5.4,24.9,17.3
04775,883,123702,7.1,15.7,22.7,27.2
04776,340,141839,6.6,21.7,26.4,19.3
04777,1653,30430,6.4,16.6,22.6,18.9
04778,4678,28880,11.3,22.7,27.5,33.4
04779,1112,90662,10.8,16.0,36.3,38.0
04780,286,141775,5.5,18.7,27.8,37.7
04781,1981,85487,11.3,12.3,44.5,22.1
04782,4686,108690,6.5,10.9,30.8,21.5
04783,530,64793,5.4,11.7,32.1,27.7
04784,338,138584,12.0,7.1,22.6,39.2
04785,2445,135549,7.4,10.1,28.1,16.1
04786,175,82590,9.8,12.7,23.6,38.3
04787,1456,96461,5.4,11.8,27.0,18.7
04788,2430,77470,10.4,14.9,39.8,23.6
04789,4786,137951,5.5,14.8,31.5,21.9
04790,2002,92617,5.0,19.7,20.6,32.2
04791,4113,88616,7.6,12.9,28.0,33.5
04792,4770,125361,12.5,18.5,46.1,34.0
04793,2159,95823,5.1,22.8,31.3,17.0
04794,240,63671,4.4,14.1,36.9,17.0
04795,1889,30335,3.4,16.1,34.4,37.6
04796,3726,93525,8.0,18.5,49.2,34.9
04797,116,130879,6.4,14.9,28.4,38.0
04798,4448,137367,6.5,8.3,41.2,32.3
04799,564,118709,14.8,10.9,37.9,16.4
04800,4571,96257,5.3,5.6,38.6,32.2
04801,1927,81230,8.5,18.7,44.2,37.6
04802,3128,138681,14.8,10.6,25.0,23.3
04803,619,107259,3.4,21.5,45.3,17.7
04804,189,27728,11.4,18.1,23.1,17.0
04805,4915,108511,7.5,19.7,39.9,17.8
04806,2951,114763,13.9,22.6,26.2,17.3
04807,2943,47167,13.9,13.5,39.3,29.7
04808,4825,60929,7.6,8.8,23.5,20.9
04809,1984,100036,5.7,23.7,41.3,16.0
04810,4271,98711,8.1,24.9,29.7,37.8
04811,1025,62397,14.6,9.4,40.0,32.0
04812,3834,87248,6.4,19.8,36.4,37.0
04813,1069,72536,14.8,6.4,26.7,27.3
04814,1194,97437,12.8,5.5,36.0,37.0
04815,3295,101426,6.2,18.5,24.8,32.8
04816,1504,101851,12.5,10.1,49.8,33.7
04817,3464,105962,3.6,22.4,37.9,23.6
04818,4390,56316,9.6,15.3,35.3,24.2
04819,4082,60065,7.3,20.6,47.6,38.4
04820,4423,145138,8.1,7.1,29.0,27.8
04821,4113,105775,8.7,22.5,26.8,39.4
04822,4656,105286,9.0,8.8,39.1,25.9
04823,4813,48674,10.9,16.4,47.2,37.7
04824,3192,104049,11.4,17.2,39.5,18.7
04825,4259,149933,14.7,6.3,20.7,20.2
04826,2174,144632,12.2,24.6,45.9,32.5
04827,384,51085,11.3,11.0,28.9,36.8
04828,1287,63086,7.7,19.3,46.1,27.4
04829,4069,143495,4.4,17.6,49.4,31.4
04830,3065,139700,3.7,5.7,39.5,29.4
04831,4419,88493,8.7,22.2,28.4,21.4
04832,883,78186,11.0,11.1,26.8,36.6
04833,1049,145218,10.8,10.0,41.1,35.9
04834,4039,73248,14.4,6.2,21.6,24.9
04835,144,51156,7.6,10.0,39.5,15.4
04836,1910,110353,10.5,17.4,29.3,20.9
04837,4666,95169,13.7,9.0,20.1,15.2
04838,2181,125355,7.8,14.3,39.0,39.3
04839,3598,28876,8.7,21.0,37.5,35.1
04840,929,96444,14.1,24.1,35.9,34.6
04841,2009,80282,9.6,19.0,27.5,35.3
04842,2681,96963,12.6,8.9,47.4,24.2
04843,791,70777,14.2,12.7,21.0,17.3
04844,4119,73119,9.9,16.1,23.3,30.8
04845,1031,92359,4.3,22.4,31.7,31.5
04846,3506,143118,12.9,16.0,31.7,27.2
04847,247,126044,12.8,14.8,23.8,39.8
04848,1132,125092,4.4,10.2,49.5,27.4
04849,1411,141640,9.6,15.0,49.6,24.9
04850,487,40641,8.8,11.4,43.2,20.4
04851,3221,101432,13.2,16.3,29.1,23.9
04852,1973,83295,6.3,21.2,30.2,30.0
04853,3688,103451,8.1,23.9,46.8,20.9
04854,1015,110340,10.3,21.2,20.2,25.1
04855,1978,44411,9.2,21.6,24.7,21.4
04856,3848,28101,14.5,12.2,28.4,38.4
04857,377,53536,14.5,18.9,50.0,36.6
04858,2077,129177,4.0,12.8,21.4,18.0
04859,1959,28588,6.6,5.5,39.5,37.9
04860,3136,39709,3.1,22.7,44.3,32.0
04861,3471,110765,8.0,6.0,23.1,27.9
04862,4813,112657,10.9,7.3,23.7,16.5
04863,2282,116259,8.7,5.4,28.4,26.8
04864,4775,102245,3.8,6.3,37.6,30.0
04865,1270,26417,5.4,6.2,27.4,35.0
04866,589,45293,5.1,18.5,35.2,15.8
04867,2625,78897,9.1,22.1,25.7,27.2
04868,1282,69649,11.1,20.9,42.5,31.7
04869,4579,60540,6.8,17.5,32.1,30.4
04870,4358,87251,4.6,20.7,26.2,24.7
04871,2588,144863,12.6,14.1,43.9,31.8
04872,1976,80427,13.3,23.1,27.2,36.3
04873,2562,85172,6.3,14.2,35.6,16.0
04874,1730,117281,8.0,5.6,21.1,18.6
04875,387,60017,4.0,19.0,29.3,36.0
04876,4382,139383,5.7,21.6,25.2,23.2
04877,2007,45242,12.2,9.5,27.7,24.6
04878,1261,88429,7.4,11.4,49.6,32.2
04879,229,141313,10.3,18.9,31.1,39.8
04880,2463,93285,14.4,16.5,24.5,33.3
04881,243,122544,11.7,22.8,49.6,24.0
04882,115,109525,8.4,14.6,29.0,25.8
04883,344,125151,7.4,18.4,42.3,31.4
04884,1026,137457,5.3,10.4,46.6,27.6
04885,3278,146895,12.1,23.6,30.6,26.7
04886,2276,33770,4.3,12.4,39.4,28.0
04887,986,26136,3.7,15.8,21.6,32.1
04888,440,36602,4.3,17.3,31.8,25.1
04889,2151,126437,5.9,10.1,46.9,19.2
04890,3498,35466,10.5,11.3,44.0,29.6
04891,4050,35413,13.3,15.0,27.3,23.9
04892,405,71075,14.9,10.4,20.6,27.3
04893,1007,26157,11.8,7.6,38.6,39.5
04894,2754,32452,4.8,21.7,23.6,20.6
04895,3892,102586,6.3,11.5,44.4,29.7
04896,4142,51225,4.6,13.3,34.0,35.4
04897,1471,65043,4.4,15.9,31.9,24.6
04898,420,39478,9.8,21.8,27.4,31.2
04899,4754,119776,13.9,7.8,36.5,22.7
04900,4159,112333,11.2,17.5,44.6,20.2
04901,1231,62140,12.6,12.0,34.2,26.1
04902,2678,30611,9.1,22.4,22.9,34.3
04903,4142,108506,8.7,18.2,36.7,29.0
04904,3467,149838,14.2,7.9,29.8,35.9
04905,917,55166,11.7,10.9,35.5,22.3
04906,111,43707,8.5,5.7,22.6,35.6
04907,294,25233,7.0,20.4,22.2,38.4
04908,2637,83609,4.1,13.3,42.1,24.4
04909,2942,122537,12.9,6.0,34.7,38.2
04910,2329,65684,5.0,5.3,32.2,37.1
04911,3109,90567,9.2,24.1,48.6,17.0
04912,4851,53014,10.6,22.0,25.8,32.4
04913,2177,116483,11.9,11.7,47.2,35.3
04914,3967,33951,4.0,15.3,45.0,24.5
04915,4973,93739,3.1,16.5,35.9,23.7
04916,543,129198,11.5,15.3,33.6,36.8
04917,397,92330,8.5,11.2,23.7,26.0
04918,944,136384,5.2,12.8,31.1,32.0
04919,1115,87831,14.8,8.6,36.2,26.9
04920,1484,91297,12.5,5.7,30.6,23.1
04921,1497,53936,9.9,8.1,47.5,35.7
04922,653,88702,11.4,5.3,21.3,27.2
04923,2450,40574,4.9,13.7,29.1,21.6
04924,4616,143768,14.5,18.2,47.9,39.2
04925,1369,123585,15.0,8.6,22.5,18.7
04926,1360,29071,10.8,15.7,34.0,18.2
04927,284,102631,11.0,11.5,42.4,37.5
04928,4663,46009,11.5,7.4,30.1,37.6
04929,2510,53631,11.0,7.6,44.3,34.0
04930,4531,47362,8.3,17.4,24.5,18.8
04931,2309,55700,9.5,7.4,49.6,33.8
04932,3772,72105,6.4,16.1,39.3,19.3
04933,4783,56232,8.4,8.8,28.8,16.5
04934,1981,66775,8.2,22.3,22.1,23.0
04935,4396,78711,6.5,6.0,36.7,32.8
04936,621,42854,12.4,12.7,37.7,23.2
04937,1987,93823,7.9,20.2,33.3,32.9
04938,2652,143947,9.6,20.0,48.1,38.4
04939,3909,71782,4.9,7.9,29.7,29.6
04940,4983,47090,8.7,8.9,37.4,15.9
04941,4255,52161,12.1,15.9,22.1,16.1
04942,4773,41894,8.3,18.7,33.7,19.0
04943,4516,137389,9.7,20.0,43.6,31.8
04944,3579,131265,11.4,17.4,42.4,22.7
04945,1509,71300,7.7,20.7,34.3,24.3
04946,1794,115666,7.2,13.8,45.7,23.8
04947,4764,69665,4.0,16.2,48.5,24.1
04948,626,64552,10.0,13.7,33.0,30.5
04949,2760,90288,11.5,20.2,30.5,29.6
04950,2272,83650,10.0,8.5,39.0,36.7
04951,379,118254,6.4,10.0,49.9,39.7
04952,3064,137500,6.1,21.7,21.2,36.0
04953,4077,79645,4.9,19.3,31.0,34.3
04954,2769,139946,3.6,19.7,34.7,24.3
04955,2993,64356,8.1,7.0,49.4,37.9
04956,1851,67184,4.9,14.7,44.8,24.1
04957,4081,75817,11.3,16.3,28.9,16.6
04958,4869,149283,14.5,20.6,43.5,27.7
04959,2461,59633,3.9,13.4,26.3,21.6
04960,4527,73720,13.7,15.8,37.7,27.1
04961,4231,91301,10.9,9.8,21.2,32.0
04962,1808,122694,13.3,21.6,32.7,36.6
04963,2786,49640,4.9,23.3,43.0,21.3
04964,2995,126753,13.9,14.3,28.6,38.0
04965,4635,76857,14.5,13.7,41.9,39.8
04966,2876,30765,13.9,11.6,29.8,20.0
04967,1219,105997,12.4,10.3,22.2,23.7
04968,3088,105872,4.1,16.1,47.0,32.9
04969,4359,55761,5.6,8.4,32.6,24.3
04970,4343,62742,14.0,16.8,42.2,20.5
04971,294,139883,5.8,16.2,37.8,25.1
04972,762,26383,7.2,18.9,40.2,32.6
04973,579,88235,3.6,9.5,36.1,15.4
04974,4318,40458,10.5,19.0,36.4,31.7
04975,1523,27435,9.8,5.3,46.0,37.5
04976,2808,53736,14.5,15.7,37.0,39.7
04977,3275,54992,13.7,21.9,44.3,21.4
04978,3914,124754,9.1,19.6,33.4,33.6
04979,2114,82566,10.3,22.0,49.2,19.2
04980,3889,65692,8.0,8.0,21.9,20.8
04981,4905,139358,4.6,19.4,31.4,31.5
04982,2543,48442,13.4,14.4,25.4,35.5
04983,1011,48700,9.6,11.5,28.9,17.4
04984,3313,128932,8.1,12.1,23.7,24.6
04985,2464,107361,3.8,7.0,35.0,36.7
04986,3729,116549,11.0,18.9,20.4,33.8
04987,3572,52763,7.8,17.6,37.5,16.3
04988,780,120110,6.0,8.1,48.2,25.2
04989,4751,72556,13.5,15.9,24.9,25.1
04990,709,92903,5.2,7.6,39.7,31.4
04991,2256,29865,9.2,11.3,27.8,17.3
04992,3966,66842,12.5,5.9,24.4,24.1
04993,471,64927,13.2,17.4,45.1,37.6
04994,715,74602,12.8,5.2,34.2,17.0
04995,2353,146727,13.8,10.2,22.0,18.1
04996,4238,95734,4.7,10.3,36.3,29.9
04997,964,148622,14.3,20.0,49.4,24.1
04998,1368,56076,3.1,14.0,44.1,15.4
04999,884,97822,6.1,16.5,36.7,21.1
