ZCTA,Population_65plus,Median_Income,Heart_Disease_Prevalence,Diabetes_Prevalence,Obesity_Prevalence,Arthritis_Prevalence
00001,960,28480,4.6,20.4,42.1,33.8
00002,3872,131846,8.2,21.7,43.5,20.4
00003,3192,149437,5.7,15.4,30.9,36.6
00004,566,40860,8.9,10.9,31.5,32.5
00005,4526,93578,8.0,23.9,30.2,26.2
00006,3544,142524,14.8,24.2,26.6,39.1
00007,3271,82230,14.0,9.5,41.4,33.8
00008,3019,82026,10.0,20.7,46.8,27.0
00009,230,31564,5.1,5.8,32.2,22.5
00010,1785,45012,9.7,5.0,41.6,21.6
00011,869,79169,12.5,12.0,34.7,21.5
00012,2491,133537,3.5,14.3,23.8,26.5
00013,2533,115222,8.2,15.9,35.4,19.8
00014,1284,119416,3.5,12.6,28.0,32.9
00015,4655,51341,5.9,7.6,40.1,35.9
00016,3485,81758,4.1,11.9,33.5,17.0
00017,4217,108121,14.5,21.4,40.3,33.6
00018,4943,134474,5.0,11.7,34.4,27.7
00019,3004,71841,4.8,16.8,42.8,17.0
00020,574,117584,14.7,18.6,49.9,22.6
00021,1182,68335,9.2,19.6,45.8,37.1
00022,2658,80155,12.1,14.8,41.2,32.9
00023,2147,123314,6.9,7.5,27.4,25.0
00024,2847,106147,9.4,23.0,37.1,32.8
00025,1075,54527,3.1,10.2,39.0,21.5
00026,1906,120466,7.9,11.8,42.0,19.6
00027,289,73775,9.7,20.5,25.8,38.0
00028,2834,133085,9.2,20.3,35.5,23.2
00029,3105,75653,7.9,22.9,33.9,20.3
00030,4758,49704,12.5,5.7,27.9,30.1
00031,1999,131209,9.0,22.5,36.2,37.0
00032,1367,126907,10.6,20.8,47.3,34.0
00033,1628,143883,5.2,15.5,43.1,26.0
00034,3302,58057,13.3,8.2,36.7,30.9
00035,3656,128992,7.4,15.9,41.9,20.0
00036,3990,32393,8.8,8.9,43.7,27.8
00037,746,100404,7.2,24.3,41.7,36.0
00038,2988,136740,13.7,19.2,45.8,38.3
00039,2535,65373,13.8,16.9,43.3,33.3
00040,700,116956,5.7,21.3,44.8,24.8
00041,2463,135131,12.0,15.6,35.6,21.7
00042,2161,109613,4.2,6.2,35.1,23.0
00043,341,84171,3.4,10.2,30.7,33.8
00044,2141,54336,13.0,24.6,34.8,19.8
00045,2924,83714,4.6,22.0,40.9,25.1
00046,2712,37985,4.9,23.5,29.3,39.1
00047,1463,37014,10.3,7.0,26.7,37.9
00048,1578,33374,12.8,10.0,46.4,38.0
00049,2656,140038,5.3,6.3,20.8,16.4
00050,875,110506,4.4,21.4,48.0,38.4
00051,4114,47299,3.9,8.5,45.5,19.7
00052,134,116513,3.3,13.2,39.8,33.8
00053,3252,52331,4.4,10.4,42.8,19.8
00054,2055,30584,14.3,23.6,38.0,24.7
00055,1685,37965,4.1,17.2,37.2,25.3
00056,4043,109769,10.2,21.0,39.5,27.5
00057,3173,45819,14.1,17.0,20.2,37.3
00058,1121,53782,10.5,17.3,45.0,30.9
00059,3561,129708,3.4,12.7,44.5,19.9
00060,2713,135463,10.2,9.8,34.6,25.7
00061,3943,104035,13.8,12.0,27.1,18.6
00062,1600,110847,6.9,10.9,30.0,23.5
00063,4898,113434,6.8,18.8,32.8,25.6
00064,261,85773,6.0,13.5,24.8,22.8
00065,4397,48824,9.1,16.0,38.2,34.3
00066,2081,145504,5.9,20.4,24.6,15.4
00067,1095,39110,11.7,10.3,40.5,38.3
00068,3442,72707,10.7,13.5,36.9,28.1
00069,4651,113512,7.8,15.4,45.1,35.1
00070,3898,30825,11.7,6.1,31.9,19.7
00071,1375,28488,4.2,8.0,47.2,23.8
00072,1116,92431,12.0,6.3,39.6,39.2
00073,437,93444,10.2,20.0,20.0,28.5
00074,978,91947,10.6,11.0,33.1,24.0
00075,1176,30457,3.8,13.5,49.0,40.0
00076,4987,102110,10.4,18.4,48.8,32.2
00077,4093,133439,8.9,24.3,37.1,35.2
00078,4959,143687,8.8,21.2,39.9,19.9
00079,479,63216,6.9,6.2,27.1,15.3
00080,592,118230,3.1,11.1,29.6,37.9
00081,2162,33847,8.1,6.0,31.9,22.6
00082,3984,113212,7.8,6.2,32.4,34.1
00083,164,66309,8.1,7.5,41.2,25.7
00084,2668,39658,10.3,11.4,22.3,37.1
00085,2127,113928,6.6,9.6,21.4,21.5
00086,2795,42527,6.2,12.0,35.6,28.2
00087,1595,54676,9.0,21.4,37.4,24.1
00088,491,41781,10.1,21.0,31.6,32.1
00089,4614,25645,9.8,12.0,42.4,28.4
00090,4574,122476,13.6,18.2,25.1,33.4
00091,3661,103236,12.2,12.5,49.7,25.9
00092,2378,48990,3.6,12.7,30.5,34.5
00093,3199,111052,9.8,18.5,29.9,27.7
00094,300,43618,8.0,12.7,31.8,17.9
00095,4975,86859,7.3,16.0,45.1,33.3
00096,3204,101500,14.5,7.3,26.6,25.7
00097,4698,83827,8.5,15.8,33.7,34.6
00098,2554,122389,11.6,19.8,28.0,37.7
00099,3745,121726,14.6,22.8,21.3,37.6
00100,904,149863,4.8,7.9,31.0,34.6
00101,2831,26962,3.7,13.2,22.3,17.9
00102,2873,140497,6.8,14.7,49.1,39.1
00103,1670,64241,3.5,23.1,24.2,28.1
00104,2790,65251,4.4,10.1,49.5,37.9
00105,3940,87397,14.9,8.3,33.8,32.1
00106,1128,94951,14.5,7.8,25.0,20.3
00107,602,80770,11.3,8.1,28.0,30.7
00108,4593,139152,12.0,22.4,31.6,24.2
00109,970,56545,4.7,17.4,40.4,15.4
00110,4588,33705,10.1,13.4,41.4,36.2
00111,306,148213,4.9,22.3,26.5,39.5
00112,1584,120302,7.5,11.0,25.9,28.1
00113,963,35704,7.1,23.6,47.4,22.9
00114,2890,57119,10.4,20.2,33.6,20.3
00115,663,53671,4.0,5.4,30.8,21.4
00116,4291,46203,4.2,14.3,38.8,35.9
00117,1857,106927,10.3,21.8,36.5,18.9
00118,1778,145503,10.6,12.9,46.8,38.3
00119,3342,117115,7.1,24.7,24.8,25.6
00120,4736,37451,4.8,21.9,33.5,31.4
00121,1159,49516,13.6,20.1,26.0,25.6
00122,1822,136372,3.6,7.7,23.2,39.9
00123,3414,145102,11.6,7.2,28.6,24.3
00124,3257,121613,4.7,17.8,22.0,24.4
00125,2725,100856,10.6,18.2,38.1,36.8
00126,2829,83642,11.0,8.0,45.5,17.9
00127,1697,70976,12.7,22.1,29.1,19.4
00128,3160,44330,7.7,22.5,39.0,39.4
00129,2793,112656,3.3,13.3,23.9,17.3
00130,4991,59612,12.7,17.2,27.0,16.1
00131,3727,143299,8.3,15.2,40.3,33.9
00132,1463,138561,13.2,5.7,47.6,26.6
00133,2081,56790,12.3,6.8,20.6,28.2
00134,1763,130863,9.0,20.6,39.3,27.9
00135,1629,147872,15.0,14.8,41.1,37.0
00136,2138,112606,8.5,17.2,37.9,24.5
00137,3402,44449,11.4,17.3,32.8,35.1
00138,2337,99830,11.0,12.6,49.6,29.3
00139,1406,57256,9.2,5.6,28.2,18.8
00140,4129,123983,10.0,20.7,34.0,33.0
00141,2775,32190,12.6,14.4,40.2,17.4
00142,1382,128651,9.9,7.8,20.0,21.2
00143,809,70493,8.4,5.4,30.8,28.9
00144,4844,36561,10.9,5.4,31.8,26.2
00145,4513,45431,3.4,5.7,20.3,27.9
00146,3848,54617,4.3,8.1,20.8,27.6
00147,4879,38571,4.5,9.6,49.7,28.8
00148,763,134319,8.1,9.9,23.3,22.3
00149,2098,121931,13.5,17.6,27.1,25.3
00150,3545,25009,10.7,9.8,24.2,33.6
00151,3843,139291,14.7,18.5,35.4,36.7
00152,1595,135749,3.5,21.5,42.1,15.7
00153,3404,105739,11.7,12.7,22.3,24.9
00154,3863,68791,6.8,19.4,37.6,24.5
00155,1953,146151,3.3,7.1,30.6,28.4
00156,4759,95857,12.9,11.6,34.7,15.0
00157,1391,78368,5.0,18.7,28.0,22.5
00158,3681,100914,5.6,23.6,45.9,30.5
00159,3557,148553,7.1,17.3,33.6,20.7
00160,1736,73847,12.5,12.3,24.8,16.4
00161,3796,147422,10.5,11.3,43.8,20.8
00162,3099,98042,6.2,12.8,42.6,36.1
00163,3252,100755,5.0,18.1,34.5,21.8
00164,798,120491,4.3,11.5,41.7,26.5
00165,2260,59224,4.8,14.4,38.1,17.9
00166,4197,123347,13.4,20.2,24.9,33.3
00167,4837,65094,14.1,9.8,50.0,25.7
00168,954,87818,14.6,19.3,43.2,19.7
00169,3574,119305,13.0,20.2,40.0,39.2
00170,1807,35086,13.6,22.3,44.9,36.0
00171,2877,118893,12.8,5.5,47.8,24.3
00172,1833,65544,14.5,7.3,37.3,18.1
00173,3610,117398,13.1,24.1,37.7,30.4
00174,302,144258,8.5,7.5,20.7,34.5
00175,3355,43955,6.9,14.8,32.4,36.9
00176,4318,72660,10.0,8.3,35.3,25.5
00177,4596,149295,10.3,21.2,27.0,20.3
00178,866,98736,9.9,6.9,30.8,20.3
00179,4489,96168,11.5,6.7,31.0,15.4
00180,2427,104236,11.4,15.1,31.0,34.7
00181,3031,59630,4.0,9.8,48.7,27.7
00182,297,75385,6.4,18.2,37.6,38.1
00183,2030,110045,13.7,18.7,29.4,19.3
00184,3682,29711,10.1,16.7,29.1,22.8
00185,708,55871,6.9,21.7,45.4,36.4
00186,3372,27457,13.2,18.9,39.3,30.4
00187,1247,147889,6.0,8.8,45.5,23.9
00188,4382,101732,7.9,6.6,39.3,21.7
00189,3497,103375,6.3,20.0,47.4,29.6
00190,2611,64467,13.5,19.8,32.1,24.6
00191,1894,38167,11.7,22.0,45.3,21.6
00192,759,98995,8.5,9.0,25.3,24.4
00193,2911,32157,14.2,9.5,40.1,32.7
00194,1469,135357,14.1,16.5,30.9,25.5
00195,2086,27714,11.5,8.1,35.7,26.9
00196,246,111466,13.7,10.9,42.1,31.7
00197,3319,52217,11.6,21.2,36.9,27.1
00198,3011,65132,10.5,11.7,41.9,38.8
00199,1834,121653,8.0,5.2,21.1,16.7
00200,1943,105792,6.3,18.0,32.0,31.9
00201,588,81371,3.7,8.6,48.6,36.6
00202,3076,135302,12.6,8.9,42.9,21.8
00203,2059,81788,4.5,5.3,34.5,25.3
00204,2485,34583,7.9,16.6,41.3,24.6
00205,3019,114461,5.8,16.2,20.8,37.8
00206,4836,67042,8.5,6.9,28.8,22.9
00207,1902,115405,6.8,6.0,47.1,28.6
00208,4161,102807,13.0,14.8,34.9,19.1
00209,3469,93371,14.7,20.6,48.6,16.1
00210,362,33013,14.3,24.1,27.9,31.6
00211,723,147643,10.5,6.5,45.0,28.7
00212,1116,103775,14.8,19.2,20.6,17.2
00213,3743,54540,7.8,8.8,20.1,38.9
00214,2149,61973,9.3,5.7,24.1,25.8
00215,3823,137157,6.1,11.7,27.8,27.0
00216,4648,92690,13.8,16.5,21.3,26.8
00217,3208,112028,5.2,17.0,26.3,27.8
00218,4190,133840,10.3,6.0,46.2,27.1
00219,2156,94459,12.6,23.6,47.5,35.9
00220,3270,56558,10.1,6.1,23.6,26.7
00221,1782,133350,3.9,9.3,29.5,28.9
00222,2355,113004,10.3,13.7,38.3,22.7
00223,1254,65030,12.2,23.9,39.8,28.5
00224,4599,61636,5.3,24.8,20.8,30.2
00225,3291,94326,11.8,5.0,47.4,33.5
00226,1796,134528,13.5,9.5,32.8,36.1
00227,4091,115956,14.8,15.0,33.2,31.1
00228,4823,84051,7.9,18.9,22.6,18.5
00229,4782,122751,3.3,18.1,35.8,17.4
00230,1748,88566,8.0,10.0,37.6,29.7
00231,1545,76159,10.9,9.0,33.7,21.4
00232,4299,91809,13.7,5.3,46.6,34.8
00233,4023,81025,14.3,21.9,23.3,38.2
00234,353,51680,13.9,12.6,25.5,25.7
00235,3283,134463,10.9,22.3,31.3,30.4
00236,2657,37434,11.2,11.5,38.3,32.3
00237,198,87185,3.0,20.1,32.7,34.3
00238,2300,71096,7.4,6.4,45.5,27.1
00239,3061,72471,13.9,21.2,26.4,16.4
00240,4533,81004,11.3,22.8,27.2,19.6
00241,3877,99940,8.6,10.3,46.7,16.2
00242,2969,65579,4.3,7.8,34.0,27.9
00243,3334,35487,6.0,8.9,39.6,29.5
00244,3891,100925,9.7,22.4,31.3,15.6
00245,1056,119921,13.8,10.7,31.3,22.5
00246,4167,85628,4.1,9.6,24.3,38.0
00247,260,125568,4.8,24.6,46.6,16.3
00248,4593,73133,10.9,18.4,44.8,27.1
00249,1400,121925,6.5,21.6,36.1,31.8
00250,4087,138500,5.0,19.9,21.2,22.3
00251,1627,108530,5.1,12.5,26.7,37.5
00252,1318,34610,8.9,22.3,25.7,18.7
00253,4596,108706,10.0,16.8,36.1,32.3
00254,4835,78551,13.9,18.1,24.7,25.4
00255,3204,38869,9.4,11.5,33.0,21.3
00256,2835,110402,11.3,24.6,25.8,26.2
00257,4655,113466,5.2,22.1,28.6,28.7
00258,1054,100605,11.6,8.0,29.0,20.9
00259,4665,134403,10.8,9.1,26.8,37.9
00260,3546,73954,5.6,20.0,27.9,17.7
00261,1145,99107,11.0,5.5,24.6,29.0
00262,1793,47979,5.5,11.7,43.2,27.0
00263,3536,36492,10.1,15.7,49.2,36.6
00264,662,140381,11.0,9.1,43.5,26.3
00265,2585,85920,11.3,22.5,31.0,29.9
00266,3454,120826,13.9,22.8,42.7,38.1
00267,325,137784,14.4,24.1,21.9,16.2
00268,4993,119257,12.7,7.9,30.6,28.0
00269,1059,149327,13.5,6.6,31.9,38.1
00270,4648,122379,3.2,16.1,20.4,17.5
00271,3167,101118,7.4,20.8,48.5,37.1
00272,915,48409,3.5,10.8,33.9,15.5
00273,4854,141443,5.7,9.8,49.6,35.6
00274,4742,90162,7.6,15.4,28.4,36.8
00275,3220,97569,13.4,14.6,49.4,15.3
00276,116,49077,9.1,14.6,38.4,20.6
00277,1343,85428,10.8,13.1,32.5,25.6
00278,2305,51455,7.4,19.5,45.0,26.4
00279,2624,52385,10.2,17.3,36.3,30.7
00280,1169,25847,12.8,14.8,44.8,16.9
00281,3544,101699,6.6,19.4,35.2,15.5
00282,2665,78213,14.2,10.2,32.6,19.8
00283,1160,140883,5.6,22.8,38.2,34.7
00284,2427,34704,14.0,12.7,42.7,23.0
00285,3520,69862,3.3,11.6,21.4,32.9
00286,401,145166,9.5,15.8,32.1,25.0
00287,4376,56849,14.8,10.4,25.1,31.7
00288,706,96868,10.3,10.4,48.5,15.3
00289,3270,147842,9.7,6.6,49.2,16.2
00290,799,30648,11.2,18.0,47.3,33.3
00291,1239,56793,6.5,23.3,35.4,38.4
00292,290,110240,3.6,18.7,42.7,18.3
00293,2400,109377,6.0,16.4,47.7,24.1
00294,1080,118574,5.1,19.2,46.1,34.8
00295,3075,28450,14.1,24.3,36.1,18.0
00296,1284,33418,13.2,11.7,24.5,22.6
00297,3427,73718,6.8,13.6,47.3,21.1
00298,3494,59575,13.0,10.7,44.6,27.7
00299,227,135804,5.5,5.3,32.0,18.7
00300,2165,122260,5.4,11.9,33.9,27.8
00301,1916,139009,12.2,6.4,49.7,31.5
00302,669,58186,6.9,22.2,38.0,27.2
00303,1995,139426,3.8,19.3,25.1,17.9
00304,2833,51451,11.6,11.1,24.9,15.8
00305,3963,28155,14.9,11.6,21.9,39.6
00306,4821,34110,9.8,16.4,37.6,32.6
00307,4114,114284,6.2,21.0,20.8,36.8
00308,3001,54448,7.5,19.4,44.5,15.1
00309,1786,123122,10.8,5.6,29.5,35.1
00310,3109,110738,11.4,20.7,30.3,38.4
00311,254,70231,13.6,22.6,42.8,20.4
00312,2637,60399,13.9,6.8,23.2,22.1
00313,1509,45058,13.3,20.4,35.9,29.9
00314,4157,149225,10.8,10.0,31.1,19.2
00315,884,95166,8.4,8.5,23.0,15.8
00316,3275,97404,11.2,15.9,28.9,34.4
00317,4441,128817,11.0,16.1,38.9,35.4
00318,2906,125133,5.6,14.4,39.9,30.1
00319,637,100391,9.1,23.0,23.8,26.4
00320,1941,73698,5.5,9.8,48.2,29.6
00321,2555,70379,13.8,17.1,25.5,25.0
00322,624,115196,6.9,13.2,39.9,21.5
00323,3050,122275,12.7,22.5,29.8,17.4
00324,4231,28812,7.5,7.7,41.1,22.0
00325,4880,42270,12.2,6.7,44.4,28.8
00326,4215,48978,5.7,24.9,22.4,15.6
00327,2468,36531,12.2,16.5,43.9,36.3
00328,3947,53783,5.2,23.2,23.6,27.6
00329,4595,85019,8.9,13.2,35.6,29.3
00330,2801,38236,4.4,17.1,30.1,21.3
00331,1071,142485,9.3,18.9,29.2,39.8
00332,1266,55093,12.8,24.7,24.6,25.9
00333,2874,94683,12.1,7.3,40.3,20.1
00334,2082,43515,3.6,7.5,29.1,38.8
00335,953,118806,8.9,15.5,35.2,15.3
00336,4246,27759,13.2,6.1,20.5,39.0
00337,3836,134274,10.8,19.5,38.1,22.9
00338,3869,50316,3.7,24.8,40.3,33.6
00339,674,93412,6.9,21.2,21.9,23.1
00340,3361,70480,9.7,10.3,36.0,30.2
00341,1248,38332,5.1,21.0,41.4,29.2
00342,1815,100439,11.2,17.6,24.2,35.7
00343,4877,74207,10.6,7.4,21.3,29.9
00344,3954,126666,5.4,16.3,25.8,37.1
00345,2591,68819,9.6,22.9,30.5,35.8
00346,2760,83150,12.7,10.8,32.8,25.7
00347,3224,142744,7.5,18.2,22.2,29.3
00348,3151,78902,6.0,5.8,49.4,35.6
00349,104,34198,11.4,21.7,40.7,37.4
00350,4969,128307,3.8,9.1,24.0,17.2
00351,976,40732,13.0,17.2,43.9,35.2
00352,1091,131209,14.3,15.5,29.6,28.5
00353,4242,111023,14.6,16.0,31.3,30.3
00354,4464,80419,8.2,10.1,22.2,24.6
00355,4565,26781,10.5,16.2,32.7,16.8
00356,735,103948,13.3,17.1,22.3,38.6
00357,1793,75141,5.7,13.5,40.4,38.4
00358,1782,122090,3.3,17.7,30.3,19.9
00359,4852,86277,7.6,8.8,28.9,24.7
00360,219,134660,13.6,15.3,39.5,29.8
00361,930,81704,9.1,19.3,40.6,29.0
00362,3775,56485,9.4,12.4,39.2,18.1
00363,1469,79351,11.3,13.2,43.7,15.3
00364,840,143057,9.9,8.3,39.1,39.5
00365,216,51654,3.7,17.3,48.4,39.6
00366,2938,58145,9.7,7.5,37.0,28.8
00367,1250,76529,10.8,15.0,46.5,26.0
00368,2031,129349,10.7,9.2,48.8,39.0
00369,1112,71378,11.7,8.9,24.9,26.8
00370,1764,41665,9.2,6.9,40.3,26.8
00371,1181,87475,13.8,12.1,39.7,18.1
00372,4829,103462,8.6,22.3,46.1,24.1
00373,612,109839,9.2,17.1,30.1,31.2
00374,2949,72802,12.4,20.6,31.8,33.3
00375,659,102892,13.0,7.3,21.4,39.9
00376,3772,64752,10.8,11.3,43.0,34.8
00377,4683,61362,4.5,12.8,28.0,32.0
00378,3443,75990,7.0,22.2,47.9,19.6
00379,4170,72126,3.2,18.3,39.9,24.0
00380,4899,103160,6.5,14.8,30.0,33.1
00381,1570,64338,9.8,11.0,44.6,26.9
00382,680,118004,12.7,20.2,44.5,34.1
00383,2394,121464,10.0,22.8,24.8,31.5
00384,3247,115326,3.5,15.7,36.3,26.7
00385,4349,46114,6.1,5.9,20.3,23.4
00386,1779,119630,9.9,10.4,30.3,19.0
00387,3606,27120,11.5,19.9,40.8,26.0
00388,2844,135289,13.4,12.8,29.9,31.9
00389,3456,126174,14.6,17.5,24.0,16.8
00390,4145,25785,13.7,15.5,37.3,22.9
00391,1343,81925,8.6,23.2,48.8,18.4
00392,3218,91473,12.0,11.1,32.4,22.3
00393,2241,133185,5.9,13.9,47.5,35.2
00394,3159,54969,3.8,6.3,47.2,24.9
00395,4648,90236,3.7,21.1,40.1,36.8
00396,3059,118823,5.9,11.5,22.1,33.3
00397,2365,132752,3.5,19.4,39.6,24.2
00398,2579,126416,13.2,5.1,37.7,19.1
00399,4746,41297,8.9,22.3,37.4,15.1
00400,1735,47816,12.7,24.4,30.2,25.6
00401,1857,146386,14.3,14.4,42.5,27.6
00402,4552,130741,14.9,14.7,46.5,26.2
00403,2170,95070,14.2,17.3,40.2,24.2
00404,2949,34529,11.6,24.5,24.4,33.2
00405,3351,47013,8.3,16.2,43.5,17.4
00406,3830,55089,10.2,6.5,24.7,17.7
00407,2589,31171,12.8,16.3,44.0,28.7
00408,1731,66229,13.8,13.4,38.2,15.8
00409,2916,42874,14.5,20.2,30.3,24.9
00410,1115,63809,11.8,11.1,37.0,19.9
00411,1448,84465,9.5,23.5,44.7,20.3
00412,4711,84024,14.6,21.0,35.4,27.1
00413,3187,46153,14.5,11.5,34.3,28.4
00414,2939,129693,8.7,12.0,26.4,25.3
00415,435,53429,10.8,15.4,31.0,18.4
00416,4692,82753,12.7,7.0,35.6,26.8
00417,995,31641,8.2,18.8,23.4,35.0
00418,3646,67401,13.0,17.2,41.4,31.9
00419,951,114075,4.3,11.4,46.8,28.0
00420,1787,50367,8.8,17.8,43.7,18.5
00421,2031,46726,8.8,7.0,34.6,30.2
00422,3846,140047,11.2,24.0,20.2,27.6
00423,2527,29677,4.4,6.3,33.7,35.6
00424,1668,30139,4.2,11.6,23.7,18.8
00425,4100,82766,13.8,24.4,42.3,24.7
00426,2838,49696,6.6,13.0,23.8,17.5
00427,3598,76372,6.9,22.7,23.7,28.1
00428,4013,111049,12.3,8.0,35.4,37.6
00429,1166,101693,8.0,6.3,27.2,38.6
00430,4480,82414,13.0,7.2,27.2,15.8
00431,2544,37832,7.8,24.4,48.8,24.2
00432,4207,138413,12.1,6.8,28.8,23.1
00433,3473,136559,9.3,18.0,47.6,30.8
00434,4069,126996,14.2,13.8,27.0,32.7
00435,2646,144318,6.9,22.2,47.0,19.7
00436,853,98741,7.4,10.9,26.1,19.6
00437,2182,30425,14.6,5.6,25.2,22.1
00438,2874,28900,11.9,20.0,28.3,15.6
00439,2996,102347,12.3,16.8,32.7,29.3
00440,4285,98998,6.6,13.7,26.3,32.4
00441,875,145580,9.4,11.5,38.5,15.1
00442,1725,128917,6.8,23.0,34.0,25.8
00443,3169,149463,6.1,7.4,36.2,26.4
00444,517,54134,9.4,7.8,39.9,30.3
00445,214,107442,14.9,5.3,33.9,33.8
00446,716,27817,5.6,6.5,22.8,36.7
00447,4074,95486,5.9,22.1,30.6,18.9
00448,3367,60607,5.9,20.9,35.5,24.9
00449,925,137637,12.5,7.0,25.4,30.0
00450,1616,114809,9.1,20.6,34.8,27.2
00451,3246,98027,7.6,17.8,23.7,31.6
00452,512,98550,13.1,12.7,30.6,29.2
00453,828,32691,6.6,6.7,45.2,23.2
00454,3448,90978,7.7,17.0,21.4,38.0
00455,2908,47778,3.9,21.8,21.1,35.6
00456,775,82154,4.4,13.4,32.0,33.2
00457,3565,121415,4.6,13.5,47.4,24.7
00458,2604,117195,7.2,21.5,38.4,16.3
00459,3067,73788,9.3,9.2,40.6,39.4
00460,2886,118039,3.0,8.4,36.7,31.9
00461,1222,34413,5.3,18.9,43.3,22.2
00462,4179,139113,5.1,18.1,32.2,26.4
00463,1671,102177,6.0,23.2,42.5,21.2
00464,2243,68400,5.0,11.7,48.0,33.5
00465,1787,54899,5.3,9.0,30.3,31.1
00466,4232,137683,14.8,13.6,32.3,28.0
00467,3951,117474,10.1,12.7,25.3,24.4
00468,3540,70463,12.2,23.8,23.5,22.7
00469,3866,25894,12.8,23.4,42.5,35.3
00470,2426,135398,11.0,13.6,37.6,24.8
00471,3014,60021,11.4,13.2,41.5,26.9
00472,4052,120472,10.6,13.9,25.0,19.3
00473,695,121296,10.8,19.6,42.7,36.6
00474,828,125314,14.1,16.0,29.4,21.2
00475,1465,113777,5.2,10.8,38.6,19.2
00476,4592,71442,6.3,20.4,45.4,30.6
00477,798,144681,4.1,23.1,38.5,18.4
00478,495,119302,13.0,19.4,25.1,39.4
00479,4271,111555,8.4,8.9,35.0,29.0
00480,4460,52791,13.9,20.8,27.6,16.1
00481,2602,114728,7.9,24.8,36.6,18.5
00482,1919,130301,8.3,18.7,22.4,38.3
00483,817,119716,8.4,9.9,49.5,28.7
00484,2882,68520,10.3,5.1,38.6,23.9
00485,3677,134342,12.2,12.7,31.4,32.4
00486,243,132541,7.2,14.4,30.3,24.3
00487,3240,128137,10.6,23.2,37.4,18.6
00488,4591,54899,5.4,17.4,40.2,33.6
00489,3038,72802,9.6,10.6,27.0,24.1
00490,3736,126238,9.6,18.8,36.5,39.5
00491,3322,148350,13.7,6.8,45.7,21.7
00492,1267,103107,13.8,9.3,44.3,17.0
00493,2716,25371,8.8,19.9,25.5,29.5
00494,1162,55193,3.3,10.9,31.5,17.5
00495,2256,85747,13.1,5.6,43.7,34.9
00496,3082,105922,3.0,14.9,29.3,24.3
00497,3394,130302,8.7,18.2,43.1,39.3
00498,4829,39464,3.2,20.8,41.3,37.5
00499,1256,108323,7.2,11.1,25.5,27.9
00500,832,111522,10.6,13.5,40.9,23.9
00501,4430,143634,7.5,16.1,45.1,39.7
00502,4946,74025,14.1,6.5,47.2,23.9
00503,1053,119187,10.7,9.0,27.3,17.9
00504,2639,136710,10.8,12.4,49.9,33.4
00505,3424,111593,7.5,10.3,34.7,35.7
00506,3401,54872,3.5,14.3,27.5,23.1
00507,1642,101248,11.9,18.0,41.7,21.9
00508,1291,89997,11.6,15.8,41.4,25.7
00509,3093,107927,9.4,20.5,38.4,20.0
00510,2781,118458,8.0,17.5,24.3,37.3
00511,1317,25667,9.5,10.8,21.0,36.3
00512,1640,41325,12.0,7.4,42.1,32.6
00513,3336,91982,11.6,17.8,30.5,35.7
00514,2486,40890,10.9,9.2,22.9,21.3
00515,3819,143654,13.8,11.4,47.9,27.0
00516,1488,51483,10.3,20.9,47.8,24.2
00517,1956,117479,3.2,9.4,39.3,35.6
00518,1465,117217,10.4,15.8,27.3,18.7
00519,599,127672,10.4,6.9,49.5,19.7
00520,1780,63085,3.8,13.3,27.2,30.4
00521,610,146934,8.1,24.6,20.3,24.6
00522,4412,126333,10.8,24.1,47.0,18.7
00523,1424,66000,11.5,23.9,25.9,17.7
00524,1255,38025,13.7,16.9,38.9,26.8
00525,1927,145580,13.1,10.9,27.2,33.5
00526,3241,54940,4.4,12.1,33.4,16.3
00527,3586,146878,10.3,9.1,32.1,33.5
00528,1910,144492,10.2,7.0,31.2,30.4
00529,3023,113299,6.6,8.4,29.5,23.2
00530,2314,49701,5.2,14.3,20.5,15.8
00531,4286,107697,5.4,5.5,26.4,39.2
00532,813,66795,5.1,23.8,49.8,24.4
00533,3702,115990,12.7,16.2,20.2,38.3
00534,4234,127793,4.8,8.5,22.2,28.1
00535,3622,38115,6.2,13.3,21.0,29.2
00536,4368,64038,5.6,12.5,35.4,23.2
00537,4848,81433,11.6,21.7,21.1,25.1
00538,4949,71999,4.9,7.4,36.1,31.5
00539,1343,99564,3.3,13.6,29.8,26.7
00540,3809,66484,7.5,19.2,46.3,24.9
00541,1181,132747,6.7,12.5,30.8,15.7
00542,555,32688,7.8,12.2,44.6,24.2
00543,994,127545,12.0,11.8,41.1,19.8
00544,1484,147018,3.1,20.2,49.1,38.3
00545,2058,132230,3.5,7.4,33.3,21.4
00546,3172,48255,6.1,22.1,48.6,16.5
00547,2096,104747,13.7,6.4,39.4,19.2
00548,4385,107088,5.0,11.4,31.5,18.2
00549,604,71617,15.0,12.8,34.7,19.5
00550,1314,67108,12.7,12.9,41.9,21.0
00551,1631,66259,8.5,8.8,46.6,38.8
00552,3540,102049,12.0,17.1,32.2,34.1
00553,923,95569,9.2,14.1,48.3,20.6
00554,1028,91057,9.8,16.4,34.4,31.9
00555,233,121360,10.0,17.3,43.1,31.1
00556,2205,148497,10.8,8.8,47.2,23.2
00557,3727,103792,3.7,23.4,26.6,24.3
00558,4880,135080,10.4,21.6,26.0,37.5
00559,1952,51293,11.6,21.6,40.5,27.0
00560,4275,55607,6.7,15.6,39.0,38.6
00561,3033,37793,14.7,21.4,44.9,19.6
00562,3384,115413,4.7,17.5,36.2,15.9
00563,4398,132148,13.9,14.0,41.8,27.3
00564,2911,61069,11.1,20.0,25.1,29.7
00565,1350,111079,11.0,17.0,36.4,28.0
00566,3612,52213,13.5,5.0,20.3,31.3
00567,1356,43663,13.0,24.9,40.5,23.8
00568,3476,67582,7.1,13.6,49.1,18.4
00569,3586,89694,11.5,16.4,25.3,22.0
00570,3684,119526,3.6,13.1,24.1,16.8
00571,1496,59449,8.6,7.0,34.2,16.8
00572,3737,38116,14.3,21.7,33.4,24.4
00573,3430,123395,6.3,18.7,33.3,37.4
00574,2803,28706,3.6,21.6,28.7,27.3
00575,570,41147,10.0,14.7,24.1,19.2
00576,1453,124264,7.3,20.8,47.7,24.0
00577,2883,45543,7.6,21.0,30.5,39.4
00578,2931,124147,10.0,11.7,32.2,15.8
00579,457,139906,10.5,5.1,32.6,30.0
00580,3119,33895,8.2,22.2,23.8,30.3
00581,767,87058,9.1,8.7,25.9,37.0
00582,4568,47412,14.9,22.4,20.4,25.4
00583,1245,58014,14.5,17.4,34.9,25.5
00584,4285,38251,11.5,17.7,36.6,39.2
00585,3819,135533,4.9,9.9,26.4,15.6
00586,2845,30109,7.3,13.1,32.7,30.2
00587,639,49632,13.6,11.2,40.7,32.5
00588,2879,120276,8.1,8.8,27.8,17.3
00589,4236,37151,14.5,19.5,31.0,32.8
00590,4935,71165,8.9,6.9,41.1,31.5
00591,3875,80276,13.3,15.2,37.9,15.4
00592,2608,120269,3.4,15.7,35.2,36.2
00593,2879,31325,8.2,24.1,46.0,30.9
00594,1024,113227,11.4,22.4,22.1,38.2
00595,3056,119964,13.4,14.8,35.8,30.7
00596,1681,100586,10.3,21.9,41.0,25.6
00597,3424,26912,5.1,20.8,28.3,30.4
00598,4585,61989,13.6,5.6,28.6,36.6
00599,355,32374,9.9,23.4,35.0,25.5
00600,4904,58034,4.3,18.8,30.2,25.6
00601,1938,137993,8.6,18.4,32.7,17.6
00602,2044,110402,11.4,19.3,40.7,29.1
00603,109,71678,8.4,9.5,31.2,26.1
00604,2971,116792,13.4,5.6,20.8,24.5
00605,897,118305,8.1,9.6,22.8,16.0
00606,1115,75683,10.0,20.9,35.2,30.1
00607,1924,35198,5.5,16.9,48.1,16.4
00608,4569,119817,9.2,12.2,28.6,17.2
00609,3236,95100,5.7,9.8,20.7,16.3
00610,2293,61996,5.7,21.0,44.4,22.1
00611,323,85794,6.4,14.2,43.2,27.9
00612,4258,32155,3.5,17.2,46.1,29.9
00613,4025,72952,5.0,5.3,34.0,23.6
00614,4884,148899,8.1,13.6,22.3,32.4
00615,4100,123621,4.6,5.3,24.4,34.5
00616,1733,83944,4.6,20.7,48.8,30.1
00617,2252,91246,14.6,10.0,45.7,23.5
00618,610,36388,8.1,8.3,38.2,16.1
00619,484,99178,7.8,23.5,21.6,38.4
00620,504,51457,6.2,5.4,22.0,39.5
00621,4713,43127,9.1,9.0,25.5,17.4
00622,4671,59091,10.2,9.8,39.8,25.5
00623,2100,36752,8.0,21.5,49.2,20.5
00624,2856,76832,7.7,19.2,37.4,28.6
00625,1768,29237,11.4,24.3,45.1,27.2
00626,1560,28051,14.4,18.9,43.0,20.4
00627,3736,120705,13.5,9.7,27.9,37.7
00628,2824,89346,4.4,8.3,37.5,37.3
00629,4909,111584,10.8,20.1,41.2,32.4
00630,4278,68311,3.1,23.0,29.7,33.0
00631,2148,44088,10.6,23.2,38.3,23.7
00632,4246,30675,8.6,20.4,23.9,24.7
00633,4880,64555,8.9,20.9,44.0,27.2
00634,816,27640,10.1,18.2,29.3,31.0
00635,4644,88328,11.9,19.7,29.1,25.9
00636,4683,37317,11.8,7.3,41.9,21.8
00637,1923,69408,3.5,11.6,43.5,36.7
00638,2181,130680,11.8,14.2,41.9,22.0
00639,3519,131442,13.0,18.3,30.0,30.6
00640,1674,128666,3.8,13.4,47.6,32.8
00641,349,58462,6.9,12.5,37.9,30.6
00642,773,111173,12.5,16.3,30.8,33.8
00643,4633,100921,8.9,12.9,30.4,20.0
00644,2265,82683,11.3,6.5,22.4,24.8
00645,870,40201,9.0,24.4,25.0,29.0
00646,4062,59536,14.7,23.5,39.6,36.8
00647,4463,49667,14.2,5.8,29.4,39.2
00648,2084,135920,6.4,15.6,27.7,36.5
00649,1177,90707,7.6,19.3,20.2,18.1
00650,335,60517,8.2,17.2,45.3,15.7
00651,488,60870,4.3,12.1,28.2,22.1
00652,3137,140308,7.8,21.1,29.2,25.2
00653,4958,137911,12.3,17.3,49.8,18.1
00654,1948,62982,13.2,9.8,34.4,32.0
00655,4819,83332,13.6,17.2,36.1,37.5
00656,2914,57844,3.2,10.5,21.8,25.0
00657,3474,109118,12.5,16.9,35.2,39.7
00658,3378,29237,9.0,20.3,32.8,22.3
00659,1352,148110,5.5,11.1,46.1,25.1
00660,4081,55465,9.0,10.7,35.7,16.4
00661,4773,31027,13.1,19.5,46.1,32.8
00662,2222,103777,8.2,15.2,42.6,15.3
00663,4630,35367,14.9,7.8,20.4,25.7
00664,2250,52483,10.4,15.9,49.2,20.7
00665,4959,80007,8.9,18.3,22.2,30.7
00666,1429,105567,6.5,14.8,21.0,20.4
00667,1458,125848,3.1,17.5,29.3,29.0
00668,2582,122559,10.3,12.3,32.7,17.1
00669,4642,88268,9.9,22.6,26.7,17.0
00670,2117,118724,9.2,9.8,34.9,37.2
00671,1431,139675,9.5,10.6,49.0,34.6
00672,4444,126161,13.1,20.5,36.7,39.2
00673,4361,124857,6.8,6.2,23.4,20.7
00674,1458,96810,9.6,24.7,47.4,22.3
00675,4737,87924,11.2,17.6,23.3,40.0
00676,4954,103092,5.5,21.1,33.7,32.0
00677,3277,77892,14.1,16.7,33.9,22.5
00678,2228,132457,11.8,20.7,41.8,21.4
00679,2280,88034,3.6,13.7,40.4,36.0
00680,4992,59395,13.4,16.5,38.5,25.0
00681,237,51543,14.2,18.2,39.1,16.0
00682,3572,102059,12.5,23.0,42.8,24.1
00683,2932,26074,8.1,5.7,25.2,19.4
00684,3679,110124,14.9,7.2,49.3,17.3
00685,3131,38990,4.5,18.8,36.4,37.2
00686,4264,122064,9.4,11.9,41.6,32.4
00687,2693,107948,5.0,18.6,37.4,31.8
00688,4400,107567,8.3,9.6,46.3,30.0
00689,3918,70793,14.1,17.6,37.6,33.0
00690,4238,105373,12.5,14.6,22.9,38.7
00691,3923,63071,12.4,7.5,46.2,16.7
00692,4142,138048,7.2,23.6,23.1,15.9
00693,2006,44546,14.2,20.8,35.6,29.0
00694,860,71515,7.4,20.6,26.1,25.2
00695,3545,70875,3.5,18.9,23.6,17.1
00696,999,42286,10.7,5.4,23.7,38.9
00697,4555,78219,7.4,15.1,46.0,34.2
00698,3047,34695,4.8,20.0,30.4,27.2
00699,1819,62844,14.2,9.3,30.6,38.9
00700,380,36054,10.6,17.3,40.6,34.2
00701,3366,86822,14.3,23.6,45.0,16.9
00702,1987,27897,10.0,20.1,44.6,31.6
00703,3366,34537,3.8,16.0,39.4,26.8
00704,766,46946,3.4,11.2,41.5,29.8
00705,4288,82325,13.8,17.7,38.5,21.0
00706,771,33681,3.5,19.3,45.0,26.7
00707,2069,144940,10.4,17.8,30.3,23.2
00708,4256,98387,6.6,20.1,27.1,26.1
00709,3222,115537,11.3,10.6,25.9,17.6
00710,4799,105121,6.4,15.2,38.1,18.2
00711,4877,130532,3.4,16.0,27.1,26.5
00712,4000,72038,11.8,6.8,23.9,21.1
00713,623,79833,6.7,8.5,48.9,21.8
00714,2493,73123,9.6,11.1,31.3,31.2
00715,3217,55117,12.3,6.0,46.8,15.3
00716,2693,96131,11.4,9.7,41.1,26.5
00717,2068,48774,7.2,15.4,30.5,29.3
00718,1853,139101,12.0,15.8,24.3,23.7
00719,2396,68691,14.1,10.0,45.2,28.3
00720,2361,78143,10.3,23.9,46.7,35.7
00721,2386,100135,11.4,14.3,25.5,26.1
00722,4302,96998,13.4,17.7,38.9,27.1
00723,2978,38307,13.1,5.6,36.9,36.5
00724,4243,64136,7.2,13.0,47.9,26.5
00725,3744,148302,14.9,15.8,39.4,38.6
00726,4532,52531,3.3,11.2,28.1,37.5
00727,2155,67174,14.8,8.4,41.5,15.9
00728,4820,61710,6.0,9.0,35.8,19.5
00729,1376,59568,8.3,14.3,30.4,27.4
00730,2866,39414,13.6,6.4,38.2,18.3
00731,402,87294,5.9,9.7,48.9,36.9
00732,738,56723,5.7,19.4,44.5,26.1
00733,155,119572,10.7,9.3,42.3,19.0
00734,4921,35261,11.5,7.3,22.3,32.0
00735,625,86987,3.1,6.7,23.6,32.5
00736,4669,92913,8.4,24.8,38.4,27.8
00737,4223,130627,8.9,6.7,21.0,18.6
00738,2225,76255,6.3,13.7,39.3,35.3
00739,3387,139530,9.6,15.2,29.1,37.3
00740,464,26271,4.9,24.3,24.8,38.0
00741,4721,128324,6.9,22.8,21.4,20.4
00742,1746,70316,11.6,9.8,26.3,30.0
00743,1018,53419,13.5,6.7,40.9,32.5
00744,2897,58202,10.1,13.8,33.5,16.9
00745,1631,44982,3.9,7.0,21.0,29.0
00746,3445,94307,11.1,22.4,22.1,16.2
00747,2006,105409,13.8,19.1,37.5,35.1
00748,3186,132030,9.1,23.9,45.1,37.1
00749,4680,66340,8.9,16.4,37.9,30.8
00750,2175,109070,14.9,12.3,31.6,38.2
00751,813,61892,10.6,15.0,33.1,21.8
00752,1162,102653,12.7,8.2,32.0,32.7
00753,2076,30602,10.8,14.3,46.9,19.4
00754,1396,105957,5.7,25.0,24.6,16.7
00755,225,122210,6.4,18.8,31.4,25.6
00756,4732,30167,11.0,6.2,29.2,38.8
00757,3696,96022,8.5,19.5,37.7,35.7
00758,3383,78201,7.9,7.0,40.8,32.5
00759,1703,74698,3.3,12.8,35.5,31.7
00760,166,118728,13.6,20.7,49.7,21.5
00761,332,111342,13.6,7.6,27.6,15.8
00762,2256,90249,8.5,10.9,20.6,26.4
00763,1269,88753,11.4,8.9,41.7,22.7
00764,2258,100479,5.1,22.4,27.3,24.0
00765,4306,95360,9.0,8.0,49.1,16.8
00766,1593,89687,8.3,15.7,44.1,21.6
00767,4818,60883,10.9,10.5,38.8,29.5
00768,4107,25218,8.6,15.1,41.1,37.6
00769,2572,57893,9.0,8.3,44.0,35.5
00770,2760,38169,6.5,20.2,40.5,22.4
00771,2839,139629,3.6,17.9,29.4,34.3
00772,1861,71458,14.0,5.9,35.2,32.2
00773,3614,70374,3.1,24.0,29.4,18.6
00774,2075,83672,6.4,22.9,41.1,29.7
00775,2462,99951,8.4,11.0,20.3,34.8
00776,976,29180,6.8,10.8,31.6,18.4
00777,3912,62928,9.6,15.0,24.8,16.6
00778,3548,109690,8.5,17.4,48.5,16.7
00779,1412,123145,6.1,10.8,41.6,28.0
00780,1560,34766,4.1,20.9,35.1,15.8
00781,2809,55058,4.7,6.6,27.3,26.9
00782,2424,26942,8.8,13.0,20.6,28.2
00783,1833,36532,13.2,16.1,42.7,20.1
00784,1705,111377,4.2,21.0,34.9,39.2
00785,2663,68374,11.1,22.4,22.7,33.6
00786,3521,120412,12.5,9.9,37.3,24.9
00787,3617,91790,6.3,9.8,21.2,36.7
00788,2497,58755,11.0,12.4,33.0,26.1
00789,3835,146925,11.2,13.6,33.2,33.0
00790,2970,84192,11.5,22.0,45.9,29.9
00791,1260,105459,13.7,5.2,49.6,26.6
00792,4954,122218,7.8,18.7,24.3,21.6
00793,342,131415,5.9,9.4,41.1,15.5
00794,2690,114875,9.5,22.6,46.2,15.8
00795,1163,72592,3.8,11.3,32.9,31.1
00796,4424,145041,7.0,15.8,29.8,36.8
00797,2695,135397,13.6,11.6,20.6,35.8
00798,1019,137044,9.4,13.5,36.9,28.7
00799,105,38118,8.2,15.4,25.4,16.0
00800,567,135215,6.2,20.0,22.2,16.6
00801,4270,138305,6.0,7.4,20.1,19.5
00802,103,132813,5.8,12.0,48.8,20.4
00803,745,124675,13.0,17.8,45.7,24.5
00804,217,89610,14.8,16.8,48.9,20.0
00805,3028,103699,9.4,20.6,48.3,22.6
00806,2651,58128,4.0,22.8,38.8,16.6
00807,4389,33104,12.0,6.9,38.2,25.3
00808,946,104722,13.5,19.3,45.4,28.2
00809,2862,33549,14.2,10.7,48.4,33.1
00810,1241,122798,10.5,14.6,37.7,16.7
00811,1910,120614,9.1,17.6,23.6,38.1
00812,823,114704,10.4,8.0,23.9,26.1
00813,324,82240,3.2,11.9,39.8,25.4
00814,4727,119002,10.9,24.5,22.4,39.0
00815,4308,147417,11.5,7.7,38.4,28.1
00816,4754,126087,11.7,6.7,48.9,21.5
00817,2148,57831,9.8,21.7,20.1,15.7
00818,4849,109148,11.4,13.6,25.6,36.9
00819,4515,84978,10.7,18.5,48.3,34.1
00820,1673,127153,4.4,11.1,34.7,31.2
00821,1928,113252,13.8,9.0,28.6,26.1
00822,2017,122462,10.5,9.2,27.5,34.8
00823,4334,94474,11.7,8.9,45.9,21.8
00824,2126,141203,7.1,9.9,32.9,20.5
00825,3844,132075,14.0,9.4,39.1,38.3
00826,1001,113233,9.0,21.3,29.3,16.7
00827,4885,37609,11.1,15.7,36.4,37.7
00828,2139,104019,14.4,10.9,43.9,20.7
00829,109,35523,14.0,11.9,30.2,38.6
00830,360,147474,10.7,24.2,31.9,24.6
00831,1773,51989,5.0,8.7,33.3,24.6
00832,2319,125462,14.4,22.7,38.0,16.2
00833,2160,76277,14.8,19.7,29.1,35.6
00834,3813,135265,4.2,17.3,33.4,36.7
00835,1719,129700,8.4,17.5,36.4,32.8
00836,420,92819,9.6,13.5,30.6,33.4
00837,1442,96772,4.1,13.8,20.2,22.7
00838,2476,65577,5.3,20.9,28.1,31.8
00839,2932,135262,9.5,21.2,44.5,15.3
00840,2924,28105,14.6,16.4,28.5,33.2
00841,2094,126856,3.3,20.4,44.7,37.9
00842,3058,110395,13.9,21.2,32.3,20.9
00843,2138,26838,13.8,11.6,46.0,16.8
00844,3590,115333,13.3,17.5,31.3,32.6
00845,3777,49437,7.5,13.7,28.8,38.3
00846,1218,107815,8.9,7.0,27.1,37.3
00847,1704,145297,7.8,18.0,29.1,38.2
00848,4127,96449,14.4,16.7,25.9,31.7
00849,335,143099,9.3,7.1,42.5,24.9
00850,2069,139176,4.0,6.4,49.5,25.9
00851,4529,142696,6.3,10.0,31.9,38.0
00852,2008,50560,8.5,21.7,30.0,31.7
00853,475,51208,14.4,6.3,39.1,30.4
00854,3630,143358,9.8,14.2,32.9,31.6
00855,2735,60658,11.4,8.6,21.4,36.0
00856,1670,72355,4.1,10.1,30.3,16.4
00857,2660,68003,13.5,20.4,44.0,19.2
00858,3491,139027,9.5,22.0,22.1,20.7
00859,3065,80437,14.1,16.6,27.8,20.3
00860,3743,39646,8.3,22.3,49.2,28.1
00861,3950,75560,11.2,22.1,28.5,22.6
00862,972,143560,8.7,9.4,45.5,24.2
00863,1352,111597,4.7,17.9,47.0,27.4
00864,1414,83679,6.3,20.6,40.5,28.3
00865,4920,65214,3.8,16.2,34.2,26.3
00866,2998,69597,8.3,21.1,48.7,29.0
00867,177,47873,10.8,17.6,48.9,22.2
00868,2721,28458,5.9,10.7,39.1,30.5
00869,4327,62165,8.9,18.7,42.4,24.2
00870,700,112803,8.5,16.8,46.4,39.0
00871,1165,88994,9.4,17.5,23.2,37.8
00872,2236,39582,5.2,6.9,37.0,34.3
00873,2549,122925,9.4,7.5,45.9,35.7
00874,2443,39823,7.4,21.3,47.4,39.3
00875,1963,65856,6.4,13.6,50.0,19.7
00876,1418,32406,10.0,9.3,42.0,31.1
00877,4811,143288,4.8,6.9,26.3,18.8
00878,3697,55619,13.8,10.3,39.0,21.2
00879,3862,32071,14.2,10.9,49.7,25.7
00880,4770,46852,10.9,24.7,37.6,18.2
00881,2290,136382,6.6,21.7,31.6,23.5
00882,1092,73872,10.5,6.6,28.1,29.7
00883,2812,128311,10.2,20.0,30.5,18.0
00884,2292,132871,7.7,16.3,42.1,30.4
00885,1348,113217,6.4,9.6,26.3,24.5
00886,3154,133029,5.0,19.9,39.2,24.3
00887,4698,35144,5.6,5.6,38.8,37.3
00888,4133,134753,10.8,19.6,27.9,24.8
00889,2097,36183,13.6,22.9,35.1,32.7
00890,3787,46074,7.6,22.7,46.0,37.9
00891,2251,79838,4.5,20.4,43.9,33.5
00892,4118,110416,3.2,23.7,37.6,31.5
00893,3210,37349,7.9,19.1,40.0,21.8
00894,2070,143160,5.8,18.7,21.1,33.2
00895,297,52493,6.9,5.5,22.7,20.2
00896,2726,114146,5.9,8.5,31.2,16.9
00897,1302,34357,11.0,20.6,31.5,28.8
00898,2135,29561,10.7,25.0,28.9,38.0
00899,577,120380,13.9,19.4,39.5,22.3
00900,1354,98150,11.4,16.6,38.2,22.8
00901,1022,89685,5.0,8.7,40.5,29.2
00902,519,27358,12.0,24.0,26.9,18.9
00903,2304,56805,5.2,18.0,20.1,32.0
00904,2697,36430,9.7,14.8,49.0,26.9
00905,1220,41041,3.9,22.2,43.2,19.3
00906,3168,136407,3.6,24.1,33.7,26.7
00907,1050,117262,8.6,12.4,21.3,17.8
00908,2436,35267,4.3,15.3,26.0,30.6
00909,2343,102395,6.7,7.3,21.6,17.6
00910,2745,136099,7.1,24.2,34.3,33.9
00911,1957,100909,12.2,7.4,26.5,32.1
00912,4712,115170,7.0,23.6,36.2,16.6
00913,1965,97793,8.9,8.8,21.9,17.0
00914,3012,47597,12.3,23.2,41.3,23.0
00915,2953,133454,5.5,14.0,23.0,18.2
00916,3328,131680,12.7,16.8,29.3,23.2
00917,3819,48989,13.0,5.7,39.4,20.1
00918,3328,44003,14.9,12.9,23.2,31.9
00919,2471,55169,8.3,14.9,49.4,18.2
00920,2991,133176,7.4,5.2,25.7,15.9
00921,3856,72271,11.4,18.2,21.1,20.5
00922,4325,41961,3.7,21.8,40.1,24.3
00923,194,37146,3.5,5.5,31.4,15.5
00924,2774,79395,7.0,14.9,49.0,33.5
00925,2055,87676,11.8,5.7,22.6,33.6
00926,893,70237,4.4,22.5,30.7,26.9
00927,1934,66030,10.6,8.2,37.8,27.4
00928,2216,91091,6.2,6.2,36.3,33.1
00929,4206,140539,10.8,22.2,34.6,33.6
00930,3425,67178,8.5,13.9,31.5,31.4
00931,3019,28640,4.4,6.9,45.0,17.5
00932,2697,71136,6.0,18.0,24.1,29.7
00933,3305,92448,5.6,19.1,35.0,29.7
00934,4907,109650,5.0,16.4,37.2,24.8
00935,914,63187,8.6,11.6,46.5,19.2
00936,445,142053,14.5,13.5,28.5,38.4
00937,2449,48922,10.9,24.1,28.2,34.7
00938,462,138746,13.0,15.7,44.3,26.0
00939,2543,54500,14.8,12.9,28.3,22.2
00940,2365,39429,9.5,19.2,21.6,25.4
00941,2288,139954,5.9,6.5,35.7,27.0
00942,3105,61684,14.1,10.8,42.8,34.4
00943,3381,38687,11.4,9.5,24.6,16.2
00944,1084,114248,14.5,18.6,42.9,32.1
00945,1739,39837,10.8,17.1,30.6,30.9
00946,927,83744,12.3,20.2,48.5,31.6
00947,2830,138775,13.7,13.5,22.6,32.8
00948,3631,37865,12.1,8.5,29.5,38.9
00949,4551,69653,9.8,8.7,26.3,35.0
00950,3035,103455,8.7,22.8,46.9,29.3
00951,3976,60094,12.9,6.5,28.4,25.8
00952,226,60569,12.3,16.9,28.0,36.3
00953,3277,112472,7.4,9.6,41.1,39.8
00954,3156,73787,9.0,9.3,48.5,39.3
00955,703,55961,10.6,7.0,37.7,28.8
00956,3549,76186,3.3,24.6,48.3,31.3
00957,4246,136837,6.0,6.2,39.7,35.5
00958,3633,101558,6.0,8.0,25.9,25.3
00959,3467,40297,13.6,12.3,42.3,32.5
00960,3468,81605,7.0,14.1,28.9,24.4
00961,3897,107904,9.5,24.0,29.3,30.5
00962,1892,111019,13.0,9.8,44.3,18.7
00963,2961,31463,6.1,19.4,27.8,34.3
00964,3576,38632,4.5,18.1,30.0,17.3
00965,3517,54703,14.4,15.3,49.6,18.4
00966,1745,140763,11.5,10.3,25.1,35.7
00967,1305,107943,5.1,8.1,39.0,29.0
00968,3130,71221,12.8,8.5,31.8,27.6
00969,2972,143585,12.4,11.9,29.6,37.0
00970,3172,136370,13.1,7.7,24.0,23.3
00971,1954,146658,6.3,25.0,36.0,23.3
00972,4121,131775,8.4,13.9,37.1,28.3
00973,4762,108031,11.3,15.8,40.6,36.1
00974,2808,50759,7.7,17.3,43.6,20.2
00975,3602,112000,3.8,8.9,32.4,22.3
00976,1432,147669,4.6,14.6,36.2,33.2
00977,301,141763,10.2,6.3,22.0,39.7
00978,3607,85943,7.5,24.4,32.5,32.4
00979,4312,87249,3.1,14.5,24.0,29.1
00980,674,110862,12.2,5.6,20.0,36.9
00981,636,58039,8.0,17.0,21.8,25.2
00982,1725,149003,6.8,7.0,20.7,32.0
00983,2222,135475,11.6,20.8,31.8,21.0
00984,485,149107,8.5,24.1,31.5,24.9
00985,3381,139877,11.3,23.3,26.0,33.0
00986,574,148425,3.2,13.6,34.0,30.2
00987,517,101069,3.1,19.3,22.4,37.6
00988,3700,37158,9.7,8.1,28.8,20.2
00989,1054,45398,14.8,6.5,21.4,27.2
00990,4958,131446,6.3,21.4,20.2,16.3
00991,1305,106685,11.2,18.9,37.6,39.2
00992,4859,62711,5.1,23.1,41.5,30.1
00993,4220,87807,6.7,23.3,27.8,19.5
00994,2090,144554,3.9,11.9,40.8,36.3
00995,4905,107688,13.6,11.4,38.8,17.8
00996,3672,55772,6.7,13.8,43.3,37.1
00997,4480,135271,5.8,18.3,26.2,16.0
00998,4258,52307,11.8,5.1,34.4,38.5
00999,4857,30166,5.4,15.7,26.3,22.4
01000,2813,148890,5.9,5.4,46.1,24.2
01001,2303,32589,4.2,14.0,39.4,30.7
01002,3220,128102,14.6,6.6,22.6,38.6
01003,1066,72986,6.0,16.2,31.0,19.8
01004,3532,25464,14.9,11.3,21.2,24.0
01005,788,27600,5.1,14.6,49.5,31.9
01006,4343,25916,3.2,24.2,44.7,16.7
01007,3801,100180,13.7,11.8,30.6,23.5
01008,441,31126,10.0,19.4,31.5,30.8
01009,1824,32151,7.2,18.7,31.1,25.9
01010,4522,102196,9.2,22.4,39.7,39.5
01011,1892,25065,6.1,11.7,30.4,39.4
01012,1859,84946,10.6,6.1,26.4,38.2
01013,3312,116837,10.4,24.4,28.0,38.9
01014,1089,103424,4.0,12.2,43.9,38.8
01015,2362,132995,13.9,8.9,23.1,36.0
01016,2582,104535,8.5,23.3,32.9,38.7
01017,1051,76056,5.3,8.8,31.9,15.2
01018,822,32193,6.7,15.6,36.7,34.6
01019,3489,89610,13.4,20.1,21.8,28.4
01020,2179,144259,7.6,19.6,21.0,26.7
01021,2817,146404,9.7,5.6,40.8,18.2
01022,2432,53540,14.4,9.0,35.7,23.9
01023,3476,101537,10.8,22.8,23.6,24.6
01024,4624,86434,11.1,16.1,31.6,20.4
01025,1600,34078,6.0,18.7,35.7,38.6
01026,385,81125,11.0,13.0,30.6,30.3
01027,3595,77960,7.7,19.9,23.4,39.2
01028,2165,86521,13.9,10.8,24.5,29.7
01029,868,114485,4.6,9.6,27.4,28.2
01030,3157,49245,6.4,24.9,20.0,24.7
01031,4389,141648,3.8,8.2,41.9,19.9
01032,2261,109667,7.6,24.6,40.6,19.5
01033,3393,139056,4.8,23.5,46.4,33.2
01034,1046,57811,13.1,19.3,23.4,35.3
01035,3435,56543,14.1,16.6,38.5,15.9
01036,4250,87941,11.0,5.1,41.7,17.6
01037,4995,61610,4.2,17.7,38.2,33.4
01038,4973,29705,7.1,20.4,30.7,19.3
01039,1581,43272,14.6,19.7,29.8,24.5
01040,2001,56834,4.6,8.4,24.2,34.8
01041,3551,78050,9.7,15.9,49.1,36.8
01042,4164,104176,7.2,16.0,23.3,37.9
01043,154,106548,15.0,18.1,40.5,23.5
01044,1923,86236,6.4,21.6,46.6,30.0
01045,3562,96419,3.6,19.0,47.0,27.0
01046,3179,50295,11.4,7.8,47.7,32.8
01047,932,107610,6.9,5.4,39.8,33.5
01048,4508,73937,10.9,7.7,23.9,20.6
01049,2906,149825,4.3,5.8,35.6,38.6
01050,2590,31842,9.3,13.7,33.2,27.2
01051,427,122092,7.5,10.7,40.2,20.7
01052,3410,33301,9.4,5.1,33.8,22.0
01053,3400,127862,13.2,6.6,44.7,18.5
01054,3775,56579,14.7,13.0,32.4,19.3
01055,3154,50090,12.0,23.8,42.6,36.4
01056,2243,147408,12.2,24.9,48.5,36.0
01057,1411,33828,9.3,6.0,41.8,26.0
01058,3291,77480,4.2,21.6,42.9,27.4
01059,2638,128616,11.0,14.6,41.3,16.7
01060,4083,91162,4.8,17.4,45.2,21.0
01061,4647,123373,5.9,15.1,28.8,20.9
01062,264,84850,11.5,23.5,49.8,36.0
01063,4377,48933,10.9,14.6,43.9,25.9
01064,922,86233,6.8,8.4,42.7,16.0
01065,1043,112533,12.3,20.6,22.7,21.7
01066,4525,57591,14.3,15.3,30.0,26.3
01067,874,39432,9.5,7.3,27.6,19.2
01068,2298,118911,11.1,14.2,23.4,16.7
01069,3256,35042,6.3,18.7,47.4,19.0
01070,4342,45703,14.6,10.9,38.3,20.9
01071,3795,47345,6.3,23.2,46.9,27.3
01072,3552,36070,13.6,22.0,36.0,34.2
01073,1014,102080,14.1,16.4,47.3,20.9
01074,1408,143665,11.6,6.1,47.8,35.5
01075,4277,147188,12.7,16.7,39.6,35.9
01076,613,98595,8.5,13.3,35.0,31.7
01077,2020,64552,14.0,19.5,26.6,28.1
01078,3694,43018,11.9,10.3,47.4,18.4
01079,4941,39093,6.9,17.1,43.4,28.8
01080,1509,134972,3.4,16.1,30.1,25.8
01081,4902,93079,9.5,15.5,40.0,18.7
01082,4666,41118,13.1,7.3,38.3,17.9
01083,3290,97889,13.3,14.8,23.2,21.5
01084,4591,88219,13.0,16.0,47.9,33.2
01085,1655,38349,5.6,23.6,20.2,30.5
01086,904,91304,8.1,14.2,44.8,18.8
01087,1379,39163,10.4,17.8,35.3,26.2
01088,3677,40095,11.0,16.4,44.8,21.8
01089,3001,145452,7.0,8.9,36.7,37.6
01090,1487,93139,11.3,8.7,24.6,16.7
01091,4788,91527,10.1,19.8,34.2,22.5
01092,2861,51304,9.8,15.5,46.4,20.9
01093,2779,67988,11.0,22.9,26.9,25.1
01094,2206,83873,10.2,23.2,23.6,17.4
01095,4323,107408,5.0,10.9,32.4,20.8
01096,4931,98715,13.5,7.0,44.3,37.8
01097,2868,29152,5.9,11.9,41.2,19.8
01098,4053,74663,11.9,6.3,49.9,22.3
01099,3286,118431,5.1,20.6,46.4,24.9
01100,3380,117263,10.9,7.9,25.1,21.4
01101,2673,52180,13.7,22.3,43.6,30.9
01102,4716,149987,3.1,13.3,41.5,39.3
01103,2699,145385,14.8,10.6,25.9,28.3
01104,4133,91270,3.4,15.0,43.4,35.6
01105,336,96214,3.1,17.1,27.3,17.0
01106,1404,61077,13.3,19.0,33.7,25.5
01107,3530,115482,11.5,11.8,28.3,21.7
01108,1401,51649,4.3,24.7,33.5,22.8
01109,2641,72496,14.2,13.4,29.1,36.2
01110,2151,88282,11.1,21.7,39.8,28.4
01111,541,95237,4.3,5.7,44.1,24.2
01112,2176,119317,13.3,20.6,20.6,23.0
01113,3280,89903,8.8,16.0,32.1,16.6
01114,2757,38060,6.3,17.8,24.4,37.3
01115,3898,117413,12.9,12.5,20.6,23.7
01116,904,100558,11.9,15.9,49.5,30.2
01117,174,108779,10.5,23.6,40.2,29.6
01118,2275,65487,13.8,12.7,33.6,26.4
01119,4024,137419,13.3,7.1,32.9,35.1
01120,2189,25916,5.7,19.4,45.2,22.8
01121,140,146597,13.5,15.1,37.1,28.0
01122,2181,48648,7.5,13.5,42.5,21.5
01123,4783,129985,8.2,20.6,47.6,36.1
01124,1722,69135,14.7,16.2,46.5,30.5
01125,441,76814,12.1,17.6,22.8,24.1
01126,4152,134130,6.9,23.5,34.6,15.3
01127,2174,62460,10.8,6.2,39.0,30.7
01128,745,106391,9.5,10.2,33.9,33.0
01129,4926,83581,4.4,23.0,28.7,30.1
01130,4363,117272,13.7,20.9,47.5,39.7
01131,709,26335,12.9,8.8,47.0,17.9
01132,554,117728,12.3,8.4,45.3,22.4
01133,3053,79202,9.7,21.5,48.0,25.5
01134,1808,87564,5.7,16.1,42.3,24.8
01135,3572,140449,13.6,22.2,31.7,33.6
01136,3069,118830,7.2,23.4,34.9,18.2
01137,3128,35892,3.2,6.4,44.7,16.8
01138,4897,141819,14.8,24.4,47.3,15.8
01139,2781,144502,13.3,19.3,40.1,32.2
01140,3729,67913,10.5,21.7,37.4,34.8
01141,4325,72971,3.1,17.6,46.8,26.9
01142,3167,50524,5.7,11.1,42.5,24.5
01143,1486,90837,8.4,17.0,47.4,19.4
01144,3876,131044,10.5,15.3,46.5,26.9
01145,2966,120448,11.5,23.6,29.9,17.7
01146,4888,39903,12.5,16.1,23.9,17.8
01147,3463,117700,9.7,5.6,41.1,26.1
01148,4989,77846,10.9,18.7,48.0,15.5
01149,4224,137731,12.7,6.0,47.3,32.9
01150,248,126005,11.6,23.9,47.6,38.1
01151,3950,67435,14.5,14.7,46.1,23.2
01152,2158,115725,13.5,24.4,33.2,31.1
01153,1236,145902,5.0,5.5,48.1,37.8
01154,286,96180,14.4,15.7,39.1,20.7
01155,2954,30520,5.5,9.5,44.9,28.6
01156,1350,58436,14.9,17.8,29.0,29.6
01157,1433,27128,11.4,15.0,35.0,35.7
01158,4293,105995,10.5,16.3,23.5,30.3
01159,4250,130042,6.9,12.2,24.6,34.6
01160,2811,107137,4.6,6.0,44.2,21.9
01161,4953,85275,4.5,7.1,48.3,32.4
01162,4601,33940,13.4,22.2,35.8,27.6
01163,1885,127524,8.2,19.1,34.6,28.9
01164,850,49776,9.7,20.4,48.3,32.4
01165,1862,122281,14.2,7.5,44.9,35.4
01166,4020,109541,6.1,6.0,25.5,20.8
01167,4560,128443,12.2,5.3,21.3,21.3
01168,581,122238,8.6,15.4,48.5,40.0
01169,253,91257,5.6,15.0,36.2,16.4
01170,1624,132447,13.2,7.2,39.4,17.7
01171,2220,125185,11.2,11.9,35.9,27.8
01172,2443,84571,4.1,15.6,42.2,28.7
01173,1340,141120,9.5,18.5,46.9,32.9
01174,160,112101,13.2,21.2,49.8,37.8
01175,1038,109240,3.8,17.8,30.9,37.9
01176,1739,64718,8.0,5.6,35.6,31.0
01177,4220,34968,12.7,16.7,46.5,33.9
01178,4326,105634,13.3,6.8,33.1,31.4
01179,3669,146865,12.3,16.3,30.8,19.1
01180,1352,99426,6.7,12.5,49.1,38.6
01181,4303,91157,9.1,10.7,42.0,36.1
01182,271,84931,11.9,14.6,35.2,17.4
01183,1558,120193,4.8,12.6,43.9,39.6
01184,3649,41843,10.1,21.6,29.6,36.1
01185,4297,116196,11.6,9.5,37.7,37.4
01186,2422,81377,13.2,7.7,41.3,28.0
01187,1736,49875,4.3,21.7,41.5,37.6
01188,3215,84888,7.0,9.9,25.9,23.4
01189,4190,106234,9.5,5.6,49.8,18.9
01190,3104,149155,11.4,12.7,42.6,16.1
01191,429,51006,11.8,21.4,42.3,21.5
01192,3740,49525,6.0,13.6,37.6,36.8
01193,3994,128679,3.2,14.4,30.3,31.1
01194,4207,77604,11.3,5.9,34.7,23.7
01195,1441,114232,13.9,19.2,32.8,20.7
01196,3763,121846,12.6,11.9,23.4,21.4
01197,315,117500,10.5,19.6,47.7,31.9
01198,438,30925,14.7,13.2,35.2,19.1
01199,4162,141509,8.2,15.5,21.3,18.4
01200,2808,56122,9.3,16.8,32.6,30.9
01201,3252,64199,3.1,8.9,32.6,37.0
01202,1850,58756,14.4,10.9,22.6,34.4
01203,2521,49789,10.0,16.7,25.9,17.1
01204,809,41915,7.7,21.5,22.3,34.5
01205,3826,27917,3.5,24.2,24.8,37.6
01206,3742,97421,7.3,15.5,23.4,32.4
01207,4093,126923,3.0,6.5,47.1,34.2
01208,588,84328,6.9,24.1,43.3,37.0
01209,146,84602,14.4,13.4,46.2,28.2
01210,3459,35410,4.9,7.0,24.2,28.5
01211,4973,119745,9.5,24.4,40.1,30.1
01212,4906,38574,5.2,10.6,47.1,20.2
01213,500,122057,12.4,18.1,48.6,25.8
01214,4090,87115,9.7,7.9,21.7,28.3
01215,3257,119597,5.4,19.4,31.4,16.1
01216,4445,64332,13.4,24.5,30.9,27.0
01217,490,84453,12.4,24.7,25.6,30.9
01218,3953,55805,14.4,7.5,24.6,33.8
01219,4530,126364,3.0,20.4,31.1,16.2
01220,728,149488,8.5,18.3,41.4,28.7
01221,4332,39826,15.0,21.0,41.9,34.0
01222,3030,138535,12.7,11.7,37.3,19.6
01223,1621,55779,13.0,13.0,43.6,23.5
01224,926,60292,10.5,11.8,41.1,17.0
01225,4922,37607,11.6,20.3,43.9,24.9
01226,1600,140377,12.7,21.2,49.2,21.6
01227,3394,84443,4.1,10.0,37.4,23.9
01228,2519,70712,11.3,16.5,43.0,19.5
01229,1034,70883,12.8,7.5,45.0,21.9
01230,3142,26100,3.5,5.3,47.4,24.9
01231,4597,33310,6.6,17.2,36.4,15.4
01232,1566,68728,6.9,21.8,47.6,23.0
01233,3661,63069,13.3,23.1,36.2,18.9
01234,714,148385,12.4,17.4,40.8,38.4
01235,1282,114737,10.9,21.2,30.4,24.2
01236,3323,72740,12.7,13.1,49.6,24.9
01237,2767,141888,8.4,22.5,26.5,37.2
01238,230,34233,13.5,20.5,27.7,35.3
01239,3083,134631,5.8,11.2,27.6,16.8
01240,4378,25496,11.5,16.9,32.6,16.5
01241,4559,120979,5.9,6.0,43.0,36.2
01242,138,29174,3.5,7.9,49.5,17.9
01243,4059,82402,6.4,23.9,38.5,26.5
01244,3687,96066,8.9,5.2,38.5,18.7
01245,1020,40098,13.1,9.1,35.8,25.9
01246,2869,81121,9.1,7.8,47.1,20.2
01247,4211,134628,5.1,19.0,30.0,30.9
01248,592,118650,14.9,7.1,25.7,17.1
01249,1231,59421,6.2,5.4,26.9,31.8
01250,3621,65014,14.8,23.6,45.8,28.2
01251,410,71828,14.2,22.5,25.1,30.2
01252,838,121070,9.5,12.2,35.0,23.8
01253,3341,149586,4.1,7.0,29.7,38.3
01254,645,71567,11.3,18.6,25.5,17.5
01255,2561,107163,13.1,22.7,37.2,37.4
01256,4446,43639,8.3,24.5,45.7,28.7
01257,4954,97535,5.9,7.6,29.6,36.2
01258,1904,136702,12.6,17.0,23.6,35.1
01259,3312,116786,9.5,13.6,38.7,21.1
01260,3910,64511,5.4,8.1,42.2,20.4
01261,913,93228,14.4,21.2,36.8,27.4
01262,4224,31073,14.4,20.6,23.5,32.8
01263,2132,131534,7.4,24.3,20.1,23.5
01264,4672,93783,3.8,6.7,22.6,37.3
01265,4513,113541,10.6,9.8,47.7,23.5
01266,344,108535,6.8,21.6,37.3,16.0
01267,4943,25019,3.8,12.9,31.2,33.4
01268,4892,74372,13.7,14.5,25.5,19.1
01269,371,39160,15.0,17.2,41.0,37.9
01270,3611,72378,7.2,13.2,42.9,31.4
01271,1871,45155,11.9,5.7,44.2,22.5
01272,1362,65089,3.8,17.1,20.6,25.8
01273,2524,129910,7.4,9.6,43.1,25.4
01274,4461,65344,4.3,24.4,24.8,28.7
01275,1020,57398,3.7,18.8,43.9,20.6
01276,3530,82594,10.1,21.8,24.5,17.7
01277,4535,86651,12.6,24.1,27.3,30.2
01278,4584,73605,8.4,6.3,43.3,29.6
01279,2724,131132,9.3,8.0,38.9,24.3
01280,3860,89174,6.2,21.2,21.0,36.9
01281,2150,103242,11.8,22.7,25.0,34.1
01282,3600,140194,7.3,5.1,26.9,20.3
01283,1265,95277,3.8,23.9,45.3,28.6
01284,475,55323,5.0,14.1,38.4,17.8
01285,2133,115980,4.5,14.3,25.5,22.2
01286,245,138866,8.2,22.6,27.7,37.9
01287,4488,53566,3.8,10.8,33.6,37.3
01288,531,62355,12.7,16.7,22.5,21.9
01289,804,113358,13.9,11.7,32.4,22.1
01290,2732,80752,6.0,7.3,43.8,38.9
01291,4594,67129,8.8,12.2,31.9,28.1
01292,1063,128661,9.2,8.5,43.6,38.6
01293,2334,74891,14.8,15.4,38.7,24.7
01294,2141,34982,3.8,15.6,32.1,31.1
01295,1928,131919,11.0,13.7,46.8,35.0
01296,2208,126359,7.1,8.5,33.2,21.7
01297,4168,144075,9.0,7.4,42.0,32.3
01298,1038,43587,5.6,7.1,44.0,15.8
01299,4905,100711,4.9,7.2,47.5,16.8
01300,906,78074,5.9,10.9,28.3,21.5
01301,1563,57185,3.9,5.0,26.0,25.3
01302,3515,108877,6.3,6.2,33.4,24.4
01303,110,135834,11.3,14.4,46.3,27.0
01304,1968,79478,10.8,8.7,29.9,34.9
01305,4967,106323,9.7,10.3,28.2,34.2
01306,984,92325,3.0,12.1,21.1,28.7
01307,3664,105843,4.5,5.8,41.0,18.5
01308,1489,146089,13.1,9.4,41.0,31.2
01309,3501,25584,6.3,20.5,45.0,37.1
01310,4421,63946,13.9,11.8,34.9,26.8
01311,924,142888,13.5,8.7,46.7,19.3
01312,2365,141030,4.9,9.0,22.6,21.9
01313,1036,61958,13.8,24.7,36.9,30.7
01314,2900,72323,10.5,8.0,34.3,31.3
01315,2653,120868,10.6,23.1,46.9,18.0
01316,3945,99936,13.2,6.6,47.2,32.7
01317,1896,138700,7.9,22.5,49.3,39.2
01318,153,134318,11.8,15.1,30.6,21.3
01319,826,36885,11.0,17.2,31.4,15.3
01320,2836,52023,12.3,9.9,25.8,27.2
01321,3270,46169,10.9,23.0,42.3,39.4
01322,2013,116277,4.0,16.7,45.0,16.1
01323,1696,103816,6.5,18.5,45.6,28.3
01324,2014,39469,14.3,16.1,49.7,23.3
01325,2566,106340,5.7,7.5,36.9,26.8
01326,2837,128060,8.7,21.7,26.4,37.0
01327,949,96561,7.3,8.7,38.0,26.4
01328,2209,32455,4.0,10.8,30.9,33.3
01329,102,88365,5.2,18.4,30.0,34.7
01330,4355,35497,6.4,6.9,41.0,31.6
01331,4169,91598,8.6,23.7,26.1,18.6
01332,4976,53976,13.5,7.5,36.3,38.9
01333,992,85698,9.2,18.3,24.2,19.6
01334,2130,133343,10.8,17.7,46.7,30.1
01335,3260,50101,8.1,19.0,22.7,18.4
01336,2476,144190,13.4,13.7,48.0,15.5
01337,4775,100110,11.0,12.6,50.0,16.0
01338,2033,144669,4.1,24.6,27.1,24.7
01339,1480,72481,8.7,21.3,22.8,25.9
01340,3781,146300,12.9,14.7,20.9,29.5
01341,1390,46352,11.8,8.6,24.4,23.6
01342,1740,96602,13.9,22.8,47.5,25.3
01343,2782,54661,5.7,18.0,41.9,37.5
01344,1087,46784,14.7,7.7,22.8,23.6
01345,1318,128988,6.4,8.7,48.8,22.9
01346,1455,53682,3.6,15.8,39.6,33.0
01347,4365,35914,8.9,15.1,47.9,39.5
01348,4716,64606,4.3,13.2,41.4,15.6
01349,4235,147041,11.2,13.5,31.3,16.7
01350,1660,59755,13.8,8.4,22.0,34.2
01351,1518,94603,14.1,10.1,20.5,16.5
01352,1054,144756,10.3,14.9,38.3,33.7
01353,1083,127408,9.4,6.3,35.1,24.4
01354,1074,37315,14.9,12.1,37.4,27.7
01355,4233,138462,10.0,9.2,48.9,15.7
01356,4072,33877,14.1,8.5,47.1,22.5
01357,1013,122743,14.0,7.9,30.7,35.9
01358,4649,147494,6.5,7.8,29.6,38.8
01359,136,48038,3.2,8.2,28.5,28.8
01360,3487,37869,8.3,12.5,48.2,39.6
01361,1811,37058,13.3,7.0,47.2,17.4
01362,3120,36017,13.0,22.9,48.1,36.7
01363,895,94270,10.2,15.0,27.0,33.9
01364,4136,113724,4.9,15.1,34.1,17.9
01365,4788,140929,4.3,9.2,30.7,32.4
01366,3211,28500,14.5,22.3,29.7,31.2
01367,1424,149541,8.1,21.6,22.9,38.7
01368,417,117162,10.8,5.7,45.2,20.7
01369,2496,87650,13.9,19.6,28.9,23.2
01370,2262,70098,13.4,8.7,30.5,19.8
01371,2845,96266,9.8,16.1,38.2,38.3
01372,1691,79682,8.9,22.4,47.8,36.5
01373,3211,93797,11.8,23.7,41.7,21.9
01374,4030,135633,7.2,8.7,39.3,36.5
01375,2096,146952,10.5,23.8,22.9,39.0
01376,1412,77995,3.3,6.4,38.7,18.2
01377,1385,95361,12.9,23.2,28.0,38.8
01378,4411,26981,15.0,20.4,39.2,37.2
01379,2483,107567,14.5,23.3,29.8,37.6
01380,3339,78075,7.3,12.3,22.3,16.5
01381,2239,40876,9.4,23.8,45.3,38.5
01382,1804,26982,5.8,21.4,36.6,39.9
01383,462,89368,6.6,11.6,28.4,32.8
01384,2704,149808,8.5,11.8,30.7,35.9
01385,1816,95791,12.0,12.1,38.5,27.2
01386,4551,101285,3.2,16.8,40.4,17.4
01387,4386,55214,7.7,8.6,34.6,26.8
01388,3838,119244,9.7,13.7,35.8,37.5
01389,2569,27019,5.6,6.4,23.2,26.1
01390,4895,83166,3.9,12.2,24.4,23.5
01391,656,127978,9.5,18.3,26.3,30.9
01392,925,65839,10.7,16.8,35.9,39.2
01393,2908,97516,10.7,11.3,32.6,29.2
01394,4621,68524,7.3,10.1,37.1,28.3
01395,2819,76984,5.8,11.5,25.2,26.7
01396,3608,34212,5.6,6.4,49.0,25.4
01397,3841,138518,3.5,10.2,38.5,25.5
01398,1674,116193,5.2,19.2,23.8,39.3
01399,4098,114022,12.8,8.6,31.1,22.0
01400,2229,88642,3.0,7.8,49.4,26.9
01401,2503,112911,3.5,21.9,49.0,18.0
01402,3429,133518,4.5,9.7,22.1,26.8
01403,688,45592,8.0,10.0,44.9,23.4
01404,2112,57203,7.0,14.3,39.3,27.1
01405,1647,61443,5.1,14.4,25.6,25.8
01406,394,85227,4.3,8.7,45.0,37.3
01407,2085,59547,14.3,16.1,39.2,30.2
01408,3217,116931,13.9,18.9,23.4,25.2
01409,1790,78848,12.3,14.7,45.4,24.8
01410,1236,127841,6.0,22.9,42.8,16.3
01411,2164,148107,6.9,24.8,20.2,20.8
01412,4555,107793,11.0,15.6,27.6,37.2
01413,4895,69610,6.5,24.5,28.1,24.3
01414,4643,54817,9.4,17.9,33.8,39.0
01415,4870,111686,10.8,15.6,26.9,19.1
01416,1107,110348,9.2,22.4,44.8,18.6
01417,2614,83635,8.0,24.3,41.1,36.9
01418,3626,136286,7.2,25.0,20.9,27.9
01419,4781,112524,12.3,20.2,41.2,36.3
01420,1347,36108,11.9,14.7,48.5,22.7
01421,4002,34219,11.4,10.9,34.8,21.0
01422,1535,143237,7.5,16.2,25.5,30.7
01423,671,115232,12.3,20.6,46.4,22.9
01424,2482,50317,14.5,5.5,39.8,15.8
01425,1345,28881,11.3,10.4,32.8,37.5
01426,2184,133005,7.9,12.1,32.4,35.5
01427,377,67202,12.6,20.6,28.5,28.1
01428,1987,144477,10.3,17.3,23.2,21.4
01429,4679,114365,13.5,13.5,46.2,23.2
01430,1365,45736,11.6,23.4,49.5,15.9
01431,4926,81623,12.2,15.8,48.4,18.1
01432,1140,84434,11.0,19.5,25.1,23.4
01433,1017,36109,4.1,18.1,32.6,35.7
01434,985,113979,8.8,22.2,28.8,34.5
01435,2852,96185,3.7,21.2,30.3,25.3
01436,121,69741,8.4,24.8,29.7,36.6
01437,4669,84056,11.6,12.6,47.9,29.0
01438,3291,117747,8.1,8.3,48.4,38.1
01439,2453,111928,3.0,20.2,21.2,15.6
01440,4899,86108,7.4,22.5,36.1,36.6
01441,786,97853,3.8,6.1,39.9,32.7
01442,384,82937,12.4,11.7,27.4,23.5
01443,4911,140721,12.4,21.1,21.8,32.5
01444,3847,101567,12.7,18.7,22.3,32.5
01445,862,139899,3.4,20.1,42.1,30.1
01446,2528,104499,3.4,15.9,31.0,37.8
01447,2607,57003,13.8,12.6,36.9,37.5
01448,128,145745,4.5,21.2,29.5,20.7
01449,1006,83749,11.0,16.1,44.4,20.9
01450,3204,30508,12.5,15.3,22.8,26.5
01451,4099,62785,8.4,19.7,20.5,31.9
01452,3094,86155,9.6,8.8,33.2,33.9
01453,2606,98658,5.7,16.7,32.1,39.7
01454,4765,49509,14.1,11.1,20.5,21.5
01455,3709,146167,6.6,5.4,44.9,28.4
01456,3653,134572,5.6,20.0,36.1,20.2
01457,1553,50497,9.3,14.5,45.2,36.3
01458,4933,39418,5.3,23.1,33.7,24.3
01459,3456,84383,11.2,15.0,38.6,38.9
01460,615,68159,9.2,5.2,20.8,33.0
01461,138,94598,4.8,13.2,43.5,33.6
01462,3442,71814,3.8,8.4,21.9,16.6
01463,986,97884,4.6,23.4,28.2,29.6
01464,2944,131246,4.6,13.9,34.1,16.1
01465,2304,32945,6.8,15.2,27.6,16.9
01466,1198,142926,13.0,12.3,21.8,38.7
01467,1923,26493,3.7,15.4,41.1,16.6
01468,3301,86517,4.5,6.7,31.8,38.4
01469,3255,103235,6.6,14.2,42.2,21.4
01470,3193,141265,9.6,18.3,27.2,15.5
01471,3630,108517,12.2,12.4,34.2,39.3
01472,3878,60196,14.1,12.9,30.6,26.6
01473,2996,36187,7.9,21.7,33.1,22.9
01474,3553,138429,4.3,15.7,49.2,25.0
01475,3611,41696,5.6,16.8,32.0,38.2
01476,1088,122119,6.4,10.9,35.4,21.3
01477,4216,101170,12.4,14.7,48.8,38.2
01478,4126,119093,11.2,6.1,21.5,17.0
01479,4279,64454,5.5,13.6,29.6,17.3
01480,1782,143763,13.1,21.1,26.1,27.4
01481,4765,90539,13.3,8.2,33.6,23.4
01482,4063,130365,13.6,20.3,23.6,15.5
01483,1033,66845,6.3,12.5,33.8,28.6
01484,3698,37380,4.6,5.5,28.7,21.9
01485,3333,46602,4.2,24.1,49.0,28.3
01486,2080,139879,7.8,8.6,24.8,29.7
01487,1955,92916,8.2,11.7,33.9,20.1
01488,3156,42619,13.4,14.6,40.6,35.5
01489,892,98298,6.2,24.0,38.1,27.2
01490,891,52854,10.5,16.6,29.9,33.2
01491,1909,70682,12.5,23.1,28.0,29.9
01492,2355,36225,6.2,16.3,32.3,28.9
01493,3710,82083,6.2,9.1,22.1,35.1
01494,1707,70628,11.0,16.3,30.2,23.2
01495,1084,60171,11.7,7.0,37.9,32.4
01496,3776,63789,14.5,7.3,49.7,20.1
01497,3480,81572,13.2,7.3,39.0,31.9
01498,619,130038,12.9,5.2,48.4,24.2
01499,690,103019,11.3,8.0,20.2,15.4
01500,1150,115373,4.4,12.1,43.2,37.0
01501,3733,92905,12.7,6.4,33.9,17.3
01502,4544,27467,14.2,5.1,38.5,27.4
01503,1059,57241,7.7,7.2,30.7,33.6
01504,792,67894,6.8,23.7,28.8,17.3
01505,3999,144115,9.3,15.5,30.5,26.7
01506,4573,104143,14.5,13.7,38.0,18.6
01507,3046,59027,3.6,14.7,38.5,37.8
01508,626,136272,11.5,16.1,36.6,27.5
01509,3324,59822,12.8,7.2,32.2,26.6
01510,2353,41917,12.5,16.7,43.5,29.9
01511,3444,125423,9.8,21.7,43.9,26.2
01512,4065,42907,14.0,16.2,41.6,39.0
01513,1975,134161,4.6,22.7,25.2,33.1
01514,1863,68146,5.9,7.8,31.1,36.2
01515,620,110377,6.7,21.5,47.3,17.8
01516,1116,60357,3.1,18.3,34.0,37.0
01517,216,62187,7.4,17.1,35.7,27.3
01518,2533,97628,4.9,16.8,44.6,31.1
01519,683,64512,11.7,7.4,48.2,30.4
01520,494,125244,8.0,17.8,48.1,30.7
01521,3888,110656,11.5,13.0,27.7,32.3
01522,2868,74224,6.5,6.3,22.2,20.2
01523,4267,109807,4.6,9.1,35.6,27.9
01524,3960,71468,4.6,13.9,40.9,20.8
01525,373,30357,5.4,24.9,43.0,17.6
01526,2113,116099,4.4,13.6,40.0,32.7
01527,4533,91881,5.6,8.0,22.7,28.3
01528,1489,34978,9.9,23.0,30.0,16.5
01529,3666,38616,6.1,5.7,20.2,33.0
01530,4802,99759,7.1,7.5,43.8,20.3
01531,265,123273,3.6,14.5,22.6,28.3
01532,1667,141694,13.7,6.9,38.0,19.6
01533,828,34422,4.7,16.4,30.3,32.0
01534,2143,33602,7.2,8.2,33.8,17.5
01535,4297,35497,7.6,18.0,28.8,29.3
01536,3596,75971,12.3,7.4,42.2,38.2
01537,878,146482,8.8,21.2,29.9,33.5
01538,313,114133,7.6,19.7,41.5,33.8
01539,3862,72229,11.4,23.5,31.5,35.1
01540,1676,93628,10.2,6.4,32.3,39.6
01541,2548,79441,3.9,16.1,36.4,15.1
01542,3036,93127,6.8,19.2,33.1,28.7
01543,3217,81735,14.7,23.1,37.7,37.6
01544,691,125806,8.8,14.6,47.5,35.9
01545,2820,99389,8.1,24.0,30.9,17.3
01546,813,116341,4.8,7.4,41.3,22.6
01547,1035,83700,13.1,13.7,46.2,18.9
01548,4437,44476,4.6,10.1,22.5,36.6
01549,101,97597,4.3,8.1,36.7,29.7
01550,2948,106697,8.3,10.7,23.6,35.5
01551,4144,92209,8.2,18.3,43.6,31.7
01552,2049,116200,14.8,14.7,31.1,26.8
01553,1017,118760,4.5,8.6,35.3,39.2
01554,3274,88575,8.8,5.6,36.0,35.9
01555,2341,121066,5.4,23.5,37.5,36.2
01556,189,85894,11.4,11.3,49.4,39.4
01557,1809,103890,7.7,7.6,35.4,18.7
01558,2269,96538,10.8,7.9,42.5,36.6
01559,4338,133456,7.1,10.1,49.3,33.5
01560,3141,32308,9.8,9.6,42.9,16.2
01561,205,134941,8.6,10.6,45.0,17.5
01562,986,146347,7.5,9.5,21.3,38.6
01563,527,58267,9.5,13.6,25.7,22.8
01564,1995,104126,7.6,20.3,40.4,18.8
01565,416,123629,12.7,5.5,47.1,37.8
01566,734,104265,8.9,8.8,21.9,34.8
01567,2025,54224,13.8,19.2,44.3,27.8
01568,2156,145721,5.7,8.0,25.6,32.4
01569,3244,91423,4.3,19.8,33.4,40.0
01570,2370,132491,7.6,15.3,45.3,20.8
01571,1539,126977,5.2,22.6,25.1,22.0
01572,652,101768,7.7,5.2,39.7,19.8
01573,815,131239,5.5,20.7,44.9,21.9
01574,4011,58696,13.4,16.4,38.8,17.7
01575,1813,85312,9.8,14.4,20.8,36.0
01576,3489,94939,9.0,7.9,39.7,19.1
01577,1207,39992,12.5,9.7,25.5,24.6
01578,4306,145114,4.6,20.7,25.4,29.3
01579,350,133418,13.3,8.0,31.7,36.4
01580,2530,32990,8.8,15.5,43.2,18.2
01581,2154,86909,4.6,9.2,22.9,31.2
01582,558,69215,12.8,14.8,34.6,35.5
01583,307,83998,8.5,10.1,46.7,36.8
01584,999,107544,10.3,12.0,34.5,38.0
01585,3561,121546,13.7,21.0,29.3,16.9
01586,3485,29344,13.7,5.7,28.4,26.6
01587,121,76523,13.7,23.5,49.6,25.9
01588,509,137058,8.0,11.4,23.2,15.1
01589,994,46083,12.0,16.9,32.4,33.2
01590,614,49634,5.8,9.4,42.5,34.1
01591,4209,30116,13.0,12.2,29.2,20.5
01592,2234,84660,7.1,14.2,45.3,36.5
01593,3695,87781,8.6,18.8,38.5,22.9
01594,3056,129541,13.7,22.5,33.8,22.8
01595,1660,132773,12.7,22.3,47.8,29.0
01596,1366,66646,14.4,11.7,31.2,20.4
01597,2269,114547,7.4,6.8,49.0,33.8
01598,3738,29610,4.8,23.5,22.2,21.5
01599,849,74684,13.9,5.6,21.2,29.5
01600,3527,85519,8.9,22.6,22.5,21.1
01601,4880,86248,13.7,5.5,22.6,23.6
01602,2027,62265,11.8,24.5,27.0,38.3
01603,3904,28852,13.5,5.2,32.2,26.6
01604,3802,122222,10.9,5.3,44.3,32.0
01605,2456,44788,12.7,15.2,31.7,20.5
01606,4890,126072,4.4,18.3,23.8,32.5
01607,2435,109575,14.6,12.1,20.9,39.4
01608,406,125444,5.2,17.1,36.7,32.7
01609,3765,32724,3.3,21.9,26.9,27.2
01610,2089,74725,9.4,20.9,30.8,18.0
01611,761,75717,11.5,22.7,27.3,28.4
01612,4744,71026,11.6,8.2,32.2,21.0
01613,411,34997,7.1,9.5,49.2,33.6
01614,3020,74588,12.0,16.8,49.2,23.2
01615,1182,35695,13.1,19.5,41.4,18.9
01616,3071,68422,10.3,7.1,27.1,18.5
01617,854,94125,7.6,8.5,45.6,18.7
01618,4230,88442,10.4,23.5,20.3,32.4
01619,4640,26398,13.3,5.5,35.4,16.2
01620,452,133050,13.8,13.0,46.3,39.1
01621,1002,98227,3.4,9.2,32.6,19.9
01622,3988,73500,4.5,20.5,27.4,23.3
01623,258,101479,3.1,22.3,38.8,19.3
01624,2077,104462,8.9,9.9,44.5,37.1
01625,1056,85273,8.2,16.8,40.1,15.9
01626,2171,70817,9.5,21.9,27.6,32.9
01627,503,86171,11.2,17.0,23.8,17.8
01628,4711,37113,7.4,17.0,28.2,40.0
01629,2879,55134,5.5,13.3,24.3,24.7
01630,1487,28266,7.7,18.1,48.8,23.1
01631,3553,31408,3.1,24.2,31.0,24.8
01632,1055,39842,13.0,11.0,49.0,24.1
01633,1812,36136,7.6,9.0,37.3,19.4
01634,4803,28497,10.5,24.2,40.7,36.8
01635,1373,86415,6.9,6.2,47.3,30.8
01636,3911,46340,10.4,21.8,49.8,23.7
01637,2725,59742,9.5,23.2,48.5,24.4
01638,2482,121944,5.5,9.4,33.4,16.9
01639,1541,132362,10.5,13.5,40.8,24.7
01640,3079,120330,4.3,7.5,31.7,34.2
01641,1897,99781,8.8,12.3,38.9,25.2
01642,4490,128714,11.6,14.1,35.7,26.3
01643,4109,114662,9.6,15.2,20.6,19.6
01644,4950,93070,12.0,7.4,46.0,18.8
01645,1494,81725,6.3,13.1,30.7,32.6
01646,4381,72018,3.6,17.5,33.5,32.0
01647,1369,147907,3.7,15.0,30.3,30.6
01648,4832,60985,6.2,21.8,34.5,34.3
01649,3814,109255,7.9,24.0,34.9,26.7
01650,629,78828,9.5,21.3,39.0,18.1
01651,3723,85341,12.1,5.9,31.3,28.7
01652,3058,80547,13.1,9.3,26.8,21.3
01653,3014,114249,11.3,6.8,31.9,32.5
01654,4989,70982,8.6,13.7,29.6,31.4
01655,3691,109077,6.2,19.5,37.0,21.3
01656,2247,104712,8.1,5.6,41.8,36.6
01657,4673,44075,6.3,10.3,41.5,37.4
01658,3469,146229,10.5,6.9,46.7,32.2
01659,1039,44726,12.8,13.2,26.2,25.5
01660,625,26555,9.2,23.5,35.1,30.0
01661,101,41659,3.6,13.3,38.7,23.3
01662,474,142424,14.3,17.7,35.5,23.6
01663,2440,55966,6.5,12.7,39.2,27.2
01664,4105,50923,14.0,19.6,45.7,22.8
01665,3152,93625,12.8,19.9,22.8,33.0
01666,4748,105279,8.0,7.8,31.2,18.5
01667,2465,98114,3.7,18.1,35.2,17.2
01668,1625,147656,14.4,12.7,35.7,28.3
01669,4576,125476,10.9,22.2,20.4,26.5
01670,1746,52967,6.0,8.2,37.3,23.8
01671,113,139840,9.4,22.9,40.9,37.2
01672,4699,141292,10.6,15.2,31.7,28.0
01673,2378,48185,5.7,10.1,47.4,35.8
01674,3255,65492,4.1,11.7,40.4,34.1
01675,229,68027,6.2,5.1,38.9,28.2
01676,3914,59594,3.6,24.0,26.2,36.1
01677,3316,148126,3.8,9.5,49.4,30.1
01678,3038,112429,4.9,23.2,34.0,20.4
01679,4028,42754,4.9,22.1,21.1,24.7
01680,2140,69507,6.0,12.0,22.2,37.3
01681,127,95858,14.2,9.2,30.1,23.1
01682,2213,46512,9.9,13.5,21.2,16.3
01683,1352,30811,8.1,23.7,25.1,37.9
01684,4456,59459,9.8,22.1,40.3,28.0
01685,2146,64442,3.1,14.8,30.3,34.3
01686,4655,51726,13.7,15.9,32.4,26.5
01687,4123,89757,9.4,13.2,48.6,30.8
01688,4496,101372,8.4,23.9,39.4,29.7
01689,3474,126694,14.3,24.8,28.8,17.4
01690,3566,142086,11.8,10.8,30.2,18.9
01691,3181,133777,7.0,24.0,48.4,35.8
01692,3878,34862,14.2,24.0,33.4,18.1
01693,729,123340,13.2,14.5,33.1,22.4
01694,369,134912,14.5,13.3,28.2,30.1
01695,2739,108547,4.2,22.4,29.6,37.9
01696,2093,60107,14.5,23.9,42.7,24.7
01697,2991,113080,9.5,13.0,44.4,28.0
01698,3532,39425,11.1,14.8,27.3,39.2
01699,1380,59139,5.5,11.7,48.2,33.8
01700,2460,58444,4.7,9.2,29.5,23.2
01701,675,95608,4.0,24.9,41.3,33.6
01702,1407,25252,8.1,8.8,38.6,23.6
01703,3292,126168,5.7,21.3,20.9,31.7
01704,3278,141304,4.0,13.4,45.8,19.5
01705,2834,35208,14.5,6.7,38.9,17.3
01706,2312,109151,11.8,11.5,37.4,24.8
01707,2452,80585,9.2,6.7,36.6,20.0
01708,3668,107680,11.9,24.6,40.0,35.6
01709,1755,110206,10.3,10.3,22.5,30.3
01710,1679,64069,5.1,19.9,42.7,16.7
01711,2303,81218,10.6,13.5,29.2,24.6
01712,1490,48218,11.2,18.6,32.6,25.8
01713,1842,58160,5.8,10.1,21.2,35.7
01714,2025,101819,6.8,6.9,24.1,37.2
01715,719,69502,7.6,21.2,44.2,25.3
01716,1374,50006,10.2,19.3,31.0,35.1
01717,1056,124300,4.5,7.2,41.8,34.1
01718,2039,64916,11.9,19.6,31.2,16.9
01719,4053,50667,7.2,17.0,46.0,18.0
01720,2481,140788,11.3,8.4,34.7,22.1
01721,1068,115213,14.2,21.5,29.7,32.4
01722,1416,101427,13.4,19.0,43.7,17.5
01723,1143,148772,11.9,15.1,37.1,30.7
01724,381,72688,5.3,8.6,36.9,15.0
01725,2944,105078,11.8,15.8,41.7,31.7
01726,1158,141948,10.6,8.3,49.6,38.9
01727,4393,39414,12.3,8.7,31.1,36.8
01728,2632,89624,13.4,9.8,36.0,34.4
01729,3928,149668,6.7,18.1,28.9,22.1
01730,1108,43564,10.7,18.6,31.6,16.3
01731,1329,30316,6.3,6.5,21.9,37.1
01732,1135,69056,7.2,18.0,32.0,18.1
01733,4685,103295,9.2,5.7,25.9,16.0
01734,375,86028,8.2,23.1,38.3,29.4
01735,2840,141468,10.2,20.6,21.3,28.3
01736,2389,53190,12.1,19.5,23.9,19.5
01737,1339,86357,10.3,9.8,36.1,28.0
01738,225,113353,14.6,24.8,32.3,21.4
01739,4165,67239,11.9,23.5,32.3,34.2
01740,4412,61776,14.8,14.8,36.2,35.9
01741,3968,97909,11.9,5.7,26.9,23.1
01742,1308,87938,9.1,15.2,24.3,38.8
01743,3349,73110,7.9,8.1,22.6,24.8
01744,1018,73195,11.8,16.9,46.4,38.2
01745,4023,61054,11.2,24.7,43.2,29.3
01746,4503,101409,11.0,20.1,31.1,19.0
01747,2069,127821,11.7,11.4,28.3,25.7
01748,2893,44012,13.5,12.9,35.6,23.5
01749,991,107458,5.7,23.9,22.5,34.9
01750,4570,104530,9.8,7.2,47.5,34.9
01751,2133,43164,10.2,22.8,37.3,35.9
01752,1464,31605,6.5,6.5,47.9,17.2
01753,228,102254,14.9,13.3,48.4,16.2
01754,1114,73109,12.4,19.9,36.4,37.8
01755,1899,60116,6.9,12.9,34.9,20.6
01756,4712,41145,7.3,16.4,29.1,24.4
01757,1618,46791,11.6,14.8,44.6,27.6
01758,4281,41120,3.1,17.1,48.4,38.7
01759,1298,48553,8.6,8.4,25.3,31.8
01760,3973,141648,7.1,16.6,43.5,23.0
01761,2574,41362,13.2,24.7,25.5,31.1
01762,3585,126395,12.5,8.9,25.4,39.2
01763,4149,139140,7.0,6.3,27.9,15.5
01764,3819,64865,13.4,12.8,40.8,20.1
01765,402,110482,14.0,12.5,22.1,30.5
01766,4052,62849,9.6,7.5,29.6,15.5
01767,4783,95437,4.9,16.4,35.7,36.7
01768,1086,125608,12.2,13.8,43.9,25.0
01769,1963,133996,6.8,21.7,30.0,34.6
01770,4540,27485,9.3,13.5,34.9,33.3
01771,3172,147616,3.5,24.7,38.9,30.5
01772,3224,84789,9.0,20.6,27.7,30.0
01773,1427,136768,7.6,14.7,47.9,39.8
01774,2508,147863,11.2,16.0,30.9,16.5
01775,3773,123952,3.5,22.3,42.4,25.5
01776,3391,35461,10.5,20.5,40.0,35.7
01777,4133,82042,12.3,18.2,39.3,25.9
01778,803,104548,3.2,10.3,32.3,33.6
01779,674,55131,12.0,13.2,46.0,34.1
01780,3332,77967,4.6,20.7,43.5,18.2
01781,4883,129583,11.4,17.5,36.9,38.0
01782,2732,34743,8.5,24.1,29.4,27.2
01783,3928,54447,9.6,22.5,36.8,33.7
01784,3330,149182,7.0,13.5,22.6,38.8
01785,588,27632,5.9,10.9,36.3,29.6
01786,1447,49287,3.9,7.5,41.0,31.1
01787,3781,52108,13.4,13.2,47.6,23.1
01788,3273,90057,10.3,9.5,41.5,31.5
01789,4689,124572,14.8,5.3,27.0,17.4
01790,1767,125077,13.2,7.8,21.6,21.3
01791,1737,69049,13.4,14.1,28.6,35.6
01792,4214,97556,10.2,22.8,31.9,27.1
01793,3653,61395,4.0,11.4,20.4,17.3
01794,1100,140854,14.0,13.8,48.4,34.9
01795,950,93084,4.4,12.7,37.6,34.3
01796,1488,124854,9.2,12.4,48.4,18.2
01797,3812,43524,13.3,19.5,30.4,29.3
01798,1467,63270,8.7,15.1,41.5,32.1
01799,921,80160,5.0,13.2,39.3,21.2
01800,554,64190,7.5,23.9,27.3,37.6
01801,1724,30846,14.9,10.5,28.2,28.5
01802,2872,110440,15.0,21.7,32.1,39.5
01803,3826,147616,11.5,15.3,25.8,38.3
01804,3247,97661,13.7,13.8,29.9,38.3
01805,4189,135150,3.5,6.3,37.1,19.7
01806,4906,33812,6.3,22.2,27.3,24.8
01807,2290,95943,7.4,10.4,28.6,15.5
01808,1016,142211,3.1,18.6,46.9,35.7
01809,4086,122137,7.5,22.5,34.2,29.0
01810,2975,29767,4.1,15.7,41.3,21.1
01811,1540,98898,9.2,17.8,28.1,33.9
01812,4500,47028,3.1,11.8,37.9,38.2
01813,835,43803,6.2,19.5,40.5,29.4
01814,3668,35971,13.4,18.1,29.1,28.8
01815,3438,132912,5.6,13.9,33.1,28.0
01816,3115,145765,3.8,17.7,45.3,39.7
01817,2989,105056,6.0,10.3,41.1,33.1
01818,1061,114597,12.9,18.2,46.8,33.1
01819,3089,73559,10.0,18.5,25.6,20.4
01820,3948,124242,10.0,13.9,40.2,32.3
01821,1126,111850,3.0,10.0,20.5,35.4
01822,3965,80504,8.7,21.1,27.2,17.8
01823,2963,89481,6.2,20.1,21.8,35.0
01824,2601,146631,7.0,6.1,42.7,39.3
01825,2047,88486,10.2,14.9,35.2,30.2
01826,1277,89840,13.5,6.8,35.1,35.9
01827,4860,104208,5.2,11.4,32.2,30.0
01828,111,67991,12.2,13.4,21.7,15.0
01829,4499,48995,3.6,8.5,42.9,29.1
01830,3464,49448,6.9,14.4,41.5,38.7
01831,3122,120672,5.6,19.1,41.5,30.8
01832,3471,56088,14.0,13.7,49.8,30.7
01833,2930,28177,5.1,9.7,45.2,34.4
01834,142,52347,9.9,13.3,28.0,27.3
01835,1043,40684,5.0,16.8,24.4,36.5
01836,2490,46735,8.7,23.7,33.5,23.9
01837,2645,30100,8.0,15.0,45.0,27.5
01838,2511,127100,3.5,22.8,24.7,38.1
01839,1104,44268,12.9,24.7,43.3,36.4
01840,120,67691,12.4,16.2,48.2,19.1
01841,506,108192,6.3,7.9,24.2,30.6
01842,1114,104164,10.4,22.5,40.5,36.6
01843,4531,31407,7.4,22.2,26.4,39.8
01844,1938,141440,12.2,22.4,49.9,39.9
01845,3288,49054,11.3,24.0,46.7,25.0
01846,814,65198,4.1,10.5,31.1,34.6
01847,4246,51532,13.1,11.7,21.3,39.6
01848,3954,69447,5.2,18.7,21.4,34.0
01849,4519,120120,5.1,16.3,34.8,24.4
01850,4984,108611,11.8,22.4,48.7,29.5
01851,240,53741,5.2,10.1,45.4,36.0
01852,4665,34449,4.5,18.2,34.4,36.1
01853,4982,148311,7.0,23.8,26.5,32.1
01854,1063,46557,13.1,9.3,22.0,23.1
01855,472,86609,5.1,11.1,31.5,35.9
01856,3735,51659,7.1,13.1,44.5,19.4
01857,2641,28905,6.4,6.7,34.6,33.3
01858,3710,63814,7.3,8.5,34.2,39.9
01859,1792,63848,11.6,12.6,34.3,39.5
01860,205,119466,7.9,6.5,26.3,21.1
01861,1781,101026,12.1,12.3,44.3,36.6
01862,4197,80308,10.7,9.9,42.6,16.4
01863,4116,146502,7.3,22.3,29.0,28.4
01864,2736,97220,8.2,17.2,25.5,18.1
01865,2237,59872,11.4,23.0,43.7,33.9
01866,3516,144787,9.4,9.1,49.3,22.4
01867,4545,34376,13.4,6.6,24.2,15.9
01868,3630,123740,14.2,12.1,24.8,26.9
01869,1386,72881,11.6,6.1,37.7,29.3
01870,3279,111245,14.9,22.7,34.5,37.7
01871,3754,38118,10.2,8.8,24.6,36.4
01872,2459,136432,3.5,7.8,38.0,34.1
01873,544,54888,9.1,20.8,20.7,16.0
01874,135,119827,5.8,19.2,34.8,28.0
01875,1575,72460,7.0,6.1,23.5,34.3
01876,4057,117511,8.9,15.2,31.4,37.5
01877,1898,130312,6.5,14.0,49.5,29.9
01878,1945,136873,6.7,12.7,31.0,33.5
01879,1508,82965,7.8,7.5,30.5,23.6
01880,1808,53289,6.4,20.7,33.0,23.3
01881,3038,66594,5.0,9.8,36.6,27.8
01882,1400,52588,12.2,14.2,20.3,30.2
01883,1343,141681,7.7,22.6,44.5,39.3
01884,4076,125979,13.0,11.4,28.9,17.3
01885,3197,80013,13.6,5.7,45.4,36.9
01886,4716,60108,12.0,22.8,24.2,28.1
01887,109,116521,7.8,14.9,32.9,15.2
01888,2525,61584,11.7,14.9,49.6,29.6
01889,1760,83172,4.9,16.0,25.8,31.8
01890,2731,60049,10.9,8.6,35.4,23.7
01891,4915,81615,7.9,19.3,29.6,24.3
01892,1172,96358,10.9,9.6,39.4,34.1
01893,3325,50112,12.1,11.0,22.2,26.0
01894,1416,116514,9.8,17.6,44.2,16.3
01895,4245,41037,10.7,20.0,39.1,15.9
01896,3783,33996,5.6,19.6,46.1,16.4
01897,3373,104860,10.1,6.7,42.8,19.7
01898,245,102009,8.5,20.1,24.1,35.2
01899,3140,48066,8.1,18.3,46.1,37.7
01900,1562,115963,7.9,17.1,31.7,23.2
01901,4776,65865,6.7,24.3,34.7,33.8
01902,1684,74707,6.7,11.9,21.8,39.8
01903,582,33067,11.4,18.7,26.8,36.2
01904,3279,30341,9.7,16.5,28.7,30.5
01905,1349,46427,3.4,12.8,44.2,17.4
01906,4868,105694,3.6,20.8,34.3,36.3
01907,730,86667,9.8,13.1,30.9,17.5
01908,761,51440,13.2,16.2,48.5,20.6
01909,3603,147088,3.5,16.2,27.1,27.3
01910,2952,106163,9.1,15.2,34.5,17.5
01911,2566,129333,13.2,14.1,27.8,25.9
01912,1087,86693,3.1,8.4,27.0,23.5
01913,1646,113738,6.3,9.8,46.6,21.0
01914,749,104877,14.0,7.5,36.9,26.9
01915,1068,92630,4.0,19.5,20.0,19.2
01916,2737,143166,10.3,19.9,24.4,16.8
01917,1200,44314,9.1,17.8,46.4,34.2
01918,540,68587,4.8,23.4,21.9,25.6
01919,869,115365,3.5,10.3,46.8,18.5
01920,1443,28520,9.0,21.4,26.2,37.0
01921,4458,74210,11.8,8.7,49.4,37.5
01922,3829,57136,5.1,6.4,38.7,19.0
01923,4006,77854,11.3,5.0,49.4,16.0
01924,1677,84065,9.6,16.6,35.5,37.7
01925,4108,43991,7.3,20.6,43.5,31.1
01926,3451,30110,11.0,21.5,28.2,37.3
01927,4895,71270,5.3,14.4,24.7,16.9
01928,2449,66224,8.5,6.2,23.1,17.3
01929,3702,125011,9.6,5.7,30.0,37.0
01930,1341,137173,8.5,23.3,31.6,33.8
01931,1225,85558,7.8,6.9,29.6,26.4
01932,2701,109213,11.9,20.7,48.8,34.4
01933,1290,134783,10.9,6.4,24.2,31.5
01934,4231,60252,10.7,8.7,26.0,34.0
01935,4939,76887,13.7,8.3,26.1,15.3
01936,4548,57583,14.9,10.5,42.0,25.0
01937,172,101251,9.8,13.1,40.0,38.0
01938,2014,110375,7.2,7.5,25.3,31.9
01939,2572,140625,12.3,24.5,20.8,16.1
01940,3146,58645,4.7,5.0,21.2,39.9
01941,807,68664,9.2,20.4,27.3,39.8
01942,1904,99274,9.3,15.5,42.7,26.5
01943,3813,60230,14.8,6.7,46.9,37.3
01944,2664,123095,14.9,7.4,47.1,25.4
01945,2575,62261,12.6,16.8,33.0,22.0
01946,3710,135074,8.7,11.3,44.7,39.4
01947,4355,122432,9.6,14.0,41.6,34.6
01948,2923,129439,6.8,16.0,22.2,27.3
01949,1835,49365,13.0,16.5,47.6,26.1
01950,1685,135127,12.0,16.7,36.3,17.1
01951,166,109135,12.3,6.4,33.9,35.8
01952,3161,73817,4.7,19.8,37.6,21.2
01953,2528,86190,7.8,10.9,25.3,17.8
01954,4253,145414,9.4,7.3,24.8,32.7
01955,441,47331,4.5,7.0,33.1,29.0
01956,2874,122058,7.4,9.7,37.2,32.0
01957,2917,49805,4.0,17.6,21.7,18.4
01958,2761,54374,14.5,14.4,22.6,18.1
01959,1332,42811,12.0,7.1,48.2,19.1
01960,3974,129591,10.4,5.6,30.7,29.1
01961,2501,139581,5.5,5.5,23.3,21.5
01962,1594,43083,7.0,13.4,24.5,30.1
01963,4311,71610,4.7,20.8,31.9,27.7
01964,761,37161,9.4,16.5,45.4,24.9
01965,3983,39403,12.8,21.2,30.4,15.7
01966,3719,141833,3.2,11.4,42.0,35.4
01967,1968,147886,4.2,7.8,28.7,16.7
01968,2434,97494,5.8,21.1,33.4,31.3
01969,3474,78424,11.6,19.6,27.4,24.0
01970,1116,50805,13.7,16.8,42.0,33.2
01971,4506,119506,12.0,22.8,43.6,21.9
01972,307,125127,9.3,17.6,33.8,23.9
01973,2765,143672,4.3,15.5,41.5,39.5
01974,2593,35468,12.1,15.0,29.6,24.7
01975,732,36135,4.3,17.3,33.8,30.3
01976,2202,82974,7.2,15.3,46.3,38.8
01977,3059,115381,6.7,10.5,21.4,32.7
01978,3183,88135,7.3,24.1,33.7,24.6
01979,4852,89699,7.0,24.2,21.7,24.7
01980,2031,45155,12.2,8.3,33.0,25.7
01981,3819,120027,5.1,15.6,35.6,25.4
01982,2662,91036,13.2,20.8,42.7,23.8
01983,1779,46990,13.3,6.1,29.2,29.1
01984,336,98475,8.9,7.5,43.5,35.0
01985,4543,46991,4.3,15.9,21.7,29.7
01986,4825,71045,9.9,5.6,26.9,21.2
01987,1640,104325,12.9,21.7,38.1,32.6
01988,4043,44134,6.5,22.5,20.2,27.9
01989,463,75464,13.1,19.7,39.2,30.5
01990,2468,109073,11.1,21.4,41.6,32.7
01991,385,62504,14.8,18.4,45.3,26.6
01992,248,25608,12.9,7.8,42.9,25.0
01993,4137,69003,5.4,5.6,48.0,36.7
01994,4651,144792,8.4,22.0,35.9,36.5
01995,1866,104423,4.2,19.1,42.3,32.7
01996,4995,43047,3.8,13.0,44.3,23.3
01997,1112,28294,11.5,20.9,39.0,33.0
01998,2931,145612,14.0,6.1,47.9,25.8
01999,2607,141685,14.7,11.4,34.2,32.4
02000,1623,117541,6.2,11.8,26.8,20.2
02001,2885,105709,5.4,7.1,27.9,15.2
02002,2656,47406,9.7,19.8,30.8,18.1
02003,3825,117823,5.4,20.6,42.1,30.0
02004,4676,110105,6.6,16.7,36.7,25.7
02005,1701,59299,13.0,13.4,48.0,23.8
02006,2508,72043,12.7,17.1,47.0,37.1
02007,440,54750,13.7,23.0,33.7,19.3
02008,2917,61984,8.8,12.2,31.9,36.7
02009,2596,81536,9.8,11.7,49.1,27.4
02010,1825,28706,12.2,17.5,34.4,39.4
02011,1789,36266,5.9,18.7,49.7,22.8
02012,3367,114179,12.9,14.2,27.1,35.5
02013,4506,111422,3.2,22.2,46.7,27.9
02014,361,148555,12.6,12.0,28.1,21.0
02015,1542,72544,12.3,17.8,39.3,36.5
02016,505,100382,6.6,18.4,50.0,28.9
02017,2290,103255,11.7,10.9,37.2,35.0
02018,4537,111924,5.6,5.4,44.8,30.6
02019,343,70116,9.9,21.5,27.5,16.8
02020,4685,89213,11.4,14.6,36.9,30.1
02021,4207,110464,11.6,6.9,34.0,15.4
02022,660,71326,14.8,24.2,31.2,33.5
02023,4237,94354,5.2,10.9,21.8,22.1
02024,2825,33087,8.8,14.5,42.3,26.3
02025,693,146770,13.6,14.7,49.3,18.3
02026,1926,138508,9.7,12.4,38.7,18.2
02027,3329,126747,13.5,8.0,22.3,32.3
02028,3387,73416,8.2,19.1,40.0,17.1
02029,4173,112629,12.5,8.9,50.0,27.3
02030,233,91583,13.4,18.6,42.5,30.8
02031,3238,68413,13.2,21.0,32.7,25.0
02032,4019,149211,13.5,5.5,49.4,27.7
02033,172,135578,5.6,19.6,47.3,37.8
02034,4594,109580,8.3,17.8,43.3,33.5
02035,4325,122651,5.1,8.9,47.9,34.0
02036,3078,98466,5.2,17.4,43.2,36.3
02037,4461,106530,8.9,13.4,49.3,24.6
02038,2085,51838,14.5,6.7,42.8,20.2
02039,892,86701,10.1,15.5,24.4,17.0
02040,4359,130362,13.2,24.5,23.0,33.7
02041,194,139507,14.2,18.0,27.4,21.6
02042,1233,64034,4.0,11.6,24.1,26.1
02043,337,115875,4.9,16.3,36.9,21.0
02044,3046,35559,6.5,19.8,39.8,29.7
02045,2630,82229,10.4,8.1,23.7,20.3
02046,2060,28408,3.7,15.6,20.2,31.0
02047,1148,145989,12.4,15.1,40.9,33.1
02048,2629,48878,3.8,12.5,21.5,17.6
02049,3064,43068,4.9,19.9,41.6,37.7
02050,1063,71144,7.6,16.3,22.1,36.6
02051,636,86808,9.7,19.0,48.9,39.0
02052,4323,124173,13.6,16.9,27.5,19.4
02053,3779,128427,14.6,20.6,22.0,38.6
02054,4287,52309,13.6,17.7,38.7,39.8
02055,3824,57391,4.3,18.6,41.7,24.7
02056,642,116025,10.6,9.5,47.7,17.4
02057,945,80027,8.3,21.9,44.8,37.4
02058,3703,118243,4.5,8.1,28.4,19.5
02059,3136,114132,9.7,11.8,26.0,24.6
02060,2594,113647,7.3,22.8,29.2,27.6
02061,4585,83974,7.1,7.2,27.2,27.6
02062,2819,107462,4.1,22.3,41.6,31.0
02063,1984,59971,14.7,14.5,41.0,20.7
02064,4238,109855,11.7,8.7,36.8,23.3
02065,4449,107671,6.4,19.7,22.1,23.8
02066,3301,125415,14.0,10.7,48.6,22.0
02067,2810,148300,14.4,18.6,30.5,39.8
02068,2053,97812,12.7,20.8,44.4,36.5
02069,4837,116598,10.9,16.4,43.9,36.2
02070,3950,79851,7.5,20.7,28.9,24.6
02071,789,74698,8.2,23.7,27.4,28.8
02072,2050,105122,8.5,16.0,36.1,16.6
02073,556,46345,14.4,8.0,30.7,19.6
02074,2230,109477,12.1,19.2,47.6,39.6
02075,4076,92107,6.5,13.2,47.4,25.6
02076,4344,64352,10.5,15.6,43.2,27.0
02077,1279,82797,10.1,17.5,20.6,28.9
02078,4385,76843,12.7,19.3,45.4,37.2
02079,3665,146648,4.1,17.8,39.7,37.3
02080,982,34949,11.4,9.7,35.7,34.0
02081,499,62542,7.0,20.0,31.7,29.2
02082,708,103097,4.6,21.1,38.5,28.6
02083,1738,57827,11.8,5.8,27.7,28.9
02084,2248,119549,7.0,11.2,37.3,35.2
02085,1482,116529,11.8,24.6,39.5,39.8
02086,1503,137406,4.9,8.6,40.3,19.6
02087,919,113131,14.8,8.7,32.6,37.0
02088,3392,108258,12.6,16.8,22.1,33.0
02089,919,115578,6.5,11.8,32.5,24.5
02090,519,32001,11.9,18.1,47.0,21.8
02091,4319,117422,4.6,10.3,36.1,17.6
02092,4617,32948,10.8,13.5,21.2,19.0
02093,3402,122410,3.7,25.0,31.2,29.2
02094,1608,109391,7.0,12.5,38.5,17.7
02095,867,138930,14.7,6.7,28.4,31.9
02096,2144,50295,4.5,19.8,25.6,28.9
02097,2239,50811,10.2,16.8,37.3,27.9
02098,3129,66522,3.8,13.9,38.2,23.2
02099,1649,66942,11.0,23.2,33.8,30.5
02100,1864,85310,6.3,7.9,22.8,17.5
02101,2745,84679,6.7,14.8,42.2,32.5
02102,3816,144208,7.1,8.8,42.7,37.4
02103,4705,54225,5.5,6.7,31.7,32.0
02104,4581,136350,14.3,13.8,20.3,35.5
02105,2393,131405,13.9,23.9,39.1,20.2
02106,4937,75882,13.4,19.4,49.3,24.1
02107,2808,45723,4.3,9.7,34.6,36.8
02108,1000,98415,5.8,14.3,40.6,21.7
02109,3184,147725,10.3,20.9,35.8,30.2
02110,2109,131104,14.6,8.9,27.1,29.6
02111,341,142735,10.3,9.1,30.2,28.2
02112,2485,100085,6.9,8.6,48.8,32.8
02113,4368,84719,12.8,17.1,37.9,32.0
02114,771,117874,4.6,5.6,25.6,27.2
02115,263,144913,13.6,16.8,21.5,32.8
02116,564,108705,14.7,21.5,21.6,29.6
02117,3142,137502,14.6,20.7,35.0,37.7
02118,4692,59730,4.8,18.3,23.2,32.4
02119,4895,40136,9.6,9.4,45.0,28.2
02120,2542,130550,10.0,21.3,30.3,23.2
02121,4898,67148,5.3,24.1,31.5,29.7
02122,2455,96501,9.6,8.7,30.3,38.5
02123,4378,93214,10.8,23.2,36.1,39.5
02124,4824,113025,6.9,22.1,49.9,21.3
02125,2657,136672,6.8,24.6,46.9,19.8
02126,645,87399,3.7,11.4,27.0,33.5
02127,4819,68967,14.5,23.7,46.9,37.1
02128,3935,63075,12.6,8.6,37.5,37.8
02129,693,44507,12.1,8.5,41.9,28.0
02130,4939,126447,3.3,7.1,35.6,26.1
02131,3904,126104,10.5,13.6,39.8,30.1
02132,1559,74475,5.2,5.2,31.8,25.9
02133,3593,86027,10.9,12.6,28.5,30.9
02134,2701,57081,10.5,17.5,35.1,28.0
02135,2544,141890,13.2,6.6,34.3,26.0
02136,2772,113122,6.1,21.4,31.9,18.4
02137,4300,147130,3.3,10.9,43.7,33.7
02138,116,125098,14.0,5.9,41.5,26.4
02139,3291,133744,13.9,12.5,28.6,28.1
02140,492,27342,8.5,7.8,25.9,15.7
02141,524,69360,3.9,20.9,20.1,35.2
02142,671,35167,9.0,11.7,49.4,21.9
02143,3731,87853,9.3,7.3,30.6,31.6
02144,1220,142733,12.9,14.1,38.4,23.1
02145,341,124611,11.6,14.0,42.4,32.1
02146,3997,73303,3.8,10.5,26.2,39.5
02147,4195,138249,11.5,11.5,40.0,38.1
02148,2379,137988,4.6,20.4,23.4,23.9
02149,888,91991,4.1,17.8,22.9,15.5
02150,814,83306,7.8,9.3,29.1,20.7
02151,4954,51293,3.9,24.0,29.6,22.7
02152,2949,133925,13.0,11.1,25.4,19.9
02153,875,128695,8.6,15.7,34.0,37.2
02154,4126,27539,10.0,16.4,38.5,22.7
02155,2347,126922,9.9,9.3,47.8,24.4
02156,178,125682,14.7,10.8,41.1,21.6
02157,4026,115986,14.0,14.6,35.7,28.0
02158,955,43589,13.2,10.1,36.2,29.7
02159,2248,37719,7.6,11.1,37.2,37.2
02160,1131,124443,4.7,17.3,28.6,32.4
02161,3371,28591,10.1,19.7,42.3,26.9
02162,3676,46098,8.3,21.0,39.6,23.4
02163,4282,95250,5.7,7.4,34.7,15.0
02164,3556,134169,4.2,19.7,26.4,29.9
02165,3606,116657,8.2,23.7,45.5,18.1
02166,507,117955,10.8,16.6,25.9,31.8
02167,2811,54603,10.5,17.1,25.9,37.3
02168,3188,29667,12.3,24.1,24.4,25.2
02169,1768,98993,8.6,22.4,49.9,22.7
02170,247,139061,6.9,16.2,27.3,28.1
02171,4427,98829,9.5,20.3,45.5,22.1
02172,3997,89574,14.7,8.6,21.0,17.8
02173,2050,73100,3.5,13.3,41.2,34.6
02174,465,49238,9.3,19.3,20.9,21.6
02175,1774,114078,7.0,10.8,38.7,17.2
02176,4631,89311,4.3,14.1,28.0,20.2
02177,4594,110893,8.2,8.5,22.1,23.3
02178,2646,51110,10.7,23.0,28.2,33.7
02179,662,125573,9.3,22.9,23.7,39.1
02180,3662,109403,3.4,14.6,26.6,22.2
02181,2589,108133,9.9,8.8,40.6,34.4
02182,872,144423,5.8,18.6,45.0,18.7
02183,2137,36184,7.1,9.3,33.1,39.4
02184,3523,111349,6.7,9.6,32.5,19.9
02185,2667,50482,13.3,24.4,33.9,31.5
02186,1673,116693,3.6,7.0,34.1,15.1
02187,3794,67564,7.2,12.6,27.0,35.2
02188,3391,40660,7.7,16.1,49.7,33.7
02189,1346,105222,10.4,7.2,40.0,22.1
02190,3819,129299,12.5,5.8,43.2,17.0
02191,3939,123873,11.7,15.8,33.3,25.9
02192,459,49479,12.0,7.3,42.8,16.2
02193,2476,89215,5.3,10.0,40.5,16.3
02194,3109,124849,13.9,14.9,44.8,35.8
02195,3093,91444,8.0,11.9,21.3,28.5
02196,1062,62230,3.1,19.2,21.4,17.4
02197,3732,94619,11.0,24.2,37.1,38.6
02198,1927,28340,10.2,20.1,31.4,30.4
02199,1713,130251,4.5,25.0,44.1,35.6
02200,1740,56829,14.5,12.8,25.0,31.3
02201,2316,32039,9.7,11.1,27.5,36.2
02202,4412,130416,8.6,9.3,32.6,21.6
02203,477,142113,7.8,22.7,46.8,22.7
02204,4314,101946,5.5,12.8,24.0,26.0
02205,4385,32155,14.4,19.2,43.3,29.4
02206,469,116125,11.4,18.5,49.7,19.2
02207,2296,64438,9.8,6.1,42.5,31.1
02208,3847,141560,10.6,22.6,36.5,38.9
02209,751,128213,13.1,14.7,36.7,36.8
02210,869,98933,10.6,9.5,24.9,21.8
02211,2521,138896,4.4,24.6,33.2,27.0
02212,880,140503,11.4,20.1,35.9,28.7
02213,1816,139753,9.8,17.3,35.0,30.8
02214,4083,37237,14.6,24.8,23.3,32.3
02215,1411,125355,11.8,20.1,24.6,33.7
02216,3459,25002,7.1,7.4,27.6,35.4
02217,622,147114,4.6,24.8,35.6,17.4
02218,621,71794,8.8,17.0,24.8,36.4
02219,4978,90860,11.2,11.0,28.4,21.7
02220,2420,87703,5.1,21.4,30.3,23.1
02221,1035,63902,10.8,6.0,40.1,21.1
02222,2330,107524,12.9,18.1,30.0,27.0
02223,4140,46275,4.9,8.2,40.9,21.5
02224,4683,76734,11.5,6.8,24.5,31.4
02225,3797,88261,3.8,12.1,28.5,23.6
02226,2937,57061,3.1,12.1,32.7,32.7
02227,4183,60890,3.4,17.0,28.0,35.3
02228,2561,114896,10.6,16.3,25.5,27.4
02229,3343,106365,14.7,18.8,49.2,31.9
02230,3459,44498,12.3,8.5,39.7,37.9
02231,785,102003,6.1,22.4,20.6,36.7
02232,2260,90882,3.9,22.2,25.6,24.4
02233,4088,38369,10.4,9.3,39.8,35.2
02234,4166,70114,3.0,14.5,30.6,27.9
02235,1667,85071,12.5,14.8,35.3,22.0
02236,138,38997,5.9,23.4,44.0,24.6
02237,2644,68518,6.6,23.1,23.5,29.4
02238,4975,134885,7.1,6.3,39.2,30.5
02239,1356,126747,12.2,24.2,34.7,37.4
02240,3090,141942,6.2,6.4,26.8,16.8
02241,2296,49686,6.4,16.0,29.7,23.7
02242,3568,123326,9.5,11.2,20.8,20.9
02243,2808,87891,8.6,12.8,49.4,17.6
02244,401,110736,14.5,17.5,23.8,19.2
02245,746,100691,6.2,16.7,42.4,23.3
02246,4858,38074,4.1,8.3,33.1,30.3
02247,1859,43091,9.5,24.4,34.0,33.3
02248,4451,134578,5.2,5.6,37.8,27.4
02249,697,31715,8.0,11.9,47.4,17.2
02250,761,63821,5.2,21.0,36.8,34.3
02251,4430,45199,13.6,22.0,44.1,27.9
02252,1468,115858,6.9,20.9,45.3,34.3
02253,2681,91050,12.3,12.4,39.5,21.3
02254,3968,80439,14.4,18.5,39.2,21.8
02255,3637,28039,14.3,20.3,45.9,20.2
02256,4965,30861,9.3,16.6,21.5,20.0
02257,4408,90032,14.8,18.6,39.1,27.3
02258,4658,77008,10.9,16.1,35.6,28.5
02259,382,109261,4.5,6.1,28.0,19.0
02260,3778,82668,13.7,10.5,43.4,39.9
02261,1586,64104,8.6,19.1,28.9,27.1
02262,4182,61130,4.8,9.8,43.4,23.8
02263,4283,147494,12.5,14.1,47.4,36.3
02264,560,61258,10.5,15.7,37.2,35.4
02265,2425,142195,13.6,18.4,44.1,20.8
02266,3854,55691,12.9,10.2,27.8,36.1
02267,2568,115068,6.8,16.9,24.7,22.1
02268,1824,128471,6.1,16.9,37.0,16.7
02269,1476,93714,11.8,21.9,32.8,15.8
02270,2843,48815,9.9,16.0,32.7,28.0
02271,614,110244,3.8,10.9,23.8,23.5
02272,802,116674,5.2,15.5,48.1,34.1
02273,1753,108464,4.8,7.1,23.2,28.4
02274,2166,112771,10.1,17.2,28.7,34.5
02275,122,134725,4.0,23.3,34.2,32.2
02276,2560,50101,5.5,15.6,42.3,39.6
02277,1404,120126,9.5,10.8,38.8,27.0
02278,3400,129476,4.6,13.1,22.2,23.5
02279,461,111553,6.0,23.0,21.4,19.6
02280,3827,100477,13.9,21.3,37.1,31.4
02281,1384,145974,11.4,21.1,20.4,28.5
02282,614,50416,6.7,16.3,36.9,32.7
02283,548,109185,13.5,12.9,25.5,34.6
02284,1955,136184,6.0,7.6,25.7,31.3
02285,3662,99440,10.1,24.5,25.4,35.5
02286,2620,66026,7.4,8.6,43.2,20.3
02287,3181,50336,12.0,10.0,34.2,37.5
02288,1528,145975,7.5,20.3,26.4,21.0
02289,4067,30260,6.0,12.0,21.9,23.3
02290,1022,38657,10.3,16.7,33.3,18.1
02291,3237,148344,11.9,20.2,35.9,19.4
02292,2259,127495,9.4,16.1,37.8,32.6
02293,2647,54079,11.6,14.8,22.6,18.7
02294,3079,101917,8.1,6.0,31.2,39.7
02295,2381,106592,12.5,14.8,30.3,38.6
02296,2749,46283,10.0,14.1,29.9,16.7
02297,413,26467,5.4,22.6,46.7,34.7
02298,2713,111772,13.7,13.9,30.9,24.5
02299,3183,31101,13.0,17.6,39.1,35.2
02300,2356,98083,14.6,20.5,46.5,16.7
02301,1137,27760,9.8,14.4,20.1,30.6
02302,3589,129725,11.1,10.2,42.2,32.9
02303,2734,37648,13.4,22.9,39.5,36.2
02304,4083,59161,3.6,22.9,47.3,37.2
02305,1878,126997,13.9,23.0,33.6,15.3
02306,3995,135803,6.3,10.5,48.7,33.7
02307,1224,112298,3.7,11.3,34.0,18.7
02308,797,43083,5.9,23.4,22.0,28.4
02309,2279,42504,10.0,7.5,43.0,24.3
02310,1504,63097,3.6,18.1,20.7,20.6
02311,1143,75723,3.0,10.8,49.0,22.6
02312,2029,103601,10.7,19.4,20.0,21.5
02313,1113,73739,8.4,21.7,41.1,20.7
02314,326,137660,13.1,13.2,23.1,31.3
02315,1928,107648,6.1,8.0,35.1,23.6
02316,2123,36696,6.4,19.6,23.6,37.4
02317,2552,107535,3.9,6.1,37.2,28.5
02318,2185,123674,9.5,5.3,36.8,28.0
02319,4383,130071,7.4,22.5,22.0,38.1
02320,1180,112258,7.1,21.3,24.4,36.9
02321,2420,120735,8.5,16.6,41.4,15.7
02322,3290,87071,13.2,18.3,40.0,30.2
02323,2730,119968,4.3,24.1,28.7,30.2
02324,2663,79094,9.3,6.3,25.5,38.1
02325,3392,99675,5.4,9.3,40.3,32.8
02326,4721,75271,5.5,19.6,36.1,26.2
02327,3686,67415,6.1,10.3,27.5,16.4
02328,4531,113251,8.5,9.1,49.4,17.1
02329,3047,52124,8.9,13.8,31.3,26.7
02330,4059,48403,13.5,19.5,40.6,39.6
02331,2913,27422,13.7,9.2,46.5,39.8
02332,2683,130894,10.0,13.6,48.6,26.9
02333,261,38455,6.4,15.4,46.9,37.1
02334,693,53187,12.8,8.4,37.8,20.3
02335,3359,117658,12.5,14.5,26.3,22.8
02336,4255,72109,12.6,22.3,47.8,24.5
02337,3062,100068,3.2,19.9,49.3,32.5
02338,3988,38541,12.0,15.1,20.2,35.6
02339,3490,40481,13.2,7.5,47.3,24.8
02340,4601,67478,10.3,5.5,46.6,26.6
02341,763,63593,12.0,6.3,33.5,16.9
02342,1232,97296,12.3,20.0,43.8,22.0
02343,641,67919,9.1,19.1,48.5,35.1
02344,3074,66670,12.8,19.9,29.3,16.0
02345,967,45954,12.5,11.1,34.1,33.9
02346,2166,58341,14.0,6.8,24.2,27.7
02347,531,52419,14.1,19.3,28.8,21.8
02348,4935,74659,9.4,23.4,46.5,26.7
02349,4378,113655,3.4,14.0,25.4,26.3
02350,1306,27222,3.2,20.3,48.3,39.4
02351,2628,81840,14.3,19.6,36.8,32.6
02352,1269,119899,7.0,22.1,41.1,25.3
02353,930,140982,7.5,5.6,31.8,38.4
02354,1751,51273,8.6,24.1,27.0,38.0
02355,1236,91323,6.2,22.3,34.5,27.8
02356,2910,118901,10.1,22.5,29.2,38.5
02357,575,127971,12.4,24.9,35.6,30.4
02358,2910,141921,6.1,17.8,23.0,33.2
02359,1426,50162,11.9,6.6,47.5,26.7
02360,1119,101893,11.1,21.5,28.2,30.6
02361,1936,77802,9.3,7.7,39.0,24.8
02362,4356,70569,6.9,19.8,39.4,18.9
02363,2548,142937,13.5,13.5,27.5,23.9
02364,4393,52277,7.8,5.1,49.9,24.8
02365,1383,129375,7.5,13.7,34.5,34.4
02366,759,74116,10.7,20.9,42.6,25.0
02367,2110,110956,14.0,6.7,20.9,26.8
02368,498,82899,9.1,5.0,26.9,34.0
02369,1833,125013,11.7,14.1,23.2,28.4
02370,2225,74029,8.5,5.0,30.4,23.6
02371,2271,37167,5.6,23.7,42.3,15.2
02372,174,70350,4.5,21.5,24.2,33.7
02373,4797,40590,4.6,17.6,32.4,38.0
02374,3571,52883,3.3,5.3,25.9,15.1
02375,936,112132,9.6,16.4,26.8,31.7
02376,599,92046,4.6,18.4,21.5,27.8
02377,237,121299,13.4,16.7,35.2,35.7
02378,2197,84930,14.8,23.9,25.0,19.2
02379,3796,112823,9.0,21.6,29.2,23.8
02380,1985,69506,8.4,12.3,30.7,17.4
02381,2857,39374,7.2,18.9,26.8,21.8
02382,4020,49551,10.7,14.2,34.3,27.0
02383,2000,114472,10.3,23.6,22.7,38.0
02384,2710,119188,7.1,17.4,41.2,20.2
02385,4086,126810,7.1,16.6,28.7,32.3
02386,1549,145766,10.7,15.0,35.3,32.7
02387,646,80584,9.7,12.6,23.4,18.0
02388,4776,94169,11.6,8.0,20.8,39.4
02389,2103,117518,14.3,10.5,30.5,19.3
02390,2196,42845,12.4,11.7,40.2,16.4
02391,803,112834,6.7,8.1,33.5,39.2
02392,2503,31352,12.1,21.3,41.2,24.4
02393,1725,125475,8.4,5.0,39.6,22.2
02394,3431,136566,12.3,23.3,41.3,22.3
02395,4833,88317,13.6,7.6,45.6,15.4
02396,3078,82080,6.0,6.0,28.1,31.8
02397,4836,33594,5.9,24.9,20.2,34.0
02398,2939,33475,8.2,25.0,21.5,26.1
02399,3484,146494,3.6,8.8,26.6,20.4
02400,2759,113035,11.2,7.7,23.3,26.3
02401,1961,131736,12.0,9.0,28.6,38.5
02402,2956,119374,7.1,15.2,38.1,19.0
02403,785,120983,8.6,11.4,43.0,16.7
02404,4383,62424,10.1,11.7,24.7,23.9
02405,1719,90210,3.9,21.2,37.3,37.7
02406,4743,100923,11.5,22.8,46.9,24.3
02407,1531,132196,9.3,24.4,42.3,33.1
02408,975,27670,10.5,15.3,24.7,15.9
02409,4813,84263,11.7,9.9,39.3,23.5
02410,2561,94896,11.1,16.1,34.4,29.6
02411,1465,60316,4.1,22.4,27.5,27.9
02412,1343,43710,12.4,5.6,35.8,28.8
02413,262,142484,10.3,23.2,24.8,25.6
02414,2074,64814,11.6,9.5,29.5,30.4
02415,3391,125510,6.1,11.2,30.8,35.7
02416,369,30179,5.7,12.3,30.1,17.0
02417,731,86938,12.9,23.3,22.7,24.7
02418,1005,106212,7.7,8.5,32.5,33.0
02419,3571,141298,9.9,9.5,45.3,34.8
02420,3353,50063,9.6,19.6,45.2,30.6
02421,2114,74616,10.0,23.7,32.6,24.8
02422,1741,78475,3.8,7.1,20.4,21.6
02423,304,83009,6.6,15.4,37.4,27.3
02424,681,96011,3.8,23.3,37.9,23.6
02425,940,34681,8.8,22.7,45.7,31.9
02426,1819,97501,13.8,24.0,45.1,32.9
02427,2743,58566,7.7,23.0,43.2,28.3
02428,2397,142488,12.4,11.3,45.7,35.2
02429,974,52874,6.4,9.2,27.5,18.1
02430,789,77392,13.3,23.0,37.0,37.2
02431,4100,61123,8.0,19.2,48.0,18.2
02432,3241,110849,7.3,12.6,35.9,32.1
02433,1522,70317,11.4,19.3,46.7,25.0
02434,771,86217,9.2,11.1,47.2,26.2
02435,1271,91395,7.0,16.6,22.1,38.1
02436,3826,49939,3.7,9.7,47.5,28.3
02437,1043,72102,5.0,16.2,23.0,18.9
02438,1549,104854,12.3,23.5,32.1,32.7
02439,3837,65456,14.0,20.4,42.6,37.0
02440,2639,35337,5.0,18.1,22.1,38.1
02441,4059,87475,9.8,9.9,31.9,25.1
02442,4360,36023,3.4,6.3,27.0,35.3
02443,2461,103406,6.5,19.2,41.2,33.2
02444,3752,128326,8.4,16.5,46.1,37.5
02445,3770,130888,11.8,9.3,43.0,33.6
02446,1853,85916,3.5,23.7,36.5,36.2
02447,2452,129706,12.4,16.0,45.3,25.4
02448,2038,116027,5.4,16.4,45.7,27.1
02449,470,72620,12.1,11.0,34.9,20.2
02450,4579,39274,10.5,22.6,45.6,31.2
02451,2031,108694,7.1,22.8,46.8,17.9
02452,524,110285,11.7,19.3,20.3,21.9
02453,4824,49398,5.8,7.0,46.4,32.9
02454,994,106506,5.6,6.7,21.7,37.6
02455,697,55135,3.7,14.4,29.0,35.0
02456,3162,98878,7.7,7.8,36.6,29.3
02457,2436,137096,4.2,11.6,27.3,38.3
02458,4788,130729,8.0,8.4,46.3,30.9
02459,1787,36412,3.1,11.2,43.6,20.4
02460,672,126325,4.9,23.9,34.5,25.8
02461,2190,127541,14.2,20.1,45.1,36.7
02462,3769,129698,12.5,7.8,44.5,38.1
02463,4372,40293,5.8,18.4,29.9,37.8
02464,4724,77969,11.6,5.6,21.9,16.0
02465,1733,38194,11.0,24.7,37.8,31.1
02466,1617,138283,5.1,15.6,43.6,27.5
02467,4393,116182,7.5,15.1,47.8,26.1
02468,2757,85787,14.0,9.8,21.1,16.9
02469,3748,119301,11.9,14.2,32.1,24.6
02470,3688,107680,12.1,15.5,40.5,26.6
02471,1637,62219,9.8,18.2,33.7,22.6
02472,3237,127931,11.0,5.9,26.7,34.5
02473,197,60507,9.1,11.8,37.8,20.1
02474,3315,81591,11.9,12.7,46.3,24.4
02475,4630,133513,11.8,8.0,48.3,27.9
02476,4832,112468,3.4,9.8,49.8,28.4
02477,3850,64559,10.6,9.7,31.5,18.8
02478,3257,114836,10.6,21.2,26.1,16.7
02479,4783,113765,3.8,18.7,44.2,36.9
02480,443,31867,7.9,23.5,40.6,18.1
02481,4766,99644,13.8,11.2,42.6,31.1
02482,710,121319,14.4,22.6,30.9,32.9
02483,1827,28943,12.4,22.3,26.7,34.7
02484,2390,89413,4.8,14.0,43.4,17.3
02485,1954,40523,7.5,17.6,33.4,22.5
02486,2708,126764,5.2,17.0,40.7,19.9
02487,2179,92028,10.8,11.2,46.2,16.2
02488,2424,61389,12.3,10.2,30.3,30.6
02489,4727,33918,13.6,8.4,43.0,18.8
02490,1277,71610,13.3,21.8,33.6,19.7
02491,1191,70821,4.2,15.7,38.5,25.8
02492,2891,51185,4.5,11.8,44.8,17.9
02493,1849,46402,13.9,15.2,29.0,30.7
02494,2775,147850,13.1,6.6,45.2,34.5
02495,881,119860,8.5,7.1,26.2,30.2
02496,3148,54576,8.2,20.2,32.7,25.6
02497,2205,122296,9.6,23.0,28.3,35.8
02498,3967,48134,10.2,11.4,20.5,35.3
02499,4642,111761,6.1,13.2,20.4,37.7
02500,2213,99667,7.8,12.5,25.9,37.6
02501,4070,147156,10.4,14.6,39.4,35.2
02502,2091,74239,5.5,13.3,35.8,29.1
02503,1167,55505,15.0,12.7,29.6,15.4
02504,1677,140250,6.4,18.2,33.3,33.1
02505,1111,26268,9.6,10.4,40.3,27.1
02506,2374,132986,9.6,23.9,46.7,17.1
02507,4969,96097,8.4,11.2,27.8,33.2
02508,1914,89624,5.9,9.3,46.4,25.3
02509,2526,119649,9.8,24.4,32.3,24.0
02510,4502,80197,4.1,9.6,30.0,35.2
02511,4974,36271,7.6,15.7,37.1,22.3
02512,2651,149452,5.7,11.6,30.7,21.7
02513,3757,127958,4.5,6.5,28.7,20.9
02514,107,142859,14.1,24.1,47.0,21.3
02515,2655,32512,11.4,12.5,32.2,29.1
02516,575,147540,5.0,17.9,24.5,35.3
02517,2311,93336,14.4,22.2,33.0,39.0
02518,584,122156,5.6,16.1,28.7,15.2
02519,4754,88968,5.8,19.3,35.4,20.6
02520,2385,146534,4.6,20.7,39.3,26.6
02521,4663,85757,11.7,12.6,20.5,39.7
02522,3625,46422,9.9,17.6,43.6,36.6
02523,3439,132753,3.7,9.1,34.0,22.9
02524,2922,79040,3.3,6.1,36.3,23.5
02525,3024,121381,9.4,24.7,24.1,15.7
02526,358,119897,10.8,6.9,33.1,33.2
02527,382,37764,12.9,13.6,34.8,34.2
02528,1998,46164,8.7,6.3,21.2,20.9
02529,4235,133915,11.1,23.5,25.3,35.6
02530,3076,91679,11.8,7.2,31.0,27.8
02531,2367,54213,10.4,20.7,25.4,26.7
02532,3300,97239,7.2,19.3,29.6,25.4
02533,712,119386,4.6,5.9,46.4,29.9
02534,787,134661,10.8,19.4,38.7,29.0
02535,3790,35806,12.2,24.4,36.5,33.1
02536,712,140435,5.3,15.4,45.3,26.9
02537,2407,32094,8.9,10.8,27.1,20.9
02538,3113,80597,7.8,15.9,49.3,18.6
02539,1881,41158,5.5,7.4,26.6,19.9
02540,2691,85833,5.9,24.1,34.8,23.6
02541,2796,139523,5.9,12.3,48.9,38.5
02542,4058,52209,8.0,14.1,30.0,32.4
02543,674,38763,7.7,13.0,25.0,25.5
02544,2010,61256,9.7,5.6,32.2,18.9
02545,3704,84191,4.1,5.7,27.0,33.3
02546,769,102753,10.0,16.2,42.5,25.6
02547,4464,67105,3.3,15.0,47.6,34.2
02548,1383,125408,6.1,24.7,45.7,35.5
02549,1023,110776,9.0,10.3,24.3,29.7
02550,1225,128423,11.2,12.4,48.5,35.3
02551,1629,79410,12.3,24.8,42.1,29.5
02552,1694,38510,3.4,6.0,42.7,27.7
02553,346,142456,9.4,17.9,36.5,34.2
02554,3811,143747,7.3,7.0,31.2,25.4
02555,1660,92344,11.3,23.9,27.6,30.5
02556,2500,46864,6.4,10.8,34.1,24.6
02557,2343,90945,11.9,21.3,44.1,38.4
02558,3964,25645,10.2,23.2,29.3,32.7
02559,2039,86264,12.5,21.9,46.7,36.8
02560,3169,108471,14.8,16.1,24.4,28.2
02561,326,38926,13.9,24.5,21.5,37.2
02562,3647,145050,10.1,18.5,35.1,28.8
02563,364,26113,13.7,20.7,47.9,33.9
02564,1495,77739,4.8,9.9,45.1,33.6
02565,3657,74213,3.5,13.4,24.1,17.2
02566,745,50811,9.4,17.0,24.2,24.2
02567,3090,86687,14.7,7.9,22.9,39.7
02568,1999,141415,11.5,24.3,43.6,20.4
02569,2604,29592,6.7,7.2,29.9,24.0
02570,2872,137695,11.0,19.7,30.0,39.4
02571,1254,49552,3.5,6.2,47.8,23.3
02572,687,86898,8.6,7.1,39.2,35.6
02573,4671,77118,5.8,17.5,47.9,25.9
02574,1921,44744,3.6,14.0,27.2,38.4
02575,1085,47046,6.0,5.1,42.3,30.0
02576,4179,114990,11.7,12.9,22.8,39.3
02577,3448,106365,9.6,10.0,40.0,17.8
02578,3931,132908,3.3,22.4,32.9,21.8
02579,1341,89932,7.9,19.2,20.9,30.0
02580,289,133229,12.0,19.7,22.5,17.8
02581,1080,48084,14.5,24.0,48.2,33.5
02582,1798,61398,13.5,19.2,43.5,38.3
02583,1815,122219,3.0,8.2,44.0,30.9
02584,2693,57477,5.6,23.7,21.0,32.5
02585,4236,94405,5.5,7.3,42.5,18.9
02586,4533,30200,8.0,8.9,20.8,31.0
02587,1198,133987,10.7,10.7,28.5,25.9
02588,2426,27039,4.8,8.5,34.9,33.9
02589,3347,103615,14.0,5.4,31.8,22.7
02590,995,114374,12.3,14.2,24.2,31.6
02591,1774,124611,8.0,18.8,49.5,16.9
02592,3009,86356,10.0,13.4,21.6,22.8
02593,1030,31634,9.5,9.7,40.5,30.0
02594,4484,89899,10.0,22.7,43.7,29.3
02595,823,26724,13.3,12.8,28.3,29.6
02596,3040,112590,5.4,21.8,32.2,26.6
02597,1189,127994,11.2,8.6,22.5,30.1
02598,4678,27455,4.3,11.7,30.8,22.0
02599,1035,137966,8.5,21.1,30.4,26.2
02600,2395,140629,10.6,5.6,20.9,19.0
02601,255,97628,3.2,23.4,27.9,23.9
02602,1170,79447,4.3,12.9,47.8,31.5
02603,2058,51612,4.1,24.6,40.3,29.1
02604,2601,65456,7.5,19.0,20.4,15.9
02605,4319,67773,10.5,24.0,35.5,32.7
02606,3930,121638,15.0,6.3,30.4,29.9
02607,954,28061,6.0,19.4,49.5,24.8
02608,739,57001,4.6,22.5,48.5,30.0
02609,2338,35586,8.0,24.8,40.6,16.5
02610,1702,119479,4.8,5.7,20.6,33.8
02611,541,100012,3.3,6.7,24.4,30.2
02612,4728,115507,9.8,19.6,42.8,21.0
02613,1436,28763,13.6,5.8,38.1,15.6
02614,3800,70209,13.3,5.2,27.0,30.9
02615,1048,49078,4.2,15.9,23.2,36.7
02616,3473,83434,4.8,15.6,31.0,17.9
02617,559,60656,8.9,17.3,46.3,37.4
02618,4746,100450,7.4,5.3,36.2,35.9
02619,492,78595,11.4,15.1,28.8,26.9
02620,4038,29006,8.9,10.7,22.7,24.7
02621,1887,42470,3.2,20.1,25.4,20.9
02622,2357,97035,6.4,12.0,32.5,16.5
02623,1238,124608,13.8,12.1,42.7,21.9
02624,3908,101840,9.1,18.1,34.6,35.5
02625,4841,120771,12.6,18.2,34.1,27.0
02626,2554,47894,7.8,6.2,28.3,16.1
02627,1566,42398,11.1,17.5,27.5,28.0
02628,3774,70332,5.0,18.2,40.2,33.3
02629,1477,115332,11.8,14.2,41.4,33.8
02630,2697,145536,12.4,21.6,48.9,36.3
02631,241,102533,4.1,5.2,47.0,33.0
02632,2759,55780,5.2,24.4,37.6,15.2
02633,4696,67086,8.6,12.5,38.3,25.4
02634,939,118368,10.6,16.9,31.7,23.4
02635,3718,51506,10.6,5.7,49.2,26.4
02636,4017,133618,11.0,19.2,47.5,34.8
02637,695,99200,11.6,15.9,21.3,16.0
02638,2004,128424,9.1,24.2,31.2,31.8
02639,380,140103,9.9,13.5,32.0,25.2
02640,523,120700,3.1,19.4,28.1,40.0
02641,4465,120596,5.0,6.5,33.2,22.3
02642,4349,76020,9.0,6.3,33.5,27.2
02643,1850,38985,11.9,24.0,43.3,38.7
02644,4857,127416,12.7,10.1,47.3,19.1
02645,2067,108453,11.7,23.2,35.8,29.4
02646,4188,147610,8.8,6.8,27.7,30.6
02647,4278,26462,6.4,17.8,36.1,30.5
02648,3046,137494,8.3,16.0,25.3,34.1
02649,1549,49082,3.1,24.3,30.5,18.4
02650,2431,26865,10.2,13.1,36.1,32.8
02651,2320,61777,3.9,6.0,48.6,19.0
02652,3889,36322,4.7,14.5,34.1,25.8
02653,2910,116848,10.5,21.5,20.3,37.8
02654,4828,52762,3.2,6.0,23.3,19.0
02655,1631,39538,9.9,5.7,32.0,32.6
02656,4982,82125,10.7,21.4,25.1,31.1
02657,3090,98246,12.5,21.5,29.7,33.2
02658,4593,115583,3.8,9.0,46.1,37.7
02659,1243,28177,3.0,18.1,40.7,35.2
02660,1033,52502,12.2,6.3,39.1,28.6
02661,1560,44249,6.5,20.3,31.8,20.2
02662,2823,28197,13.6,11.1,43.1,18.7
02663,2612,60229,5.2,9.6,50.0,16.6
02664,385,49166,10.0,18.6,30.0,27.2
02665,364,137290,4.3,23.2,40.0,36.7
02666,2467,94117,7.8,5.8,26.1,20.4
02667,3547,33692,13.6,7.9,23.0,37.6
02668,1862,131298,10.3,10.1,49.1,18.9
02669,3148,123424,11.3,23.6,26.1,37.2
02670,2481,26775,5.7,22.5,23.1,32.4
02671,2369,57656,14.1,23.1,34.5,21.6
02672,140,25606,10.5,12.6,40.9,39.5
02673,167,82281,4.3,9.6,20.0,26.1
02674,1087,32375,3.2,8.8,32.0,19.5
02675,4108,25819,3.2,22.6,34.1,32.1
02676,3298,101992,3.6,9.6,34.8,19.1
02677,4890,56373,13.9,15.6,32.0,37.3
02678,2624,25783,7.3,11.6,24.6,38.1
02679,1185,75998,6.6,15.0,41.4,16.8
02680,2579,32560,8.0,11.9,39.1,27.0
02681,1793,54168,7.9,10.9,21.0,16.6
02682,2415,90927,5.9,13.5,38.1,24.3
02683,878,49264,4.1,11.7,42.6,32.7
02684,4689,124436,4.3,21.8,23.8,24.2
02685,1685,101245,10.2,16.6,42.9,38.3
02686,1592,127749,7.8,8.5,27.8,20.9
02687,760,103598,13.8,9.7,40.3,19.5
02688,1448,71801,8.6,6.1,40.1,31.3
02689,1399,100924,9.0,11.0,37.0,37.9
02690,4040,72359,14.1,18.4,26.7,15.2
02691,2086,53036,9.0,8.7,28.2,35.2
02692,2144,30318,9.0,7.0,34.2,28.2
02693,3616,88371,7.4,11.4,20.8,16.7
02694,1158,79714,11.5,17.3,32.5,31.5
02695,1076,55544,7.7,14.5,40.8,25.5
02696,4677,45823,10.1,11.6,20.1,25.5
02697,827,74828,8.4,22.7,42.2,17.2
02698,2627,129555,9.3,14.4,32.9,32.1
02699,3236,41978,12.9,14.1,34.6,17.7
02700,442,53460,8.0,5.6,26.7,27.1
02701,1547,69111,5.8,17.8,32.4,35.8
02702,2479,28324,9.8,14.2,35.2,33.6
02703,3759,113088,14.3,7.9,49.4,20.2
02704,626,80578,11.3,9.9,38.6,35.5
02705,1996,147418,6.7,9.0,38.9,37.0
02706,4854,27934,14.6,7.4,49.9,33.5
02707,2173,30033,7.1,13.7,21.1,39.9
02708,505,130067,14.8,12.3,46.1,16.9
02709,1673,31086,5.3,12.2,43.7,16.8
02710,4700,62101,15.0,10.0,21.4,30.7
02711,3840,68945,3.9,13.7,33.3,23.2
02712,4374,117475,11.6,16.0,35.5,26.0
02713,4327,140527,11.9,17.2,21.0,33.4
02714,1946,43894,11.2,9.4,33.4,37.6
02715,1578,86113,12.3,19.6,46.4,21.0
02716,2495,29687,8.7,5.5,20.9,19.4
02717,871,27887,3.6,20.0,44.8,33.8
02718,678,28043,7.3,10.7,45.2,36.2
02719,3001,43015,10.7,12.4,20.1,34.3
02720,293,42789,10.8,16.6,47.3,18.2
02721,2107,81784,5.3,17.2,41.5,34.0
02722,1285,31115,6.0,13.4,48.2,26.0
02723,2494,53821,8.8,23.8,47.9,30.2
02724,3098,47879,11.7,22.2,27.4,25.1
02725,1892,142177,13.2,9.5,35.5,15.3
02726,1210,78642,4.0,16.8,34.7,39.9
02727,4105,85780,14.1,19.4,41.3,19.4
02728,2361,74157,14.1,9.3,37.5,31.8
02729,3836,142269,3.1,5.4,48.9,20.5
02730,3893,57717,9.1,24.5,35.1,15.9
02731,2036,131715,10.0,24.2,31.2,39.7
02732,4975,85262,9.6,11.4,49.8,15.2
02733,4457,65971,10.4,9.8,37.8,30.4
02734,829,126146,9.0,8.1,32.3,33.5
02735,4478,96040,6.5,18.7,30.6,29.1
02736,3551,146535,4.1,20.1,41.2,34.2
02737,4557,99185,5.5,13.4,46.7,19.3
02738,4636,117384,11.9,9.9,25.3,15.6
02739,2240,88823,5.9,14.0,31.2,28.4
02740,1744,49742,13.0,15.3,22.0,25.8
02741,2900,106211,7.8,15.9,28.2,34.2
02742,241,130587,8.0,13.9,47.5,16.5
02743,1555,137453,13.4,5.1,39.4,16.3
02744,4896,125277,5.6,14.4,47.4,23.4
02745,2196,51520,5.3,11.9,36.7,34.8
02746,1425,39833,14.8,16.1,49.6,26.7
02747,1313,76347,9.5,6.4,39.1,34.7
02748,1259,86475,5.3,22.6,41.6,31.0
02749,4750,98110,5.0,22.5,45.9,25.7
02750,4599,33143,13.3,16.3,30.6,35.9
02751,4797,114472,10.2,19.7,28.9,31.7
02752,440,127132,4.4,13.8,25.2,25.5
02753,3928,112005,13.6,16.8,41.2,17.8
02754,2068,73538,8.3,17.4,44.6,24.2
02755,803,88795,14.9,12.1,31.7,16.5
02756,4513,128041,6.4,24.2,20.0,27.1
02757,2529,107159,9.3,17.1,47.2,16.4
02758,1900,148796,5.1,24.8,41.7,34.3
02759,4748,126256,8.3,13.6,46.6,23.9
02760,955,102166,5.1,5.6,46.3,30.2
02761,1912,42239,6.7,11.0,34.7,22.6
02762,2966,121559,6.2,18.0,42.6,37.1
02763,3742,52240,6.4,23.2,45.4,27.3
02764,282,126542,14.6,17.3,21.3,33.7
02765,3212,25553,3.5,14.4,44.4,31.5
02766,4592,49518,9.0,6.6,35.0,32.5
02767,1617,134309,10.6,7.9,30.7,27.9
02768,1456,133381,10.9,6.1,25.1,40.0
02769,2274,38612,12.1,19.2,26.8,17.5
02770,3729,101673,12.1,21.6,43.9,27.7
02771,3728,89459,14.5,8.3,45.9,24.1
02772,4196,50804,12.1,11.5,48.9,24.0
02773,3339,66154,12.9,14.6,24.4,33.9
02774,3791,65106,9.4,7.9,35.5,15.2
02775,118,123041,10.9,13.3,47.5,24.6
02776,3503,135183,8.7,24.3,26.6,25.3
02777,4779,80146,6.3,19.4,27.3,27.7
02778,4651,34617,6.8,8.3,36.3,24.9
02779,3104,40398,7.3,7.0,37.1,22.3
02780,1232,27693,7.1,13.9,25.8,28.8
02781,3439,55971,9.4,24.8,35.6,37.7
02782,3411,92507,6.0,20.9,47.3,23.2
02783,3472,79554,9.2,10.9,37.5,17.6
02784,1087,105078,14.0,5.5,43.6,27.5
02785,3421,99227,7.9,13.2,43.2,36.1
02786,4715,103990,5.7,8.2,31.6,18.4
02787,273,111034,7.2,8.6,43.6,36.2
02788,3841,94309,13.5,8.2,44.9,32.8
02789,3152,110567,14.3,19.4,32.7,29.0
02790,826,65677,13.6,5.7,43.6,26.2
02791,3860,93402,6.4,16.3,49.8,25.5
02792,1975,74838,7.7,20.1,38.9,33.1
02793,4133,123104,14.7,8.1,27.5,26.9
02794,1089,92603,6.9,22.9,45.1,31.4
02795,3844,47291,4.7,6.6,23.6,15.9
02796,2786,53497,6.4,18.7,35.0,38.5
02797,519,140135,14.6,8.4,46.9,26.3
02798,693,56969,8.0,21.1,39.4,37.8
02799,1874,133262,14.2,16.4,49.2,30.8
02800,2559,67084,4.2,16.8,31.8,31.5
02801,1035,121994,12.2,11.9,35.8,19.9
02802,3908,41677,4.1,10.7,30.9,16.8
02803,431,55245,5.4,14.3,39.6,20.4
02804,3549,78312,10.4,20.2,29.1,28.4
02805,2802,60314,8.2,8.4,28.1,15.9
02806,4106,33267,11.0,21.3,42.2,37.0
02807,3968,64812,14.7,14.6,49.3,25.6
02808,4300,28775,3.6,14.0,25.1,27.1
02809,301,101924,5.3,5.3,46.2,18.6
02810,2597,100802,10.7,7.5,48.1,36.5
02811,1942,88078,13.8,13.6,43.1,31.5
02812,1966,50875,12.6,24.6,31.8,17.2
02813,2096,120803,8.6,10.0,21.9,19.6
02814,1009,143866,11.9,5.2,20.9,16.2
02815,4405,72589,5.5,13.7,37.9,30.4
02816,4758,28534,3.2,5.3,43.6,18.1
02817,3289,92589,9.8,11.7,29.1,27.1
02818,870,64880,12.8,12.1,33.3,32.7
02819,3255,43083,8.2,5.0,27.5,28.2
02820,2601,86807,9.8,20.6,44.4,26.8
02821,2814,76670,8.1,23.3,44.0,17.4
02822,4824,100465,9.2,25.0,42.0,27.9
02823,3685,79720,13.6,15.2,45.4,16.8
02824,1728,67890,8.7,11.1,24.7,15.3
02825,486,64600,3.1,19.3,33.4,36.2
02826,3521,66329,12.6,19.7,44.5,38.2
02827,4108,122619,10.4,12.6,48.7,15.1
02828,4193,28739,11.8,16.3,44.2,31.1
02829,4463,45757,13.8,21.4,46.8,20.8
02830,2566,58107,6.4,8.8,20.6,26.6
02831,2382,27862,9.0,5.4,42.7,27.8
02832,1956,107533,10.2,15.8,24.2,27.6
02833,2098,42487,7.1,18.3,42.3,31.0
02834,1336,53353,13.2,16.5,22.2,20.1
02835,4769,33984,11.4,16.9,28.9,33.8
02836,4244,48130,11.8,12.9,40.5,20.5
02837,1250,98794,12.7,18.0,25.8,37.4
02838,4418,103038,6.1,5.9,43.5,16.9
02839,1531,62279,11.9,8.0,22.7,16.9
02840,1919,65080,12.3,13.9,44.9,17.2
02841,2424,37839,13.1,23.9,37.1,31.6
02842,1230,118907,8.9,17.9,20.6,17.6
02843,2758,79557,9.1,12.1,27.6,19.8
02844,3600,123874,4.2,14.2,34.5,23.2
02845,474,66499,13.2,21.9,39.3,31.5
02846,2220,30356,9.4,15.8,40.2,30.5
02847,4120,107036,10.1,6.0,46.8,37.0
02848,2121,100926,4.5,13.3,33.1,18.5
02849,3805,54778,10.2,12.8,20.4,19.2
02850,3359,130528,3.5,23.0,28.0,20.9
02851,3535,88192,14.1,11.1,22.8,22.6
02852,1989,77183,13.4,6.3,45.1,32.8
02853,1923,110376,5.3,12.1,24.5,27.9
02854,1574,54980,10.1,5.9,30.7,28.4
02855,2342,60819,10.2,21.6,24.4,22.2
02856,3343,39065,12.6,16.8,35.5,33.5
02857,3234,35559,12.1,14.4,25.9,26.6
02858,2170,149514,14.9,12.2,42.9,26.7
02859,459,98969,7.2,13.4,34.7,21.0
02860,2141,33656,4.5,20.8,34.9,22.2
02861,1241,68210,9.9,8.6,48.5,28.3
02862,1735,86988,12.2,6.4,29.6,16.5
02863,4100,56477,6.4,16.2,31.4,38.5
02864,2043,137060,5.8,22.2,37.8,28.6
02865,4874,131111,12.6,16.2,30.2,30.9
02866,3461,130606,12.0,20.9,44.9,15.7
02867,3080,54529,5.4,22.9,36.4,16.1
02868,106,43262,13.4,6.5,20.1,39.1
02869,3367,90087,4.6,16.8,29.7,18.9
02870,1691,62649,4.3,21.7,35.0,19.0
02871,3364,78788,7.2,17.9,43.4,37.1
02872,2706,76686,13.6,16.8,42.2,34.9
02873,3319,67865,11.3,20.8,40.1,31.4
02874,3373,61577,7.7,19.1,45.0,32.5
02875,1013,99299,4.9,15.0,26.4,15.6
02876,2111,112525,11.6,5.9,33.8,32.1
02877,1542,114653,10.2,17.3,36.2,20.7
02878,3154,89327,14.9,9.3,49.2,20.7
02879,3646,85052,12.2,10.1,49.3,25.9
02880,4321,138044,4.2,18.6,34.9,25.5
02881,3028,61409,11.7,14.1,24.3,28.2
02882,1929,53080,6.1,19.3,46.6,33.2
02883,675,53195,14.5,12.9,20.8,37.5
02884,1029,91192,3.2,22.4,33.6,26.3
02885,3859,40609,5.9,13.5,34.9,29.9
02886,3799,44535,9.0,14.9,24.4,27.4
02887,1563,148828,3.9,7.5,31.1,15.1
02888,3375,29110,7.1,15.1,40.2,35.7
02889,1154,134518,9.0,9.8,41.0,33.4
02890,2000,32207,8.4,20.3,43.4,39.0
02891,1557,87544,8.5,19.3,37.2,24.3
02892,1499,73637,13.5,5.3,28.8,35.5
02893,3515,58074,9.1,14.9,20.4,33.2
02894,542,66664,14.3,5.9,38.2,17.9
02895,3750,111412,4.8,16.4,36.9,39.3
02896,4752,99405,6.4,23.0,39.0,18.8
02897,1278,122225,10.9,22.3,47.9,35.8
02898,4558,68872,6.4,9.9,27.1,26.8
02899,1357,37185,7.2,7.8,41.2,30.0
02900,3734,131706,13.8,20.8,26.0,27.9
02901,1941,45878,9.5,15.9,43.6,16.7
02902,2409,26396,7.0,13.5,20.9,38.7
02903,1010,28460,12.3,21.2,28.1,36.8
02904,4440,127657,3.8,10.1,27.7,29.7
02905,4737,76314,9.8,9.5,45.5,27.3
02906,4109,70389,4.2,17.2,36.4,23.3
02907,2269,119556,5.1,10.5,32.4,19.4
02908,2272,133776,3.7,13.5,27.3,34.6
02909,223,32676,13.8,14.1,29.7,27.9
02910,3258,62312,3.6,9.1,41.6,32.0
02911,885,28148,9.2,6.2,45.5,22.4
02912,2516,37272,5.7,20.3,22.8,37.3
02913,896,91363,7.6,20.7,20.4,39.5
02914,4272,27655,8.9,17.0,36.5,31.5
02915,4254,68105,8.4,8.0,45.1,36.4
02916,2036,80863,12.0,14.5,20.7,20.9
02917,2256,86045,13.9,8.6,37.4,39.3
02918,3907,70517,6.6,22.6,44.4,20.7
02919,1401,99227,3.3,18.9,23.4,20.7
02920,4263,68638,13.7,5.6,30.9,38.0
02921,3240,99789,14.7,5.0,23.0,22.1
02922,3336,147552,8.2,24.7,21.1,24.1
02923,2452,98061,8.5,5.8,34.8,36.3
02924,2032,104089,4.7,22.3,39.9,36.4
02925,2821,79322,8.7,24.1,47.7,17.1
02926,464,126800,6.6,11.2,29.3,23.0
02927,2490,145782,14.9,15.8,27.8,21.0
02928,1046,29222,5.2,17.9,38.7,37.5
02929,1477,116238,7.5,15.4,48.4,22.4
02930,1539,76141,10.4,9.3,25.6,20.9
02931,3280,35716,7.1,16.6,23.6,22.4
02932,4957,85644,8.7,10.2,45.3,36.9
02933,440,113499,14.7,8.3,24.0,19.8
02934,3089,112424,9.1,15.1,33.1,19.6
02935,482,94716,13.9,12.4,43.4,35.9
02936,1656,26382,3.5,5.5,31.3,19.3
02937,399,87225,4.4,24.0,39.5,27.6
02938,238,104898,14.3,5.8,43.8,27.1
02939,458,89347,4.5,23.1,36.2,15.3
02940,1622,29167,11.8,8.8,26.0,30.2
02941,3556,142854,8.4,7.8,26.8,31.8
02942,1727,142323,7.9,6.4,49.5,20.1
02943,1403,128849,10.9,13.5,44.3,29.4
02944,1234,83373,11.7,16.7,29.6,18.6
02945,2286,144897,14.2,23.1,25.3,33.5
02946,3270,120823,6.1,20.7,28.4,28.4
02947,3935,106117,11.4,8.2,44.6,25.3
02948,2251,116730,7.1,8.4,37.9,39.0
02949,1337,73721,11.6,5.2,40.7,38.8
02950,3835,53823,4.7,18.8,39.7,16.0
02951,2934,85972,8.5,5.3,45.6,22.5
02952,4360,99963,5.2,7.8,49.6,21.0
02953,1098,101358,7.0,17.7,38.9,38.8
02954,2667,79534,11.6,8.0,38.1,19.6
02955,1407,61751,5.8,8.1,23.4,16.4
02956,756,141093,11.2,9.7,47.6,20.0
02957,2760,49121,9.0,12.7,21.9,33.8
02958,2311,96736,4.1,5.2,40.3,27.9
02959,2009,105297,7.6,19.9,42.3,39.2
02960,3830,47126,13.4,20.5,30.0,35.3
02961,2146,86581,14.9,12.3,23.1,19.9
02962,3262,113631,7.4,21.0,32.7,24.4
02963,1240,51123,3.7,10.7,27.2,35.4
02964,366,76036,4.6,24.7,37.8,33.4
02965,1945,103855,12.5,13.0,21.0,23.3
02966,1808,40590,10.9,18.4,21.4,29.7
02967,3730,71265,6.4,11.4,37.2,29.6
02968,3311,79324,7.7,14.0,24.1,37.0
02969,2393,92720,12.7,17.9,30.8,15.5
02970,3832,47701,8.0,12.0,46.2,21.5
02971,3929,97539,12.1,18.1,20.7,32.8
02972,1610,66178,6.5,7.9,24.5,31.2
02973,575,130734,11.7,14.7,47.2,23.5
02974,1076,62118,8.6,10.5,31.4,36.5
02975,1307,50387,9.5,23.4,31.0,33.4
02976,2060,82613,10.2,21.5,36.6,30.0
02977,657,71666,8.4,14.7,33.2,21.1
02978,982,64135,8.6,14.1,43.2,22.4
02979,2294,54554,6.2,21.7,28.4,31.2
02980,4861,144387,14.8,18.8,24.5,39.1
02981,2767,118317,13.9,18.7,36.6,36.3
02982,4777,67146,9.3,16.0,34.1,20.2
02983,4890,125037,3.4,22.2,30.8,33.7
02984,1710,37988,5.0,8.8,31.3,38.4
02985,3588,77119,13.2,22.2,47.3,17.5
02986,2554,41456,14.2,15.4,43.8,32.0
02987,4594,144681,4.9,17.4,26.0,17.1
02988,2046,129421,11.8,24.2,33.3,15.1
02989,4910,147573,10.5,13.5,42.6,39.4
02990,4899,95578,6.6,18.4,35.6,20.2
02991,2908,54214,8.2,15.4,48.0,35.0
02992,3925,98597,11.1,23.6,41.3,29.0
02993,3636,86405,4.2,14.8,24.2,30.7
02994,3902,140318,5.3,10.1,32.0,18.8
02995,4277,36034,3.4,14.7,45.7,33.9
02996,4799,112523,13.8,23.3,32.0,23.5
02997,2070,25877,9.9,15.0,35.3,30.1
02998,3922,122950,9.3,7.9,44.5,25.0
02999,2919,87718,11.5,15.8,20.6,19.5
03000,1002,83100,14.9,12.8,22.3,18.4
03001,464,117777,5.1,18.0,28.0,24.8
03002,4358,111213,4.6,9.8,43.0,15.2
03003,3219,34642,6.5,11.4,28.3,39.1
03004,2658,125844,13.8,15.3,32.4,22.2
03005,1963,90143,7.9,7.4,30.3,31.9
03006,215,123385,12.5,9.2,44.0,29.3
03007,2484,75483,5.4,21.0,38.2,33.3
03008,4035,90293,8.9,23.8,26.5,35.7
03009,2590,100450,4.5,24.4,46.5,36.9
03010,1042,131259,8.0,23.7,20.3,31.8
03011,1824,121629,6.1,23.8,32.5,24.7
03012,2434,139227,9.6,21.4,43.9,27.3
03013,2867,138140,12.4,19.7,33.8,24.2
03014,1237,74508,14.3,9.6,28.4,38.8
03015,2627,132815,6.4,13.8,47.6,23.0
03016,4217,25579,11.9,13.0,40.0,21.6
03017,3520,37587,13.6,19.6,36.3,28.7
03018,4878,91181,4.5,14.5,47.8,17.4
03019,4006,73470,10.0,12.2,47.3,37.1
03020,3737,96799,10.3,21.3,30.4,39.6
03021,3053,40928,6.3,20.0,30.5,23.7
03022,2467,117345,3.3,12.4,28.8,17.9
03023,4321,68591,6.1,13.4,28.5,21.9
03024,376,56901,10.0,22.9,24.3,25.5
03025,2099,118411,5.4,19.7,39.2,36.0
03026,1327,33499,6.4,18.8,29.0,39.2
03027,3852,25233,11.5,19.2,33.4,33.0
03028,3835,42418,7.8,7.0,34.3,38.3
03029,795,84566,3.8,16.3,40.1,19.5
03030,1409,103466,7.8,10.8,44.8,38.2
03031,4252,40246,15.0,6.7,49.1,29.5
03032,3334,63785,6.1,19.6,33.2,26.2
03033,4214,128425,6.2,11.1,45.6,26.3
03034,2411,138400,5.0,11.2,36.0,38.8
03035,2941,59503,6.3,17.8,48.0,24.1
03036,4308,29277,9.9,18.3,42.8,18.9
03037,3659,91477,14.6,14.5,40.6,29.8
03038,3498,25349,10.3,16.1,32.5,17.8
03039,641,117798,7.9,22.0,29.1,32.8
03040,2794,91941,7.7,7.1,44.2,15.0
03041,4774,98000,3.3,6.3,37.4,25.2
03042,1188,38508,3.0,18.1,22.3,35.0
03043,3463,122565,12.6,17.1,33.1,25.2
03044,124,135123,8.9,8.7,24.4,34.1
03045,1672,92081,3.4,15.4,20.8,32.6
03046,3058,144008,6.4,19.9,49.8,31.7
03047,4336,84095,7.3,19.6,36.3,25.3
03048,1867,141434,12.4,16.9,44.4,38.0
03049,4843,53957,8.2,7.6,33.5,24.0
03050,2335,32896,12.5,11.1,39.1,24.5
03051,300,108274,10.6,13.1,49.7,32.4
03052,3298,135128,3.4,20.8,39.6,33.7
03053,356,130634,14.6,15.9,24.9,22.9
03054,3847,29288,5.2,19.7,43.6,34.9
03055,4742,50744,6.3,23.5,47.9,35.7
03056,2341,46150,12.7,17.5,29.7,16.1
03057,3275,112877,5.3,9.7,26.7,26.7
03058,3706,135540,7.8,7.8,27.9,31.5
03059,3436,130139,13.4,5.0,25.0,21.3
03060,4997,125889,10.6,8.5,26.3,31.6
03061,513,46091,6.6,10.4,40.7,19.4
03062,2114,25900,10.7,10.4,31.0,15.3
03063,1481,71702,12.8,18.3,46.6,29.5
03064,1198,44725,7.8,8.0,30.8,16.7
03065,3526,53722,9.9,13.7,47.5,26.3
03066,3755,49078,14.9,5.1,24.0,25.9
03067,1009,107047,14.6,10.2,21.0,38.8
03068,287,43059,9.1,5.8,43.5,18.0
03069,4144,43161,4.2,19.2,43.0,27.5
03070,3856,95701,11.4,12.1,40.9,34.6
03071,2115,115345,6.2,14.6,32.6,17.6
03072,2192,35687,11.0,20.2,26.0,31.0
03073,3744,107503,7.2,22.3,26.9,39.0
03074,2230,124770,11.6,15.3,44.0,15.4
03075,457,33694,7.4,18.0,48.2,26.7
03076,2522,64518,14.3,19.7,48.5,36.4
03077,4357,124459,4.6,10.7,31.2,19.6
03078,4645,55641,3.8,19.1,39.6,30.4
03079,1597,83843,12.4,18.1,29.2,29.1
03080,2258,65728,7.8,13.9,45.6,32.2
03081,2655,75087,8.6,11.8,37.8,33.2
03082,2442,68551,14.2,24.5,45.8,29.9
03083,3051,140043,10.1,24.7,42.4,34.2
03084,1338,108914,10.9,18.9,27.4,20.7
03085,1073,95692,3.2,12.7,20.9,36.8
03086,4827,120869,11.0,20.0,49.5,37.8
03087,4065,80433,7.7,18.6,33.6,20.7
03088,1150,132941,8.5,15.9,28.2,39.8
03089,3801,120676,12.7,7.6,44.4,34.6
03090,2880,101387,9.3,23.9,25.1,17.5
03091,1688,81561,14.8,9.7,35.2,24.7
03092,3978,30364,12.6,12.9,32.6,15.2
03093,2468,102008,11.7,11.8,23.8,26.3
03094,536,28974,10.1,8.1,40.3,32.2
03095,2928,109424,7.9,5.5,46.5,24.1
03096,1656,109066,3.6,23.6,47.9,19.0
03097,3958,49053,3.2,19.8,36.7,38.9
03098,1404,65072,3.6,5.4,20.4,18.8
03099,2484,26210,14.5,18.8,31.6,39.3
03100,282,113099,6.9,7.6,36.5,31.7
03101,1689,66589,11.4,19.5,49.0,18.4
03102,1687,101445,10.1,15.1,33.3,36.0
03103,759,144570,9.9,24.6,30.6,36.9
03104,259,130128,10.0,13.6,47.7,18.7
03105,4053,63966,6.6,20.0,33.2,29.6
03106,1111,51070,13.6,5.8,48.7,37.1
03107,152,91643,14.0,23.7,29.5,34.3
03108,2407,134573,10.7,16.2,42.4,20.2
03109,1328,128290,13.4,11.3,45.3,17.4
03110,1135,126738,3.7,7.5,46.6,29.5
03111,3802,131327,4.2,17.8,28.9,27.0
03112,4145,36246,9.7,19.9,49.5,39.2
03113,4549,44199,13.2,6.7,42.3,25.8
03114,1364,64829,6.8,8.3,24.5,18.6
03115,1984,86125,9.6,12.7,42.8,24.5
03116,1909,108955,3.1,22.0,45.0,16.2
03117,3267,130111,14.8,24.7,25.5,26.8
03118,3897,130277,12.2,19.9,25.1,39.7
03119,2441,25169,7.3,5.1,23.9,32.4
03120,3514,118943,14.8,23.1,34.9,24.6
03121,917,117408,4.1,5.5,41.5,37.6
03122,2537,37949,8.6,22.9,31.4,22.5
03123,988,72313,3.7,13.2,21.7,27.7
03124,767,103735,7.0,19.8,30.8,35.5
03125,4828,85131,5.6,6.7,41.1,32.4
03126,2724,105012,6.8,8.3,22.9,16.3
03127,4332,132127,14.4,14.0,36.7,37.3
03128,4623,66764,8.1,5.8,38.1,30.7
03129,918,55899,6.9,12.8,39.5,39.7
03130,2288,111935,10.7,20.0,30.4,37.7
03131,1206,72740,11.2,18.1,47.8,26.6
03132,2324,90490,14.8,12.0,49.8,34.1
03133,297,48281,9.6,5.2,45.1,33.8
03134,2771,137339,12.0,10.4,23.3,15.9
03135,3592,93570,7.6,20.5,28.0,28.1
03136,2548,38328,5.1,11.8,26.0,25.9
03137,570,69047,8.2,12.5,21.6,21.1
03138,2048,144168,8.0,6.5,46.9,16.3
03139,3999,44796,8.0,17.0,25.6,30.4
03140,2110,95524,11.3,17.4,31.3,25.6
03141,3900,97666,7.9,13.6,31.3,15.6
03142,4218,138408,14.4,20.2,43.3,39.6
03143,3896,127173,14.8,22.5,33.4,39.9
03144,4088,80251,9.3,20.0,31.1,37.9
03145,334,25791,9.7,15.9,28.0,22.7
03146,1028,37333,7.9,23.7,35.8,32.1
03147,3707,134047,7.3,12.6,23.4,35.0
03148,622,61609,14.8,18.1,38.5,18.9
03149,3623,85558,3.5,16.5,44.7,27.1
03150,4626,93892,7.9,21.8,47.8,33.4
03151,4988,65290,4.8,15.0,38.9,22.5
03152,1729,29925,11.7,16.1,44.7,17.4
03153,4728,35764,5.3,14.1,26.8,28.8
03154,1416,79226,13.6,7.8,35.4,25.3
03155,2957,102632,7.5,22.7,28.5,26.3
03156,1224,64468,14.0,22.2,50.0,35.7
03157,2687,27094,14.8,19.0,31.3,25.1
03158,1123,70583,12.3,12.0,26.7,29.6
03159,1478,74021,10.5,12.1,43.2,37.0
03160,3474,96786,4.8,5.7,33.8,31.1
03161,1619,40362,14.2,6.6,23.8,33.3
03162,326,66575,12.3,15.3,43.7,31.1
03163,991,71021,6.5,6.0,34.5,24.6
03164,4172,112172,8.6,7.0,43.7,17.8
03165,2357,37185,3.8,10.0,42.5,24.6
03166,2888,64771,10.9,12.5,37.1,30.2
03167,496,106678,4.5,14.8,41.6,15.7
03168,2178,143984,10.8,11.5,45.7,35.2
03169,4844,60069,11.1,23.8,33.5,37.2
03170,4524,68190,6.9,24.0,48.7,15.8
03171,3337,95805,14.4,6.1,25.5,28.9
03172,3993,34764,12.3,24.7,49.1,38.6
03173,2105,134524,9.0,8.5,27.0,26.8
03174,2116,52113,14.0,11.6,35.2,36.9
03175,3271,41888,13.3,21.7,34.1,19.9
03176,2768,39748,11.3,18.8,21.8,17.1
03177,1978,141633,4.8,6.2,25.7,36.2
03178,1296,76013,9.0,20.5,44.9,26.8
03179,1872,55203,13.4,18.3,28.3,23.4
03180,261,143410,10.3,24.0,20.2,28.8
03181,4076,143371,9.5,23.2,44.7,33.3
03182,1851,140091,14.5,24.5,48.6,27.1
03183,875,45715,3.2,14.1,36.0,23.7
03184,1039,67579,3.1,19.1,37.9,37.5
03185,3320,27906,13.7,24.2,23.4,30.6
03186,639,118125,3.5,5.0,48.4,30.4
03187,1561,36808,7.0,20.8,26.4,29.9
03188,455,46112,14.1,6.1,36.5,23.8
03189,3704,114629,11.3,25.0,49.0,38.9
03190,3423,89945,10.8,5.3,33.4,38.7
03191,334,92105,10.9,16.1,22.8,32.7
03192,1648,135212,6.8,15.4,26.5,24.9
03193,2196,90675,9.4,11.1,22.1,22.1
03194,4313,95219,10.6,19.6,32.1,39.1
03195,2201,130034,6.7,10.1,37.7,24.5
03196,1773,51419,12.5,10.8,33.5,23.5
03197,2200,36156,6.9,8.6,30.3,38.6
03198,3757,30062,3.9,19.3,25.0,21.7
03199,4753,78817,5.4,8.4,41.0,22.2
03200,3696,52745,7.9,23.0,48.9,25.1
03201,3848,59940,13.9,10.8,29.9,38.7
03202,3273,47463,8.0,15.4,35.6,19.0
03203,1915,61188,4.1,14.5,25.0,30.4
03204,3941,96813,5.4,19.0,22.2,30.8
03205,2105,118155,9.5,9.7,25.0,33.2
03206,4593,59017,5.1,21.8,22.8,21.8
03207,774,145752,3.8,19.8,38.5,22.5
03208,486,139375,11.6,11.9,39.7,21.1
03209,2258,55244,12.4,7.4,50.0,27.2
03210,2761,27697,13.2,15.1,49.8,26.0
03211,2164,126057,13.1,24.6,33.3,30.8
03212,3951,39903,7.6,5.5,26.9,32.8
03213,3353,135930,11.8,21.9,34.7,35.3
03214,4736,79086,10.0,19.0,46.9,26.3
03215,4366,113385,3.3,8.7,40.5,30.5
03216,839,61652,7.8,14.5,38.6,20.6
03217,1501,32254,3.6,17.6,40.9,32.4
03218,3359,123398,4.0,18.9,24.6,39.6
03219,2377,94827,3.7,23.4,31.4,35.8
03220,4004,86631,14.5,22.5,25.8,24.3
03221,4023,105527,13.1,11.6,48.5,27.1
03222,4314,70577,8.3,7.4,25.8,18.1
03223,3327,103576,6.0,7.1,25.4,27.3
03224,2931,129084,3.9,24.4,47.2,27.0
03225,3858,144771,8.2,24.1,48.5,25.8
03226,2612,138645,10.2,21.4,41.4,25.2
03227,2251,84019,12.6,24.6,50.0,15.3
03228,3775,98740,3.6,10.5,21.5,17.6
03229,2845,125605,8.0,21.5,41.6,20.5
03230,3966,45467,14.7,15.0,25.6,24.7
03231,3864,145807,4.4,21.0,31.3,31.1
03232,2322,129528,7.8,17.2,28.8,17.7
03233,2892,90233,6.3,21.9,46.1,34.7
03234,1797,25372,4.6,12.9,23.5,26.4
03235,3562,127793,13.1,24.8,29.3,17.7
03236,4163,104737,11.4,9.4,42.7,33.2
03237,1624,96387,7.9,18.5,42.4,15.0
03238,4860,96564,7.4,21.1,36.2,36.2
03239,132,148297,12.9,16.7,44.4,37.2
03240,4125,88615,4.1,10.8,22.5,31.3
03241,2666,140504,4.8,16.2,20.1,36.1
03242,2903,54445,13.9,15.1,23.1,24.2
03243,3996,84147,12.8,8.8,44.5,37.7
03244,3809,110532,12.3,20.3,34.9,18.4
03245,819,118516,10.5,10.3,31.5,25.7
03246,4679,134435,6.5,21.6,27.0,24.4
03247,1072,88769,14.2,9.3,23.9,36.4
03248,3818,49131,8.9,15.0,37.4,16.1
03249,4502,47734,6.4,18.9,39.2,26.9
03250,4652,147127,7.4,24.9,21.5,29.0
03251,2307,59100,3.2,10.4,22.2,30.6
03252,4526,39738,6.1,17.7,41.9,22.5
03253,4420,101974,5.3,8.1,33.1,38.9
03254,3130,146049,4.6,21.4,29.5,38.0
03255,3675,73799,3.4,22.2,34.5,26.7
03256,3216,72429,5.7,22.8,25.8,36.8
03257,3385,25755,4.2,23.9,20.8,24.7
03258,743,87716,3.5,12.1,30.4,17.4
03259,4811,94061,4.6,18.3,29.8,19.3
03260,294,54884,5.4,11.3,32.1,34.4
03261,4096,26796,8.0,21.1,35.1,21.6
03262,588,38754,10.0,13.3,44.0,36.5
03263,2304,37161,6.9,16.1,47.2,37.5
03264,2757,142747,4.7,7.7,25.3,20.4
03265,3376,92713,14.3,22.0,31.9,15.2
03266,1202,118668,9.2,14.7,20.7,25.1
03267,1341,92586,11.9,17.8,39.4,15.2
03268,615,76141,11.3,18.4,30.4,21.2
03269,492,147206,6.4,10.5,32.9,27.5
03270,730,115666,9.7,20.9,22.0,26.4
03271,3816,138796,10.2,21.7,45.3,30.9
03272,1947,63577,7.2,15.3,42.0,15.7
03273,2755,79765,11.0,23.0,24.9,26.8
03274,1079,49841,12.5,8.2,20.2,25.4
03275,4629,50498,7.4,13.3,23.5,21.0
03276,3502,133567,3.2,5.9,34.7,32.2
03277,3971,115645,7.2,13.0,44.4,23.2
03278,377,129280,4.4,24.9,41.6,27.4
03279,332,137642,4.9,14.3,39.2,19.8
03280,1652,102711,7.4,13.4,44.0,19.5
03281,3370,92229,5.5,18.8,35.4,29.2
03282,2509,88914,14.2,6.0,40.0,17.2
03283,3612,76203,10.8,12.1,45.0,38.2
03284,125,118802,9.2,15.7,36.6,39.3
03285,560,136399,3.1,14.7,38.2,18.4
03286,3864,117943,4.2,17.8,38.7,19.4
03287,3531,39838,12.5,7.8,47.9,27.9
03288,3583,86671,7.7,13.1,33.6,21.8
03289,2094,126224,3.5,17.7,22.7,21.5
03290,590,111765,12.9,11.0,46.1,32.0
03291,1172,94703,6.6,17.3,21.7,34.4
03292,3273,47615,7.6,24.2,21.4,27.3
03293,315,78775,14.7,23.6,25.9,21.4
03294,1823,66845,3.2,19.5,22.2,37.5
03295,1692,146434,11.7,8.6,35.7,32.6
03296,2706,121705,14.4,20.7,46.3,31.7
03297,258,63907,3.8,13.9,27.3,30.8
03298,4881,56158,13.4,24.0,21.5,37.2
03299,3413,90043,8.0,17.2,27.6,19.5
03300,2941,124762,13.5,9.4,28.7,30.1
03301,1876,110715,6.7,11.2,46.0,27.7
03302,2152,101883,14.8,11.4,39.7,27.5
03303,2395,126714,10.8,10.5,24.5,18.1
03304,1796,78176,10.5,20.4,28.7,19.4
03305,3093,80421,12.7,11.7,38.9,28.6
03306,2569,58330,8.2,8.9,21.6,21.6
03307,2046,73145,6.1,16.9,40.4,38.7
03308,3909,80244,6.2,14.3,46.2,19.9
03309,2883,97528,7.0,5.4,46.0,28.8
03310,3744,102754,10.4,10.6,21.8,25.5
03311,2600,146696,13.1,5.8,44.3,29.0
03312,3745,65564,9.0,20.3,35.0,27.0
03313,2745,120867,7.8,24.0,35.0,21.4
03314,2449,128963,12.5,15.0,37.3,38.7
03315,2032,113004,6.5,16.2,32.3,18.1
03316,3394,109891,11.3,21.9,41.4,17.6
03317,1857,74496,4.3,5.4,29.7,38.7
03318,1216,146299,4.4,8.2,42.4,25.7
03319,2667,146812,10.7,18.1,47.8,26.1
03320,3599,145972,4.0,19.8,23.8,20.8
03321,592,87469,4.9,17.5,33.4,28.0
03322,3406,27716,10.5,23.8,20.6,20.7
03323,719,57361,8.3,12.8,33.2,38.7
03324,3332,52254,9.7,16.1,33.1,17.5
03325,3923,67632,14.7,24.1,41.8,23.9
03326,2480,128964,10.6,23.0,30.6,27.8
03327,1646,88141,10.1,5.6,46.6,36.7
03328,3663,130536,7.6,12.0,32.0,15.9
03329,1705,134623,10.6,19.8,36.6,29.0
03330,3852,46277,3.2,5.0,27.8,18.3
03331,4775,42503,9.7,22.3,24.7,17.4
03332,1990,100640,3.8,15.0,39.7,38.6
03333,1375,125566,5.6,6.7,32.6,15.7
03334,2843,140430,9.8,13.8,38.5,21.6
03335,2593,111921,11.0,14.9,38.3,38.5
03336,456,57235,7.6,12.3,34.7,24.4
03337,969,101180,8.0,14.1,29.1,24.2
03338,985,46687,9.0,22.8,25.9,22.7
03339,2101,73409,12.1,11.5,25.5,21.3
03340,1383,134264,3.2,24.2,36.1,19.7
03341,719,65098,8.4,18.7,28.9,21.0
03342,982,138752,3.2,22.9,36.8,15.8
03343,896,58550,6.8,9.2,43.9,23.8
03344,3742,57864,9.2,14.8,35.0,16.2
03345,3525,33778,4.0,16.3,34.1,30.4
03346,1396,54783,8.8,6.7,48.5,34.9
03347,4814,80813,14.1,14.9,31.3,18.9
03348,344,121923,11.2,22.2,20.9,35.1
03349,2995,103910,12.4,6.0,46.5,16.3
03350,1029,70596,10.0,17.8,26.7,25.6
03351,619,46295,13.8,24.8,37.9,36.1
03352,3312,43622,4.8,15.5,48.1,32.6
03353,2509,74081,8.4,11.1,42.3,24.9
03354,107,50492,10.2,16.7,45.0,32.8
03355,2625,44733,13.5,15.8,32.7,17.2
03356,3523,134082,6.7,7.1,33.8,19.8
03357,2119,37372,3.0,9.3,21.8,34.0
03358,4690,136950,14.7,18.4,40.1,27.0
03359,4382,60256,3.3,16.9,42.3,23.2
03360,3767,77945,4.8,11.9,35.9,17.2
03361,3771,98353,8.1,24.6,45.6,24.7
03362,2901,109757,9.0,17.9,23.3,22.7
03363,185,89683,13.0,9.6,22.6,18.3
03364,3215,139687,8.4,14.4,23.9,27.9
03365,4332,142074,9.6,19.2,45.9,18.7
03366,2568,130700,5.4,18.4,25.6,37.2
03367,3719,43225,9.8,9.9,22.2,39.9
03368,1736,83546,7.2,18.0,43.8,18.9
03369,3683,145054,4.2,11.7,40.9,18.3
03370,4109,33064,14.4,14.2,24.8,27.1
03371,3426,128073,4.0,18.4,42.9,39.5
03372,2318,38986,11.1,16.6,28.8,26.2
03373,2317,66689,13.9,19.3,20.9,25.2
03374,2469,90852,5.2,12.6,21.0,38.9
03375,3738,81605,5.8,20.0,23.6,26.3
03376,2603,57843,8.1,5.3,44.6,35.0
03377,1043,111989,6.5,8.8,31.9,25.9
03378,2937,69006,12.1,24.5,31.3,32.5
03379,2760,57195,7.1,6.7,43.8,38.0
03380,3036,25203,14.8,18.2,39.4,31.2
03381,4544,65663,13.3,23.3,46.5,39.3
03382,4047,97103,13.7,22.2,20.7,33.3
03383,1776,71814,3.8,23.3,25.0,16.6
03384,1296,70248,5.1,24.7,45.6,16.0
03385,4205,32460,5.0,12.1,48.8,18.6
03386,2887,143463,11.1,11.6,28.8,18.6
03387,1561,118056,3.1,7.4,21.1,15.7
03388,3418,82230,12.7,9.0,20.3,24.4
03389,766,81076,9.6,18.1,20.9,39.8
03390,2276,147268,9.8,11.6,39.8,29.6
03391,3843,79710,9.4,11.8,27.6,33.5
03392,700,88788,9.4,17.9,31.1,26.3
03393,2752,29355,5.4,7.1,31.1,19.4
03394,4522,56935,6.4,6.1,27.4,23.8
03395,3924,142739,8.9,21.1,25.4,20.6
03396,4006,27663,11.1,20.8,35.7,28.8
03397,1079,66391,6.3,12.7,22.1,26.7
03398,2551,117875,12.7,16.9,33.7,36.3
03399,728,119903,12.7,9.8,32.6,20.3
03400,1729,147072,6.3,12.4,28.7,29.3
03401,3796,44546,9.7,5.7,22.5,15.5
03402,3530,98925,7.2,10.5,39.7,35.0
03403,3774,111998,5.3,5.3,38.1,29.0
03404,4029,25038,12.7,13.5,42.3,16.6
03405,2865,72812,14.9,15.4,36.0,35.4
03406,4469,84862,9.8,14.9,35.3,16.6
03407,4880,35318,14.0,11.8,27.3,25.8
03408,215,33920,10.7,9.1,31.9,36.6
03409,2103,86243,9.8,14.1,36.1,16.5
03410,792,142853,8.8,22.4,22.2,21.3
03411,3262,78931,5.8,24.7,41.1,22.7
03412,1205,129490,4.0,11.3,47.9,28.8
03413,3108,135723,8.3,24.5,49.1,27.3
03414,2261,109044,9.7,13.7,44.4,36.1
03415,253,104793,9.1,17.3,44.3,37.4
03416,3799,48783,11.3,21.1,25.0,23.7
03417,4510,61902,5.3,12.2,29.8,37.5
03418,3886,122845,7.3,9.2,42.8,24.8
03419,1164,113214,8.0,10.5,21.1,34.5
03420,4300,61539,5.2,21.8,22.5,29.6
03421,2013,105847,13.9,23.7,39.2,35.3
03422,1316,96074,11.2,7.6,33.0,30.2
03423,2501,73949,4.1,18.9,40.5,34.9
03424,1872,93793,11.6,5.7,27.7,29.5
03425,2060,129765,9.6,22.5,22.4,17.9
03426,2880,71543,9.3,22.1,44.9,34.7
03427,4904,137047,14.9,20.5,43.5,32.3
03428,4846,36398,10.4,21.5,33.9,34.4
03429,2971,120734,13.8,17.1,46.4,17.4
03430,760,106580,14.0,7.9,26.7,32.2
03431,2735,112308,4.2,23.3,31.0,34.4
03432,2429,39772,3.1,7.8,27.3,24.2
03433,4054,89114,8.2,9.5,22.6,38.8
03434,2550,98436,12.2,13.7,39.6,31.9
03435,1232,101326,12.9,15.0,37.7,16.5
03436,799,54011,12.4,6.9,33.3,31.7
03437,2138,134809,8.4,20.2,45.8,15.4
03438,4747,75396,12.0,7.7,34.8,19.1
03439,4600,135583,11.6,18.1,33.5,24.7
03440,4657,91193,6.8,14.0,40.4,23.2
03441,2279,134461,5.0,21.2,21.1,33.0
03442,2938,108619,10.5,10.9,28.4,22.5
03443,973,45840,11.1,21.7,45.0,34.5
03444,183,80220,9.8,10.0,23.9,21.9
03445,1522,114967,5.6,16.5,44.6,28.8
03446,2775,52619,6.3,14.7,39.0,30.8
03447,3280,123119,11.5,12.1,44.0,38.4
03448,4416,89258,14.6,5.2,22.3,15.7
03449,4075,105061,14.3,13.0,41.2,22.7
03450,1491,88900,9.2,7.4,43.4,20.1
03451,3318,70384,13.6,9.5,20.8,32.3
03452,4307,149679,3.4,18.8,41.8,26.7
03453,714,54917,13.3,16.4,34.6,28.4
03454,3071,96499,8.7,15.5,20.4,17.0
03455,3665,137301,12.4,16.3,39.4,29.1
03456,3676,113155,3.1,7.4,27.2,22.5
03457,4670,95071,13.4,8.3,49.0,34.4
03458,370,81425,10.1,15.9,49.3,24.1
03459,4166,105116,5.9,13.1,20.1,15.9
03460,2568,138968,7.2,14.3,24.0,16.6
03461,1490,69586,5.4,22.6,35.4,22.7
03462,3454,86321,8.1,8.7,38.9,23.2
03463,4235,89396,7.0,23.2,39.0,32.1
03464,3707,92512,9.4,22.1,41.6,22.3
03465,2683,82089,12.8,23.0,25.2,34.2
03466,4173,87272,14.8,17.8,29.0,28.8
03467,3175,126973,6.0,22.3,36.1,22.6
03468,4006,143880,4.3,24.8,24.2,21.4
03469,389,72055,7.7,14.4,44.3,23.1
03470,2580,25937,4.7,22.2,43.5,22.8
03471,3352,112516,13.0,23.1,40.5,29.8
03472,378,42673,9.0,11.2,30.0,34.6
03473,3024,127974,10.4,13.9,37.4,20.6
03474,680,141838,4.8,16.5,20.2,34.6
03475,353,97957,12.0,12.0,38.0,15.9
03476,4376,73582,14.7,11.4,21.5,22.9
03477,4876,54500,8.8,12.6,26.6,23.7
03478,924,82856,14.5,13.5,30.4,16.1
03479,3932,37953,3.4,10.0,39.4,28.5
03480,799,92052,3.4,14.5,27.3,16.3
03481,1480,71340,14.5,20.6,23.9,31.3
03482,3996,68042,11.4,17.5,34.9,31.4
03483,1773,124708,5.3,12.6,42.5,19.5
03484,2827,144180,7.4,8.1,31.7,17.0
03485,3256,96706,9.1,21.5,45.8,17.2
03486,3488,51507,11.4,15.2,48.2,21.7
03487,4407,149765,13.1,24.4,41.4,34.6
03488,483,27353,4.0,10.1,44.2,29.5
03489,441,36999,10.9,8.5,36.6,29.8
03490,2087,101474,8.7,5.2,37.3,27.2
03491,4159,88134,10.2,6.7,21.1,30.1
03492,3209,25580,9.1,12.7,35.9,38.8
03493,4182,110249,8.4,9.0,35.8,36.4
03494,4615,98829,5.5,5.8,36.8,15.9
03495,2898,95086,8.7,9.5,26.7,24.5
03496,3340,70248,5.3,19.6,31.6,34.2
03497,2088,118954,3.5,19.7,48.5,39.2
03498,3514,142651,7.5,8.0,45.6,19.6
03499,1949,87249,3.3,23.7,33.6,30.5
03500,405,90834,9.8,8.2,32.5,37.5
03501,3713,61884,3.9,6.8,43.5,24.4
03502,2849,41428,8.3,8.3,31.9,24.3
03503,1235,32647,14.8,7.8,38.0,17.6
03504,305,93079,3.1,17.6,46.1,23.5
03505,4691,110779,7.4,8.1,25.8,38.4
03506,3550,95314,11.1,17.7,42.2,35.3
03507,3911,88153,4.9,10.5,49.9,20.8
03508,3722,105094,9.7,10.0,21.1,39.0
03509,3699,78546,6.1,22.9,20.9,17.6
03510,2651,77704,5.7,9.3,40.9,39.8
03511,4408,105919,13.7,22.3,33.3,26.5
03512,409,55033,5.4,11.1,25.5,20.8
03513,2808,110075,7.5,24.8,35.5,19.8
03514,2091,139975,5.0,24.6,46.7,33.3
03515,371,110625,6.4,21.6,35.7,30.3
03516,3742,123820,6.5,22.4,48.2,39.2
03517,4186,92737,6.9,21.5,37.1,38.4
03518,1922,56000,10.7,17.6,25.6,35.9
03519,3373,97113,11.9,21.2,45.2,21.6
03520,4638,37629,9.1,17.6,31.4,35.5
03521,4449,131406,10.3,21.8,38.1,33.3
03522,620,86525,12.8,23.7,31.8,37.4
03523,1076,61426,15.0,20.1,32.7,26.6
03524,3822,31922,8.5,24.3,25.2,20.7
03525,3651,94822,14.2,14.0,38.8,36.2
03526,4205,118435,8.9,23.5,29.5,30.3
03527,2873,120299,12.4,9.5,30.5,27.0
03528,2652,94472,9.9,5.6,25.8,30.7
03529,2932,116281,13.6,7.6,30.3,37.4
03530,4007,124294,8.4,8.2,44.6,18.3
03531,252,111891,11.3,21.5,48.6,20.0
03532,3064,86049,8.6,13.0,33.2,18.0
03533,3016,121155,13.3,9.7,42.5,29.8
03534,2900,32721,14.9,21.2,47.3,19.4
03535,1852,141539,5.9,9.0,27.6,16.7
03536,2710,65957,8.7,6.6,24.0,30.0
03537,3975,126013,4.0,14.3,27.3,21.7
03538,1204,78159,4.7,6.4,46.7,30.2
03539,2636,142309,14.1,10.6,29.2,30.2
03540,4299,136870,9.5,19.0,35.8,21.8
03541,3954,92714,7.7,12.5,48.9,36.7
03542,3594,124142,11.1,6.7,34.3,30.5
03543,2014,120166,9.7,13.1,31.0,30.2
03544,3172,136992,6.5,15.3,47.7,37.1
03545,1106,34747,5.7,10.0,23.2,38.2
03546,506,149102,10.1,8.4,41.2,35.5
03547,266,46318,5.3,20.2,32.9,29.4
03548,608,51619,4.7,6.4,43.6,28.4
03549,1761,132929,6.8,24.1,34.1,23.1
03550,3764,98640,13.3,5.2,44.9,18.6
03551,3589,72746,3.4,18.0,32.9,34.2
03552,4958,32338,13.0,7.7,24.7,36.3
03553,780,91704,10.5,15.9,32.0,24.7
03554,2624,105723,3.5,8.7,23.9,36.9
03555,2220,121609,10.2,5.7,21.7,32.9
03556,4777,81500,8.1,22.2,27.3,37.7
03557,4457,91483,13.1,13.5,32.5,35.9
03558,1463,123464,13.9,10.5,23.9,15.7
03559,1431,119671,6.4,23.9,40.8,21.4
03560,2392,36323,12.4,6.6,39.0,31.3
03561,1638,105086,6.7,12.0,44.1,35.4
03562,3508,93163,6.5,8.5,27.3,36.6
03563,660,106768,5.3,24.8,31.3,34.0
03564,1199,43919,11.1,15.9,39.8,17.7
03565,2003,43656,6.1,21.2,32.2,16.4
03566,274,143151,8.6,8.3,31.5,30.9
03567,2256,78956,12.7,11.1,30.4,22.6
03568,2330,41544,12.5,17.4,34.9,36.3
03569,4387,75936,13.3,8.6,32.2,33.3
03570,4260,84288,4.9,15.0,36.4,39.0
03571,4020,113518,10.0,23.6,49.6,19.0
03572,1597,44566,14.0,23.6,34.6,39.8
03573,3954,39880,3.5,12.1,43.3,26.1
03574,3271,77776,12.5,15.3,40.1,23.4
03575,1667,36936,6.0,9.0,36.7,30.3
03576,1251,121284,11.0,24.6,42.2,36.8
03577,468,148646,11.6,15.4,39.1,39.0
03578,142,108947,14.1,9.1,22.0,28.5
03579,2007,37198,9.1,21.9,42.4,25.4
03580,3590,33376,13.2,13.4,47.2,22.9
03581,2635,92432,3.5,17.7,44.1,27.4
03582,4273,134791,8.0,21.9,31.4,34.2
03583,2973,60172,8.3,11.2,47.1,15.9
03584,1924,109459,9.5,16.6,23.0,33.7
03585,1393,42116,8.8,6.1,31.4,18.5
03586,4869,88295,14.6,9.7,20.1,34.3
03587,4896,34813,3.9,7.8,30.8,17.0
03588,4954,123881,6.2,17.9,21.2,18.6
03589,3486,76313,14.6,10.1,42.5,32.6
03590,3072,131873,8.3,20.2,28.2,30.9
03591,4022,45232,9.9,20.2,36.5,21.8
03592,1092,108228,4.0,20.7,37.8,28.0
03593,2486,102920,6.4,7.7,29.3,35.2
03594,2340,58609,3.5,15.5,27.4,27.2
03595,1576,141859,4.7,18.6,36.5,24.2
03596,3507,82499,10.6,11.5,27.2,24.7
03597,489,64021,12.2,10.2,24.7,19.5
03598,1099,70108,13.4,19.4,42.3,34.3
03599,4720,116814,6.0,12.0,29.6,26.9
03600,1955,101363,7.0,10.0,33.4,25.1
03601,758,110305,9.8,16.3,47.4,28.2
03602,2863,29821,4.0,17.4,23.8,31.1
03603,3763,145501,12.7,20.5,21.9,23.0
03604,1581,42797,8.8,5.8,32.9,32.4
03605,3831,90580,14.6,8.5,38.4,18.1
03606,551,120143,4.4,20.5,34.0,35.1
03607,2575,43070,4.6,15.6,20.3,22.0
03608,3322,30236,7.2,21.1,32.2,19.8
03609,1637,51745,5.5,14.0,34.4,39.5
03610,3193,31625,11.4,14.2,48.4,36.8
03611,982,118353,14.4,12.6,22.3,31.5
03612,4508,44109,4.1,18.8,40.6,28.8
03613,4168,50999,5.9,16.8,31.8,22.7
03614,2666,65777,5.9,12.9,46.2,30.9
03615,3377,29014,9.1,8.8,39.8,22.0
03616,474,63548,8.4,5.0,31.8,26.2
03617,4646,95131,11.7,6.8,39.2,29.2
03618,3797,66033,11.8,7.2,33.4,20.9
03619,3162,77170,9.9,16.4,41.5,30.3
03620,4790,64060,10.1,20.2,43.7,21.1
03621,3350,92096,13.1,14.1,40.8,18.7
03622,4695,83235,7.8,13.3,31.2,35.0
03623,4659,101860,3.1,7.6,21.0,32.2
03624,212,117001,5.6,23.0,24.1,22.1
03625,3297,120285,3.4,19.7,33.9,33.3
03626,2478,50822,7.7,13.3,37.6,19.7
03627,2024,102530,7.3,6.9,22.8,33.4
03628,239,107392,4.2,21.9,33.9,15.2
03629,1524,145123,12.1,8.4,28.6,15.4
03630,3049,59985,9.6,18.5,22.0,17.0
03631,3268,50276,5.7,11.8,30.6,26.1
03632,616,68039,12.1,22.2,39.0,19.5
03633,2716,106972,11.0,16.7,43.3,33.9
03634,987,27987,5.3,9.5,42.8,39.1
03635,3204,33330,14.8,5.3,35.3,26.7
03636,149,50973,5.1,9.2,22.8,29.9
03637,4051,89558,12.3,12.3,37.9,23.5
03638,3660,43521,14.6,19.2,21.5,25.4
03639,118,124131,11.7,9.3,32.8,30.7
03640,4921,100811,11.0,10.2,39.8,28.4
03641,1573,115084,13.8,13.7,23.7,22.7
03642,4161,73119,6.2,5.9,38.6,21.2
03643,2706,139619,6.3,20.4,40.2,30.4
03644,551,52552,10.7,6.6,46.7,37.8
03645,3865,140936,13.6,19.7,26.5,16.1
03646,2538,119761,10.4,10.4,44.6,17.1
03647,4410,62603,14.7,14.2,30.3,20.2
03648,1649,53940,5.7,13.2,31.6,32.0
03649,3574,70965,12.9,10.1,49.0,17.0
03650,227,33377,14.1,10.1,35.2,37.4
03651,4955,93978,8.1,24.0,46.1,24.6
03652,2861,87308,14.5,11.1,41.0,18.8
03653,4556,97938,5.4,8.7,32.6,31.9
03654,4764,60961,14.4,10.0,21.3,39.5
03655,1515,121679,13.8,18.9,34.8,33.3
03656,301,29928,3.8,11.2,31.2,25.8
03657,2469,34604,9.3,8.4,35.7,37.8
03658,617,73029,9.3,13.3,41.9,23.6
03659,1441,118300,3.7,7.4,36.1,19.4
03660,4876,38777,3.5,13.0,40.1,39.4
03661,2088,65364,3.1,22.2,41.0,33.1
03662,3645,77068,9.3,12.5,43.4,20.9
03663,4620,50591,8.6,15.3,39.5,30.4
03664,3902,95073,14.3,20.8,46.4,31.1
03665,3375,86478,7.1,15.3,29.0,25.1
03666,3754,81203,10.9,5.9,45.1,32.7
03667,2534,56905,3.1,9.3,39.0,23.5
03668,4973,137236,11.0,22.9,38.4,25.5
03669,307,128949,14.0,21.0,25.6,39.9
03670,2733,29261,7.3,20.2,45.3,39.5
03671,4217,59703,6.8,15.9,38.0,17.6
03672,253,82193,10.5,12.1,25.4,29.0
03673,3466,116580,6.9,18.9,21.5,20.3
03674,4414,62306,7.8,18.3,34.6,22.1
03675,4864,94962,6.3,17.9,28.5,32.2
03676,1618,87432,7.1,15.1,28.9,33.7
03677,2700,26358,11.2,10.2,22.3,23.1
03678,2295,103959,14.1,13.7,26.7,29.0
03679,4598,59537,10.0,15.2,49.0,31.4
03680,4791,52337,3.1,9.3,36.8,28.1
03681,3654,88247,6.2,9.6,36.1,15.1
03682,2514,116301,14.4,20.8,35.2,17.7
03683,2949,71493,13.9,11.4,43.1,17.4
03684,1842,42576,4.4,24.5,40.3,24.6
03685,1406,60584,13.9,13.7,25.8,25.9
03686,3949,64035,14.6,17.2,35.0,23.1
03687,4268,118733,6.9,15.1,41.3,29.3
03688,4676,48409,11.4,14.9,33.5,17.4
03689,4755,29856,9.7,22.8,36.3,39.7
03690,4940,120980,7.0,6.9,22.4,25.0
03691,4295,112137,4.8,11.9,20.4,16.1
03692,2655,138723,7.4,10.7,43.1,33.5
03693,2405,107962,14.1,11.5,43.3,20.5
03694,4608,112163,12.7,23.3,35.3,16.1
03695,1188,66185,7.0,6.4,44.5,20.9
03696,2742,100706,9.6,10.7,43.5,15.6
03697,1277,97291,7.9,19.8,30.7,27.1
03698,4857,113387,8.6,9.8,34.7,18.5
03699,3094,61745,12.1,21.7,34.2,36.7
03700,659,54712,9.5,11.6,20.6,33.3
03701,3064,37023,5.2,7.3,20.0,37.2
03702,1371,125187,6.2,15.4,45.2,23.0
03703,1913,87919,9.8,15.2,49.3,36.4
03704,3015,25540,11.3,5.8,42.7,35.7
03705,709,33837,9.1,19.4,22.1,17.1
03706,2561,144773,10.4,7.8,38.3,31.0
03707,4220,46185,12.5,9.3,38.8,37.1
03708,383,128030,9.5,16.2,28.1,34.6
03709,3028,89889,14.7,22.8,34.6,32.8
03710,4496,48406,5.8,5.4,20.4,27.5
03711,1191,86630,14.0,21.5,34.0,38.3
03712,916,74054,6.0,20.1,28.1,36.7
03713,182,75840,9.4,8.2,26.5,30.6
03714,2020,34046,8.5,12.5,49.2,16.3
03715,3591,129938,7.5,23.1,40.2,36.6
03716,3244,123708,14.6,7.9,46.8,37.9
03717,2193,77495,6.3,7.2,24.4,16.8
03718,4813,65579,11.1,19.7,26.9,29.7
03719,275,130322,12.6,14.4,47.8,18.1
03720,2804,84821,5.4,10.7,28.4,27.1
03721,469,115631,14.7,8.4,46.4,23.3
03722,1918,120877,9.6,19.4,42.2,26.7
03723,2201,101668,14.0,13.8,21.1,24.9
03724,4885,59175,11.0,9.8,24.6,38.7
03725,3590,34012,10.8,23.9,36.7,36.2
03726,1879,32030,7.1,16.2,47.5,29.7
03727,1464,147047,12.2,12.1,37.3,23.9
03728,4562,135170,3.4,19.4,41.0,20.1
03729,3442,111450,9.7,14.9,40.2,22.9
03730,4839,98464,3.4,5.2,23.4,15.5
03731,3776,123275,6.7,21.8,44.9,19.0
03732,2526,37027,4.2,6.3,42.0,17.2
03733,172,143755,13.9,24.8,29.6,30.6
03734,3062,96742,10.5,12.0,33.8,25.8
03735,959,118399,11.0,15.5,34.4,19.5
03736,3956,43565,13.2,25.0,43.8,29.6
03737,4238,122213,11.8,10.4,48.6,25.9
03738,2524,54290,4.5,14.3,45.7,38.5
03739,1164,126536,10.4,20.1,34.4,29.7
03740,2317,138921,14.7,14.3,30.1,31.4
03741,4117,50000,5.6,11.7,26.9,31.2
03742,2359,75703,10.4,7.4,40.6,22.6
03743,3851,58125,9.8,15.3,32.5,37.0
03744,2186,36638,7.7,16.0,24.3,30.6
03745,468,108514,14.5,9.7,21.5,39.4
03746,2904,79280,7.3,11.7,37.5,39.0
03747,250,116122,4.1,11.0,46.2,29.7
03748,1234,82540,14.6,13.5,29.9,16.8
03749,2884,87580,11.8,21.0,26.3,32.6
03750,4264,34225,7.1,11.7,35.1,15.2
03751,2446,50437,6.4,10.4,42.6,32.3
03752,4997,121774,14.1,21.8,21.1,26.9
03753,2350,107268,6.3,21.2,46.3,28.8
03754,160,53353,9.4,20.9,49.7,37.3
03755,3110,73531,5.6,19.9,33.4,32.4
03756,4001,26658,14.9,22.8,45.3,26.6
03757,1437,50150,12.2,19.3,32.6,35.8
03758,1284,38315,9.8,8.4,23.2,23.0
03759,4526,43203,11.9,5.7,35.1,37.3
03760,1651,146159,14.0,8.6,25.3,17.7
03761,4533,63649,14.6,12.3,25.7,37.7
03762,1729,64423,12.4,6.1,43.9,30.3
03763,1427,132426,13.2,20.1,23.1,36.5
03764,1626,88617,7.8,17.8,28.8,31.5
03765,1773,45392,7.7,19.4,30.9,37.0
03766,1461,31043,12.7,6.9,47.3,33.9
03767,1673,41867,12.1,11.6,38.3,15.9
03768,2786,127216,13.8,14.2,21.7,19.7
03769,4470,25357,4.6,17.1,28.4,25.9
03770,2466,70440,11.3,21.1,21.9,37.4
03771,3857,49829,10.8,24.5,42.1,39.8
03772,2534,66794,12.6,6.6,25.8,18.8
03773,2093,58958,3.3,17.8,26.7,38.7
03774,969,55408,12.9,7.7,23.6,23.6
03775,1114,51279,6.9,11.0,40.7,20.4
03776,2011,54467,11.2,20.4,35.5,17.6
03777,702,127868,10.4,24.9,27.9,17.4
03778,3921,80131,8.3,15.5,43.8,38.4
03779,790,66452,12.0,12.1,37.5,24.5
03780,593,120127,14.5,9.3,25.4,38.8
03781,589,93945,6.9,20.7,20.6,27.7
03782,2656,101855,12.0,23.1,22.7,24.7
03783,4585,51696,6.8,22.0,30.0,34.5
03784,394,131547,13.1,15.2,22.4,26.6
03785,4127,88612,8.2,16.8,27.3,28.0
03786,2943,115373,8.4,21.7,22.3,36.9
03787,3012,52578,12.3,23.6,22.2,34.2
03788,1817,26908,9.0,23.8,29.2,34.8
03789,2696,123059,6.2,18.8,35.4,31.0
03790,4844,94182,14.9,8.8,30.3,19.1
03791,1973,81867,10.4,11.3,23.1,17.8
03792,4763,104368,10.7,10.3,21.7,33.7
03793,3358,109297,10.8,8.5,25.9,33.5
03794,2917,36586,13.6,10.0,41.0,26.4
03795,544,45720,5.2,22.4,40.0,24.0
03796,3741,95940,3.7,20.4,46.8,37.5
03797,4558,112878,7.6,5.9,47.4,23.7
03798,841,26625,9.8,8.0,43.2,21.5
03799,2141,122543,6.4,24.7,20.5,33.5
03800,779,63186,11.3,9.5,23.3,19.0
03801,2567,116340,3.9,17.7,42.2,31.2
03802,3797,62154,12.5,9.1,44.8,35.1
03803,1458,96890,11.6,9.7,38.4,32.6
03804,162,59157,5.6,15.0,30.9,23.3
03805,2659,80061,6.6,14.8,25.5,31.6
03806,3869,42871,12.7,17.9,40.3,25.8
03807,4451,137961,12.3,8.4,32.4,27.0
03808,234,80653,12.8,10.3,31.1,33.1
03809,3744,34108,6.9,17.5,34.1,31.1
03810,2235,100869,14.6,6.9,45.1,22.3
03811,3378,140398,11.6,23.2,39.3,21.1
03812,922,108806,3.8,8.6,36.7,36.7
03813,3174,59984,8.7,13.8,29.6,36.2
03814,3081,108240,11.0,7.2,29.8,25.0
03815,220,106840,5.0,18.7,49.6,36.6
03816,1737,88478,13.8,11.5,34.2,27.2
03817,1024,49290,12.0,6.5,26.9,36.2
03818,744,39433,4.0,16.9,41.6,19.6
03819,2132,122984,14.0,24.6,42.5,34.1
03820,2861,123057,7.9,22.4,31.4,25.3
03821,2168,94981,8.4,19.1,43.6,27.5
03822,341,62599,12.4,5.3,46.1,28.8
03823,2768,35818,10.7,22.2,44.9,32.0
03824,902,114737,8.3,22.9,22.2,17.6
03825,4264,31984,6.1,5.8,43.8,21.3
03826,295,66360,9.2,7.4,32.0,33.0
03827,2287,91286,10.0,14.0,23.2,15.0
03828,3615,137066,10.6,13.0,46.8,24.4
03829,2430,30594,10.3,10.9,34.7,23.2
03830,2459,87260,10.4,9.0,46.3,27.4
03831,4941,104266,8.7,16.0,38.0,39.6
03832,3706,32171,9.7,20.4,29.8,33.7
03833,376,147179,6.5,23.7,37.3,39.0
03834,160,121624,4.9,11.0,48.7,20.8
03835,3490,141575,10.3,19.1,38.7,32.2
03836,2013,110605,3.6,20.8,44.4,32.9
03837,4027,75570,3.8,14.6,45.9,39.2
03838,2691,142291,6.0,23.4,31.7,39.9
03839,666,120350,5.3,5.5,24.7,29.4
03840,4035,77923,7.5,23.0,49.3,24.2
03841,1671,144788,7.5,22.9,46.7,33.8
03842,4817,87405,4.4,7.7,37.8,23.5
03843,1300,136606,6.0,13.8,48.4,19.5
03844,4509,87653,3.1,15.3,38.4,30.2
03845,2954,35210,7.2,13.0,38.7,32.8
03846,2995,84380,12.6,22.9,38.9,25.0
03847,1336,67605,6.2,19.3,44.8,40.0
03848,236,126791,10.7,7.5,29.4,22.4
03849,1129,99541,4.2,23.5,29.3,20.8
03850,2256,145598,3.1,5.9,21.0,33.2
03851,2694,55825,9.0,16.9,44.3,15.4
03852,761,145996,8.5,15.5,27.9,28.1
03853,2572,144421,5.3,6.4,26.6,24.6
03854,2777,106241,6.4,18.9,34.3,17.4
03855,2408,126473,3.4,24.3,45.7,24.3
03856,186,58791,12.6,14.2,38.0,29.1
03857,2612,100237,6.6,15.3,45.3,28.5
03858,3042,117150,5.6,12.7,20.0,39.7
03859,2873,105202,12.7,22.5,25.7,20.4
03860,2604,141081,3.5,23.6,41.5,34.9
03861,3410,139105,6.4,12.9,28.5,36.7
03862,1800,95775,6.2,22.8,48.2,17.0
03863,3770,106748,6.2,9.1,42.7,15.4
03864,2800,109266,3.1,14.2,41.0,18.4
03865,3729,91391,14.2,10.0,20.5,16.9
03866,4690,99894,13.4,9.5,40.7,37.9
03867,1747,142442,8.0,22.1,35.7,16.9
03868,3418,75817,8.3,19.3,25.2,27.4
03869,3787,94574,9.3,6.3,37.6,39.8
03870,696,67932,8.7,20.1,23.2,24.6
03871,4645,88404,12.3,16.5,34.6,21.8
03872,584,45071,8.9,20.7,25.7,37.7
03873,745,108036,5.3,16.9,20.3,27.1
03874,3189,69328,4.4,12.5,31.1,33.8
03875,4857,78694,14.0,14.9,31.1,26.1
03876,4953,25733,3.6,7.8,35.5,27.2
03877,4484,86127,13.8,11.2,48.9,36.8
03878,820,121031,11.3,5.4,22.4,37.6
03879,4833,60689,7.9,13.1,26.7,20.9
03880,598,69289,5.2,6.8,33.5,29.1
03881,4829,103345,6.7,18.2,30.5,38.9
03882,1773,133202,9.4,23.3,36.9,38.3
03883,3167,38686,10.9,19.8,44.1,37.3
03884,214,94034,11.3,9.1,32.5,37.1
03885,3079,132620,8.4,15.1,29.3,38.7
03886,4869,29717,7.5,19.2,26.8,37.0
03887,1836,29854,12.2,21.1,43.6,29.6
03888,3711,125162,14.1,10.7,22.8,37.5
03889,2353,133787,14.0,14.5,34.6,27.2
03890,2394,39358,9.6,7.1,31.2,17.8
03891,3730,46857,3.9,19.5,39.0,23.5
03892,246,125817,3.9,13.7,36.3,21.5
03893,4082,106120,7.8,5.8,30.4,17.8
03894,3553,29960,11.8,15.6,23.2,31.0
03895,4607,61283,9.0,20.8,24.1,19.9
03896,2510,51576,10.5,5.9,40.4,19.6
03897,236,116909,13.1,13.1,34.8,22.6
03898,3460,43700,3.5,14.6,43.7,21.1
03899,3105,68540,14.1,25.0,47.8,28.8
03900,3652,76166,7.0,9.4,40.2,15.4
03901,118,72417,3.6,21.4,47.4,26.0
03902,2342,125471,13.0,7.9,20.8,31.5
03903,548,44412,14.2,24.3,36.1,19.7
03904,2048,122760,12.2,11.1,28.0,18.7
03905,1045,84291,12.7,7.9,25.9,37.6
03906,4336,116255,13.5,12.6,28.4,35.5
03907,2020,29231,9.3,5.3,44.6,21.4
03908,3077,110068,11.2,7.2,38.9,35.9
03909,4288,32521,6.4,14.9,43.3,37.2
03910,4115,89569,6.0,23.8,35.0,17.9
03911,338,148815,10.3,13.9,28.0,33.8
03912,304,36349,11.8,18.2,34.0,28.1
03913,2707,57768,7.8,19.1,26.4,33.2
03914,4440,131572,7.8,5.7,49.7,32.8
03915,3488,120168,14.5,11.4,43.2,26.6
03916,3072,87985,9.2,24.9,21.9,15.4
03917,4490,32611,14.8,5.1,49.9,31.7
03918,2787,44012,13.4,14.4,24.5,29.8
03919,4266,113054,10.7,21.7,39.7,27.2
03920,1448,133691,3.1,10.8,31.4,32.3
03921,4500,74725,6.6,24.9,36.3,29.1
03922,916,26548,8.0,14.7,41.4,23.8
03923,920,115297,10.8,23.3,29.1,34.9
03924,292,38988,7.7,15.6,23.1,33.5
03925,1876,119729,12.9,13.0,39.7,29.6
03926,3745,86186,11.0,19.2,20.8,27.9
03927,4724,39497,7.2,24.2,26.7,31.1
03928,350,96581,12.4,12.5,20.3,30.3
03929,1888,44876,6.6,22.3,42.1,20.2
03930,3800,51819,3.8,18.2,46.5,19.1
03931,2563,115145,5.1,12.6,29.7,21.4
03932,1267,32839,3.0,6.1,29.4,24.0
03933,3993,116732,13.0,11.2,22.9,36.5
03934,1196,63457,10.5,21.6,21.3,17.8
03935,2779,141584,9.8,6.9,27.1,31.8
03936,1947,142143,10.9,16.4,45.8,17.9
03937,4004,133296,10.8,15.2,38.1,24.3
03938,604,128720,9.8,18.2,20.3,24.9
03939,1721,86976,13.1,23.8,38.3,32.9
03940,2572,35275,8.3,20.0,21.5,37.3
03941,2646,63151,12.7,15.2,32.6,31.0
03942,1487,59173,12.4,21.6,48.0,37.6
03943,3094,104985,5.4,19.0,38.8,24.4
03944,3916,118800,8.4,22.9,38.4,33.9
03945,817,68612,13.0,19.5,40.2,29.3
03946,3584,40960,13.0,20.1,24.2,34.1
03947,4534,29538,3.3,6.7,22.8,32.0
03948,758,75338,5.7,5.1,31.2,23.8
03949,4108,53709,8.1,24.1,25.7,28.7
03950,4624,27139,3.6,10.0,20.7,39.4
03951,4334,60446,6.1,8.3,30.2,31.3
03952,3864,61562,6.1,8.2,34.9,32.2
03953,3089,44103,5.6,19.8,21.5,20.6
03954,4737,72204,7.8,5.9,49.2,28.9
03955,2204,49432,12.8,18.2,43.0,21.5
03956,1355,62370,5.9,16.4,42.1,33.9
03957,2582,100954,10.0,7.9,46.4,33.4
03958,483,135519,9.7,7.7,37.7,34.7
03959,2707,127754,12.8,7.7,33.1,15.1
03960,293,121135,7.7,10.2,34.5,32.0
03961,3907,102096,5.7,17.8,25.9,19.4
03962,3819,45341,13.7,9.1,31.4,15.3
03963,2681,104382,13.0,18.2,43.9,35.3
03964,2665,31069,10.5,24.4,35.1,36.9
03965,2863,99215,4.1,22.2,25.5,36.4
03966,2898,38293,3.2,21.0,45.9,15.1
03967,2439,123582,5.2,24.0,39.5,15.7
03968,3506,125895,5.4,17.2,38.0,33.7
03969,831,148529,4.6,20.4,49.1,37.2
03970,2972,52554,6.1,20.5,47.8,16.6
03971,3220,123658,7.1,24.5,24.4,33.1
03972,4880,138982,12.1,17.9,42.3,29.6
03973,4277,109162,11.5,10.5,47.1,25.5
03974,2704,62667,4.3,8.9,45.9,33.0
03975,2482,129540,14.7,11.1,46.7,36.3
03976,631,76632,12.0,20.2,44.2,34.3
03977,4416,123861,5.0,18.1,49.7,30.0
03978,734,71106,4.5,9.4,28.2,19.1
03979,1869,94022,4.1,22.2,24.8,17.4
03980,3904,107081,11.8,24.6,22.3,23.4
03981,2470,113164,5.8,20.1,44.7,23.7
03982,102,140386,3.9,6.2,33.6,26.5
03983,305,133469,8.1,17.6,27.7,22.8
03984,4235,94080,11.5,23.8,40.3,26.3
03985,2721,110697,6.7,11.3,20.0,39.9
03986,4839,59973,8.8,16.7,25.9,24.9
03987,2990,140179,5.3,9.5,31.4,23.7
03988,3293,43376,8.1,22.6,26.4,26.7
03989,2766,75184,7.3,22.4,30.3,32.8
03990,3406,110203,8.2,12.3,25.0,36.7
03991,997,85854,8.6,12.0,20.1,24.2
03992,1185,112936,4.1,5.0,34.9,34.0
03993,1379,95455,4.1,11.3,22.1,16.1
03994,770,136270,6.1,20.6,41.6,29.8
03995,1605,80126,4.4,5.6,21.8,36.2
03996,3675,148665,6.0,9.1,43.0,19.5
03997,4914,141521,3.3,19.6,21.8,30.0
03998,2055,124295,7.2,18.0,49.2,39.0
03999,349,102934,5.6,24.7,30.8,18.5
04000,1992,113904,13.7,12.8,29.0,36.7
04001,3539,47730,13.3,7.7,29.2,33.3
04002,1953,43167,6.6,18.3,27.3,23.0
04003,2954,79336,8.7,6.6,25.3,35.5
04004,1603,88178,14.5,7.3,44.9,32.7
04005,3485,42568,9.3,16.4,33.8,33.1
04006,3671,124972,13.2,14.4,23.0,36.4
04007,3892,97369,12.9,10.3,44.6,23.0
04008,3526,96360,14.3,14.6,45.8,37.7
04009,143,84657,6.7,22.4,47.7,20.3
04010,3712,25571,3.5,19.5,21.4,22.1
04011,2718,62068,4.2,14.1,34.2,24.4
04012,4778,45122,9.9,11.2,38.1,32.4
04013,3263,25583,9.4,16.6,45.3,16.9
04014,1388,147011,6.6,5.1,38.6,21.3
04015,3042,148187,6.0,19.7,33.7,25.7
04016,319,86889,11.5,21.0,42.9,23.8
04017,2025,82405,7.1,7.4,33.9,38.8
04018,3072,147228,10.2,13.1,28.6,19.0
04019,3613,46963,11.5,7.9,37.5,16.4
04020,2548,127874,8.2,24.0,35.3,25.8
04021,3571,106276,5.3,21.5,34.6,18.4
04022,2874,53364,13.3,5.4,25.7,27.8
04023,1090,96227,4.1,24.4,45.4,16.3
04024,3046,100861,13.0,7.8,21.7,38.1
04025,1912,141647,13.0,6.7,21.6,22.4
04026,903,138806,9.9,5.7,24.2,23.1
04027,589,114950,10.6,20.8,23.4,27.0
04028,3656,30126,7.3,23.5,46.5,21.3
04029,1593,117144,13.1,6.9,43.7,21.5
04030,3745,28762,6.2,24.7,28.5,36.6
04031,2991,27786,9.7,11.3,28.0,37.1
04032,1805,92078,3.0,18.6,32.2,16.4
04033,3616,141363,14.3,24.7,35.6,20.2
04034,3440,103349,14.4,5.2,29.9,28.0
04035,153,41417,11.5,15.9,47.2,39.9
04036,2675,86305,8.1,18.1,21.4,38.8
04037,3691,41294,5.1,12.4,48.8,33.6
04038,715,93335,8.9,7.2,37.1,26.4
04039,1054,147184,12.5,17.4,48.4,37.1
04040,2533,108775,10.3,5.9,40.9,29.0
04041,1729,135176,9.3,23.5,24.5,18.2
04042,2881,97459,13.2,14.2,40.8,23.0
04043,749,125989,6.8,23.2,49.1,37.7
04044,2447,75209,13.3,21.7,35.0,39.4
04045,4590,31938,8.3,5.1,46.3,36.5
04046,3378,111421,3.0,14.2,49.7,22.8
04047,2740,120249,11.8,22.8,30.2,36.8
04048,3901,147285,13.5,12.4,32.4,16.0
04049,2661,129875,8.8,11.5,28.2,34.2
04050,3349,68921,8.5,18.7,47.8,38.5
04051,470,29388,12.7,19.1,38.8,21.6
04052,957,96558,13.6,17.9,42.7,15.4
04053,4986,93163,14.7,12.3,26.0,35.2
04054,4853,143508,7.1,6.3,32.9,22.7
04055,483,32247,10.1,23.5,39.1,18.9
04056,3977,134653,12.9,11.3,42.1,18.1
04057,2652,94179,9.4,20.9,39.7,16.0
04058,4434,47575,8.5,12.0,41.3,38.6
04059,4390,45146,9.9,14.9,38.5,32.2
04060,2825,47371,7.3,12.5,25.8,25.3
04061,4134,117243,5.3,6.6,36.4,33.0
04062,3393,132102,3.8,11.6,46.8,32.7
04063,4351,76507,10.3,24.1,23.6,35.5
04064,4088,51875,7.5,7.2,27.1,21.7
04065,1022,38792,13.6,16.1,33.2,35.0
04066,3015,119028,5.7,24.4,22.2,18.1
04067,3050,135771,6.7,5.4,31.4,21.7
04068,3146,73723,14.6,6.4,32.5,37.9
04069,1074,108253,9.7,23.2,44.7,22.8
04070,1330,110928,7.2,19.7,49.6,37.8
04071,2535,109393,13.3,15.9,25.7,28.2
04072,1914,96679,11.9,15.7,26.3,23.7
04073,3034,85901,9.9,24.5,47.3,26.0
04074,1463,127037,13.7,5.4,46.7,15.8
04075,4040,43470,4.1,10.4,48.9,23.2
04076,303,44734,7.7,11.3,45.2,17.8
04077,260,38103,12.7,7.4,36.4,36.2
04078,4587,72728,7.6,12.1,37.3,36.9
04079,868,115487,14.1,12.4,32.8,34.9
04080,3848,92488,4.8,24.2,20.3,15.9
04081,2681,61478,7.0,13.8,34.8,17.2
04082,1193,149968,8.1,23.7,46.4,25.2
04083,4600,75845,11.2,21.2,23.3,25.8
04084,707,137333,5.3,19.7,26.3,39.2
04085,1640,55766,3.1,11.6,25.2,33.1
04086,2975,69515,14.7,13.5,20.4,28.5
04087,3291,70240,13.8,5.9,24.2,29.1
04088,1937,115183,6.6,12.5,33.6,32.2
04089,789,56288,8.8,22.4,44.1,31.8
04090,3859,92310,8.9,20.6,21.2,39.6
04091,3049,140261,13.4,21.2,32.6,39.6
04092,2203,146173,10.2,9.4,45.3,37.3
04093,465,62432,12.9,9.2,47.8,32.9
04094,3675,95595,13.9,18.3,22.3,28.9
04095,4650,145050,9.8,18.0,39.9,17.6
04096,4299,143754,6.4,8.9,40.7,39.9
04097,4272,129775,9.0,19.4,49.0,35.1
04098,4425,47497,13.2,12.5,20.9,34.2
04099,2478,53283,10.0,22.7,44.1,29.2
04100,1305,137597,13.7,12.3,38.5,18.0
04101,3939,66112,13.7,9.6,22.1,17.9
04102,2835,145062,7.5,8.9,30.2,28.4
04103,3447,66688,8.4,23.0,36.5,26.5
04104,1775,137039,11.1,22.2,21.6,32.4
04105,398,101007,4.3,13.5,41.2,36.6
04106,1056,100280,8.6,9.8,46.2,15.4
04107,1214,94199,4.8,10.7,36.4,29.7
04108,2605,85911,13.2,12.7,40.4,26.3
04109,1574,37463,14.3,5.9,38.9,19.8
04110,4560,106914,4.7,6.3,21.7,22.5
04111,4546,113614,11.0,23.5,29.6,38.3
04112,3826,63909,10.6,20.3,45.3,33.4
04113,3571,145974,12.1,21.3,43.5,37.7
04114,2928,31160,11.3,14.6,30.3,23.4
04115,2950,135840,5.6,12.3,35.6,22.0
04116,2606,52682,6.5,6.8,47.9,21.5
04117,3870,116111,5.0,16.2,49.4,28.1
04118,3064,130446,14.1,19.9,44.1,31.3
04119,4694,121401,9.3,8.9,28.3,33.5
04120,1049,46405,14.7,12.8,23.0,18.5
04121,4703,113790,8.4,23.5,46.9,21.3
04122,2950,64076,9.6,21.9,39.8,23.9
04123,265,34326,12.5,21.0,45.1,15.8
04124,3586,62510,12.6,5.8,22.3,32.9
04125,2609,110065,5.8,8.3,36.9,18.8
04126,1019,49527,6.5,11.1,46.2,24.9
04127,213,126019,4.2,11.1,21.8,39.0
04128,3604,106622,12.7,7.6,48.0,32.0
04129,1091,66313,12.5,10.8,39.7,30.2
04130,3939,46777,4.0,13.6,31.0,16.7
04131,1358,87382,6.1,6.0,40.3,16.8
04132,3526,67262,8.4,13.1,41.4,31.0
04133,614,111002,9.5,14.9,39.1,22.9
04134,4904,61499,9.3,5.8,41.8,22.4
04135,3296,40390,14.8,18.5,24.0,23.4
04136,4534,70581,12.2,6.6,36.2,31.1
04137,2684,82853,4.4,18.0,29.5,18.8
04138,167,42921,6.5,24.9,23.9,38.7
04139,1696,65860,7.1,6.2,41.2,38.9
04140,4578,57945,6.8,10.4,38.0,32.5
04141,118,43760,12.4,7.6,50.0,39.0
04142,2830,65506,7.3,12.4,45.2,24.1
04143,3621,132296,8.9,21.7,32.3,19.6
04144,672,80983,9.4,23.6,43.4,19.6
04145,2358,28243,6.2,21.8,25.6,28.4
04146,3002,120627,6.9,18.8,34.1,19.7
04147,750,28666,12.4,19.3,32.1,19.6
04148,2687,107857,13.4,7.4,38.3,36.7
04149,3362,44411,3.4,10.0,44.1,23.9
04150,1438,108940,10.3,12.3,33.9,32.7
04151,3734,85126,10.6,6.0,45.9,38.1
04152,2927,48586,11.8,21.4,42.6,22.0
04153,2317,105168,11.3,10.1,28.1,26.7
04154,3639,135036,13.5,6.0,36.0,31.7
04155,1137,92510,3.9,6.5,45.5,19.8
04156,4483,83862,7.7,24.4,42.6,30.0
04157,4078,134165,12.4,23.2,44.6,39.6
04158,3061,26258,13.2,24.2,27.7,39.3
04159,3326,130356,6.2,24.1,43.4,31.4
04160,1198,44494,10.0,21.0,32.2,25.1
04161,2424,67202,5.2,10.5,48.8,20.5
04162,1039,38528,13.2,11.5,34.0,36.2
04163,3816,109673,11.8,13.0,46.9,31.7
04164,3514,112714,5.7,20.7,39.9,35.1
04165,1548,142363,10.5,23.5,48.0,37.2
04166,670,105544,9.1,13.8,37.0,39.2
04167,3004,102400,6.1,11.0,27.1,17.8
04168,2605,123723,13.7,9.9,39.6,25.6
04169,1017,132148,4.8,10.1,27.7,30.1
04170,1974,93407,8.6,5.1,45.5,17.8
04171,1778,85589,10.0,9.7,22.6,17.7
04172,715,56432,12.9,10.9,27.2,15.1
04173,4601,40202,4.8,20.5,43.5,31.3
04174,1849,103637,10.3,16.0,32.5,30.5
04175,3925,124171,3.1,11.6,24.8,26.0
04176,4288,41238,12.9,16.9,49.8,20.1
04177,2577,36179,5.8,20.8,33.7,22.7
04178,4849,115285,11.7,17.2,34.3,31.1
04179,3605,55793,10.2,6.4,30.6,26.0
04180,3575,33004,3.6,9.8,22.0,39.3
04181,4629,139462,5.2,10.7,27.3,31.5
04182,1235,46116,6.2,12.3,28.4,27.6
04183,4100,149439,13.6,5.5,37.1,16.0
04184,474,111047,8.8,19.9,48.1,32.1
04185,306,138917,14.0,14.4,24.2,29.2
04186,4975,111512,3.6,22.9,49.2,30.8
04187,1419,56856,3.1,15.4,34.2,24.8
04188,1241,125546,14.4,24.8,37.5,28.1
04189,4727,103351,11.7,19.0,21.1,38.1
04190,2790,27488,12.4,22.7,45.5,20.4
04191,3355,108432,14.0,24.5,46.0,20.3
04192,189,96152,14.8,14.4,42.6,15.7
04193,4208,142459,4.2,17.7,24.4,23.1
04194,3120,141331,4.9,23.3,32.1,36.0
04195,1957,57791,5.3,16.5,48.7,21.4
04196,904,125641,12.8,6.1,32.7,36.1
04197,1044,142631,7.3,18.9,30.5,29.1
04198,2889,56027,10.1,23.7,22.6,19.6
04199,3975,37591,13.3,20.6,22.4,18.2
04200,1710,131326,11.2,20.8,33.0,32.1
04201,3023,29726,3.8,6.6,36.2,20.7
04202,3982,141404,8.3,19.7,44.7,38.2
04203,3321,130398,3.8,5.6,47.2,35.3
04204,4491,29133,8.7,23.6,32.0,35.5
04205,4835,80681,5.6,23.3,45.3,16.2
04206,2487,91280,3.0,24.6,36.3,21.0
04207,4823,88044,12.8,11.1,49.2,25.5
04208,1041,111097,14.6,15.8,47.9,21.1
04209,2666,54813,14.6,16.6,41.4,23.2
04210,1075,115105,6.6,16.1,25.7,18.6
04211,1054,30940,12.9,13.2,47.7,18.1
04212,1362,123353,11.1,24.7,23.5,24.2
04213,1043,48196,12.6,22.7,44.6,37.8
04214,2302,31217,13.2,17.2,34.8,37.0
04215,3427,44433,14.8,18.0,38.3,28.4
04216,4374,35934,4.8,19.3,46.1,32.4
04217,2359,79377,12.2,17.1,43.8,23.1
04218,1928,98404,11.8,19.2,21.8,18.6
04219,1357,110809,6.5,21.3,31.1,16.5
04220,564,131255,7.7,24.6,49.1,26.2
04221,3394,51198,5.1,22.0,30.7,26.9
04222,1330,90373,14.0,7.6,44.2,25.7
04223,2754,69357,13.6,15.9,41.9,28.6
04224,984,72787,10.4,17.6,48.7,28.0
04225,3905,51363,9.1,10.3,48.5,32.5
04226,3956,72459,5.8,14.5,33.7,36.4
04227,3235,49019,12.5,23.7,26.8,36.8
04228,1024,79927,3.1,10.2,29.0,22.5
04229,4689,110275,8.6,11.3,28.8,30.7
04230,1646,50589,13.3,23.2,38.9,39.1
04231,1194,88672,10.4,6.9,31.0,28.9
04232,2511,66113,10.6,22.6,46.0,31.0
04233,2717,36093,3.8,11.1,29.1,35.6
04234,862,96797,6.4,15.0,49.7,18.2
04235,2423,142002,11.1,17.9,39.9,19.3
04236,4245,110376,3.6,17.9,30.7,37.5
04237,2875,72940,7.0,24.6,37.6,38.6
04238,4759,48792,7.2,5.7,30.8,21.1
04239,4978,111186,9.0,19.1,35.5,17.0
04240,3255,132112,7.3,21.9,35.8,35.1
04241,4070,77201,8.4,16.8,43.0,20.7
04242,2140,46027,9.6,24.5,33.4,31.7
04243,683,128608,4.5,13.4,48.5,18.6
04244,4431,108845,5.2,20.0,23.0,24.5
04245,2203,97381,13.0,18.7,29.6,27.2
04246,2042,31810,8.5,5.6,42.4,24.0
04247,4555,40228,7.3,16.1,37.9,30.5
04248,209,60225,8.2,10.2,23.7,36.4
04249,291,97418,5.1,15.6,44.4,29.1
04250,1003,147508,5.9,22.7,39.9,28.8
04251,961,51187,9.2,17.6,37.5,27.4
04252,1183,29241,7.3,16.9,46.3,39.0
04253,749,44493,8.7,18.4,45.0,15.5
04254,4234,35729,4.8,15.6,29.5,17.7
04255,3711,37549,4.9,14.0,36.3,25.5
04256,736,63013,7.6,12.5,45.8,36.0
04257,1136,133123,7.5,19.0,21.9,38.3
04258,4231,49347,13.6,20.5,29.9,38.7
04259,2248,62208,3.4,13.5,31.7,20.9
04260,3965,89772,14.9,5.9,28.2,25.5
04261,3257,65378,14.5,15.9,35.3,31.7
04262,3687,26998,9.5,16.5,43.9,36.2
04263,3394,85270,11.6,14.6,34.4,31.8
04264,4361,75283,14.2,12.2,21.3,37.5
04265,2530,59760,6.0,22.9,45.6,20.3
04266,1979,137172,6.8,14.6,26.2,28.8
04267,4066,147735,4.3,21.0,32.9,27.4
04268,3813,139100,9.8,17.8,20.6,36.4
04269,4226,50089,4.9,20.7,33.2,18.1
04270,4206,128344,14.2,22.6,31.2,29.9
04271,2111,140400,8.2,9.9,28.7,31.9
04272,3473,52737,14.0,21.6,48.1,18.9
04273,2243,90750,5.5,19.4,40.3,34.0
04274,2600,63514,11.3,16.2,47.5,30.3
04275,4681,87782,10.8,15.9,34.0,19.5
04276,1389,82947,7.8,11.2,35.5,37.6
04277,1547,81133,13.8,15.8,48.5,36.2
04278,3299,61537,8.2,12.7,33.7,16.1
04279,2043,128171,5.4,22.8,20.9,20.2
04280,3283,148549,14.7,16.6,39.4,24.5
04281,3316,75232,8.3,11.0,25.9,28.4
04282,3236,119766,5.5,7.9,48.6,28.9
04283,3418,100153,7.4,18.9,22.1,18.6
04284,2882,35461,10.4,18.3,46.9,17.8
04285,1090,107394,9.1,12.2,24.4,38.3
04286,2253,34323,10.6,8.2,27.7,33.4
04287,325,140550,10.9,19.3,24.6,18.1
04288,876,99539,4.5,10.4,30.0,37.2
04289,2937,72283,6.8,22.2,23.2,21.5
04290,787,62040,12.0,19.5,31.2,24.6
04291,629,33678,10.8,22.8,29.3,31.0
04292,3542,39749,4.1,24.7,42.3,31.2
04293,2253,148571,6.8,11.8,38.3,27.7
04294,1394,110028,14.2,15.1,40.5,18.3
04295,1626,117734,13.3,13.1,34.7,22.7
04296,4874,107187,11.0,6.6,45.6,27.0
04297,2996,115896,3.9,13.1,30.6,37.9
04298,3203,110793,10.3,13.9,32.1,23.8
04299,2540,101699,3.1,8.5,22.9,35.0
04300,4235,129835,10.9,22.7,50.0,15.2
04301,3902,109321,11.8,10.8,33.6,22.9
04302,944,111829,9.0,20.2,47.5,21.3
04303,546,52917,3.0,6.5,45.6,36.5
04304,4015,85415,11.0,5.6,27.8,20.1
04305,3209,142004,12.8,24.9,35.0,37.4
04306,1334,82328,10.0,7.5,37.6,28.1
04307,326,147297,11.5,20.3,45.3,35.6
04308,4243,138968,4.1,17.1,22.9,23.7
04309,3059,120477,11.6,14.1,44.8,22.8
04310,1930,42585,10.4,5.7,23.4,17.9
04311,3879,112106,7.0,11.6,33.5,30.8
04312,286,41660,11.2,23.0,45.9,18.9
04313,2977,145015,10.7,23.1,27.0,31.3
04314,2635,82650,10.2,17.0,21.4,16.7
04315,2032,120781,5.2,16.5,21.4,18.6
04316,3024,140318,6.6,13.5,25.7,39.0
04317,948,142273,14.9,20.5,36.2,33.4
04318,2132,80813,8.2,22.7,46.8,17.8
04319,1352,81593,3.7,19.6,41.3,24.7
04320,1981,97936,13.8,15.5,44.1,18.4
04321,369,124441,5.1,17.7,27.4,27.1
04322,1730,122704,7.8,9.4,31.5,38.4
04323,4505,31968,6.3,24.8,35.7,23.2
04324,3303,92249,14.6,23.7,31.0,34.2
04325,1674,34240,7.5,24.1,42.6,18.0
04326,2992,67543,11.5,8.3,49.1,23.6
04327,1795,61119,10.2,18.1,43.1,22.2
04328,3358,131397,3.5,18.1,48.2,19.7
04329,3362,55038,7.6,12.1,49.4,22.1
04330,1545,38100,7.7,22.3,29.6,34.7
04331,319,67794,14.9,20.6,38.5,28.9
04332,152,129519,12.7,19.4,43.0,33.8
04333,1857,73121,13.3,5.6,38.6,26.3
04334,1766,34143,6.8,24.8,38.0,23.5
04335,2885,84376,6.9,19.4,31.0,35.2
04336,819,108144,9.2,24.4,35.9,32.3
04337,505,112365,10.6,6.7,30.2,27.2
04338,2394,131528,11.7,18.9,26.8,35.4
04339,171,107016,12.8,19.9,31.4,17.4
04340,2153,94894,13.5,6.3,32.0,19.0
04341,1329,105745,3.3,6.3,24.3,32.7
04342,1667,103737,12.6,20.2,34.7,26.4
04343,3782,93677,10.3,21.0,39.1,37.8
04344,3053,147668,9.4,23.2,23.1,32.9
04345,4582,137932,10.5,20.4,35.9,15.1
04346,798,117889,13.6,9.8,22.6,35.2
04347,926,102006,9.5,24.4,45.7,28.7
04348,448,41555,4.9,10.3,32.3,31.3
04349,4008,79005,8.2,19.5,27.3,39.0
04350,407,120133,14.1,15.6,31.3,38.6
04351,3516,55090,12.8,7.4,39.6,24.6
04352,2434,71335,5.4,23.5,34.3,23.4
04353,4961,50476,11.6,16.8,38.1,22.0
04354,4920,89775,6.1,6.8,37.9,28.7
04355,2909,89004,7.2,12.7,40.9,28.0
04356,3658,87473,8.6,20.3,48.0,34.1
04357,4578,99469,8.3,17.4,39.6,29.5
04358,3577,145119,3.4,9.5,24.9,33.7
04359,4720,65305,12.3,16.4,33.7,18.4
04360,2786,100650,13.2,11.2,25.7,27.4
04361,3085,121808,9.4,15.5,24.1,25.1
04362,375,68657,5.1,11.4,42.3,21.9
04363,2647,148270,6.0,14.9,24.7,34.7
04364,2864,124262,4.5,21.8,43.4,36.4
04365,436,56858,5.0,9.2,35.7,25.2
04366,2073,144358,13.5,5.0,32.7,31.8
04367,3079,66303,8.8,8.1,46.2,19.6
04368,4676,28481,4.3,21.8,47.0,29.2
04369,4068,141257,6.1,13.3,26.5,24.7
04370,1010,87841,14.4,19.8,44.0,30.0
04371,2096,32931,9.1,5.6,38.2,15.5
04372,3229,131951,9.2,7.9,34.9,24.9
04373,4304,79694,9.3,16.4,27.1,28.1
04374,3857,33635,4.3,19.4,44.1,39.3
04375,427,70252,14.6,20.8,46.4,39.5
04376,1899,101643,4.0,17.9,41.9,27.6
04377,414,84754,11.4,20.1,28.3,19.5
04378,3645,94017,3.7,8.3,22.1,22.6
04379,1234,147619,8.3,18.2,34.4,23.9
04380,2846,47077,13.8,13.5,28.0,20.6
04381,4976,91953,12.2,23.3,30.3,33.7
04382,1620,112776,7.0,17.3,29.9,16.4
04383,255,98212,9.6,15.8,26.3,26.3
04384,1824,97547,5.0,16.6,49.5,38.3
04385,3443,80861,14.5,21.6,45.7,34.3
04386,986,42054,11.5,5.2,22.5,20.8
04387,3173,79565,7.5,22.2,45.2,16.5
04388,2905,80153,6.8,5.6,20.8,34.4
04389,821,121280,5.9,16.7,45.0,18.1
04390,1012,43668,12.4,15.1,25.8,15.1
04391,3457,103284,8.2,12.4,34.1,16.0
04392,970,145128,7.0,7.6,29.6,30.5
04393,4208,66059,13.9,7.5,37.3,18.2
04394,597,76939,4.8,19.8,33.4,20.1
04395,1856,147545,6.2,7.3,21.1,16.0
04396,1217,140095,7.1,18.7,42.5,28.5
04397,3509,56898,6.1,24.8,34.4,17.1
04398,2928,124281,10.0,18.6,26.3,20.8
04399,1747,73561,10.2,6.5,37.9,27.0
04400,3083,117910,3.7,15.8,25.5,15.5
04401,242,112473,4.7,21.7,36.3,27.9
04402,2861,148022,5.4,24.1,32.9,19.1
04403,3535,48836,3.8,19.6,36.0,30.1
04404,4760,85420,4.5,11.2,37.2,21.4
04405,2531,121778,5.9,10.0,21.2,35.4
04406,4612,33911,7.1,20.7,39.1,32.1
04407,1948,51035,12.5,20.2,29.0,29.0
04408,2796,49993,5.6,14.7,30.2,30.9
04409,1817,116216,11.0,6.7,43.2,40.0
04410,3172,74696,3.7,18.4,25.4,25.0
04411,1167,146841,10.9,16.8,30.1,23.7
04412,2886,97496,12.5,5.2,22.0,29.0
04413,3891,98080,10.3,17.8,49.0,16.8
04414,1388,96838,5.4,7.6,26.8,16.8
04415,3971,47289,7.0,21.5,46.3,30.3
04416,1906,56346,12.7,18.5,38.1,33.2
04417,1604,134784,8.2,6.0,32.9,33.7
04418,3408,83116,6.1,15.6,37.4,31.9
04419,3051,133189,14.2,21.1,37.0,33.7
04420,171,50644,10.6,21.6,37.9,24.0
04421,1790,53279,12.7,6.7,30.2,34.3
04422,1444,120446,3.3,6.6,46.6,20.5
04423,3403,73638,7.1,20.5,43.4,22.9
04424,3213,143911,8.5,9.7,49.3,15.9
04425,982,138917,10.0,16.9,45.0,37.1
04426,4334,59341,5.3,17.2,30.9,32.2
04427,2762,144660,9.0,17.6,29.5,38.1
04428,1604,143481,11.2,11.8,34.0,23.1
04429,2563,48903,7.2,5.8,21.8,37.0
04430,2653,125957,11.3,15.7,31.8,29.0
04431,832,91076,7.7,15.3,21.0,35.0
04432,1848,59979,8.6,13.7,25.2,28.0
04433,4024,133054,4.6,10.6,29.4,15.5
04434,523,131626,10.8,21.9,39.3,27.4
04435,3578,90109,5.7,12.4,49.2,34.0
04436,1691,134239,12.9,7.5,24.8,39.2
04437,4585,86943,9.6,20.2,23.0,30.4
04438,4537,46927,9.7,17.7,47.7,32.7
04439,4809,94356,13.9,11.2,34.9,37.7
04440,592,109151,5.0,8.0,38.4,34.3
04441,291,50401,9.4,13.8,20.6,35.9
04442,598,76870,7.6,6.3,29.8,33.0
04443,1356,56701,14.6,9.5,35.1,28.5
04444,2068,98226,12.5,24.3,27.8,32.7
04445,4422,124326,12.1,8.0,44.2,18.5
04446,2286,128658,5.4,10.5,38.2,17.8
04447,916,29226,5.8,7.8,48.7,24.8
04448,3320,115808,3.4,23.2,40.9,18.3
04449,1573,132533,10.7,23.5,24.6,25.2
04450,1186,91349,7.5,6.2,35.7,37.6
04451,4299,143525,6.7,23.0,24.6,34.6
04452,1974,132154,10.6,7.8,45.8,21.9
04453,970,52003,12.9,12.9,29.9,38.2
04454,4863,108003,4.6,16.7,33.1,16.7
04455,2142,126278,14.0,14.2,46.1,27.9
04456,372,122571,3.4,7.7,27.9,19.1
04457,1129,83527,4.1,20.8,33.8,23.4
04458,3318,79718,13.1,18.7,43.5,24.5
04459,4169,113601,8.9,23.8,22.0,25.7
04460,1151,93160,14.3,12.1,28.3,32.2
04461,4133,30505,8.5,13.6,23.3,31.5
04462,1673,38381,14.1,12.0,42.4,28.3
04463,3290,32549,5.9,6.3,24.4,21.7
04464,4488,126036,10.4,6.1,48.8,23.9
04465,3897,76149,14.9,20.2,31.4,19.8
04466,3389,35203,7.5,10.7,35.9,16.6
04467,3847,83592,3.0,14.7,26.7,23.8
04468,2205,81827,3.8,24.6,45.3,29.2
04469,407,36928,13.3,5.4,27.2,28.1
04470,3459,121295,8.9,15.4,34.4,31.2
04471,3276,38457,9.4,15.4,49.0,21.8
04472,1351,147465,12.6,25.0,34.2,26.6
04473,2847,62111,12.7,21.7,35.1,39.1
04474,1617,49587,8.7,6.3,45.9,23.8
04475,1478,84354,13.3,8.1,46.8,26.0
04476,4991,126911,8.6,5.7,41.2,17.1
04477,2061,50312,11.1,8.9,20.7,18.5
04478,4405,91045,3.4,9.2,41.7,31.1
04479,2963,132764,4.7,6.8,42.4,38.8
04480,2756,31094,13.2,15.5,30.7,38.3
04481,2594,102994,6.8,24.5,39.1,29.0
04482,4667,63513,7.0,21.1,28.1,27.1
04483,4105,111736,11.0,9.1,29.8,39.3
04484,3663,126346,10.1,20.7,30.7,28.9
04485,1022,95446,4.0,24.6,46.1,38.3
04486,4332,31572,12.2,21.7,47.9,35.6
04487,4562,140746,10.4,14.4,41.7,27.9
04488,3059,62068,13.3,10.4,25.6,20.8
04489,283,34081,9.4,20.0,41.0,27.8
04490,3458,112423,8.0,20.7,27.7,33.3
04491,1498,109872,7.5,10.9,24.3,33.4
04492,2896,52913,3.1,9.5,35.3,36.2
04493,636,112616,3.5,18.4,47.1,26.7
04494,1373,65378,4.6,22.8,31.1,27.5
04495,3067,135177,14.2,5.4,39.3,15.8
04496,3149,76896,13.6,24.7,42.5,25.6
04497,1196,87189,9.0,8.8,45.4,35.3
04498,1405,51084,5.2,12.0,21.3,30.3
04499,1015,122240,4.8,6.1,35.1,15.9
04500,3181,147325,6.1,6.1,46.9,21.5
04501,4347,85681,13.9,10.5,28.8,31.8
04502,1128,93569,9.3,16.3,22.2,32.3
04503,2077,47418,12.6,23.0,31.1,32.5
04504,3454,67727,9.1,6.4,41.5,24.5
04505,2611,99860,10.3,15.9,49.3,29.9
04506,370,57232,10.3,13.3,36.9,28.5
04507,1286,91737,3.4,24.8,47.9,36.4
04508,4655,107168,8.3,8.7,48.1,18.3
04509,4300,33003,13.4,12.4,44.4,19.8
04510,3864,51471,8.9,5.7,33.3,37.8
04511,2498,87468,8.2,23.3,41.9,22.6
04512,4629,79428,9.3,17.4,47.6,34.5
04513,4335,49805,7.6,16.8,45.5,37.7
04514,4282,93211,9.2,6.0,36.9,26.8
04515,1811,100012,4.6,7.0,46.5,24.7
04516,2330,44259,14.6,20.8,45.2,24.5
04517,228,99048,3.4,16.0,23.9,27.8
04518,1369,65062,8.8,9.0,28.5,23.2
04519,3772,74179,5.5,16.0,45.2,37.1
04520,1701,68858,3.7,24.4,42.9,27.0
04521,4865,91045,10.8,7.1,31.5,15.6
04522,4070,105099,14.8,24.4,35.8,23.1
04523,4344,42024,12.0,20.5,49.6,23.3
04524,727,86980,6.0,7.9,31.5,34.1
04525,3897,110170,8.9,21.3,26.7,34.8
04526,2144,94283,3.6,19.9,40.4,36.6
04527,3652,76871,9.4,16.5,25.2,38.0
04528,2441,45287,4.2,20.5,23.0,35.6
04529,3314,144693,12.5,7.8,46.4,22.0
04530,349,50887,3.7,19.4,46.4,24.3
04531,3025,126640,3.1,17.8,43.1,29.1
04532,1074,149370,13.3,10.7,20.5,16.7
04533,1425,42802,14.3,18.8,26.2,34.1
04534,1083,98135,4.0,18.6,43.8,27.0
04535,988,34650,6.3,9.8,44.2,38.1
04536,3037,44843,11.9,8.0,34.5,32.7
04537,2217,79056,9.5,12.2,45.1,32.8
04538,2772,55232,14.4,13.0,45.6,19.5
04539,1426,65080,7.7,21.5,44.4,39.0
04540,570,130646,3.0,13.7,42.7,39.3
04541,2087,68527,3.2,19.7,44.7,29.8
04542,190,67297,9.8,14.3,23.5,20.1
04543,629,53268,12.0,6.3,35.6,17.1
04544,4856,144936,12.5,18.1,33.2,34.4
04545,4159,54185,13.9,22.9,21.7,30.8
04546,4934,142769,5.7,15.4,49.7,18.9
04547,2873,25346,11.9,19.0,36.0,35.1
04548,1786,74268,12.9,20.6,45.0,19.4
04549,291,68418,13.0,14.3,32.9,19.7
04550,2086,34612,7.9,10.0,29.6,29.2
04551,3723,67814,10.5,22.2,35.5,27.5
04552,2285,110002,9.6,21.6,24.4,30.6
04553,4540,137013,10.2,22.2,25.6,28.1
04554,1108,26631,6.4,21.5,21.8,35.8
04555,3883,92535,11.2,7.7,45.8,15.1
04556,4398,82211,11.5,13.3,36.3,24.8
04557,4768,40452,5.4,8.8,49.6,35.5
04558,4387,114189,8.3,8.1,44.8,28.7
04559,2152,103105,8.1,20.6,36.6,39.7
04560,3408,65900,12.0,14.6,35.9,39.5
04561,1816,47482,11.0,6.8,35.1,39.0
04562,410,148686,8.7,13.1,21.7,39.5
04563,4638,130307,10.8,24.9,21.6,28.4
04564,1360,124995,6.2,9.2,34.7,27.6
04565,4032,60472,5.8,12.9,47.0,27.9
04566,3368,112460,5.9,16.9,39.5,15.2
04567,684,143123,3.4,9.0,35.9,20.4
04568,2899,66170,11.3,24.4,38.5,19.6
04569,459,116802,14.8,17.7,29.4,18.3
04570,2966,92313,6.7,9.6,30.5,21.2
04571,2111,105379,14.2,13.9,42.2,39.7
04572,4106,60915,10.3,12.2,26.3,15.1
04573,1725,120554,5.7,7.4,25.1,26.9
04574,2864,33057,3.1,10.7,35.6,35.9
04575,990,43883,11.7,16.1,42.2,24.2
04576,831,74838,11.4,6.8,29.2,22.7
04577,4061,85014,5.8,6.0,32.5,26.4
04578,4801,46450,7.0,15.8,36.5,35.2
04579,2604,50505,13.8,13.7,46.6,21.8
04580,714,86457,4.9,8.8,38.8,37.1
04581,3906,50890,13.0,19.3,45.6,21.6
04582,1819,76985,5.0,6.8,31.6,24.5
04583,4869,133269,8.8,10.4,37.6,24.8
04584,1687,60013,9.0,7.0,39.5,31.5
04585,1711,58953,8.7,19.6,47.4,18.0
04586,996,27464,6.5,17.7,44.2,21.8
04587,377,99111,6.0,8.8,24.4,18.1
04588,4747,137839,11.8,16.1,40.2,18.5
04589,1736,71825,6.3,18.9,21.6,26.0
04590,2258,54566,10.3,5.7,49.8,30.4
04591,2532,119035,13.2,18.3,32.3,29.9
04592,4004,26521,13.0,11.2,40.0,33.6
04593,4956,42363,5.0,7.7,25.6,31.3
04594,3362,105938,10.9,21.4,43.5,34.8
04595,1549,111097,10.2,17.1,40.9,37.3
04596,4600,94146,6.4,15.9,30.5,29.8
04597,1332,147159,7.7,21.7,30.8,39.1
04598,4217,96236,6.4,10.3,40.4,21.3
04599,777,36462,9.4,5.3,31.0,33.9
04600,2758,98109,12.6,24.0,48.5,32.0
04601,2128,76105,13.5,10.3,29.7,29.9
04602,3858,79698,11.7,17.7,28.0,18.0
04603,4724,132980,8.8,24.5,42.8,24.7
04604,2137,107803,14.5,9.7,23.1,30.7
04605,2749,52103,9.8,24.9,36.9,34.9
04606,756,144511,8.7,15.8,38.7,15.5
04607,265,41507,13.3,24.2,29.2,20.4
04608,4691,121783,5.2,6.7,48.5,37.6
04609,689,88101,4.9,15.6,32.5,15.8
04610,4624,123829,12.4,23.9,28.4,18.2
04611,2921,141774,13.4,8.1,40.5,34.3
04612,4358,73326,3.9,10.5,41.6,29.6
04613,1362,35347,12.2,9.2,32.8,39.2
04614,171,113331,8.1,24.3,25.4,38.0
04615,3616,31099,11.4,10.3,39.0,32.5
04616,4850,100104,4.6,7.4,27.5,18.3
04617,3680,29406,14.7,20.9,26.7,22.1
04618,368,53037,13.6,15.3,37.3,24.5
04619,1876,127439,7.9,16.8,49.6,19.8
04620,2562,82178,13.7,17.1,40.8,37.6
04621,1368,29876,13.7,17.3,44.3,23.8
04622,1115,115692,8.5,14.1,41.4,26.0
04623,2822,55871,14.4,24.5,31.2,28.0
04624,1183,108913,14.7,8.5,47.2,39.5
04625,4201,121442,5.6,24.2,44.3,27.8
04626,506,127829,3.8,10.8,40.7,26.3
04627,3176,137631,7.0,8.8,36.2,15.2
04628,1085,69895,8.9,17.5,30.9,17.2
04629,3703,148336,4.1,22.8,33.5,34.1
04630,4585,68760,4.7,12.3,29.3,20.6
04631,809,71306,14.7,6.5,47.6,28.6
04632,2718,100179,11.8,15.7,29.9,17.7
04633,4949,41587,13.5,24.7,48.1,37.1
04634,1511,101554,14.7,12.8,33.3,24.3
04635,4721,29213,7.5,5.4,45.1,17.3
04636,1585,35044,11.3,15.0,27.5,19.2
04637,3050,112843,5.2,12.7,49.0,22.2
04638,4751,69425,9.6,6.3,46.9,19.9
04639,3034,129669,5.5,22.5,41.0,33.5
04640,4214,46376,4.9,17.4,47.6,25.5
04641,4770,47590,4.2,8.1,38.6,32.5
04642,1103,68403,10.0,23.5,20.4,18.0
04643,2566,51628,14.4,16.5,27.5,24.2
04644,2566,114421,4.5,18.8,22.7,30.7
04645,2038,130763,9.0,16.7,22.0,18.9
04646,2039,27192,11.2,24.6,34.1,28.5
04647,1735,46433,9.0,22.8,49.3,17.9
04648,1798,109629,13.9,5.3,31.8,21.2
04649,4627,149062,5.0,5.3,49.0,32.4
04650,2191,55617,3.3,14.8,46.7,17.2
04651,1995,142516,7.6,11.3,25.3,19.4
04652,4340,132454,9.7,15.8,46.5,36.1
04653,3498,56682,6.1,11.8,27.7,38.6
04654,1173,127378,5.0,22.6,21.6,40.0
04655,2502,145638,12.7,8.4,23.6,34.4
04656,4995,35250,5.3,6.1,35.5,30.2
04657,3312,57836,8.3,11.9,38.7,24.5
04658,4137,137319,14.5,7.8,20.8,29.9
04659,1251,92173,10.4,16.8,41.1,20.6
04660,2545,128967,9.0,14.4,22.2,29.2
04661,2056,131697,7.3,19.2,39.5,19.8
04662,4658,131761,9.2,6.5,21.8,20.9
04663,4007,31251,11.8,20.1,29.0,35.4
04664,907,126429,12.9,10.5,46.5,24.6
04665,286,81246,10.8,18.4,48.8,21.9
04666,4927,147193,12.5,10.8,21.6,36.8
04667,4624,146021,4.1,21.7,44.7,37.0
04668,1407,58006,3.2,21.7,38.0,22.2
04669,2384,111966,11.8,11.1,48.0,16.0
04670,4966,121598,6.1,23.2,31.6,20.4
04671,857,65785,13.5,11.4,40.6,20.7
04672,4331,123594,9.4,22.9,22.5,27.3
04673,4987,31464,8.7,8.9,29.1,26.9
04674,3954,92344,12.3,10.8,33.9,25.9
04675,4366,35281,11.9,22.7,33.0,16.8
04676,2306,75106,11.5,6.6,43.3,31.8
04677,3658,120429,11.3,19.0,22.9,18.2
04678,1680,146720,9.2,18.6,21.8,33.7
04679,1061,119840,14.1,24.4,22.5,19.1
04680,3947,125234,13.7,24.4,20.1,29.6
04681,3675,130293,7.0,14.6,28.8,36.0
04682,975,70040,12.7,18.2,47.5,20.0
04683,2518,148163,13.7,8.1,40.9,33.9
04684,4298,33998,10.4,9.5,30.1,21.3
04685,1101,39517,9.7,16.2,26.2,31.5
04686,3484,131083,11.1,9.8,41.8,38.4
04687,4166,79282,5.0,9.3,40.9,22.7
04688,2945,67866,4.0,5.5,38.0,35.6
04689,1581,138384,12.8,6.5,46.2,18.3
04690,3401,47969,9.9,19.2,38.4,32.5
04691,757,125980,4.5,5.3,30.9,20.8
04692,2880,40783,8.0,22.9,42.1,22.7
04693,522,143259,6.6,6.6,27.1,22.8
04694,3781,56107,13.5,8.1,38.5,32.9
04695,4366,70631,9.1,11.8,21.1,31.5
04696,2810,28759,9.9,19.5,32.8,19.1
04697,552,39789,5.8,19.0,22.4,36.1
04698,2497,119181,12.6,9.9,48.9,22.7
04699,2075,100346,14.2,11.5,24.5,22.6
04700,1757,38214,12.5,21.4,29.1,19.5
04701,2641,95657,8.9,14.9,27.9,19.5
04702,3175,54482,13.0,14.2,29.4,28.0
04703,3264,57472,5.3,17.7,33.3,24.3
04704,3066,136857,4.4,14.1,27.9,25.3
04705,2153,99536,8.3,13.7,31.3,24.8
04706,387,73187,5.2,21.0,28.0,32.1
04707,3317,56087,6.1,23.6,49.3,17.1
04708,3954,143474,10.0,16.0,28.6,22.6
04709,1547,25941,7.8,10.8,29.1,39.0
04710,707,147919,13.4,24.0,31.1,27.0
04711,4652,124642,5.7,19.0,38.9,18.3
04712,1864,144340,15.0,18.1,49.1,27.5
04713,1325,26321,7.3,17.1,37.6,35.9
04714,1335,108574,9.2,19.8,49.5,24.0
04715,1129,88467,4.6,20.5,30.4,28.6
04716,2771,70972,10.0,20.8,47.6,37.9
04717,4062,93604,14.5,24.5,31.7,28.9
04718,4642,111658,12.0,13.2,38.9,31.4
04719,3277,64361,5.9,9.9,21.6,15.5
04720,3822,66354,8.3,12.9,20.1,35.1
04721,1575,91327,8.1,20.3,26.8,35.8
04722,2996,85977,4.2,15.8,21.2,29.9
04723,908,72191,13.6,22.3,32.7,17.3
04724,1078,80828,7.6,9.7,33.4,39.4
04725,2563,35136,8.9,19.7,48.6,32.1
04726,825,40747,6.5,10.0,25.2,26.1
04727,2601,91279,4.8,21.0,33.6,36.9
04728,3462,97060,13.8,13.8,29.2,25.2
04729,1316,104402,3.4,24.8,21.8,31.0
04730,4151,64342,7.8,18.4,23.2,20.6
04731,2297,90046,11.8,19.8,46.3,37.3
04732,2906,106851,6.7,5.9,31.9,28.2
04733,878,120447,8.4,19.1,43.0,20.9
04734,1072,70332,9.8,13.4,33.5,17.1
04735,2910,57961,14.9,11.5,47.4,37.5
04736,2223,131198,12.1,20.9,41.1,19.9
04737,698,94810,14.6,9.6,30.2,39.7
04738,3441,54838,11.3,8.6,45.9,18.6
04739,324,39332,6.2,12.1,22.6,26.5
04740,940,143585,6.4,17.6,22.3,28.3
04741,1914,88001,12.9,10.1,36.6,21.2
04742,4909,115329,8.1,16.2,41.9,39.8
04743,1206,61350,7.4,12.7,38.0,29.4
04744,224,144771,14.3,12.9,39.9,29.3
04745,3346,105954,3.2,9.1,27.8,36.8
04746,3031,73473,9.3,11.4,46.3,29.5
04747,4225,136148,12.3,10.5,49.2,26.9
04748,3071,65897,11.8,9.9,31.7,26.9
04749,2117,36682,7.4,6.6,32.3,32.9
04750,2515,46727,9.4,13.7,33.6,23.7
04751,4690,81669,3.1,9.9,26.0,27.8
04752,3196,68775,9.4,24.2,24.2,23.1
04753,1709,81941,10.1,17.0,43.3,37.3
04754,817,94439,13.5,14.2,38.2,20.1
04755,3661,37115,5.5,11.8,24.5,29.4
04756,1116,75937,12.9,14.2,34.9,23.0
04757,3665,70132,11.6,11.8,49.9,28.8
04758,4801,98498,11.0,22.1,35.8,28.0
04759,4570,87038,7.7,10.1,47.4,26.6
04760,2060,37025,7.4,10.6,45.1,26.3
04761,1148,120439,11.4,19.2,23.3,26.0
04762,1457,83526,14.9,23.0,32.1,25.3
04763,3526,41907,7.9,18.6,36.8,18.6
04764,215,93832,14.0,6.7,39.5,38.2
04765,2195,81108,10.0,23.0,28.7,39.4
04766,1901,45863,13.4,20.4,20.2,26.6
04767,2246,131015,5.6,9.8,29.3,26.1
04768,1720,30685,12.1,6.3,37.0,25.1
04769,4880,31647,13.0,19.3,30.5,20.5
04770,3050,55145,13.0,9.7,31.4,16.9
04771,3892,148248,12.4,15.5,45.1,15.6
04772,3041,65562,6.7,6.8,32.5,29.1
04773,1077,128894,9.3,16.4,49.0,32.7
04774,3166,45767,6.6,5.4,24.9,17.3
04775,883,123702,7.1,15.7,22.7,27.2
04776,340,141839,6.6,21.7,26.4,19.3
04777,1653,30430,6.4,16.6,22.6,18.9
04778,4678,28880,11.3,22.7,27.5,33.4
04779,1112,90662,10.8,16.0,36.3,38.0
04780,286,141775,5.5,18.7,27.8,37.7
04781,1981,85487,11.3,12.3,44.5,22.1
04782,4686,108690,6.5,10.9,30.8,21.5
04783,530,64793,5.4,11.7,32.1,27.7
04784,338,138584,12.0,7.1,22.6,39.2
04785,2445,135549,7.4,10.1,28.1,16.1
04786,175,82590,9.8,12.7,23.6,38.3
04787,1456,96461,5.4,11.8,27.0,18.7
04788,2430,77470,10.4,14.9,39.8,23.6
04789,4786,137951,5.5,14.8,31.5,21.9
04790,2002,92617,5.0,19.7,20.6,32.2
04791,4113,88616,7.6,12.9,28.0,33.5
04792,4770,125361,12.5,18.5,46.1,34.0
04793,2159,95823,5.1,22.8,31.3,17.0
04794,240,63671,4.4,14.1,36.9,17.0
04795,1889,30335,3.4,16.1,34.4,37.6
04796,3726,93525,8.0,18.5,49.2,34.9
04797,116,130879,6.4,14.9,28.4,38.0
04798,4448,137367,6.5,8.3,41.2,32.3
04799,564,118709,14.8,10.9,37.9,16.4
04800,4571,96257,5.3,5.6,38.6,32.2
04801,1927,81230,8.5,18.7,44.2,37.6
04802,3128,138681,14.8,10.6,25.0,23.3
04803,619,107259,3.4,21.5,45.3,17.7
04804,189,27728,11.4,18.1,23.1,17.0
04805,4915,108511,7.5,19.7,39.9,17.8
04806,2951,114763,13.9,22.6,26.2,17.3
04807,2943,47167,13.9,13.5,39.3,29.7
04808,4825,60929,7.6,8.8,23.5,20.9
04809,1984,100036,5.7,23.7,41.3,16.0
04810,4271,98711,8.1,24.9,29.7,37.8
04811,1025,62397,14.6,9.4,40.0,32.0
04812,3834,87248,6.4,19.8,36.4,37.0
04813,1069,72536,14.8,6.4,26.7,27.3
04814,1194,97437,12.8,5.5,36.0,37.0
04815,3295,101426,6.2,18.5,24.8,32.8
04816,1504,101851,12.5,10.1,49.8,33.7
04817,3464,105962,3.6,22.4,37.9,23.6
04818,4390,56316,9.6,15.3,35.3,24.2
04819,4082,60065,7.3,20.6,47.6,38.4
04820,4423,145138,8.1,7.1,29.0,27.8
04821,4113,105775,8.7,22.5,26.8,39.4
04822,4656,105286,9.0,8.8,39.1,25.9
04823,4813,48674,10.9,16.4,47.2,37.7
04824,3192,104049,11.4,17.2,39.5,18.7
04825,4259,149933,14.7,6.3,20.7,20.2
04826,2174,144632,12.2,24.6,45.9,32.5
04827,384,51085,11.3,11.0,28.9,36.8
04828,1287,63086,7.7,19.3,46.1,27.4
04829,4069,143495,4.4,17.6,49.4,31.4
04830,3065,139700,3.7,5.7,39.5,29.4
04831,4419,88493,8.7,22.2,28.4,21.4
04832,883,78186,11.0,11.1,26.8,36.6
04833,1049,145218,10.8,10.0,41.1,35.9
04834,4039,73248,14.4,6.2,21.6,24.9
04835,144,51156,7.6,10.0,39.5,15.4
04836,1910,110353,10.5,17.4,29.3,20.9
04837,4666,95169,13.7,9.0,20.1,15.2
04838,2181,125355,7.8,14.3,39.0,39.3
04839,3598,28876,8.7,21.0,37.5,35.1
04840,929,96444,14.1,24.1,35.9,34.6
04841,2009,80282,9.6,19.0,27.5,35.3
04842,2681,96963,12.6,8.9,47.4,24.2
04843,791,70777,14.2,12.7,21.0,17.3
04844,4119,73119,9.9,16.1,23.3,30.8
04845,1031,92359,4.3,22.4,31.7,31.5
04846,3506,143118,12.9,16.0,31.7,27.2
04847,247,126044,12.8,14.8,23.8,39.8
04848,1132,125092,4.4,10.2,49.5,27.4
04849,1411,141640,9.6,15.0,49.6,24.9
04850,487,40641,8.8,11.4,43.2,20.4
04851,3221,101432,13.2,16.3,29.1,23.9
04852,1973,83295,6.3,21.2,30.2,30.0
04853,3688,103451,8.1,23.9,46.8,20.9
04854,1015,110340,10.3,21.2,20.2,25.1
04855,1978,44411,9.2,21.6,24.7,21.4
04856,3848,28101,14.5,12.2,28.4,38.4
04857,377,53536,14.5,18.9,50.0,36.6
04858,2077,129177,4.0,12.8,21.4,18.0
04859,1959,28588,6.6,5.5,39.5,37.9
04860,3136,39709,3.1,22.7,44.3,32.0
04861,3471,110765,8.0,6.0,23.1,27.9
04862,4813,112657,10.9,7.3,23.7,16.5
04863,2282,116259,8.7,5.4,28.4,26.8
04864,4775,102245,3.8,6.3,37.6,30.0
04865,1270,26417,5.4,6.2,27.4,35.0
04866,589,45293,5.1,18.5,35.2,15.8
04867,2625,78897,9.1,22.1,25.7,27.2
04868,1282,69649,11.1,20.9,42.5,31.7
04869,4579,60540,6.8,17.5,32.1,30.4
04870,4358,87251,4.6,20.7,26.2,24.7
04871,2588,144863,12.6,14.1,43.9,31.8
04872,1976,80427,13.3,23.1,27.2,36.3
04873,2562,85172,6.3,14.2,35.6,16.0
04874,1730,117281,8.0,5.6,21.1,18.6
04875,387,60017,4.0,19.0,29.3,36.0
04876,4382,139383,5.7,21.6,25.2,23.2
04877,2007,45242,12.2,9.5,27.7,24.6
04878,1261,88429,7.4,11.4,49.6,32.2
04879,229,141313,10.3,18.9,31.1,39.8
04880,2463,93285,14.4,16.5,24.5,33.3
04881,243,122544,11.7,22.8,49.6,24.0
04882,115,109525,8.4,14.6,29.0,25.8
04883,344,125151,7.4,18.4,42.3,31.4
04884,1026,137457,5.3,10.4,46.6,27.6
04885,3278,146895,12.1,23.6,30.6,26.7
04886,2276,33770,4.3,12.4,39.4,28.0
04887,986,26136,3.7,15.8,21.6,32.1
04888,440,36602,4.3,17.3,31.8,25.1
04889,2151,126437,5.9,10.1,46.9,19.2
04890,3498,35466,10.5,11.3,44.0,29.6
04891,4050,35413,13.3,15.0,27.3,23.9
04892,405,71075,14.9,10.4,20.6,27.3
04893,1007,26157,11.8,7.6,38.6,39.5
04894,2754,32452,4.8,21.7,23.6,20.6
04895,3892,102586,6.3,11.5,44.4,29.7
04896,4142,51225,4.6,13.3,34.0,35.4
04897,1471,65043,4.4,15.9,31.9,24.6
04898,420,39478,9.8,21.8,27.4,31.2
04899,4754,119776,13.9,7.8,36.5,22.7
04900,4159,112333,11.2,17.5,44.6,20.2
04901,1231,62140,12.6,12.0,34.2,26.1
04902,2678,30611,9.1,22.4,22.9,34.3
04903,4142,108506,8.7,18.2,36.7,29.0
04904,3467,149838,14.2,7.9,29.8,35.9
04905,917,55166,11.7,10.9,35.5,22.3
04906,111,43707,8.5,5.7,22.6,35.6
04907,294,25233,7.0,20.4,22.2,38.4
04908,2637,83609,4.1,13.3,42.1,24.4
04909,2942,122537,12.9,6.0,34.7,38.2
04910,2329,65684,5.0,5.3,32.2,37.1
04911,3109,90567,9.2,24.1,48.6,17.0
04912,4851,53014,10.6,22.0,25.8,32.4
04913,2177,116483,11.9,11.7,47.2,35.3
04914,3967,33951,4.0,15.3,45.0,24.5
04915,4973,93739,3.1,16.5,35.9,23.7
04916,543,129198,11.5,15.3,33.6,36.8
04917,397,92330,8.5,11.2,23.7,26.0
04918,944,136384,5.2,12.8,31.1,32.0
04919,1115,87831,14.8,8.6,36.2,26.9
04920,1484,91297,12.5,5.7,30.6,23.1
04921,1497,53936,9.9,8.1,47.5,35.7
04922,653,88702,11.4,5.3,21.3,27.2
04923,2450,40574,4.9,13.7,29.1,21.6
04924,4616,143768,14.5,18.2,47.9,39.2
04925,1369,123585,15.0,8.6,22.5,18.7
04926,1360,29071,10.8,15.7,34.0,18.2
04927,284,102631,11.0,11.5,42.4,37.5
04928,4663,46009,11.5,7.4,30.1,37.6
04929,2510,53631,11.0,7.6,44.3,34.0
04930,4531,47362,8.3,17.4,24.5,18.8
04931,2309,55700,9.5,7.4,49.6,33.8
04932,3772,72105,6.4,16.1,39.3,19.3
04933,4783,56232,8.4,8.8,28.8,16.5
04934,1981,66775,8.2,22.3,22.1,23.0
04935,4396,78711,6.5,6.0,36.7,32.8
04936,621,42854,12.4,12.7,37.7,23.2
04937,1987,93823,7.9,20.2,33.3,32.9
04938,2652,143947,9.6,20.0,48.1,38.4
04939,3909,71782,4.9,7.9,29.7,29.6
04940,4983,47090,8.7,8.9,37.4,15.9
04941,4255,52161,12.1,15.9,22.1,16.1
04942,4773,41894,8.3,18.7,33.7,19.0
04943,4516,137389,9.7,20.0,43.6,31.8
04944,3579,131265,11.4,17.4,42.4,22.7
04945,1509,71300,7.7,20.7,34.3,24.3
04946,1794,115666,7.2,13.8,45.7,23.8
04947,4764,69665,4.0,16.2,48.5,24.1
04948,626,64552,10.0,13.7,33.0,30.5
04949,2760,90288,11.5,20.2,30.5,29.6
04950,2272,83650,10.0,8.5,39.0,36.7
04951,379,118254,6.4,10.0,49.9,39.7
04952,3064,137500,6.1,21.7,21.2,36.0
04953,4077,79645,4.9,19.3,31.0,34.3
04954,2769,139946,3.6,19.7,34.7,24.3
04955,2993,64356,8.1,7.0,49.4,37.9
04956,1851,67184,4.9,14.7,44.8,24.1
04957,4081,75817,11.3,16.3,28.9,16.6
04958,4869,149283,14.5,20.6,43.5,27.7
04959,2461,59633,3.9,13.4,26.3,21.6
04960,4527,73720,13.7,15.8,37.7,27.1
04961,4231,91301,10.9,9.8,21.2,32.0
04962,1808,122694,13.3,21.6,32.7,36.6
04963,2786,49640,4.9,23.3,43.0,21.3
04964,2995,126753,13.9,14.3,28.6,38.0
04965,4635,76857,14.5,13.7,41.9,39.8
04966,2876,30765,13.9,11.6,29.8,20.0
04967,1219,105997,12.4,10.3,22.2,23.7
04968,3088,105872,4.1,16.1,47.0,32.9
04969,4359,55761,5.6,8.4,32.6,24.3
04970,4343,62742,14.0,16.8,42.2,20.5
04971,294,139883,5.8,16.2,37.8,25.1
04972,762,26383,7.2,18.9,40.2,32.6
04973,579,88235,3.6,9.5,36.1,15.4
04974,4318,40458,10.5,19.0,36.4,31.7
04975,1523,27435,9.8,5.3,46.0,37.5
04976,2808,53736,14.5,15.7,37.0,39.7
04977,3275,54992,13.7,21.9,44.3,21.4
04978,3914,124754,9.1,19.6,33.4,33.6
04979,2114,82566,10.3,22.0,49.2,19.2
04980,3889,65692,8.0,8.0,21.9,20.8
04981,4905,139358,4.6,19.4,31.4,31.5
04982,2543,48442,13.4,14.4,25.4,35.5
04983,1011,48700,9.6,11.5,28.9,17.4
04984,3313,128932,8.1,12.1,23.7,24.6
04985,2464,107361,3.8,7.0,35.0,36.7
04986,3729,116549,11.0,18.9,20.4,33.8
04987,3572,52763,7.8,17.6,37.5,16.3
04988,780,120110,6.0,8.1,48.2,25.2
04989,4751,72556,13.5,15.9,24.9,25.1
04990,709,92903,5.2,7.6,39.7,31.4
04991,2256,29865,9.2,11.3,27.8,17.3
04992,3966,66842,12.5,5.9,24.4,24.1
04993,471,64927,13.2,17.4,45.1,37.6
04994,715,74602,12.8,5.2,34.2,17.0
04995,2353,146727,13.8,10.2,22.0,18.1
04996,4238,95734,4.7,10.3,36.3,29.9
04997,964,148622,14.3,20.0,49.4,24.1
04998,1368,56076,3.1,14.0,44.1,15.4
04999,884,97822,6.1,16.5,36.7,21.1
05000,4671,120817,4.0,10.0,48.5,29.0
05001,4278,149424,14.3,16.0,44.1,35.8
05002,2337,44734,8.1,8.0,33.4,31.2
05003,4154,27829,6.8,24.8,34.1,15.1
05004,4995,125917,5.0,15.3,47.8,20.3
05005,1035,26915,4.9,22.6,21.4,18.6
05006,4080,64980,10.4,7.1,29.9,26.4
05007,2438,34440,3.6,16.8,33.2,22.7
05008,425,140215,10.1,18.4,26.1,28.9
05009,1634,29819,12.3,20.8,25.3,19.9
05010,3580,98415,10.2,14.7,35.0,32.5
05011,3961,115352,12.9,5.7,37.6,25.4
05012,2085,57225,6.2,10.2,33.8,23.9
05013,4703,35334,3.9,10.6,32.2,32.2
05014,2878,131860,11.7,11.4,41.2,32.4
05015,1370,108128,12.9,6.8,42.2,17.5
05016,740,120367,9.0,5.0,25.2,37.0
05017,4803,94656,12.8,15.4,21.9,31.7
05018,4178,101093,8.5,19.7,21.9,23.4
05019,4761,129780,5.4,9.6,42.0,27.4
05020,1467,27961,8.7,18.9,20.5,19.6
05021,4142,103385,5.6,19.6,49.3,18.9
05022,2675,111696,8.7,13.2,41.2,37.5
05023,3703,57545,4.8,15.5,37.9,29.3
05024,1681,100875,5.2,11.3,21.0,31.6
05025,2086,76569,13.6,12.5,21.0,35.7
05026,2340,26616,4.4,16.8,33.7,35.0
05027,4066,148915,5.7,12.2,31.5,17.8
05028,2205,99447,14.9,15.0,28.7,34.4
05029,228,78834,9.9,19.9,23.9,23.5
05030,4901,50549,10.0,24.3,28.2,26.3
05031,4096,97361,13.1,22.8,39.0,15.5
05032,951,43230,9.3,23.3,32.0,26.9
05033,4203,141059,5.7,23.2,29.4,22.5
05034,2176,75618,8.1,9.8,47.7,27.0
05035,3094,139676,12.1,23.9,30.0,36.9
05036,3844,33882,13.5,9.4,47.3,33.8
05037,2856,123391,6.3,22.3,22.4,25.6
05038,1744,106844,6.1,16.6,44.8,22.4
05039,4471,142200,6.9,21.8,35.3,21.5
05040,3244,69808,10.2,24.6,35.3,30.6
05041,342,115605,6.3,22.5,37.9,23.9
05042,4185,140933,13.7,21.3,39.9,27.1
05043,270,47500,14.7,9.1,44.5,22.1
05044,752,106410,11.1,22.2,21.6,28.4
05045,3612,34333,14.6,8.3,29.4,15.7
05046,1599,78383,6.5,15.3,33.9,24.9
05047,2199,91513,12.8,15.0,48.9,35.4
05048,2258,51810,11.1,15.4,21.8,20.1
05049,2072,50117,6.2,19.5,31.8,25.5
05050,4025,97258,6.8,12.9,43.5,26.5
05051,2358,106206,8.9,14.1,47.9,39.3
05052,4139,38217,12.5,18.2,44.2,35.8
05053,2135,149282,13.5,18.6,49.3,27.9
05054,3371,66770,10.6,13.8,35.8,20.0
05055,957,111427,11.7,6.0,41.8,28.9
05056,3923,126796,6.2,10.2,46.4,29.9
05057,1149,70272,11.9,23.9,32.4,26.8
05058,4090,122350,10.3,23.5,22.4,22.3
05059,398,95461,5.7,18.0,21.7,35.2
05060,1023,108053,14.4,8.7,47.7,23.5
05061,4332,86724,9.2,6.9,20.1,25.0
05062,4406,40218,12.5,24.0,29.5,23.4
05063,2899,62633,9.3,22.5,45.5,37.7
05064,4975,114689,14.2,13.0,31.9,30.8
05065,4162,137488,4.7,17.6,25.9,16.6
05066,4145,66528,9.6,23.3,23.9,20.9
05067,1902,77152,3.3,7.8,21.0,32.6
05068,2813,34513,5.4,17.7,39.4,27.3
05069,4606,65434,6.4,23.4,29.8,28.1
05070,2953,113624,8.7,21.7,20.4,19.5
05071,2757,68704,12.8,10.7,22.5,36.1
05072,4622,121966,8.6,24.0,45.6,33.7
05073,3446,103353,9.7,9.1,23.7,27.6
05074,1571,97901,14.1,9.2,34.9,23.8
05075,3049,85922,12.1,6.9,30.4,29.7
05076,1041,129936,3.6,7.4,26.1,17.9
05077,2007,125071,5.1,20.2,23.7,26.5
05078,4937,125378,3.5,10.5,39.2,17.4
05079,1343,149923,3.8,22.4,46.3,38.1
05080,4523,75293,7.1,22.2,38.0,21.5
05081,1566,124381,11.7,7.3,31.3,24.5
05082,4057,111519,5.9,15.6,29.2,29.6
05083,2066,80272,7.7,19.8,30.9,20.8
05084,475,148031,7.7,18.7,31.0,22.5
05085,362,95368,10.1,7.1,35.3,37.5
05086,4462,33670,13.7,11.4,31.0,35.8
05087,3488,52809,14.8,17.2,37.6,19.9
05088,3495,43069,10.3,16.7,23.1,25.2
05089,2044,120447,9.1,21.3,28.3,26.7
05090,1993,105702,11.2,6.1,41.6,31.7
05091,3734,143179,11.0,14.6,42.7,33.7
05092,1752,124675,9.3,22.0,40.3,38.2
05093,4241,30459,11.8,24.9,30.2,28.4
05094,3992,53476,8.9,7.6,33.4,33.4
05095,699,87289,15.0,17.9,25.5,36.5
05096,4915,52177,3.6,5.0,49.0,36.4
05097,2012,28423,8.3,12.0,46.1,37.1
05098,1392,133192,7.8,13.9,48.3,23.0
05099,700,86001,12.2,11.9,37.1,31.4
05100,480,45360,5.3,17.5,34.0,32.2
05101,4313,91934,8.2,5.3,46.1,20.8
05102,3737,55232,11.4,23.2,32.2,38.2
05103,2263,69940,10.2,11.4,28.0,32.6
05104,4455,136918,9.5,8.0,35.1,19.0
05105,1198,30361,8.2,13.7,25.1,17.6
05106,465,26401,12.0,15.3,43.1,32.7
05107,2670,116820,10.8,6.0,33.2,28.6
05108,3519,91948,13.5,21.0,39.6,34.3
05109,2576,47814,11.8,19.7,37.5,23.0
05110,890,28230,4.7,15.2,37.5,22.0
05111,3669,130825,10.4,8.7,47.9,20.6
05112,846,129153,3.5,23.5,21.7,16.6
05113,412,133998,7.6,20.9,38.4,20.2
05114,4733,63824,7.9,9.7,27.9,30.9
05115,1020,144410,13.3,19.7,23.7,22.1
05116,1177,147797,5.2,7.0,21.6,22.9
05117,2929,75416,10.7,7.4,44.9,20.0
05118,2481,106715,5.3,13.9,32.0,27.0
05119,3718,125563,14.4,19.0,41.0,28.2
05120,897,140050,9.4,23.3,48.0,39.4
05121,4543,84989,11.5,24.4,45.6,27.3
05122,372,96812,10.8,18.8,27.3,32.5
05123,3110,90291,6.6,20.7,39.1,27.8
05124,4915,83876,13.8,15.2,28.9,37.5
05125,1873,80572,10.5,6.1,21.5,23.3
05126,2647,112304,9.1,7.5,47.2,32.2
05127,3264,113668,9.3,24.4,41.1,22.6
05128,4880,139266,13.7,12.9,45.1,35.4
05129,4817,87096,3.7,20.4,28.2,22.5
05130,1046,100111,7.7,9.4,28.4,19.6
05131,2765,98367,13.1,15.7,26.1,38.2
05132,606,74818,3.5,8.1,28.5,37.4
05133,343,88623,10.7,21.2,23.2,31.4
05134,605,93348,7.8,8.4,42.0,21.0
05135,4617,60243,5.5,19.1,49.1,22.8
05136,3258,48357,10.3,8.0,47.2,33.0
05137,3690,93636,13.0,21.4,24.4,18.6
05138,1972,138234,8.6,15.1,26.3,23.9
05139,3893,110321,4.8,13.2,30.8,39.8
05140,1292,62783,6.7,11.7,26.0,31.3
05141,4525,76703,14.8,18.8,40.6,17.2
05142,4845,135395,4.3,6.8,42.4,36.1
05143,1564,141839,4.9,22.1,42.7,15.6
05144,490,137542,14.9,20.2,37.5,39.3
05145,4576,113557,13.6,12.5,27.6,39.3
05146,3477,89882,11.5,24.6,23.6,23.2
05147,4937,90923,4.8,21.6,34.6,28.8
05148,772,47248,5.9,10.4,46.7,17.3
05149,2660,89748,5.2,22.8,28.2,23.1
05150,1311,56454,10.6,7.0,29.8,31.2
05151,1029,103728,7.8,18.8,41.5,29.0
05152,1639,142849,3.6,7.6,30.3,15.8
05153,1012,27380,6.5,24.5,46.2,20.6
05154,743,148256,13.3,6.0,46.0,39.3
05155,4622,62103,12.6,9.7,47.0,34.3
05156,601,138369,10.7,15.6,43.1,33.5
05157,829,119389,4.0,16.7,21.8,26.1
05158,1383,124584,13.6,15.3,35.9,18.8
05159,2218,25743,9.4,19.8,34.3,34.6
05160,4652,65124,8.9,5.0,33.9,18.8
05161,4486,38128,14.2,16.3,39.7,37.4
05162,3936,143174,3.1,17.3,42.6,16.4
05163,1019,131327,9.7,9.2,36.2,33.2
05164,4150,104102,12.5,18.2,42.6,23.9
05165,2439,75220,3.8,18.1,27.3,29.3
05166,855,83352,7.3,15.6,39.2,17.7
05167,1969,146659,14.7,10.2,38.4,16.4
05168,4572,70653,5.5,13.3,30.0,37.0
05169,607,71072,9.4,10.4,35.1,39.3
05170,1536,135792,12.0,20.4,49.7,35.1
05171,2675,147214,7.7,17.4,41.0,28.7
05172,3526,66302,7.9,8.0,33.3,27.9
05173,658,102011,3.8,16.4,41.2,38.6
05174,3202,107550,5.3,23.1,31.5,19.5
05175,4616,123601,13.6,21.7,29.5,36.2
05176,3722,131452,12.8,22.8,35.1,38.9
05177,4499,56898,6.7,23.3,33.5,28.6
05178,4157,132193,7.6,8.8,48.5,19.9
05179,3815,128620,8.3,19.4,49.4,26.0
05180,1401,121080,7.2,17.9,29.7,29.5
05181,2255,42889,10.8,5.7,22.0,21.5
05182,792,35952,3.2,20.6,26.1,37.9
05183,4450,70985,13.6,9.1,47.8,28.9
05184,1578,76977,6.6,23.3,24.5,21.0
05185,356,99106,13.5,21.7,38.5,23.0
05186,2530,85139,8.5,20.4,21.2,31.2
05187,541,33897,12.3,18.9,35.2,37.2
05188,1981,43798,12.9,14.4,32.2,23.7
05189,2746,30656,6.6,21.0,41.3,16.2
05190,3920,50346,10.7,21.4,35.3,18.7
05191,4777,37193,10.3,7.0,34.6,15.0
05192,1835,132590,8.7,11.6,38.7,34.1
05193,3835,30147,8.6,11.3,41.0,21.2
05194,2745,102192,6.7,7.5,39.4,34.1
05195,118,127748,6.7,24.5,46.5,37.9
05196,1224,38429,9.6,16.7,23.4,21.0
05197,4085,130851,3.4,16.8,48.7,35.2
05198,2754,67191,14.2,12.6,40.3,24.8
05199,2180,108366,10.8,20.4,25.9,31.0
05200,1647,53764,8.3,14.5,32.4,34.1
05201,961,88628,3.7,19.8,29.3,26.6
05202,254,27402,10.6,22.6,41.5,19.4
05203,3594,30642,3.2,18.1,49.9,15.2
05204,1004,108746,11.2,17.5,46.1,15.2
05205,1369,32918,3.9,20.7,45.9,27.7
05206,504,143535,10.9,15.1,32.4,36.4
05207,943,139438,7.9,21.2,33.1,27.4
05208,1882,42476,11.0,6.8,26.1,21.5
05209,1664,46061,4.7,9.8,31.1,18.5
05210,1284,141408,4.4,23.5,38.9,23.2
05211,846,75034,6.0,8.4,45.3,37.3
05212,1825,123427,7.9,14.1,21.8,27.1
05213,3288,77642,6.0,14.6,48.4,18.1
05214,370,55429,4.0,13.4,27.3,20.9
05215,4965,118706,6.9,22.3,26.0,39.9
05216,4056,63565,11.5,20.0,31.9,28.4
05217,271,123906,10.0,21.2,39.1,17.5
05218,373,45215,14.6,24.8,37.1,23.8
05219,2406,145148,8.2,24.5,27.6,16.0
05220,1258,138613,7.0,22.8,48.8,15.9
05221,1806,66264,11.3,16.3,37.9,35.2
05222,1871,81098,7.9,11.0,44.6,15.9
05223,521,93764,10.4,19.5,47.4,35.4
05224,1309,118271,14.4,24.0,32.0,15.3
05225,4775,34443,9.0,24.8,26.9,31.7
05226,990,148816,9.0,17.3,39.2,35.1
05227,4917,64276,12.3,19.0,30.1,21.6
05228,3367,56711,12.1,10.6,31.5,22.5
05229,1573,69677,9.2,9.0,24.1,38.7
05230,3343,142001,3.8,17.8,44.6,21.3
05231,4578,84475,14.8,9.5,43.4,18.6
05232,2281,102011,7.5,12.9,39.1,20.0
05233,1549,61057,6.8,14.9,31.4,18.4
05234,3196,64764,14.8,23.7,49.1,16.6
05235,3356,29844,13.5,24.6,30.8,34.6
05236,3256,141886,7.0,9.9,38.6,20.2
05237,1690,132181,6.7,7.6,24.5,33.4
05238,4339,127539,11.7,9.5,24.2,15.6
05239,4081,49630,7.0,15.4,48.7,20.2
05240,1535,110132,6.0,20.7,41.8,19.7
05241,323,45553,14.8,15.4,20.8,17.9
05242,319,126510,9.8,23.7,39.2,33.7
05243,4374,120204,12.1,17.7,21.4,32.7
05244,1754,68915,11.6,14.7,42.3,35.7
05245,4628,40164,12.1,20.4,21.6,31.1
05246,364,84288,13.8,24.1,31.0,28.8
05247,1053,42025,9.0,11.7,31.3,38.9
05248,4624,29839,12.0,10.5,37.8,25.6
05249,3833,63937,12.6,9.3,26.4,33.3
05250,2874,98191,14.4,15.7,40.8,19.9
05251,3224,138074,11.6,14.4,36.1,34.9
05252,579,71660,13.7,9.9,30.1,32.9
05253,3614,90597,4.1,19.4,43.2,22.9
05254,1453,140911,4.5,11.0,38.1,39.0
05255,3422,58260,4.9,20.1,46.9,36.9
05256,3978,121200,4.7,21.8,35.6,34.5
05257,989,48206,4.1,22.3,29.5,27.6
05258,3954,80763,4.5,7.9,20.2,29.0
05259,1024,108059,15.0,11.1,37.1,36.1
05260,2270,46874,6.3,15.5,47.1,30.3
05261,2002,31794,8.7,21.9,23.9,27.6
05262,4973,42639,12.9,13.0,49.3,23.2
05263,2495,60263,4.4,18.2,39.3,27.6
05264,128,142973,6.8,14.1,27.4,15.3
05265,134,76407,4.9,5.6,48.4,36.8
05266,3689,66961,3.8,11.3,49.7,31.4
05267,2770,91661,14.5,20.1,20.9,33.0
05268,3465,110801,13.3,19.6,48.6,27.0
05269,688,78257,13.6,22.7,27.9,39.2
05270,3318,36736,13.4,16.9,42.1,32.8
05271,3238,58914,4.9,20.3,28.4,39.7
05272,1003,74938,12.4,13.3,33.7,39.8
05273,4186,84395,11.7,12.0,28.1,27.5
05274,2269,105338,14.1,11.8,41.6,36.9
05275,439,139946,5.6,8.2,44.1,27.9
05276,4370,89208,8.0,13.8,41.9,20.3
05277,1814,104757,6.5,21.2,48.8,15.8
05278,4792,94385,6.1,5.2,24.3,23.9
05279,4646,90285,10.8,16.5,37.3,32.8
05280,656,47814,5.0,8.5,48.4,20.1
05281,3187,145862,8.6,19.9,33.9,29.7
05282,3366,71767,10.8,7.8,46.6,25.3
05283,3667,29616,4.6,8.3,20.3,34.5
05284,2156,115100,6.1,5.9,48.4,36.7
05285,3999,91251,14.6,13.9,21.5,28.2
05286,1116,124947,12.5,18.0,21.8,29.9
05287,2162,90659,11.1,10.8,30.8,17.1
05288,938,108693,13.3,5.8,45.1,33.1
05289,1737,116033,3.2,23.7,22.6,16.3
05290,4421,92713,3.1,22.2,47.9,28.1
05291,3596,81041,4.8,14.3,26.7,18.6
05292,1913,89003,8.9,21.5,21.5,23.6
05293,3579,42887,9.8,21.0,36.9,28.0
05294,1551,71811,4.4,16.2,44.9,35.2
05295,2413,40109,3.9,15.5,49.2,15.0
05296,1614,128965,12.9,18.0,27.1,20.7
05297,1331,81246,8.6,19.4,45.5,31.9
05298,1745,88387,14.9,21.4,24.3,20.6
05299,3099,116964,5.8,16.5,42.5,17.8
05300,3540,27124,10.8,19.9,21.0,29.6
05301,4156,126558,12.7,8.7,31.6,19.8
05302,405,92949,13.5,19.9,44.3,19.5
05303,3636,45771,6.7,6.2,23.9,27.8
05304,1823,31089,5.3,18.2,38.0,28.6
05305,1789,30833,5.7,19.3,44.9,28.1
05306,1617,40748,11.0,24.4,26.2,36.0
05307,4017,74308,9.3,13.4,44.1,16.7
05308,519,67083,10.2,7.3,29.2,18.3
05309,3036,46387,3.2,11.7,32.1,22.3
05310,3962,96289,7.7,13.4,42.5,25.4
05311,4329,140605,6.7,20.4,44.7,16.7
05312,1550,104674,13.4,8.7,29.1,19.3
05313,3196,129557,12.3,8.4,26.6,32.6
05314,3361,26702,8.2,9.4,36.8,26.3
05315,1264,59433,10.6,9.6,37.3,38.4
05316,1969,46773,3.6,23.5,22.6,23.6
05317,1919,37425,10.6,8.2,37.0,39.0
05318,2805,146851,4.2,13.3,39.1,29.5
05319,3615,63575,11.6,13.1,22.9,21.2
05320,1442,109031,9.9,7.6,44.5,15.4
05321,2326,45098,6.6,7.2,35.0,39.0
05322,1179,97519,7.5,23.2,38.0,32.0
05323,4306,46494,4.1,21.7,35.6,30.6
05324,4663,101752,6.9,23.7,34.5,22.5
05325,2879,135531,14.6,11.3,29.0,27.5
05326,2628,27397,8.8,15.5,31.0,15.1
05327,913,51770,8.7,10.1,41.4,28.6
05328,2131,63222,10.6,12.8,38.9,21.3
05329,422,75707,8.8,20.9,38.2,30.7
05330,3069,106721,7.3,14.5,44.1,15.6
05331,1003,118737,4.7,7.2,36.1,38.6
05332,1641,101637,10.6,5.1,29.0,34.6
05333,3603,74033,12.0,9.7,37.8,39.4
05334,2753,95038,14.1,8.7,43.4,20.4
05335,2576,90879,3.0,20.9,46.5,22.0
05336,3440,103475,3.8,18.3,34.8,22.1
05337,4343,92080,13.8,21.8,30.7,16.8
05338,1241,40950,10.6,13.4,45.5,33.9
05339,949,94532,14.5,16.7,32.7,22.3
05340,466,121081,8.2,13.3,48.9,26.1
05341,2997,73787,8.0,9.4,33.0,28.4
05342,1189,113768,7.1,17.6,49.6,31.1
05343,4141,85162,4.7,12.8,22.9,27.8
05344,2138,115150,7.5,10.0,30.3,17.6
05345,2960,120551,3.2,23.8,28.3,29.0
05346,4370,127686,9.1,7.2,49.8,16.3
05347,1954,131350,13.2,20.5,45.8,21.1
05348,4783,87926,6.9,16.0,42.1,34.4
05349,594,29986,4.1,20.3,47.5,23.9
05350,3282,103485,14.7,6.8,47.5,35.5
05351,1884,110343,4.5,12.8,26.0,23.1
05352,3610,99756,9.3,20.9,30.2,16.6
05353,3886,25235,12.7,21.3,21.4,23.8
05354,4230,32993,6.0,20.8,29.3,29.5
05355,1098,116080,13.1,19.9,41.4,28.5
05356,4569,39836,9.7,12.5,41.4,36.3
05357,1551,95760,7.0,19.3,33.3,32.3
05358,1851,108150,13.4,7.2,25.1,25.9
05359,2380,58006,10.5,8.3,21.4,34.1
05360,4900,116966,10.4,15.8,27.5,19.0
05361,4758,46308,9.0,16.0,22.5,27.7
05362,3034,90587,6.3,14.4,49.7,19.9
05363,3834,51731,6.7,19.7,24.4,32.2
05364,3446,100108,4.1,16.3,44.4,23.1
05365,1973,91592,5.9,6.3,31.2,34.8
05366,4634,115133,6.3,22.7,38.6,21.1
05367,3903,33498,3.7,17.6,36.1,37.7
05368,2079,70066,4.3,22.9,21.7,29.5
05369,798,71718,6.2,13.6,47.2,29.2
05370,1412,114529,11.1,5.0,47.0,39.8
05371,3062,43993,5.2,20.3,28.9,20.1
05372,3038,37485,9.3,16.3,24.0,21.0
05373,4887,94136,9.1,5.4,23.0,36.2
05374,2400,108885,13.0,16.5,45.3,31.9
05375,3297,71123,10.3,23.6,37.5,31.4
05376,226,71264,14.0,9.2,31.2,36.4
05377,1291,97068,10.5,10.6,30.2,38.4
05378,2739,70606,3.3,18.0,36.4,29.7
05379,4489,61346,7.6,21.4,28.2,21.3
05380,4016,128865,11.4,17.8,20.6,21.7
05381,1466,60311,8.7,18.4,32.5,36.9
05382,1119,140192,8.0,11.5,46.3,18.7
05383,4179,148016,11.1,5.2,44.1,25.5
05384,4614,112004,6.4,21.8,47.3,19.0
05385,4639,67262,13.9,24.9,39.9,32.1
05386,784,78166,8.0,22.3,21.5,31.6
05387,3729,64075,10.6,13.0,34.0,37.5
05388,2987,61382,14.8,12.0,20.6,24.8
05389,1562,103675,12.4,24.2,49.1,20.7
05390,4186,128446,9.4,24.8,40.4,24.1
05391,2361,80223,13.3,17.2,20.5,32.4
05392,4280,29806,9.7,15.3,48.9,17.4
05393,2941,74658,8.3,15.3,31.2,17.1
05394,1867,54357,13.5,9.0,24.5,38.7
05395,4280,83877,3.3,19.6,41.8,17.2
05396,3660,135137,7.9,8.4,24.6,39.1
05397,2212,78155,7.1,9.2,26.7,33.1
05398,4858,83051,11.6,18.5,22.6,27.1
05399,726,149503,3.2,22.4,41.1,16.6
05400,4259,98147,10.9,18.3,26.4,25.7
05401,3514,51904,7.2,14.5,44.5,37.4
05402,1475,101742,4.2,18.9,38.6,30.9
05403,1281,122486,14.8,14.1,31.7,23.3
05404,590,26707,5.5,18.1,49.2,27.2
05405,3829,99029,7.2,20.6,25.9,30.2
05406,3634,76596,5.5,5.3,42.8,21.0
05407,3396,99045,10.9,9.4,24.6,33.8
05408,2040,47290,12.4,19.1,26.7,31.5
05409,4508,109875,13.3,13.0,23.8,31.3
05410,1982,44311,6.7,15.4,48.1,34.1
05411,3087,75009,9.3,18.7,34.2,33.4
05412,3259,73175,11.0,15.5,45.1,28.1
05413,4875,27720,10.6,21.7,21.7,36.5
05414,4630,60790,11.6,12.6,37.5,27.3
05415,781,99404,12.2,18.8,33.5,23.3
05416,1173,106285,4.2,13.5,49.6,22.1
05417,2487,140066,5.0,15.6,43.8,18.1
05418,2494,115328,11.8,7.3,47.8,33.5
05419,2793,102428,8.7,21.6,34.2,15.8
05420,1470,52472,8.1,11.4,44.3,35.2
05421,4844,47442,8.5,11.0,26.2,36.3
05422,4440,48802,7.5,6.8,41.1,30.7
05423,2256,79115,10.1,15.1,49.1,21.3
05424,2680,37721,6.9,13.4,38.3,20.0
05425,4491,95387,10.6,7.0,20.7,16.8
05426,2259,60757,5.4,20.0,30.4,37.5
05427,3348,61598,12.1,6.3,37.9,27.5
05428,3831,53232,12.4,7.9,23.5,24.5
05429,3929,63171,9.9,14.2,32.1,39.8
05430,1727,51082,7.4,12.2,33.5,17.0
05431,3572,130154,3.2,10.5,46.4,34.6
05432,127,116402,4.5,16.3,37.1,36.6
05433,2085,26939,4.0,15.5,36.4,34.9
05434,4253,144382,3.1,13.6,31.0,36.7
05435,1621,56989,11.7,20.5,31.5,22.7
05436,396,114245,14.5,15.0,36.9,38.8
05437,2281,98251,3.1,24.6,24.9,37.0
05438,3502,98963,4.4,21.0,34.1,31.3
05439,2396,133279,13.3,7.1,35.2,37.7
05440,2697,147315,11.3,10.5,40.6,35.7
05441,1001,127499,7.9,15.7,37.8,35.5
05442,1198,93322,14.9,14.4,29.8,17.2
05443,1777,39454,9.9,5.9,35.9,28.1
05444,2981,26377,11.0,15.6,20.6,23.6
05445,4966,60523,10.8,17.1,40.6,19.6
05446,1478,55807,5.7,14.3,27.0,30.5
05447,1348,43467,8.9,22.3,45.0,31.4
05448,3835,62177,5.6,16.1,41.7,23.3
05449,4341,37287,9.1,20.7,24.8,29.7
05450,1364,73667,3.4,16.7,29.7,35.3
05451,2007,37838,7.6,23.2,42.4,32.8
05452,1158,57065,7.5,9.3,41.1,22.4
05453,2849,129874,6.5,21.6,36.2,40.0
05454,2148,127916,4.0,14.0,28.8,36.8
05455,4348,80259,12.3,19.0,35.7,34.1
05456,2576,117812,8.0,16.3,49.7,39.6
05457,4116,73867,12.8,7.2,32.1,36.0
05458,4703,61872,13.0,13.7,35.7,34.2
05459,3297,89870,5.6,18.5,44.1,36.2
05460,4686,143237,8.1,23.0,20.8,17.5
05461,3653,143840,11.7,9.4,47.5,29.5
05462,4540,35522,9.0,12.1,45.4,22.7
05463,1861,139108,13.3,12.2,36.5,27.1
05464,320,54132,9.9,15.5,36.1,36.8
05465,4918,65425,10.6,22.3,47.4,23.0
05466,4723,30478,12.4,12.9,41.2,17.3
05467,2988,118873,4.5,7.9,43.0,16.5
05468,1764,84355,10.0,15.1,26.9,22.8
05469,4086,76793,4.0,5.8,20.3,21.3
05470,4676,30025,6.1,11.9,33.2,15.4
05471,3077,32764,5.6,15.3,23.2,23.6
05472,1971,92648,9.8,15.4,32.5,29.6
05473,1562,94036,13.1,21.4,38.9,26.3
05474,444,120062,4.6,21.0,38.2,15.7
05475,144,56521,12.2,10.7,40.7,19.0
05476,2168,129291,4.7,11.0,24.2,24.5
05477,1614,65392,5.3,24.6,27.3,35.4
05478,2698,53807,14.0,12.8,40.9,28.3
05479,1101,87201,3.1,7.9,25.5,29.2
05480,1133,99737,5.4,18.1,26.5,26.9
05481,2140,43013,5.6,9.9,40.2,37.0
05482,373,36311,6.4,17.1,41.8,34.4
05483,2747,55627,7.4,21.4,28.8,33.7
05484,1879,105483,4.2,8.5,46.2,39.3
05485,4576,34041,8.6,14.0,45.0,15.5
05486,578,81513,7.8,12.7,38.0,29.3
05487,615,96796,10.5,25.0,44.8,19.9
05488,4386,48306,13.4,19.2,49.3,39.8
05489,1291,68827,6.6,6.6,48.2,21.8
05490,2768,114086,9.6,9.6,23.8,17.9
05491,1511,117151,7.5,8.1,31.4,15.9
05492,3380,36427,3.5,5.3,41.7,31.2
05493,371,123782,12.9,11.3,22.6,15.6
05494,242,59078,10.6,11.5,24.1,15.9
05495,3432,103359,3.0,9.7,32.1,21.8
05496,887,56213,6.0,16.1,20.2,33.0
05497,1781,109063,6.7,9.4,33.2,31.1
05498,722,87960,12.7,23.8,31.8,23.4
05499,3941,88741,12.1,19.6,41.2,21.5
05500,3776,123717,7.8,7.4,22.7,37.0
05501,2672,84000,4.9,10.4,33.3,25.8
05502,3360,52207,7.6,24.6,48.9,19.1
05503,4812,28936,12.7,9.0,46.3,23.1
05504,166,115107,8.4,7.3,41.4,23.6
05505,4386,108314,4.4,9.6,49.3,28.1
05506,4716,76775,3.5,19.3,22.8,30.8
05507,1240,43674,7.0,15.4,27.5,27.6
05508,2414,74790,4.8,6.4,24.2,18.7
05509,2632,134940,11.9,12.2,42.9,32.6
05510,3680,39374,6.3,6.7,45.7,16.7
05511,1287,121128,13.5,10.8,39.2,29.0
05512,4571,140040,10.4,8.4,27.7,25.2
05513,4848,134644,7.7,9.4,23.7,19.8
05514,3439,40317,10.3,20.6,36.3,33.2
05515,648,54181,6.5,20.7,24.4,24.2
05516,4187,36780,4.7,19.6,24.9,27.2
05517,172,107059,14.6,18.8,36.7,32.5
05518,298,131747,9.8,9.9,22.9,35.8
05519,3301,99396,3.1,13.8,47.4,19.2
05520,1881,77994,6.7,14.2,26.2,24.8
05521,671,148196,4.9,15.7,44.8,17.0
05522,890,45402,6.1,22.1,37.2,16.6
05523,1738,88907,3.7,22.8,24.7,28.4
05524,1931,142614,5.9,9.3,49.2,29.8
05525,1955,48276,11.2,13.6,35.6,19.1
05526,1274,97778,12.8,8.0,27.4,18.8
05527,3840,149889,7.2,18.0,26.8,31.4
05528,3377,118057,9.3,16.4,23.9,35.9
05529,278,26052,3.5,22.0,36.8,39.7
05530,2344,40400,4.1,15.4,38.6,22.1
05531,4186,86980,9.6,20.6,37.4,37.8
05532,834,110483,13.1,11.4,45.3,33.3
05533,898,50699,4.1,18.9,22.1,15.7
05534,887,59111,8.0,5.8,20.8,22.3
05535,2895,107489,14.6,8.0,45.4,26.1
05536,4404,119930,11.9,13.9,23.6,23.5
05537,4688,86065,5.4,22.7,24.3,37.6
05538,3184,147378,6.4,22.7,36.1,38.1
05539,3018,106798,14.4,17.0,32.2,23.6
05540,831,94452,5.7,7.6,40.0,25.0
05541,1229,99728,8.3,18.6,25.7,34.4
05542,3546,60691,7.3,8.5,45.2,19.0
05543,1705,133732,8.9,12.0,26.5,18.1
05544,3878,127849,5.8,11.3,33.0,33.6
05545,2845,72197,11.0,22.7,20.7,28.2
05546,3270,127229,5.8,18.9,48.9,19.6
05547,4789,77404,10.2,6.4,28.7,36.5
05548,3033,85736,7.3,21.9,36.0,25.4
05549,1315,48942,6.0,13.6,34.3,30.4
05550,424,93928,11.3,20.1,32.0,39.6
05551,1950,44001,14.6,20.5,25.4,38.7
05552,1590,53696,13.4,25.0,38.6,17.7
05553,993,47319,4.0,11.9,36.7,33.7
05554,1490,62123,8.5,22.3,33.2,34.2
05555,3489,76165,11.3,10.7,36.5,35.8
05556,4339,43311,9.8,24.9,39.5,37.8
05557,4579,52120,11.7,13.2,45.8,34.7
05558,2363,128636,14.7,18.2,26.9,27.6
05559,3532,47642,7.1,24.9,43.1,27.1
05560,2471,95083,12.3,9.0,44.5,34.2
05561,3186,54371,4.1,17.5,42.3,29.0
05562,4412,130219,13.4,25.0,44.5,16.0
05563,1615,110639,12.3,23.9,37.3,19.4
05564,3017,139153,9.3,9.4,20.7,18.1
05565,2452,102401,12.9,7.0,40.9,17.8
05566,1267,90244,11.0,13.5,45.9,25.2
05567,210,100279,9.6,20.3,27.9,18.2
05568,4427,59450,14.4,20.8,42.3,26.0
05569,3755,107304,4.6,17.1,23.4,38.0
05570,3893,111628,14.9,17.3,39.4,25.2
05571,1855,137033,4.9,7.4,21.7,27.5
05572,1677,126340,8.8,13.8,36.4,17.1
05573,1396,100994,5.8,16.5,46.3,37.6
05574,3874,48407,6.3,18.7,31.4,35.1
05575,2320,95188,10.6,6.8,25.6,26.3
05576,1072,29445,3.4,18.8,40.4,28.1
05577,1130,107309,14.3,23.8,45.4,38.3
05578,2693,138443,6.4,20.7,29.1,25.6
05579,4092,56096,6.3,17.5,37.2,18.0
05580,4713,142606,13.4,6.9,39.8,29.8
05581,1013,141801,12.2,20.9,31.7,23.3
05582,2281,26142,11.1,18.3,22.0,23.5
05583,3297,74897,4.8,16.0,44.9,37.8
05584,1562,90485,12.2,21.0,45.1,31.7
05585,2478,113071,7.3,18.5,23.1,32.9
05586,3554,92266,14.9,14.4,37.6,32.9
05587,3653,88202,11.1,9.7,42.0,30.7
05588,1407,86466,13.0,15.1,22.8,39.0
05589,1289,111305,11.8,8.1,45.4,21.0
05590,787,29123,10.1,6.2,30.6,26.5
05591,4761,93766,11.6,9.7,37.7,31.9
05592,1307,134712,10.2,12.3,31.3,18.7
05593,1994,43898,3.6,17.9,35.9,21.2
05594,1911,141457,7.1,15.0,39.7,22.7
05595,3283,66067,6.8,19.7,41.2,24.4
05596,3897,70946,11.6,19.7,32.1,23.5
05597,1744,142174,9.9,19.1,23.3,16.4
05598,4068,143986,10.3,15.9,30.3,24.3
05599,2816,99504,13.2,18.3,45.0,19.6
05600,290,87429,9.3,24.5,37.7,17.3
05601,1435,32992,5.6,19.1,33.4,21.5
05602,4903,146132,3.1,19.8,40.1,20.8
05603,3206,80173,4.9,10.8,44.5,18.5
05604,478,35125,3.4,14.6,46.5,18.3
05605,4582,47430,5.8,13.7,41.7,33.0
05606,3929,99165,10.6,12.1,22.7,39.9
05607,715,34226,4.8,14.2,26.7,16.0
05608,2430,42220,4.0,17.0,49.0,27.6
05609,1854,29702,14.7,17.5,41.7,19.1
05610,563,25641,15.0,21.8,46.8,18.2
05611,1066,60942,10.6,18.1,35.9,18.8
05612,4367,108728,4.3,22.4,23.0,31.7
05613,3258,147341,12.9,18.1,24.3,17.9
05614,3724,80405,9.5,12.0,48.7,29.4
05615,789,28875,5.2,17.6,30.3,20.7
05616,2722,66602,9.9,19.6,31.6,38.9
05617,2312,99430,3.5,18.7,49.2,27.5
05618,482,90322,14.7,22.0,34.3,35.4
05619,2356,93384,12.9,23.1,20.4,38.6
05620,3910,41077,6.1,11.7,36.4,23.0
05621,3603,28612,8.0,6.6,41.9,15.3
05622,1512,97598,7.7,18.1,36.2,39.5
05623,1683,133218,13.3,7.2,39.4,19.4
05624,471,83192,7.3,22.7,35.5,25.8
05625,710,125858,3.6,21.4,26.8,25.8
05626,215,113240,5.6,19.3,22.7,18.5
05627,546,91998,5.6,23.5,20.5,26.9
05628,1491,80114,14.4,22.7,40.6,33.9
05629,3424,64579,14.1,23.5,31.6,25.1
05630,1440,53405,6.6,19.7,35.4,17.9
05631,4610,102510,3.0,12.4,23.5,29.4
05632,3039,123814,9.2,6.0,36.6,38.6
05633,3799,59924,12.6,6.2,27.4,17.0
05634,1173,27919,6.2,20.9,44.5,21.7
05635,4913,112111,8.3,8.8,37.9,38.4
05636,3669,97168,5.1,11.3,21.9,30.1
05637,3250,99460,6.9,16.7,26.4,27.5
05638,1705,88768,12.1,7.6,27.0,22.9
05639,4757,68910,8.1,24.7,44.1,29.5
05640,2394,135456,8.4,21.3,34.7,27.1
05641,3762,59005,12.5,16.7,39.3,29.5
05642,4582,108400,12.2,23.2,34.6,20.3
05643,4897,35657,5.2,14.9,32.2,27.8
05644,1083,43394,8.0,22.9,44.7,17.2
05645,451,97433,13.2,21.5,44.7,25.9
05646,1824,63397,8.5,5.3,45.2,19.0
05647,2051,144445,10.9,20.9,48.7,20.3
05648,1379,48874,6.7,20.7,29.9,28.6
05649,2007,54873,3.7,11.3,41.2,36.3
05650,4948,109655,5.0,14.9,30.1,26.9
05651,1124,143887,7.8,7.8,46.8,32.9
05652,645,48670,7.2,18.3,35.9,24.7
05653,4274,35951,13.7,18.5,31.2,15.0
05654,2481,89069,9.5,24.6,20.2,35.0
05655,988,80352,10.5,19.5,40.2,37.4
05656,1205,40768,11.3,13.9,33.7,22.8
05657,2649,91113,9.4,8.6,22.9,39.7
05658,2090,49463,12.2,20.8,31.4,16.7
05659,4098,103905,12.4,12.1,35.4,19.7
05660,3875,55836,7.2,23.9,29.9,32.2
05661,2912,36688,4.0,10.5,43.1,31.9
05662,1020,42202,14.8,8.9,42.1,38.4
05663,4745,32188,10.7,17.4,23.5,35.3
05664,2161,78326,11.5,23.3,35.4,19.8
05665,4587,39135,12.1,7.8,33.8,21.2
05666,3739,59657,10.4,5.8,42.6,17.6
05667,3265,25558,8.7,24.3,34.6,22.0
05668,4535,77085,14.8,7.7,29.5,27.8
05669,2744,137298,11.7,17.2,34.1,21.1
05670,4952,51195,13.2,9.0,34.3,32.6
05671,1145,39443,8.3,8.4,25.5,37.8
05672,3656,89286,13.9,8.1,30.7,19.9
05673,2781,122550,11.8,19.2,32.4,39.3
05674,3299,48215,12.0,20.2,21.7,38.5
05675,1038,30949,4.0,7.4,38.9,23.3
05676,541,65411,10.4,7.7,26.3,28.6
05677,2650,74221,7.0,23.7,30.2,33.1
05678,4325,140877,11.0,16.8,25.4,36.0
05679,696,93438,9.8,20.6,42.3,20.5
05680,1605,87521,4.3,6.6,36.6,31.1
05681,961,104298,9.4,6.0,26.0,34.4
05682,2740,45724,8.4,12.9,25.9,23.9
05683,3831,101844,12.3,16.1,26.8,35.9
05684,1651,115795,9.0,12.4,48.8,31.1
05685,3336,96431,8.8,19.3,34.2,27.9
05686,1836,130854,11.6,18.4,47.9,19.1
05687,1549,47081,11.0,13.9,49.7,38.9
05688,364,127214,14.9,6.6,35.3,18.8
05689,2759,69732,7.2,16.9,22.6,32.2
05690,2821,115182,11.3,9.8,44.3,16.0
05691,1562,112904,5.0,12.7,38.3,19.5
05692,4352,81867,12.7,5.3,22.2,32.4
05693,1545,116374,12.4,15.4,34.7,26.1
05694,2398,81899,11.7,19.0,39.9,38.4
05695,3025,27155,4.4,16.5,33.3,27.2
05696,1732,54903,14.9,20.0,37.3,22.9
05697,2474,131260,14.3,25.0,48.1,39.9
05698,612,54393,7.4,17.7,24.2,19.2
05699,315,71509,9.9,9.4,34.5,22.9
05700,3431,132867,13.7,16.4,20.3,37.2
05701,2272,73234,8.9,9.9,33.1,36.7
05702,3253,108835,10.2,11.6,26.2,30.6
05703,1806,121783,10.2,12.0,26.8,19.0
05704,2206,147606,10.8,15.4,26.9,28.1
05705,1667,55101,9.9,15.5,42.8,31.5
05706,2308,39213,7.9,18.3,35.2,23.7
05707,2431,29351,9.5,13.8,31.4,38.4
05708,2253,65236,13.5,8.8,20.0,21.3
05709,1228,38241,13.4,14.8,45.1,20.1
05710,3610,113987,12.3,20.9,20.0,24.8
05711,4423,144952,8.0,19.1,44.2,18.7
05712,3753,47179,12.4,7.3,41.8,29.6
05713,2465,116659,7.7,24.0,23.6,16.5
05714,4997,72665,11.0,11.1,38.6,16.4
05715,3021,86242,9.8,16.7,20.3,19.4
05716,4667,29455,6.6,5.6,26.7,18.2
05717,1179,65459,8.4,23.2,27.2,15.1
05718,3611,85899,13.0,18.7,49.4,29.8
05719,2841,42597,14.0,10.5,37.1,30.4
05720,3120,80591,5.5,18.7,20.3,38.2
05721,328,133636,8.5,10.9,23.9,15.6
05722,270,71209,8.2,10.2,25.8,16.9
05723,394,34052,8.9,13.9,44.7,25.2
05724,4384,132485,14.7,17.0,40.4,23.7
05725,525,136075,9.2,9.2,34.5,28.4
05726,1018,60691,13.0,19.9,44.3,21.0
05727,3353,42816,11.0,16.6,34.2,28.8
05728,598,90876,4.3,5.1,44.5,36.8
05729,2909,81533,11.3,16.0,26.6,29.1
05730,925,133873,10.8,13.4,47.9,33.5
05731,3879,39206,12.1,18.4,48.7,31.2
05732,1958,56518,3.9,23.0,39.1,36.2
05733,2218,26198,5.9,10.3,39.0,18.3
05734,245,149347,12.2,18.5,37.0,18.4
05735,4665,62064,7.4,8.0,33.0,37.4
05736,3677,73744,13.9,6.7,25.4,35.8
05737,292,103566,9.2,23.6,25.8,18.5
05738,3988,147874,3.0,22.2,39.6,18.1
05739,151,45577,11.4,15.0,34.0,35.9
05740,2510,73230,9.2,7.8,26.8,39.2
05741,1920,55248,6.8,10.3,22.8,28.2
05742,3064,147801,3.2,16.3,48.8,27.0
05743,2621,106046,5.4,18.0,40.7,19.5
05744,1969,132787,4.9,18.8,25.7,15.8
05745,2668,29934,10.0,20.0,42.5,21.9
05746,1967,49927,12.2,9.2,25.1,38.8
05747,2838,146298,5.8,10.9,37.7,31.9
05748,3369,50877,11.4,5.3,37.0,17.9
05749,3299,102367,13.8,6.5,23.2,16.3
05750,2679,44471,10.5,11.2,39.9,33.6
05751,4105,63841,12.3,8.7,36.7,23.3
05752,340,107375,5.5,14.9,44.1,39.5
05753,3540,30853,3.9,22.0,47.2,27.1
05754,4731,61018,7.4,19.5,41.2,23.4
05755,1507,83501,11.5,20.1,29.1,20.9
05756,3602,25257,11.2,17.0,29.8,33.7
05757,4138,117221,14.5,19.0,29.4,26.5
05758,182,140169,10.6,8.6,45.9,32.9
05759,3868,120708,7.9,16.0,34.5,29.9
05760,1050,54671,12.6,16.4,48.8,38.6
05761,710,29730,4.8,17.6,39.6,15.5
05762,4769,36305,12.8,20.6,38.1,30.9
05763,3705,75548,7.4,23.9,47.0,25.9
05764,4654,57116,4.8,19.2,37.7,34.6
05765,3383,128722,4.9,23.5,44.7,32.2
05766,2273,128475,14.8,16.0,35.0,24.4
05767,3584,145761,10.5,10.8,38.0,24.3
05768,1622,113979,5.1,18.2,27.8,15.7
05769,2701,47839,6.2,24.6,46.3,39.8
05770,2757,35818,7.5,19.2,28.3,33.7
05771,2259,31202,3.7,24.4,48.9,18.8
05772,2549,137943,4.3,5.4,31.6,28.9
05773,3930,63946,12.1,10.2,33.1,38.1
05774,221,42031,12.4,10.5,34.8,18.6
05775,4468,38298,14.9,13.5,31.5,36.8
05776,1417,124915,3.8,5.6,37.3,33.0
05777,4593,119700,13.7,23.3,39.5,23.1
05778,2618,119698,6.8,19.1,25.2,19.6
05779,1330,90311,6.9,6.7,44.9,30.7
05780,1233,84612,4.5,8.5,39.8,25.9
05781,1401,143572,14.8,17.1,42.3,22.1
05782,4134,137212,14.8,23.2,48.2,35.9
05783,2010,55842,13.4,6.8,44.3,39.9
05784,1605,85098,4.1,13.7,38.5,28.3
05785,3285,120333,13.1,9.0,29.1,17.2
05786,2016,121026,10.6,8.6,37.9,18.4
05787,3648,46366,4.5,19.6,21.8,34.9
05788,2857,126890,6.1,21.5,38.6,38.5
05789,2056,118496,11.3,23.4,33.0,17.7
05790,278,49057,12.6,18.7,40.8,19.2
05791,996,31080,13.2,6.3,28.5,37.6
05792,1651,103317,9.5,12.1,38.6,27.5
05793,591,140446,9.4,13.8,43.9,39.3
05794,160,137275,11.2,10.5,23.1,24.9
05795,1177,56942,12.3,15.8,40.3,19.6
05796,2995,42016,5.0,9.7,49.1,17.9
05797,4260,49232,11.9,23.0,46.3,28.3
05798,3783,85928,7.1,7.9,24.3,30.2
05799,685,25329,7.6,13.5,33.4,27.8
05800,4060,85363,3.9,7.5,27.2,30.1
05801,3870,55595,10.1,12.2,22.2,33.2
05802,634,30446,4.1,14.7,43.7,29.8
05803,3562,147889,14.0,16.1,44.9,33.9
05804,4111,102781,10.5,11.6,39.7,29.7
05805,3498,133670,14.9,21.2,22.7,39.4
05806,2255,140672,5.9,15.3,22.3,31.8
05807,1104,91204,11.2,24.8,36.8,34.2
05808,2599,71094,14.6,7.5,47.1,23.7
05809,426,123066,6.6,8.7,25.3,20.7
05810,4803,39822,4.2,21.0,38.9,27.2
05811,2806,41825,10.6,16.1,35.0,32.6
05812,101,77077,7.4,12.2,27.7,17.4
05813,1133,29020,6.3,13.2,32.6,32.1
05814,2581,47061,14.9,16.3,33.6,30.6
05815,224,49849,12.0,6.7,24.5,35.0
05816,1204,78865,8.8,20.3,25.3,39.1
05817,2799,50602,3.6,14.0,40.1,26.8
05818,1961,142061,5.3,13.3,23.8,15.8
05819,3020,119460,6.6,20.5,43.4,33.6
05820,228,116669,8.8,16.4,45.4,17.2
05821,537,60894,9.0,20.1,23.4,21.6
05822,4946,60701,3.3,23.6,48.3,30.8
05823,2648,148327,14.3,23.9,49.3,20.1
05824,3229,44752,9.5,13.6,21.6,38.1
05825,1321,53269,3.2,6.4,20.1,17.6
05826,1001,113436,11.4,5.2,48.4,30.2
05827,3268,127110,3.9,19.1,22.7,35.3
05828,4586,54140,11.7,6.6,28.1,28.5
05829,4018,138399,11.4,12.8,34.2,16.2
05830,1167,46639,14.8,18.2,24.7,31.5
05831,126,89320,7.1,25.0,32.5,39.8
05832,647,33066,4.7,9.5,47.8,37.5
05833,2768,102045,4.1,5.2,46.6,35.2
05834,666,33261,3.9,5.8,24.6,19.4
05835,803,103304,12.7,9.5,48.3,37.8
05836,4380,117689,11.6,24.9,41.3,29.2
05837,3240,29585,14.7,6.5,49.1,32.3
05838,1690,78750,6.7,20.0,25.3,26.3
05839,4794,52632,12.6,8.0,22.0,22.5
05840,905,63585,4.1,9.1,32.5,29.6
05841,3891,25116,13.8,6.7,49.7,24.9
05842,1457,40616,3.6,9.6,33.7,37.8
05843,3325,108733,12.5,7.3,39.4,20.2
05844,3718,138246,6.7,5.3,36.1,38.6
05845,2226,54590,5.2,21.0,46.9,27.5
05846,2560,140591,11.5,8.8,46.1,17.3
05847,645,90436,13.8,7.4,48.8,32.0
05848,2828,119635,12.2,10.4,38.3,17.1
05849,3834,122394,6.8,20.1,36.8,35.3
05850,2662,33685,7.2,9.5,21.9,24.2
05851,2179,145893,5.3,15.8,29.3,31.8
05852,2741,94394,12.9,9.3,30.8,30.0
05853,3214,39138,4.3,12.7,35.1,22.9
05854,2026,121752,13.8,15.4,23.7,23.0
05855,716,44067,10.2,20.2,36.1,39.4
05856,3744,78327,10.1,10.6,27.9,29.9
05857,1303,127034,13.1,13.9,49.1,37.0
05858,1859,64396,11.0,17.9,26.2,21.8
05859,2665,144829,6.7,10.5,25.2,33.2
05860,3274,136186,7.2,9.4,35.4,22.9
05861,3181,63211,5.1,16.4,47.8,17.9
05862,2730,124844,8.6,24.0,23.3,30.7
05863,3261,121516,4.3,23.2,47.5,24.3
05864,4421,98624,10.8,17.0,23.2,18.0
05865,769,65727,5.0,13.4,25.2,27.4
05866,3268,39464,13.4,16.3,24.8,25.3
05867,2221,74777,11.4,21.0,26.9,21.8
05868,4178,135875,13.7,6.9,42.5,18.1
05869,4251,40406,4.0,20.6,32.7,30.2
05870,819,145660,12.6,18.2,44.3,18.2
05871,2700,104035,13.6,10.4,29.8,35.2
05872,3698,96698,3.5,22.5,34.1,15.4
05873,4769,89086,15.0,6.6,34.9,36.2
05874,766,31797,6.6,23.4,34.0,21.2
05875,383,29858,5.5,12.8,31.9,30.3
05876,4003,91373,8.0,21.2,30.5,30.1
05877,3665,149895,3.1,8.1,45.4,23.0
05878,2334,92551,13.6,16.4,32.2,30.0
05879,4693,144844,6.2,5.7,23.9,26.8
05880,1565,147951,9.3,10.6,25.8,32.0
05881,229,85796,10.5,21.6,41.0,23.2
05882,4834,90509,12.5,14.1,49.8,25.0
05883,2160,73393,6.0,18.2,40.4,33.7
05884,3772,32234,11.6,21.1,22.6,16.5
05885,2594,95284,4.4,15.6,35.7,38.9
05886,1092,53454,11.5,16.7,38.3,24.2
05887,2221,90599,14.0,20.3,37.2,38.3
05888,2684,65989,4.0,7.4,24.9,22.9
05889,4296,53547,4.4,6.4,40.0,35.0
05890,2323,78804,9.7,17.4,20.6,18.6
05891,4622,80941,3.6,24.5,42.7,33.8
05892,3288,48567,5.2,17.9,27.9,28.8
05893,3337,27325,5.3,19.1,48.9,30.4
05894,4236,96386,8.8,18.2,31.4,35.8
05895,4624,94908,6.0,17.1,22.1,26.5
05896,443,80516,8.7,9.0,49.7,32.7
05897,4561,46149,9.3,21.8,39.0,17.3
05898,4804,114111,11.8,16.5,36.9,39.3
05899,4923,27879,14.4,24.6,30.7,27.8
05900,2376,125492,9.0,6.4,33.6,35.8
05901,3301,109701,7.3,11.0,33.4,16.1
05902,988,102849,6.1,7.0,28.1,18.5
05903,2143,109065,10.6,22.2,30.3,31.3
05904,1441,107195,14.3,21.4,48.2,22.8
05905,3820,39908,12.2,20.5,25.1,34.0
05906,2983,42650,5.5,18.6,34.8,34.7
05907,4312,97112,13.7,7.1,47.1,32.2
05908,2515,61872,11.8,13.1,43.0,30.1
05909,1217,134439,4.5,19.1,49.9,30.5
05910,4363,138508,11.6,12.2,43.4,37.8
05911,3101,92855,6.5,19.4,20.9,37.6
05912,1838,121003,8.9,10.7,26.2,31.3
05913,1464,106951,6.6,15.9,47.9,24.3
05914,2808,140539,4.0,12.1,48.5,19.0
05915,4890,148484,12.2,23.4,36.5,31.3
05916,1024,139142,12.9,13.8,33.5,24.9
05917,251,118311,5.8,10.7,38.7,26.0
05918,685,80020,5.9,6.1,47.0,26.2
05919,1012,100792,8.2,7.9,34.0,25.0
05920,2421,65488,12.7,16.3,39.2,35.8
05921,595,102272,3.9,19.0,26.9,17.6
05922,3895,117460,12.7,24.1,36.5,27.4
05923,2248,125111,14.1,16.9,24.1,23.2
05924,656,69819,9.7,18.6,20.5,34.3
05925,1652,86481,3.7,17.4,37.3,20.8
05926,2220,88241,6.2,23.0,40.9,26.2
05927,3185,80347,4.3,11.0,27.0,34.5
05928,3604,146019,6.1,17.1,26.0,25.2
05929,256,96599,12.7,24.2,40.5,22.7
05930,834,133694,3.7,5.1,38.4,32.5
05931,4754,147099,6.4,10.4,44.6,26.7
05932,3376,86216,9.2,20.2,28.1,29.4
05933,254,94098,13.5,14.4,41.1,23.6
05934,1096,77350,6.0,8.4,25.7,30.8
05935,2394,90228,12.3,16.4,27.4,31.6
05936,4726,95040,10.0,15.3,35.2,26.0
05937,3005,131289,11.1,14.1,45.0,19.5
05938,4924,133388,13.3,11.8,28.8,22.0
05939,1277,122891,3.3,6.1,25.9,23.3
05940,253,37631,9.4,17.1,38.6,26.9
05941,4287,106861,12.0,15.3,30.3,38.3
05942,1816,48118,13.6,16.7,32.1,15.6
05943,3302,71774,4.6,5.0,37.7,20.0
05944,2957,85513,7.1,6.7,22.7,15.3
05945,886,122347,3.9,8.4,29.3,30.7
05946,4468,81141,13.0,14.0,37.5,20.9
05947,4372,142635,13.3,21.2,24.1,39.9
05948,3867,94659,8.8,9.9,36.3,19.9
05949,2978,36292,3.2,21.2,41.5,26.3
05950,742,86265,4.2,9.7,35.0,22.7
05951,4762,70689,10.5,20.0,35.1,21.6
05952,765,53883,14.8,22.5,24.6,38.9
05953,3526,46167,13.1,21.3,20.9,37.0
05954,3883,102416,12.6,19.8,22.2,15.2
05955,3801,128903,8.0,5.8,35.3,24.0
05956,1169,25071,14.8,11.6,33.5,31.4
05957,2449,57234,12.9,8.9,44.4,26.9
05958,4603,133653,7.0,14.5,31.3,39.6
05959,1312,149016,12.0,12.1,48.0,32.9
05960,1252,30516,8.2,17.4,30.1,30.2
05961,2611,103055,10.9,16.3,36.7,24.9
05962,243,70037,14.6,13.6,40.2,19.2
05963,2589,33234,6.0,20.3,43.1,32.8
05964,3328,29360,12.5,5.3,39.6,15.9
05965,4682,125135,10.1,22.3,23.8,38.2
05966,3305,106965,14.4,5.1,40.6,24.6
05967,4343,115094,4.6,14.0,20.0,28.8
05968,3242,118753,11.6,22.6,30.1,25.1
05969,3404,65160,3.4,13.4,34.4,24.1
05970,1457,145759,6.0,20.1,32.4,39.6
05971,2813,108595,6.9,13.1,27.9,29.1
05972,4285,130572,8.2,22.0,45.8,37.0
05973,1457,36544,14.6,25.0,49.8,19.9
05974,4394,31381,3.8,23.0,39.8,28.6
05975,4733,48128,5.0,6.1,23.7,27.1
05976,3292,132765,5.4,8.0,25.6,24.8
05977,400,119095,8.1,15.8,20.1,27.3
05978,823,31834,3.7,24.2,31.0,21.0
05979,3110,119075,14.6,13.1,44.6,34.8
05980,167,77175,9.7,10.5,27.1,30.2
05981,3936,109710,12.8,24.3,32.1,18.0
05982,4093,85514,12.3,19.2,48.5,27.1
05983,2606,54398,10.9,20.4,35.9,38.6
05984,1637,47727,13.9,7.2,48.2,38.5
05985,497,124316,13.8,10.3,21.5,39.7
05986,4815,105308,4.5,15.1,40.2,20.5
05987,3457,111509,13.8,19.7,23.9,35.1
05988,1263,77659,9.3,11.9,20.9,29.8
05989,4925,128106,6.2,9.1,27.9,34.3
05990,655,141759,10.3,13.7,20.6,31.2
05991,3761,32530,6.4,13.5,24.8,21.0
05992,1851,100733,8.7,22.5,26.0,17.3
05993,3041,125621,12.8,23.7,49.9,27.2
05994,2757,56509,3.4,8.4,21.8,24.7
05995,2895,54409,5.2,10.6,48.5,25.3
05996,2429,145035,14.5,20.7,31.5,29.5
05997,2059,109095,8.3,9.9,36.3,34.2
05998,1701,70598,6.6,10.3,21.0,33.2
05999,2893,123132,14.1,18.5,20.2,26.9
06000,1580,84130,13.9,15.2,27.3,28.3
06001,1202,69089,3.5,19.1,40.6,29.6
06002,3376,76524,7.3,6.5,40.8,33.9
06003,1399,80954,14.0,15.1,37.6,37.0
06004,3979,128529,5.2,18.5,33.9,28.2
06005,1635,116572,9.9,14.5,27.2,36.6
06006,177,63996,6.8,7.6,45.1,38.3
06007,2931,46505,11.8,7.7,37.2,20.0
06008,3510,55132,4.9,16.8,30.3,26.6
06009,2821,138090,10.2,7.9,24.4,23.3
06010,3727,57558,3.0,11.1,39.8,18.5
06011,1632,82202,6.0,13.8,25.9,21.6
06012,337,49116,4.9,16.9,35.7,25.3
06013,2096,132960,5.5,10.3,33.0,28.0
06014,3527,136837,13.3,13.1,26.0,27.8
06015,377,101769,14.0,12.4,43.4,23.2
06016,3189,112064,12.1,6.9,33.7,38.8
06017,623,34250,10.1,21.1,20.8,16.3
06018,4375,130116,5.8,19.8,35.1,34.1
06019,4318,50547,6.3,20.7,26.2,38.0
06020,3222,84734,6.7,7.9,49.8,34.3
06021,4675,136579,12.3,15.4,39.4,18.1
06022,1897,98360,6.0,11.6,22.9,36.7
06023,2231,30455,14.7,12.0,35.1,22.5
06024,915,73560,12.6,6.3,31.9,21.0
06025,2794,109424,15.0,23.9,37.8,38.5
06026,542,50474,8.5,23.8,39.8,27.5
06027,3240,67773,10.1,13.2,33.6,26.1
06028,242,26502,6.4,22.1,39.2,21.3
06029,4387,56117,10.2,11.6,28.6,28.1
06030,1510,32042,14.7,16.2,21.1,27.4
06031,4573,55501,3.4,19.9,21.7,23.8
06032,634,115454,6.5,15.5,45.6,23.4
06033,1816,45244,6.4,8.3,30.2,21.8
06034,3464,49242,14.8,12.6,48.3,33.2
06035,1132,134847,4.6,20.2,34.2,37.0
06036,3442,81671,12.7,20.6,45.3,30.0
06037,1510,109780,6.3,11.8,24.1,28.4
06038,4600,138860,13.3,15.8,45.7,33.6
06039,1272,124552,8.9,9.1,48.2,29.4
06040,988,81235,5.9,10.0,48.6,22.7
06041,3438,55766,11.5,7.9,29.0,25.9
06042,4617,83552,13.1,13.8,41.6,25.2
06043,1741,30010,8.6,19.4,21.9,25.4
06044,571,129609,11.6,22.6,28.7,30.1
06045,3040,47146,5.2,15.9,29.9,28.3
06046,646,144078,14.3,18.0,41.3,16.1
06047,4826,59907,4.2,10.3,29.6,17.3
06048,3697,149490,5.7,9.0,22.0,15.1
06049,2925,117091,6.5,12.9,34.0,37.4
06050,3823,90161,4.8,16.2,29.0,24.8
06051,463,147023,7.9,5.7,43.1,26.7
06052,2266,136873,8.5,6.8,35.4,15.5
06053,3409,134293,9.2,17.6,29.2,25.2
06054,645,82900,3.5,9.0,21.6,31.9
06055,3340,80270,5.6,14.1,26.5,21.4
06056,4829,143682,12.7,23.7,25.1,31.1
06057,2036,119516,12.7,22.3,30.5,17.0
06058,1062,38960,7.0,6.3,21.1,28.4
06059,3105,86030,8.5,6.2,21.3,39.4
06060,3906,124456,5.2,7.9,47.4,38.8
06061,982,61512,12.9,7.3,46.8,35.4
06062,3940,45005,14.5,10.1,41.3,26.8
06063,970,89056,6.5,12.4,41.6,15.5
06064,4711,38472,12.4,6.7,22.4,29.5
06065,3085,88663,7.2,14.2,24.4,17.3
06066,965,145578,3.0,15.6,28.4,20.3
06067,4409,83316,10.2,18.2,35.0,30.0
06068,3303,139068,7.9,13.1,45.4,24.7
06069,2997,94443,12.1,10.9,49.5,18.0
06070,2344,143416,12.0,17.9,43.4,20.2
06071,118,103761,14.4,23.2,24.6,23.0
06072,741,114667,8.3,12.9,47.0,36.6
06073,3183,36603,8.8,10.9,40.8,38.3
06074,429,142754,7.8,19.4,22.7,39.8
06075,965,67251,6.6,22.5,30.2,36.4
06076,873,119425,10.7,24.2,44.1,39.1
06077,4587,126164,12.9,9.4,46.2,28.0
06078,4832,25163,4.9,11.1,42.5,27.8
06079,2454,125018,14.8,23.1,34.4,24.8
06080,3438,93998,11.2,10.4,49.9,22.5
06081,3618,141128,12.4,11.9,20.1,31.4
06082,3042,35287,15.0,17.8,23.2,34.9
06083,2667,79465,9.0,16.4,33.8,39.3
06084,1774,83144,3.9,22.6,41.3,30.8
06085,2783,85109,12.5,17.2,20.8,34.5
06086,3480,31227,13.4,14.8,32.9,22.7
06087,839,109580,4.9,6.5,27.5,23.0
06088,1645,75842,3.3,24.5,36.8,15.8
06089,4664,56790,4.6,13.4,29.4,27.9
06090,2359,58001,6.9,16.5,39.6,31.1
06091,1235,59644,14.1,15.0,24.4,26.3
06092,973,66921,3.0,19.8,42.8,22.9
06093,4655,110290,12.6,17.9,36.4,34.9
06094,2400,72951,13.3,11.9,42.5,31.1
06095,851,121402,12.7,15.4,34.7,39.1
06096,953,96875,4.0,21.5,31.4,24.7
06097,3832,136497,11.2,17.7,27.1,38.0
06098,2383,112029,14.4,24.1,46.6,38.6
06099,1429,75197,4.4,20.1,33.1,34.7
06100,577,63859,3.4,14.7,34.3,30.3
06101,2826,56937,13.5,21.1,35.8,30.0
06102,3191,29481,10.7,13.8,35.6,39.2
06103,4330,104848,10.8,9.3,37.6,26.1
06104,4605,62227,14.6,17.6,24.0,27.0
06105,1369,131337,12.2,12.1,45.0,38.3
06106,4281,129721,7.8,5.5,30.3,37.8
06107,2703,42791,8.2,9.3,24.6,22.5
06108,1569,25207,4.7,8.3,25.1,34.3
06109,477,62138,6.6,20.9,30.8,28.4
06110,1780,114070,8.3,19.5,27.7,32.6
06111,341,34944,6.1,17.3,45.0,28.5
06112,1019,123205,14.0,23.7,46.4,24.4
06113,169,99223,3.1,8.6,41.4,19.7
06114,4024,42285,10.0,8.3,44.4,23.1
06115,2186,122818,12.3,23.2,20.4,17.1
06116,2107,69558,11.8,17.9,22.6,21.7
06117,900,51782,10.7,16.2,44.3,26.3
06118,2879,114003,7.9,19.8,34.1,27.4
06119,855,108669,14.0,10.6,48.2,36.1
06120,2095,82803,6.9,16.9,45.5,16.7
06121,1421,29489,12.0,13.5,30.1,16.4
06122,2430,34108,14.1,11.1,29.6,22.3
06123,209,89430,4.5,22.5,46.5,16.3
06124,1116,97118,14.4,8.2,33.0,15.5
06125,3965,106274,12.3,5.4,33.5,27.0
06126,124,33030,10.4,12.2,36.0,28.9
06127,2938,86603,7.5,9.0,43.0,21.2
06128,837,46118,13.9,21.2,30.9,38.6
06129,279,36593,3.5,7.5,32.5,32.6
06130,331,111585,8.2,23.7,33.5,16.9
06131,2017,92730,12.1,8.4,45.1,38.9
06132,442,146814,12.7,22.8,32.5,30.4
06133,4672,107879,5.4,8.4,45.0,18.7
06134,2723,54439,3.6,6.0,36.6,17.2
06135,554,133653,12.6,14.8,38.0,17.9
06136,4484,131889,8.1,12.1,39.2,27.8
06137,4725,69592,4.7,17.0,31.5,27.1
06138,2376,71261,4.0,17.8,38.2,36.8
06139,695,71652,10.7,23.7,25.3,18.9
06140,3974,29538,10.0,24.1,29.5,21.4
06141,4630,45442,13.2,14.9,45.6,34.5
06142,4597,29842,3.4,9.2,30.9,27.2
06143,2769,138393,13.4,9.9,31.7,30.6
06144,2235,141865,13.6,7.0,47.0,25.3
06145,4064,116978,8.4,10.6,30.2,25.4
06146,1665,75951,3.9,23.2,39.4,39.5
06147,408,65338,14.4,12.3,48.3,38.4
06148,442,66464,3.9,17.6,49.9,31.7
06149,535,107639,10.1,24.6,36.1,21.6
06150,276,141675,8.9,7.1,38.3,34.8
06151,238,30773,13.0,20.5,33.0,28.8
06152,293,121277,9.0,19.0,42.5,30.8
06153,3357,138680,8.6,21.4,41.6,30.3
06154,3335,83218,13.6,7.7,31.4,15.9
06155,1042,60646,14.6,15.0,21.7,19.2
06156,4720,132129,9.6,17.6,38.8,24.9
06157,3979,70337,8.5,20.2,21.0,16.6
06158,3213,40586,13.0,19.3,39.2,32.4
06159,3062,120651,13.0,16.4,44.4,20.6
06160,4936,142108,6.8,14.4,37.3,38.3
06161,1053,141012,9.9,23.8,30.0,37.2
06162,1402,107928,4.8,8.6,35.1,30.2
06163,3481,68293,10.6,9.1,30.8,20.7
06164,2980,149019,13.0,7.2,23.3,31.0
06165,2287,69180,5.3,7.3,29.5,18.8
06166,4987,140091,6.9,22.5,34.6,26.6
06167,645,113153,8.4,17.1,30.3,22.7
06168,2027,101918,13.1,23.7,20.7,23.2
06169,4252,83039,11.8,22.7,22.8,22.2
06170,104,148787,6.8,11.0,23.7,21.9
06171,3581,69807,5.9,17.8,32.4,27.4
06172,3353,139402,11.3,12.6,21.0,23.7
06173,1462,52740,8.8,22.5,34.4,21.3
06174,1920,31772,10.1,19.7,21.9,20.6
06175,2763,122257,10.8,7.5,47.3,34.6
06176,3038,64358,9.7,10.1,49.8,17.7
06177,1373,39647,10.4,18.2,31.4,24.5
06178,3426,149806,13.7,9.9,43.5,34.0
06179,3759,138981,13.4,15.7,46.9,19.6
06180,3045,41504,4.8,9.9,45.4,23.6
06181,3118,31460,10.0,18.7,36.7,15.5
06182,1231,31281,8.3,6.5,33.6,34.0
06183,4863,47246,6.4,19.4,29.7,34.6
06184,2736,142553,10.6,11.7,22.6,28.9
06185,3129,61499,9.1,14.1,49.1,31.0
06186,3119,71733,12.3,14.7,21.8,20.3
06187,4477,53491,4.1,8.9,25.6,31.7
06188,3259,110511,6.6,23.8,35.2,36.0
06189,353,69536,3.3,5.0,22.5,19.7
06190,428,144174,12.0,12.5,41.2,33.8
06191,2691,146860,13.9,7.6,20.4,31.5
06192,2930,72872,10.0,12.2,45.5,25.7
06193,3144,76566,10.4,7.1,47.6,15.0
06194,1520,50416,3.6,12.6,40.4,35.6
06195,3501,31635,9.0,8.9,39.0,23.6
06196,2992,44189,9.3,16.1,37.7,16.5
06197,754,87929,3.5,5.2,22.2,33.7
06198,859,36498,12.4,15.1,30.2,37.9
06199,1898,85777,6.3,10.7,39.0,24.1
06200,3071,113585,11.7,11.4,26.3,29.3
06201,4611,128665,7.8,12.1,20.1,25.5
06202,3526,75617,14.9,18.1,35.9,22.8
06203,354,84200,5.5,20.2,30.6,36.2
06204,3923,35427,3.7,11.6,27.0,17.0
06205,1976,74555,14.8,23.5,44.2,20.3
06206,2857,121057,5.9,19.9,41.1,19.3
06207,2724,31570,10.6,13.1,39.4,37.8
06208,4221,49988,7.5,7.0,49.1,35.0
06209,3104,83881,10.7,16.2,39.6,33.8
06210,4616,78401,10.2,17.3,41.9,39.5
06211,3834,64114,11.5,7.7,27.7,18.7
06212,1344,33408,3.2,22.0,42.9,26.3
06213,1108,146313,13.0,12.6,36.4,33.7
06214,4414,106210,8.7,8.0,37.0,32.3
06215,1610,139280,9.2,15.4,24.2,19.3
06216,2059,148904,7.9,13.4,42.1,33.6
06217,2608,109733,14.9,17.8,40.0,26.1
06218,4858,72606,12.6,8.5,24.5,35.8
06219,2782,70854,6.7,5.4,25.4,18.9
06220,1089,58573,12.4,14.5,45.9,31.5
06221,4384,143037,8.2,8.1,38.6,16.8
06222,354,147049,13.4,8.1,24.6,18.8
06223,4263,76968,3.4,18.6,26.5,27.9
06224,4811,52385,7.3,10.2,34.1,20.3
06225,4552,50847,8.2,21.8,47.0,28.4
06226,355,80383,11.9,15.3,35.1,32.7
06227,1107,148313,5.2,17.2,25.4,31.2
06228,1855,32420,6.4,11.4,45.4,34.7
06229,2671,148308,11.7,9.5,32.5,21.8
06230,4008,67147,3.9,8.2,40.8,38.7
06231,3097,38806,5.4,19.1,24.0,25.5
06232,2903,29257,12.0,18.8,43.0,17.4
06233,3865,117666,13.5,14.9,47.6,33.3
06234,4479,43696,11.7,20.6,44.7,31.4
06235,3483,59763,9.3,21.1,20.9,24.1
06236,198,117269,4.2,13.8,37.6,27.3
06237,296,137467,12.9,18.0,37.3,35.2
06238,2629,95531,4.5,23.2,44.5,33.4
06239,977,43126,7.6,6.6,49.8,17.9
06240,1968,116454,3.6,5.2,48.0,19.4
06241,2765,58923,11.5,14.5,23.1,25.7
06242,1488,142892,9.0,11.6,42.8,27.8
06243,2515,66353,13.9,6.7,47.8,38.7
06244,669,113683,4.7,8.0,32.2,17.6
06245,2737,138323,12.8,10.1,47.9,22.5
06246,1165,105423,9.1,7.0,47.1,26.6
06247,521,113867,7.4,11.4,39.2,39.9
06248,2983,32202,10.7,7.7,47.2,33.8
06249,1304,135138,12.5,17.5,42.2,36.8
06250,644,88168,8.3,18.9,38.8,23.8
06251,4266,128121,5.8,20.5,29.4,28.9
06252,3739,87835,14.0,22.4,36.8,37.7
06253,1323,108960,6.8,5.1,40.4,29.6
06254,3272,141766,15.0,8.5,35.6,34.6
06255,867,126168,12.2,21.3,35.0,30.3
06256,3757,129133,11.3,5.6,46.8,32.6
06257,754,129553,3.1,18.3,49.5,18.4
06258,2546,147130,8.4,8.6,41.5,30.9
06259,320,128519,9.0,15.1,30.3,26.0
06260,3766,73809,7.5,24.2,46.9,21.2
06261,4377,128416,4.8,18.0,44.7,17.8
06262,4502,38341,7.4,12.4,42.2,20.1
06263,2669,146625,3.9,18.8,31.7,33.9
06264,1113,90410,6.5,5.1,38.1,30.8
06265,2151,45640,4.0,24.0,31.6,24.8
06266,4085,50905,12.0,11.9,25.2,30.5
06267,4999,34838,11.1,24.6,43.3,35.1
06268,4410,49275,14.3,18.5,41.0,36.6
06269,3119,31339,7.6,10.7,29.1,23.5
06270,3781,84999,12.4,17.3,35.3,24.8
06271,1543,125689,10.1,12.6,37.9,24.7
06272,4296,38449,10.8,17.9,44.2,25.1
06273,3110,101565,9.6,20.8,20.8,19.3
06274,672,72550,12.3,14.4,46.2,39.7
06275,1432,46813,3.5,9.4,31.4,18.6
06276,4853,128602,4.0,24.6,35.7,18.4
06277,4102,103160,4.2,13.3,34.0,33.6
06278,3234,142993,6.5,8.5,43.7,19.3
06279,4186,143008,10.1,19.8,39.9,19.6
06280,325,47659,10.7,18.1,42.4,25.0
06281,4300,113312,11.6,21.3,49.1,38.5
06282,2097,37068,6.4,5.0,43.4,19.3
06283,871,126830,10.8,11.9,42.1,37.1
06284,4624,113562,4.4,11.3,24.1,37.6
06285,533,102886,3.1,23.5,30.6,15.3
06286,3199,144602,11.3,12.0,37.8,20.8
06287,2829,71471,11.6,15.5,28.9,25.8
06288,3507,51880,10.5,5.1,39.6,21.0
06289,3240,50847,6.1,21.2,27.9,18.1
06290,965,59055,14.1,7.3,29.5,26.6
06291,2893,39802,13.5,22.6,21.0,22.3
06292,3011,29944,9.2,19.7,26.9,17.3
06293,2515,25360,14.9,16.1,35.3,25.5
06294,350,88475,6.6,20.0,39.0,36.4
06295,3857,108894,8.9,20.9,33.2,28.7
06296,4756,28464,14.1,20.0,30.2,27.1
06297,1018,43610,8.5,18.2,36.9,31.3
06298,1273,55607,8.7,22.6,21.9,20.8
06299,3303,30044,4.0,13.5,28.2,21.5
06300,532,112545,5.5,16.3,31.6,22.6
06301,935,125154,4.9,24.4,34.4,28.7
06302,2346,63700,9.8,12.4,44.2,23.8
06303,2362,84890,6.8,20.0,42.6,32.7
06304,997,35916,3.9,12.8,34.2,21.8
06305,3732,118786,9.1,14.4,34.8,30.9
06306,4667,110825,11.0,11.7,41.1,15.6
06307,3915,94311,11.8,8.1,35.1,31.7
06308,346,70347,13.1,24.4,24.0,31.1
06309,2529,25817,8.8,13.9,33.8,35.7
06310,1090,27146,7.7,10.6,38.1,32.5
06311,3410,114694,11.2,17.9,37.6,16.1
06312,1026,115292,3.2,7.2,23.8,36.5
06313,3538,48480,10.6,15.9,49.1,19.6
06314,2707,57146,7.9,16.5,31.0,28.5
06315,1174,131137,8.4,8.9,49.6,21.9
06316,4122,144157,6.6,24.2,44.5,15.4
06317,3899,57611,4.5,16.9,27.2,18.1
06318,4884,112875,7.8,9.5,47.5,18.6
06319,3251,111639,6.7,21.7,26.9,28.8
06320,3538,49234,14.5,11.1,24.1,36.2
06321,4673,129318,14.3,19.6,32.7,39.3
06322,3591,29958,10.7,17.6,24.2,37.4
06323,806,80417,13.8,8.2,21.4,26.1
06324,3164,41825,12.0,6.9,29.7,39.3
06325,853,82036,7.2,17.2,28.9,16.3
06326,687,133788,10.2,18.4,47.7,35.6
06327,1434,84006,5.6,7.6,32.7,22.5
06328,1947,147346,11.2,8.5,49.7,37.9
06329,4034,83214,3.5,6.0,23.7,32.8
06330,4026,52450,13.0,7.7,35.9,33.6
06331,3417,89557,10.0,16.8,41.6,23.8
06332,4120,101227,3.7,9.0,29.3,16.9
06333,3255,105167,13.5,10.8,24.4,22.6
06334,4402,88211,13.5,16.1,38.4,28.7
06335,2298,44596,13.2,13.3,37.5,37.9
06336,264,84000,12.3,21.9,30.1,36.5
06337,2098,92432,11.1,16.4,27.8,26.0
06338,3157,58857,7.8,7.6,45.5,16.5
06339,2184,148362,4.6,12.7,48.6,34.5
06340,4528,25308,6.5,10.2,41.0,38.5
06341,502,137075,7.2,10.2,35.0,31.6
06342,513,50168,7.3,10.1,22.7,17.0
06343,144,53419,9.8,13.4,23.2,15.5
06344,4257,140706,5.5,7.6,33.8,38.6
06345,2567,123173,5.3,10.0,47.0,37.7
06346,967,95029,11.6,19.0,43.1,17.1
06347,118,37756,3.1,21.5,40.8,26.6
06348,464,54288,4.8,5.3,27.8,18.4
06349,3932,37384,8.2,6.7,24.1,26.0
06350,679,142949,4.8,22.1,46.9,22.4
06351,645,64852,14.5,9.3,25.6,34.1
06352,4250,40195,11.0,11.2,27.0,39.1
06353,4973,111210,8.2,11.7,42.9,18.1
06354,3139,146789,4.3,22.3,43.4,26.4
06355,4237,59125,7.6,8.3,40.6,35.7
06356,4144,25082,10.8,21.3,24.3,36.1
06357,4426,98978,14.6,14.4,25.6,23.8
06358,552,99821,8.7,20.7,45.1,28.7
06359,4061,128715,11.3,18.8,29.6,32.8
06360,1481,76539,5.3,19.6,36.6,39.4
06361,1567,108328,10.5,7.3,44.2,34.1
06362,2838,72803,5.9,11.2,28.4,33.4
06363,1316,83825,5.4,9.5,25.3,37.2
06364,980,106036,9.1,7.5,30.6,36.8
06365,3914,85555,5.5,17.8,35.7,21.6
06366,3249,99826,11.7,18.9,33.2,35.9
06367,184,61496,14.2,7.8,28.3,19.6
06368,4244,30294,7.7,20.4,32.0,19.4
06369,1268,69852,6.9,10.7,42.5,17.4
06370,4264,148612,5.1,12.5,36.7,30.9
06371,3229,90858,7.7,24.9,29.4,23.3
06372,3745,40836,9.7,8.8,35.2,20.1
06373,2626,125361,7.5,7.4,43.0,22.6
06374,2967,60828,10.5,10.4,28.8,30.5
06375,3616,73978,10.9,23.6,25.6,39.2
06376,3467,110620,4.2,7.4,36.5,18.3
06377,2294,63403,11.4,17.3,34.4,21.3
06378,3655,93920,13.8,20.9,37.7,32.4
06379,545,34453,3.3,23.4,23.3,19.8
06380,3726,50381,9.6,14.6,26.6,37.8
06381,4116,89542,10.2,14.2,21.9,29.2
06382,3975,83877,11.5,21.6,45.1,29.9
06383,3437,133537,7.6,8.9,31.9,38.8
06384,361,78377,12.8,14.2,46.8,32.9
06385,1948,126760,9.5,17.8,48.4,25.3
06386,4125,28664,7.9,19.0,21.8,31.5
06387,2366,60864,11.6,7.2,33.1,17.7
06388,191,114348,14.1,22.3,33.1,31.3
06389,4322,38871,12.7,21.4,39.4,32.7
06390,4275,98101,14.2,11.3,22.1,19.3
06391,3409,95195,6.2,14.5,48.0,33.4
06392,1082,50929,4.4,12.7,43.6,17.1
06393,3543,139836,9.4,24.6,20.7,20.0
06394,2633,120640,3.5,16.7,25.6,26.8
06395,793,30730,11.1,10.4,44.7,32.8
06396,4220,121834,5.9,19.9,26.7,30.3
06397,255,114083,8.5,21.4,31.0,19.5
06398,3688,139385,10.9,19.5,39.6,16.1
06399,1912,51359,8.8,6.7,22.1,25.5
06400,4214,80414,5.8,10.8,40.2,31.6
06401,1507,145241,13.6,12.2,28.1,23.6
06402,1316,101003,12.2,9.3,25.1,23.5
06403,1510,107534,10.2,14.6,23.0,30.2
06404,3597,116936,11.4,11.4,24.7,27.4
06405,4472,131735,8.0,5.7,36.6,37.4
06406,4940,140600,7.5,18.0,48.1,25.4
06407,651,126317,4.9,13.7,40.4,19.3
06408,3494,95945,12.6,5.6,33.5,19.2
06409,1276,120385,7.6,23.7,49.1,15.2
06410,4834,102481,11.3,18.0,27.2,20.8
06411,4432,107078,6.6,6.5,44.8,30.6
06412,1097,106520,12.6,22.8,24.9,20.8
06413,4176,54234,4.3,13.4,26.7,26.5
06414,2831,25547,10.5,9.8,34.5,16.1
06415,4037,79284,12.7,5.9,23.1,23.7
06416,4152,93436,10.9,19.9,28.7,30.6
06417,472,130978,11.4,24.4,40.1,36.3
06418,2348,76417,9.3,8.7,33.9,19.7
06419,948,33946,9.7,13.3,36.9,19.8
06420,2656,107654,3.8,9.8,21.5,27.7
06421,2422,77943,6.0,16.4,27.5,33.9
06422,603,122246,11.7,22.4,43.0,26.3
06423,3289,36020,14.3,7.6,37.2,16.3
06424,802,29317,9.5,11.0,20.0,29.3
06425,3725,125228,11.7,8.3,38.1,34.4
06426,414,25523,11.2,9.6,24.0,19.0
06427,2476,116622,15.0,7.6,24.0,39.5
06428,1140,101474,12.5,17.7,47.9,22.7
06429,4478,80076,10.5,5.9,49.0,33.6
06430,3090,105195,4.4,19.6,35.8,16.6
06431,357,33809,7.4,7.8,37.7,30.9
06432,674,40535,6.0,10.3,32.2,30.7
06433,4769,106834,13.2,11.9,46.5,32.1
06434,1652,75012,8.4,12.6,35.7,25.3
06435,4618,145872,9.4,8.5,47.8,37.9
06436,857,73951,14.6,14.8,26.7,26.3
06437,2910,114412,13.0,22.9,22.8,34.2
06438,1204,47264,12.5,14.2,49.6,31.5
06439,4624,104114,4.7,5.6,34.8,29.6
06440,3559,114821,3.3,12.3,38.4,30.5
06441,4092,86832,4.5,13.1,30.3,36.3
06442,303,136728,11.9,10.7,24.0,38.3
06443,2875,140995,7.9,10.9,45.2,35.3
06444,2432,104637,4.4,9.0,24.3,30.6
06445,2092,113266,11.9,24.1,35.1,23.6
06446,2343,52476,5.3,15.6,44.9,25.2
06447,406,76973,10.1,15.7,39.8,21.0
06448,1787,78017,11.9,13.5,40.2,22.5
06449,4209,40503,10.3,17.3,26.9,38.8
06450,1960,36506,14.9,13.5,35.8,24.0
06451,2061,146613,8.2,18.8,21.2,29.8
06452,822,65994,6.7,6.8,21.8,15.5
06453,879,41169,5.4,5.6,41.7,25.7
06454,628,43484,9.0,16.2,43.6,36.1
06455,4993,105374,13.2,19.7,24.2,38.1
06456,443,83723,14.4,18.4,48.5,28.9
06457,3886,119357,14.7,13.0,23.9,27.4
06458,3782,74588,9.4,5.1,32.6,15.8
06459,308,103273,10.3,7.4,25.9,26.2
06460,4836,125876,10.0,12.8,23.0,25.8
06461,3506,144050,8.6,18.3,49.0,30.8
06462,1411,102707,4.8,11.2,33.2,30.0
06463,2399,38920,3.8,15.6,29.9,35.8
06464,3436,121341,8.2,8.5,29.8,15.2
06465,2047,139996,5.2,8.4,26.3,25.1
06466,1019,135856,13.6,19.9,49.1,21.8
06467,2144,41875,12.1,13.8,34.7,35.5
06468,518,120814,10.4,24.0,35.9,38.7
06469,1849,87480,3.6,9.2,41.3,28.3
06470,2942,128612,10.5,14.0,32.2,34.0
06471,1199,107441,10.5,8.8,28.4,37.7
06472,3492,87629,8.3,10.1,28.8,26.7
06473,2872,92450,10.9,17.8,30.4,28.0
06474,2580,104398,13.3,23.2,37.3,33.2
06475,1645,27925,12.1,7.6,44.9,40.0
06476,1170,149248,8.7,7.6,27.3,33.2
06477,1950,93826,6.1,24.0,37.5,28.3
06478,4298,68101,8.7,19.7,42.5,18.8
06479,3039,44613,14.4,11.3,49.8,32.1
06480,2003,121106,12.8,13.1,47.2,31.3
06481,778,86473,3.3,20.8,39.4,28.1
06482,1088,134344,12.4,19.0,48.4,24.8
06483,2575,88903,5.0,17.2,48.2,21.3
06484,1707,44961,9.9,22.3,21.3,36.3
06485,2969,128913,12.7,11.2,39.5,28.5
06486,1602,93107,9.7,9.2,39.5,33.5
06487,1889,41616,7.8,13.2,40.3,29.1
06488,1525,133118,6.9,5.1,48.2,39.4
06489,2540,109572,6.7,15.1,28.6,30.5
06490,2142,145938,13.0,12.3,27.1,15.7
06491,1378,58984,12.9,7.6,34.4,25.9
06492,2694,28539,12.9,22.5,29.1,33.9
06493,4789,58289,6.4,8.9,29.6,36.4
06494,2536,87076,12.6,19.1,27.4,34.7
06495,3903,101562,3.4,19.1,40.1,30.9
06496,2305,109986,5.5,5.9,42.0,20.3
06497,1127,122558,9.2,13.6,23.0,17.4
06498,3639,36391,7.9,14.5,44.0,23.5
06499,3583,107260,4.3,21.4,28.0,29.1
06500,2341,134240,3.5,17.5,24.0,30.5
06501,2865,69906,10.3,6.3,33.7,24.3
06502,1273,102666,6.8,14.0,38.4,28.6
06503,3330,33250,3.2,11.0,41.6,17.7
06504,3450,74135,8.2,8.4,38.0,36.3
06505,503,126557,6.7,10.5,48.1,30.0
06506,2825,46065,9.9,21.8,20.6,17.6
06507,3482,79785,14.2,17.4,47.3,18.0
06508,4263,139930,6.7,13.7,42.0,35.3
06509,187,123531,15.0,19.4,48.1,20.8
06510,1258,31703,4.0,24.4,27.5,21.8
06511,4373,136109,4.1,23.5,25.7,19.8
06512,2957,76754,11.6,6.9,49.9,20.5
06513,1481,120376,12.0,11.6,33.4,18.4
06514,4781,98854,8.1,11.3,28.2,25.0
06515,2164,94966,6.4,16.1,43.8,16.9
06516,2474,62621,12.5,6.8,36.1,36.8
06517,417,139595,14.5,23.4,38.6,30.1
06518,1602,100159,14.9,20.7,21.6,23.0
06519,2142,59936,10.6,7.5,40.0,23.2
06520,4698,55439,11.9,10.1,40.7,28.5
06521,2122,119071,12.9,7.9,24.1,17.6
06522,218,126052,12.6,14.6,42.3,39.6
06523,809,75460,14.9,22.8,22.1,33.0
06524,3657,84469,12.7,17.9,22.8,20.4
06525,4240,92129,11.0,17.1,38.8,35.9
06526,4509,138089,7.5,6.5,48.4,29.7
06527,3350,119191,10.2,23.1,33.3,34.7
06528,517,141181,13.6,10.6,24.8,36.5
06529,2703,117142,6.7,23.0,42.4,31.1
06530,3954,134748,3.4,14.1,37.7,31.8
06531,1201,40941,6.9,15.6,49.2,35.6
06532,4521,103088,14.5,17.1,24.2,29.1
06533,3528,49267,12.5,10.8,43.0,26.6
06534,2361,95313,5.2,21.7,27.8,32.9
06535,4269,80590,3.1,24.2,47.4,24.8
06536,3734,64876,11.0,10.7,43.7,26.8
06537,608,98974,9.9,5.0,33.7,24.0
06538,2479,119631,4.0,15.5,21.3,36.6
06539,3264,140770,14.6,16.9,40.5,25.9
06540,787,55507,10.4,6.3,33.9,35.0
06541,4852,103656,10.8,18.5,43.9,34.4
06542,1392,51057,13.2,10.8,42.2,15.4
06543,4005,123314,7.0,24.2,42.4,37.2
06544,3175,121602,9.7,20.6,25.1,28.8
06545,3309,108926,9.9,6.5,33.1,28.9
06546,424,87468,14.6,24.1,34.1,23.5
06547,2093,88180,4.6,9.5,43.5,35.8
06548,4076,94065,12.1,21.0,32.2,18.2
06549,4912,141980,9.9,17.9,46.0,26.9
06550,2870,39584,13.1,15.7,28.3,21.2
06551,4472,140632,13.0,23.7,49.6,34.1
06552,2683,82778,3.1,17.1,22.7,19.8
06553,3657,47632,6.1,22.2,34.9,18.4
06554,3687,43673,5.2,21.6,37.7,19.9
06555,251,28343,8.5,18.4,33.3,37.0
06556,1054,43950,13.9,14.8,36.5,25.2
06557,4454,125063,3.1,7.0,43.4,15.6
06558,2471,105600,8.9,8.1,25.1,34.0
06559,1291,46547,13.6,15.7,48.4,31.7
06560,787,122305,14.1,11.6,31.8,26.8
06561,409,78027,10.9,9.2,38.7,39.9
06562,1602,125532,13.0,24.3,33.2,23.4
06563,3227,89091,6.9,22.2,38.0,27.4
06564,4668,72531,6.4,13.6,41.7,23.4
06565,3467,66227,3.6,22.4,35.2,28.2
06566,3495,72683,9.0,6.2,23.3,38.9
06567,913,81171,8.5,7.0,30.0,15.7
06568,945,35390,7.5,24.0,44.1,33.2
06569,1264,36879,4.4,18.8,37.1,28.6
06570,4862,39935,5.8,20.3,42.8,21.7
06571,1867,78629,5.4,21.7,46.6,23.1
06572,454,145605,14.3,6.1,33.2,19.5
06573,1972,57574,14.6,19.4,30.6,28.3
06574,2124,74666,3.0,12.1,23.3,15.4
06575,2917,108663,5.0,21.4,28.1,34.8
06576,3932,99657,13.7,12.8,32.6,32.2
06577,4375,53507,3.5,20.4,24.0,24.5
06578,165,147544,14.3,23.0,23.4,20.8
06579,4366,73555,7.6,11.8,33.4,27.4
06580,4190,124752,9.5,14.4,31.2,23.4
06581,2621,143575,12.2,15.7,45.4,34.6
06582,2681,41582,5.9,18.8,20.8,24.0
06583,1490,51631,4.2,21.9,42.9,33.1
06584,1230,43164,12.7,9.2,26.3,30.6
06585,2586,111820,14.8,23.9,46.4,29.0
06586,934,55646,10.9,20.7,28.5,37.0
06587,326,45806,12.9,7.8,36.5,31.0
06588,3615,84057,14.3,11.7,27.6,38.5
06589,4637,112633,5.7,10.0,32.4,26.8
06590,2543,79895,7.2,8.2,27.1,24.4
06591,827,72974,5.6,17.9,31.2,30.6
06592,3786,36284,3.7,6.3,45.9,25.9
06593,3722,38857,11.8,17.0,40.8,26.7
06594,1136,110424,4.7,21.6,30.0,23.7
06595,1932,65440,4.1,12.2,45.6,32.9
06596,2840,71106,7.3,14.8,21.5,30.7
06597,592,43951,3.7,7.9,41.2,28.8
06598,1648,132425,5.2,19.4,38.8,26.2
06599,1243,46009,3.8,23.2,31.2,31.2
06600,4057,114010,13.5,19.7,32.4,37.5
06601,3507,39835,12.4,7.5,31.4,33.9
06602,739,95888,13.3,11.9,39.2,21.7
06603,272,141107,13.4,8.5,27.1,31.6
06604,4454,117117,14.3,16.8,49.8,16.4
06605,4059,67290,5.2,19.5,20.1,37.0
06606,616,43941,13.8,24.5,34.0,28.5
06607,622,131174,9.3,15.1,26.9,32.1
06608,2017,123727,5.0,17.7,30.6,27.4
06609,2986,57917,10.9,7.1,45.9,29.3
06610,2264,53039,6.9,8.1,30.7,33.2
06611,2029,51089,3.6,9.6,26.4,36.9
06612,4045,85059,3.9,6.1,31.0,19.5
06613,2309,120278,8.1,13.2,29.6,22.5
06614,3883,137951,12.9,24.0,35.2,38.2
06615,2690,82247,6.7,18.1,47.0,15.8
06616,4176,139826,12.2,13.7,40.9,21.8
06617,1193,64833,3.7,14.9,45.5,27.7
06618,3980,102453,7.7,7.9,29.0,35.9
06619,2594,43254,4.5,6.9,20.9,25.3
06620,2679,108981,13.4,10.2,30.9,20.6
06621,2588,117107,14.6,11.1,41.2,22.6
06622,2885,57611,6.9,7.5,28.3,21.6
06623,2858,134314,14.9,18.8,28.3,18.9
06624,1674,71827,12.0,23.5,22.8,25.3
06625,2473,82272,3.0,8.5,26.2,26.9
06626,4090,84257,8.8,21.8,42.0,30.9
06627,4945,38830,13.0,11.0,35.2,29.9
06628,1193,137166,9.4,17.1,22.0,24.6
06629,1289,131485,9.6,6.8,49.9,19.9
06630,2789,127584,8.4,9.8,37.0,33.8
06631,4195,137749,7.7,8.2,24.7,30.2
06632,1975,30696,3.3,8.2,21.5,24.4
06633,3506,91278,10.5,23.7,36.7,20.5
06634,1887,146112,12.2,12.3,27.6,32.3
06635,4032,56262,12.5,8.9,27.5,31.9
06636,1707,61949,10.5,8.4,34.9,26.1
06637,3848,37425,7.1,18.5,33.9,23.2
06638,148,69497,3.3,19.4,30.8,38.2
06639,3961,82420,13.7,24.6,44.3,32.9
06640,2280,125295,8.1,17.5,32.0,19.6
06641,3146,46640,10.2,14.2,33.5,22.2
06642,2933,127009,5.3,9.5,38.8,37.3
06643,1497,136367,4.7,5.8,41.4,21.1
06644,3926,124320,4.0,22.6,31.2,20.8
06645,4674,98824,12.6,20.8,35.6,16.4
06646,931,107914,10.8,20.9,35.1,25.4
06647,2797,149434,10.5,11.4,46.4,25.2
06648,4877,81093,14.0,12.2,32.5,32.7
06649,2835,148912,4.9,20.7,33.8,38.4
06650,181,131578,5.0,18.8,37.3,38.2
06651,186,72150,5.3,18.0,40.0,23.2
06652,2163,51111,8.1,16.1,20.0,23.9
06653,921,62293,13.5,12.4,39.6,38.4
06654,262,128513,13.6,19.8,24.6,16.9
06655,3839,74664,10.1,12.2,49.3,24.3
06656,2497,43306,10.9,19.7,30.7,31.0
06657,2032,125001,13.8,8.8,34.5,15.8
06658,2828,120896,10.5,16.8,22.0,23.6
06659,3635,102213,5.8,12.1,46.2,28.0
06660,3546,117672,11.5,21.6,27.4,37.3
06661,2890,43298,12.2,15.4,29.2,21.0
06662,2807,29753,10.6,17.5,38.6,34.3
06663,4033,97352,6.3,6.7,20.2,26.3
06664,3485,102704,7.8,14.9,49.7,27.4
06665,1022,99374,8.6,20.6,35.2,15.2
06666,2275,58565,4.7,22.2,45.0,22.7
06667,1682,49652,8.4,19.4,47.2,37.2
06668,664,113144,4.9,13.4,20.0,27.1
06669,3358,106676,9.0,10.1,32.8,30.6
06670,2697,104628,3.6,12.8,46.7,19.6
06671,2600,113617,14.4,16.2,40.8,39.5
06672,4666,35875,6.0,5.1,42.2,24.8
06673,1087,115853,8.6,23.2,36.5,24.3
06674,3736,73996,3.4,11.9,49.3,36.7
06675,323,58993,5.3,20.9,23.1,19.7
06676,450,122101,11.3,15.7,46.1,33.8
06677,2028,30566,4.3,18.2,40.3,23.7
06678,448,135698,10.5,20.2,36.4,30.9
06679,4377,148844,3.0,10.8,40.1,37.3
06680,4832,104139,8.6,17.1,43.5,34.2
06681,1117,63690,11.7,20.0,25.6,31.6
06682,2326,70741,14.1,20.4,26.6,28.5
06683,4967,128340,8.9,13.3,27.3,15.9
06684,4224,82655,13.1,19.6,30.4,29.7
06685,2519,27646,12.6,11.0,37.0,26.3
06686,1993,147372,6.5,7.5,47.3,23.3
06687,3140,109651,13.5,7.3,27.6,26.4
06688,2168,66592,10.7,15.1,36.6,19.2
06689,1225,54339,4.3,12.7,49.3,19.8
06690,3217,127998,14.3,9.6,40.3,39.8
06691,4261,128849,5.1,12.8,32.9,35.4
06692,4142,61449,8.6,13.2,22.2,34.2
06693,4533,123718,8.6,16.1,29.7,34.8
06694,2270,134702,10.5,6.2,29.6,30.9
06695,546,116654,11.0,23.2,40.2,39.9
06696,2758,115883,5.8,12.4,25.1,26.0
06697,3462,78631,7.2,17.3,34.8,37.8
06698,2818,64967,4.7,11.1,32.0,24.1
06699,3583,68547,4.5,20.2,24.2,28.2
06700,3044,90463,12.9,14.2,46.7,33.7
06701,4476,71851,12.0,11.4,38.6,26.3
06702,695,50062,8.3,24.3,40.2,25.2
06703,2086,84123,4.2,22.3,31.9,32.5
06704,2850,98068,8.4,8.6,45.1,15.7
06705,1174,113327,6.5,19.0,47.8,23.9
06706,4069,114229,12.3,20.1,20.7,28.2
06707,4405,33221,4.2,5.7,33.5,20.2
06708,4321,40234,8.4,24.2,40.1,35.7
06709,4687,33321,10.1,9.7,45.1,15.5
06710,3680,32945,14.8,23.2,43.6,19.7
06711,3107,30189,4.1,18.1,49.4,24.3
06712,1069,127518,4.4,15.2,42.7,30.1
06713,680,27374,14.9,20.7,23.8,22.9
06714,2924,94519,7.9,18.5,24.8,39.8
06715,4101,36333,11.9,19.8,48.6,18.7
06716,1311,90743,12.4,22.2,20.7,29.3
06717,329,135711,6.8,14.4,31.3,22.0
06718,4384,65907,5.6,13.5,32.9,22.5
06719,3285,34173,6.3,23.0,27.8,15.4
06720,601,29302,12.2,21.0,41.9,22.5
06721,2232,135997,13.1,5.4,45.0,35.6
06722,148,64679,11.4,18.1,48.7,21.7
06723,3666,80842,8.3,23.1,49.0,29.4
06724,3155,51747,6.2,18.7,31.8,34.2
06725,788,25111,8.1,16.1,48.4,34.7
06726,486,146841,14.0,8.5,34.6,38.8
06727,1069,106102,13.4,24.0,45.0,31.0
06728,3560,122238,6.9,17.5,43.6,39.1
06729,1105,128013,6.9,7.0,26.7,18.7
06730,3152,46424,12.4,23.6,37.1,18.9
06731,3517,108329,8.1,15.3,49.1,27.9
06732,2402,33897,9.9,8.1,35.8,35.5
06733,2383,63640,8.1,9.5,35.7,36.4
06734,1707,39482,5.9,24.4,38.8,26.2
06735,4466,115052,5.3,13.7,47.9,39.2
06736,222,145963,4.7,13.4,31.6,38.3
06737,1380,52355,3.1,14.7,21.1,24.5
06738,3827,81145,6.4,19.0,25.4,27.7
06739,358,45583,5.1,12.3,48.8,26.8
06740,1047,142288,6.1,13.4,27.8,39.2
06741,624,134111,3.9,19.9,42.3,35.1
06742,987,106718,7.1,14.2,31.5,28.0
06743,307,29857,9.2,19.3,21.1,15.7
06744,3482,122521,14.3,24.2,29.9,15.9
06745,2894,36166,7.2,24.3,32.4,21.0
06746,248,147494,3.4,13.9,27.0,32.8
06747,537,146493,7.3,9.7,49.1,22.3
06748,2302,32498,12.8,10.0,49.7,15.9
06749,3849,62807,7.1,21.4,28.3,32.2
06750,3261,50423,6.5,6.6,48.8,29.2
06751,4001,77095,14.0,5.8,47.6,37.5
06752,4553,131371,6.6,18.6,48.5,37.7
06753,3345,69180,14.6,23.2,42.1,39.9
06754,4651,66128,13.0,9.6,34.7,22.5
06755,2923,113620,11.2,6.1,32.3,22.4
06756,4824,124288,10.2,22.9,20.9,39.5
06757,3370,124411,5.7,12.1,26.4,39.3
06758,585,84911,11.8,16.0,42.2,20.0
06759,299,82450,7.2,21.7,23.4,26.6
06760,4566,70940,8.8,10.0,20.4,28.9
06761,2082,81584,4.2,17.0,43.7,37.9
06762,1571,85049,6.6,24.8,31.8,18.1
06763,4443,35270,9.3,19.8,31.9,21.9
06764,4983,85962,8.6,12.9,28.2,21.7
06765,2411,29342,7.1,20.4,45.2,38.2
06766,3473,68933,8.7,5.4,44.5,19.0
06767,2178,92089,11.9,9.3,35.2,28.9
06768,1621,92538,8.5,19.9,37.6,30.7
06769,704,49488,9.1,10.2,27.4,25.7
06770,3948,121279,11.4,7.5,24.3,15.4
06771,3442,140185,13.1,10.9,30.0,17.4
06772,1517,79101,9.3,8.4,43.3,23.7
06773,4697,70359,14.4,13.4,46.8,36.0
06774,3975,26421,7.2,7.5,32.5,21.6
06775,3033,94010,6.0,21.8,46.9,21.2
06776,648,86755,11.3,20.6,28.8,39.8
06777,938,145668,5.1,11.1,31.4,36.0
06778,3915,78525,13.8,15.4,29.5,20.4
06779,947,50117,7.6,22.1,27.3,19.5
06780,4809,81462,11.4,23.6,32.0,31.8
06781,4607,99516,9.8,6.8,30.1,28.5
06782,4873,139073,3.7,19.4,26.5,17.5
06783,4354,148235,11.5,7.7,35.9,18.1
06784,4568,145331,12.5,5.4,39.6,28.5
06785,2372,69934,14.8,6.6,42.1,28.5
06786,3420,99954,8.0,16.5,43.7,33.5
06787,2658,82593,9.0,12.5,35.2,21.8
06788,4798,37390,13.5,7.4,30.9,25.3
06789,4411,47562,6.2,14.5,27.9,39.5
06790,2096,118507,5.3,15.2,32.6,38.1
06791,3773,119081,4.6,20.7,29.1,30.5
06792,1664,58299,14.7,18.3,36.5,33.8
06793,4118,82902,6.2,14.3,20.4,37.3
06794,1940,124923,12.1,11.5,34.2,29.2
06795,3391,42675,8.4,5.0,42.2,39.3
06796,2987,110044,5.9,21.6,28.4,21.7
06797,826,144568,14.0,10.3,46.1,19.3
06798,1344,61881,8.6,9.3,25.4,28.2
06799,3560,34319,9.8,19.7,43.7,25.6
06800,3818,70207,5.7,6.4,42.2,26.9
06801,1165,28911,6.9,10.3,31.8,17.4
06802,4871,120908,12.0,13.7,20.1,39.3
06803,382,64927,7.1,13.8,22.9,29.0
06804,1181,136464,9.1,8.2,36.5,36.3
06805,3985,104261,4.4,5.8,47.9,32.1
06806,2981,124411,13.2,14.4,33.3,19.5
06807,2684,63195,11.9,12.1,42.9,25.4
06808,3070,79422,12.1,10.7,24.7,16.0
06809,1252,136140,5.1,10.4,44.0,27.4
06810,3597,72561,8.9,15.1,27.9,19.4
06811,1047,129800,3.3,5.4,23.7,15.3
06812,4860,26687,6.8,7.1,34.1,33.1
06813,1817,63755,7.2,11.5,35.1,36.9
06814,166,45855,14.0,14.6,37.7,30.8
06815,736,53879,14.9,18.9,34.1,19.2
06816,413,47065,10.4,10.9,32.7,23.9
06817,3497,41091,9.2,18.3,39.1,18.8
06818,664,37747,8.3,12.7,41.8,22.4
06819,1701,61243,3.2,20.5,32.3,27.1
06820,925,73686,12.6,14.6,44.7,23.8
06821,3770,109497,11.1,15.8,30.9,34.1
06822,1125,76684,10.8,13.7,46.9,25.6
06823,2351,45601,12.7,7.7,25.7,18.0
06824,4857,146625,14.1,8.4,37.5,29.4
06825,904,59797,7.7,13.0,47.6,26.8
06826,2551,132639,8.1,7.0,26.5,21.2
06827,4731,119458,14.7,7.8,49.6,30.1
06828,1491,145646,11.0,17.5,44.2,22.0
06829,1335,128722,13.2,17.7,32.1,31.0
06830,4132,31190,5.7,7.5,34.7,21.0
06831,3380,49148,6.8,22.1,22.7,15.3
06832,4823,138962,7.7,22.1,33.4,35.5
06833,4944,102471,6.8,12.6,49.7,29.1
06834,3649,69550,13.6,15.0,49.8,29.3
06835,4300,105116,9.1,21.0,24.9,15.1
06836,4241,69758,14.4,20.3,20.4,18.9
06837,1454,133243,6.9,12.3,24.3,25.3
06838,1936,95355,3.4,11.3,36.9,39.1
06839,2992,30919,4.7,18.3,47.3,33.1
06840,2596,49793,5.6,12.3,20.7,18.5
06841,2683,121227,10.7,18.8,30.3,26.3
06842,2658,93346,5.2,7.6,49.8,28.5
06843,3718,61183,7.6,18.4,36.3,25.0
06844,1659,112872,12.5,20.7,35.0,19.2
06845,1607,79585,4.5,23.1,22.1,31.3
06846,4171,26716,4.0,14.1,31.0,27.2
06847,2163,114817,9.5,16.2,33.5,38.6
06848,3742,25289,11.4,10.8,35.1,32.6
06849,2100,29697,13.9,8.0,46.9,18.3
06850,1394,73099,10.9,8.5,47.2,22.0
06851,4165,117855,14.4,21.9,32.7,26.4
06852,2852,88041,5.9,15.8,20.8,29.0
06853,1853,139079,7.1,12.5,46.0,29.2
06854,4310,91145,13.1,22.3,37.0,26.3
06855,1703,27353,12.7,7.3,25.2,36.9
06856,1422,147333,11.0,16.9,38.4,24.8
06857,2541,41919,9.1,20.8,37.3,34.3
06858,1198,110211,3.2,7.5,30.8,23.7
06859,1605,45141,6.4,7.4,21.8,22.2
06860,1226,99484,4.9,5.7,20.8,23.6
06861,396,139289,3.6,23.8,40.7,31.9
06862,3149,97693,12.3,18.8,22.9,24.5
06863,2325,28849,4.6,6.4,47.4,19.9
06864,4454,65837,7.3,18.4,24.4,29.3
06865,3887,131849,14.7,11.1,36.5,18.8
06866,2196,111750,7.9,7.2,43.2,29.6
06867,3709,69851,4.7,24.8,45.7,29.0
06868,2308,62098,11.3,8.6,46.6,39.4
06869,275,148185,12.7,21.0,36.7,19.5
06870,2602,128533,6.3,22.6,27.2,39.9
06871,4099,56033,12.7,15.6,26.1,18.7
06872,1767,60763,6.3,24.5,33.4,36.2
06873,4471,103860,11.3,7.4,38.9,36.2
06874,2645,36900,4.5,24.2,45.8,20.9
06875,775,48354,8.1,6.4,35.1,16.9
06876,1923,27214,9.2,14.5,41.0,20.2
06877,1456,37340,11.7,22.1,40.7,24.1
06878,3172,116321,10.8,16.1,23.5,25.9
06879,3359,41659,13.2,16.7,44.5,31.0
06880,646,39687,5.2,8.2,32.9,30.1
06881,2183,145841,10.9,24.7,21.7,33.8
06882,2140,31553,4.5,9.6,37.1,32.5
06883,4634,98874,8.7,22.2,47.2,15.6
06884,1852,143236,9.3,24.1,42.8,34.1
06885,1715,130276,3.3,10.6,23.6,28.8
06886,1949,149833,3.8,19.6,44.0,38.6
06887,2742,42235,13.1,6.6,21.4,22.1
06888,1700,111443,6.4,19.8,37.3,23.5
06889,3496,99215,7.2,14.7,23.5,24.2
06890,4502,141241,10.7,7.4,38.1,31.0
06891,3705,120608,5.6,22.9,24.6,23.4
06892,3899,141449,5.3,18.6,46.8,22.7
06893,718,69143,8.1,8.4,39.6,19.6
06894,1232,99311,3.7,15.7,33.2,23.7
06895,2215,113719,14.0,11.5,47.2,32.7
06896,2439,54287,14.3,19.2,25.2,22.9
06897,2839,94846,8.4,17.5,46.3,33.2
06898,4376,105863,5.5,8.8,23.4,25.5
06899,1587,144293,8.6,9.8,43.2,32.8
06900,1657,132006,4.2,19.1,24.3,37.1
06901,2213,49140,7.8,18.5,24.6,15.9
06902,1144,119233,3.9,11.2,45.8,23.8
06903,2531,127117,11.5,14.6,33.4,24.4
06904,1682,55657,6.3,14.3,27.6,29.3
06905,1408,84494,9.2,7.5,39.8,27.6
06906,701,136820,3.2,17.4,45.8,32.1
06907,1720,39746,9.3,10.3,32.5,15.1
06908,4980,96427,3.0,14.2,28.6,38.0
06909,4866,130192,14.1,6.4,28.3,29.4
06910,200,113114,9.0,17.3,40.5,31.8
06911,4371,115067,4.2,21.8,41.2,23.9
06912,337,126506,7.1,16.4,47.4,20.9
06913,4125,74494,3.6,16.9,20.6,32.2
06914,3018,32745,9.4,18.5,24.1,37.1
06915,2642,26423,4.5,8.9,37.7,19.8
06916,2103,72305,8.7,6.4,28.8,39.0
06917,1637,37059,6.7,22.1,33.5,19.7
06918,854,135891,12.1,21.9,47.8,27.4
06919,3468,49721,8.8,15.9,22.9,22.3
06920,2358,144245,13.2,8.9,39.4,30.7
06921,3765,104787,14.3,21.3,44.1,17.8
06922,4335,132411,14.6,9.4,23.6,15.0
06923,640,120031,6.1,22.2,39.4,34.4
06924,369,97183,12.2,13.5,44.9,35.7
06925,3560,59679,8.3,6.1,26.2,27.7
06926,3508,122895,8.1,21.3,24.0,27.0
06927,605,88638,13.4,16.2,22.0,16.7
06928,1229,53277,4.7,11.4,41.9,36.1
06929,2179,91875,8.7,14.1,32.4,34.9
06930,3245,141934,10.1,22.7,35.0,35.7
06931,3342,39764,3.8,9.1,23.0,20.9
06932,461,96982,13.4,7.1,23.5,28.9
06933,3820,139596,6.8,20.7,40.2,35.7
06934,1556,142639,10.9,17.4,32.4,22.3
06935,4167,41881,14.1,22.4,45.2,36.7
06936,4295,101676,11.6,11.3,43.6,30.9
06937,1781,74942,13.6,16.2,43.6,25.8
06938,1152,135696,3.8,5.8,45.8,24.8
06939,2609,33201,8.9,21.9,45.4,34.9
06940,4827,139288,9.8,8.8,36.3,38.3
06941,781,142786,11.3,7.3,28.6,15.6
06942,4032,49568,4.4,14.7,36.9,17.0
06943,2229,56330,10.9,19.9,27.1,38.3
06944,4949,27816,4.8,9.2,25.8,37.7
06945,4116,58094,3.8,9.7,35.2,37.6
06946,3402,118678,8.6,11.3,38.7,39.6
06947,819,107802,10.2,21.2,33.5,36.3
06948,174,43055,14.5,19.9,44.2,17.0
06949,1393,128306,11.4,10.4,37.5,27.4
06950,2022,115849,10.1,10.1,49.3,28.7
06951,4257,43558,5.6,23.1,25.1,36.4
06952,419,30235,4.8,17.3,29.4,33.6
06953,2249,124227,10.3,9.5,22.1,38.6
06954,1552,41161,5.7,7.8,35.0,16.2
06955,1655,78418,11.5,6.3,21.5,16.0
06956,4307,39547,4.4,9.9,39.5,38.3
06957,3132,115032,7.1,19.4,27.5,35.6
06958,560,55908,12.3,12.4,42.7,36.8
06959,986,71569,13.0,24.3,21.2,38.1
06960,3633,122188,7.1,11.5,30.1,33.2
06961,4036,126128,5.5,8.0,47.9,31.8
06962,1215,79259,14.5,8.5,22.1,20.0
06963,1175,81021,12.1,14.8,46.3,26.7
06964,3976,145408,12.7,23.7,29.9,38.4
06965,4715,99881,5.7,23.0,21.1,23.3
06966,2024,27070,8.1,8.7,47.0,24.5
06967,1026,114266,3.8,20.1,32.9,18.6
06968,4752,97080,4.3,20.0,33.0,29.1
06969,2381,127904,5.7,8.3,40.7,20.0
06970,1155,58688,6.6,11.0,34.1,32.7
06971,4774,129395,15.0,6.5,43.3,37.4
06972,641,143170,8.1,6.5,37.0,38.9
06973,2261,71611,11.4,13.8,29.5,29.6
06974,2351,47856,13.9,14.7,39.2,20.0
06975,1152,72574,6.0,5.7,22.6,34.8
06976,4669,42827,4.7,24.3,34.8,16.9
06977,2844,37699,5.9,14.7,30.2,32.6
06978,3969,126105,13.6,20.8,32.1,30.9
06979,4581,108695,11.0,17.7,40.2,22.5
06980,4257,98756,8.4,17.4,24.9,36.0
06981,4710,43676,12.8,11.1,21.0,19.3
06982,4625,28703,5.8,22.7,46.3,38.0
06983,4775,122193,5.9,11.0,45.6,19.9
06984,1660,58593,9.8,24.0,47.6,27.0
06985,3862,137501,12.5,5.8,41.3,36.2
06986,1264,131015,6.1,7.3,46.5,23.5
06987,2822,106547,5.5,19.5,29.7,39.0
06988,2458,143429,8.7,17.2,24.5,27.8
06989,570,120291,4.6,19.3,40.8,24.7
06990,1516,49714,12.0,17.8,30.6,25.5
06991,1568,111372,9.9,15.5,28.2,17.3
06992,908,141947,9.2,5.6,37.8,23.5
06993,271,108082,13.5,21.2,24.3,21.6
06994,4226,126743,11.8,15.2,37.8,16.0
06995,4242,139286,4.8,7.1,46.2,38.8
06996,4325,60301,8.0,8.8,40.7,23.4
06997,2499,63380,6.9,18.2,35.3,21.1
06998,1745,34551,12.6,6.5,34.6,35.5
06999,157,131234,11.6,22.4,29.6,18.2
07000,1229,120842,8.7,20.8,42.8,34.0
07001,1453,43609,12.9,11.1,48.0,37.3
07002,867,117672,7.9,22.7,34.2,22.6
07003,3995,94208,12.6,22.7,46.5,31.2
07004,782,27160,3.4,21.8,20.7,22.9
07005,3554,82626,4.6,11.2,25.7,28.0
07006,2108,116251,12.1,18.1,21.6,22.1
07007,3242,26797,4.4,14.0,36.0,25.4
07008,1890,119248,11.2,15.8,29.9,31.4
07009,1577,36171,11.7,13.2,45.3,30.0
07010,985,116302,10.9,5.1,40.5,16.3
07011,4006,72958,12.8,5.2,38.6,26.6
07012,4592,124548,9.1,20.5,23.8,17.9
07013,1638,48453,13.8,23.9,28.3,23.7
07014,2173,98429,9.8,9.6,41.8,37.4
07015,412,45792,9.1,15.9,26.1,15.3
07016,910,26930,9.1,11.1,41.0,21.8
07017,2335,40705,13.9,14.6,47.0,29.0
07018,2957,109438,5.9,7.4,46.1,23.0
07019,2863,87594,11.3,19.5,20.9,30.1
07020,2132,25047,5.9,15.3,46.4,26.8
07021,1607,25133,4.1,11.2,28.7,26.1
07022,4645,72622,14.4,18.3,33.1,34.4
07023,2670,112595,4.6,15.2,35.9,19.1
07024,1994,36238,11.2,13.1,32.3,32.2
07025,2805,60132,8.1,15.7,38.9,31.5
07026,696,126813,13.0,24.1,45.0,36.2
07027,2247,53082,12.3,6.4,40.9,23.2
07028,715,133629,4.7,23.5,27.2,32.2
07029,1047,136663,8.6,7.5,47.6,32.4
07030,4751,81305,3.3,9.1,40.8,26.9
07031,4473,78246,8.2,24.6,24.1,26.0
07032,3864,76689,11.4,21.2,41.9,32.7
07033,2113,65764,5.8,12.0,21.0,26.7
07034,3797,47368,12.7,13.1,38.7,19.4
07035,590,60239,3.6,11.0,47.7,35.4
07036,4450,92970,3.4,9.5,37.2,20.1
07037,2528,144709,3.3,6.2,29.2,19.6
07038,641,94871,6.4,5.7,49.6,33.4
07039,1387,106559,8.6,15.0,44.3,20.8
07040,1733,110442,4.3,15.6,27.4,20.8
07041,3026,109225,15.0,20.2,22.2,31.9
07042,1452,112207,15.0,6.9,49.0,16.4
07043,4476,116922,9.2,15.3,21.1,20.6
07044,1398,71270,9.8,23.5,40.3,26.0
07045,4968,140351,14.1,22.1,49.5,22.1
07046,4067,112601,12.2,15.7,27.3,31.1
07047,4523,97979,5.0,7.7,47.8,17.2
07048,2358,145632,12.5,8.1,32.6,25.1
07049,4747,69014,5.8,14.5,27.1,32.2
07050,2173,89880,8.2,17.3,22.5,34.3
07051,801,40665,9.4,24.6,38.0,34.5
07052,2019,65542,11.6,21.6,40.9,25.8
07053,2560,111769,4.8,13.3,39.4,22.8
07054,4362,61968,3.9,12.0,38.2,32.0
07055,4364,48481,13.4,5.3,38.6,21.1
07056,4424,95558,12.9,5.2,35.4,37.7
07057,466,77644,9.3,14.5,26.4,20.0
07058,627,71954,10.9,6.4,38.2,23.6
07059,4986,145156,11.6,8.1,46.6,16.1
07060,3818,131243,8.7,24.6,20.5,15.7
07061,3709,34145,6.1,19.3,49.5,33.1
07062,4035,124977,8.8,14.0,49.2,35.1
07063,4719,75494,14.4,22.2,28.0,18.5
07064,2253,85835,13.1,8.5,32.7,21.8
07065,2008,90506,8.6,12.8,37.0,19.1
07066,3112,68064,5.7,10.9,45.4,21.2
07067,4328,131735,13.7,24.9,21.8,21.7
07068,3122,47954,10.7,23.0,26.8,34.8
07069,3583,121872,7.9,15.5,39.8,18.1
07070,2820,134120,4.3,13.5,21.8,30.0
07071,1870,126353,12.0,25.0,46.8,21.7
07072,4213,64051,6.8,9.1,46.6,27.1
07073,1877,117221,10.3,13.2,23.0,22.2
07074,4312,111167,9.8,19.2,32.5,32.1
07075,897,31574,11.4,19.1,35.3,31.1
07076,3315,57381,9.5,16.5,39.5,21.9
07077,3888,51039,10.6,24.0,36.3,29.5
07078,3076,30331,4.0,9.9,20.0,18.3
07079,3837,140087,11.0,16.4,23.9,38.0
07080,1811,55412,5.3,21.2,45.0,38.8
07081,852,108857,7.7,9.6,43.6,39.1
07082,2569,136132,9.2,22.4,20.5,32.5
07083,4069,115293,11.2,17.8,20.4,27.0
07084,1492,42458,11.9,12.6,45.5,38.5
07085,2705,39058,11.5,18.0,30.8,16.2
07086,777,60341,4.1,23.6,32.2,26.9
07087,205,60165,7.6,24.8,48.3,35.5
07088,3387,83425,6.4,10.6,46.9,26.3
07089,4853,25418,7.8,23.2,31.7,35.7
07090,2046,149040,10.8,5.8,44.0,39.2
07091,1195,107559,5.3,5.1,33.6,21.2
07092,1882,76236,9.0,17.0,32.9,19.5
07093,4641,62357,13.6,14.6,20.6,38.7
07094,3357,107278,11.8,14.4,43.8,20.6
07095,2097,108723,11.7,9.7,44.2,30.7
07096,4969,62972,13.2,16.9,42.9,26.0
07097,1661,65657,7.8,5.3,49.0,23.9
07098,4106,138290,12.1,13.7,21.4,18.2
07099,1775,74690,3.7,12.3,49.0,29.3
07100,1222,94975,3.7,8.9,45.8,22.7
07101,4081,81040,7.0,15.2,23.5,26.2
07102,1401,51794,5.4,18.8,21.3,31.2
07103,1043,34905,9.2,21.3,20.6,39.7
07104,4650,91401,5.2,14.2,23.5,23.7
07105,1045,117179,14.7,9.8,44.6,24.8
07106,700,145716,13.2,9.2,31.1,24.7
07107,2800,51926,14.8,16.6,38.6,26.3
07108,4920,132271,12.7,12.8,31.8,28.4
07109,1517,71052,14.4,11.4,37.2,15.8
07110,1624,69228,7.4,15.5,28.3,36.0
07111,3866,56046,9.0,16.1,47.0,29.6
07112,350,29671,5.9,9.7,38.6,25.6
07113,1644,85971,10.6,12.6,34.0,15.0
07114,178,139419,12.5,19.2,28.3,22.3
07115,3223,75187,9.0,12.7,28.9,22.3
07116,997,131856,6.6,13.9,40.9,32.3
07117,4976,142507,9.1,17.8,32.3,19.0
07118,325,49871,3.8,8.8,36.9,17.4
07119,1309,91962,11.7,22.3,49.6,33.4
07120,4998,118621,8.4,11.8,29.5,27.0
07121,4937,117928,13.8,18.8,32.3,34.1
07122,2278,128798,14.1,10.9,29.6,20.3
07123,2779,137362,4.5,18.0,22.7,18.7
07124,2985,138398,15.0,10.5,48.2,16.7
07125,2906,89140,14.6,20.0,42.5,25.1
07126,803,101593,10.5,7.1,38.4,27.6
07127,2644,58460,12.9,11.1,20.7,26.5
07128,2470,54171,3.2,16.4,45.0,33.9
07129,3381,81745,14.6,17.7,22.2,30.9
07130,4810,106772,8.5,7.8,23.9,23.4
07131,428,139328,13.9,11.4,22.6,27.4
07132,4328,58835,7.6,7.0,24.4,21.5
07133,220,91668,12.5,21.7,39.1,29.4
07134,1064,83465,8.0,24.7,22.4,17.8
07135,4324,32612,7.4,10.7,39.0,16.6
07136,3775,122360,14.4,14.7,43.3,32.9
07137,2176,34433,11.4,15.1,33.7,32.6
07138,432,121404,13.1,8.3,39.2,29.7
07139,3468,25946,9.5,18.4,30.6,22.5
07140,1416,69107,14.0,15.3,42.4,19.1
07141,1296,26615,11.9,15.3,49.6,26.2
07142,3270,103387,3.9,6.2,30.2,17.8
07143,1529,98790,12.2,6.6,38.3,31.1
07144,455,112635,3.2,24.3,49.1,28.3
07145,4334,80221,12.9,23.8,21.0,25.9
07146,1626,58161,7.0,5.4,28.4,15.7
07147,3997,57598,10.2,15.8,24.8,32.5
07148,128,116638,12.0,6.3,38.3,36.9
07149,1113,114454,10.6,20.9,25.3,32.4
07150,2802,100229,11.1,6.0,29.4,28.5
07151,927,147110,13.7,16.0,33.0,33.7
07152,4546,129506,7.5,17.4,21.6,33.4
07153,2124,140207,9.6,6.9,28.9,33.5
07154,398,105690,5.1,16.9,26.8,20.6
07155,1965,25388,8.6,23.8,32.9,18.3
07156,4116,74739,4.8,6.9,49.9,18.1
07157,2211,126801,10.6,18.7,49.9,17.2
07158,854,104437,6.9,10.4,25.5,37.0
07159,869,54307,13.3,10.5,41.5,27.6
07160,3835,98205,7.1,15.9,46.7,19.6
07161,1338,125875,6.4,23.6,35.6,25.5
07162,2313,82623,8.9,9.6,42.2,16.9
07163,2006,113628,5.1,24.9,32.4,19.7
07164,1664,122460,5.4,6.8,38.0,33.7
07165,1318,85816,12.4,23.8,33.8,29.7
07166,4701,117096,9.0,5.4,29.1,19.0
07167,1457,89885,5.5,8.2,24.4,29.7
07168,3939,117393,3.4,24.5,28.8,28.7
07169,1560,70241,8.6,10.3,46.4,31.5
07170,4085,148684,11.9,5.1,47.0,38.7
07171,1516,131570,7.2,22.7,45.8,18.7
07172,2953,77137,6.0,23.3,28.8,37.4
07173,4956,140397,7.8,19.9,46.8,21.8
07174,1528,143350,14.5,23.8,24.8,23.2
07175,4478,137872,8.1,10.3,45.7,26.8
07176,4574,46014,6.1,17.9,28.2,34.3
07177,4393,59198,9.8,19.8,39.6,32.8
07178,3162,39309,12.7,24.5,42.6,27.0
07179,3171,54925,3.3,23.0,22.3,35.3
07180,655,41176,9.7,6.2,28.7,30.3
07181,455,111911,13.0,11.8,38.9,38.5
07182,1663,95603,5.6,17.3,38.0,26.6
07183,3600,148526,14.1,22.1,46.6,33.9
07184,1140,137932,9.9,10.6,39.5,16.6
07185,2786,122679,9.2,5.2,26.1,23.0
07186,4574,43422,14.6,8.7,43.5,37.9
07187,4875,45517,4.6,13.5,48.7,27.9
07188,2653,79503,11.9,6.2,39.5,38.8
07189,1879,53514,12.8,5.8,34.0,15.2
07190,175,27215,8.9,13.0,44.3,26.8
07191,4426,110276,3.1,18.0,33.7,33.2
07192,3419,41486,9.3,19.2,24.5,23.2
07193,2449,115256,4.8,15.7,22.5,26.6
07194,2873,99482,9.8,13.7,31.9,19.2
07195,2362,37249,11.9,5.4,41.3,25.8
07196,3329,48187,9.4,10.3,40.9,27.7
07197,2216,78613,10.6,18.4,36.0,30.0
07198,492,64064,4.2,14.0,33.1,26.6
07199,1208,138467,4.2,10.3,39.8,20.3
07200,4462,146253,13.2,9.6,48.8,39.0
07201,710,96998,3.6,5.3,28.7,34.4
07202,2875,67790,6.4,21.5,36.8,35.3
07203,4098,102437,14.3,22.6,45.4,30.9
07204,772,71783,8.5,12.3,27.8,36.0
07205,3777,90618,11.1,19.0,27.8,29.7
07206,130,67271,5.7,6.3,46.5,35.3
07207,1500,49347,6.2,22.8,48.9,38.3
07208,4171,80142,9.1,23.1,40.5,17.3
07209,716,137104,10.7,8.1,39.3,32.7
07210,4734,85683,14.5,20.6,35.8,23.8
07211,2886,96288,9.9,14.5,43.4,23.4
07212,970,118806,4.2,18.6,49.0,18.6
07213,4296,129526,7.4,14.5,31.5,39.1
07214,3704,135427,5.9,6.6,28.8,33.7
07215,1512,85791,6.1,21.8,49.2,16.6
07216,2839,28668,9.1,6.7,35.2,26.4
07217,1040,75767,6.8,12.2,25.2,25.9
07218,440,111166,6.5,24.7,46.4,17.4
07219,3008,101531,14.6,13.5,23.1,31.8
07220,4233,59830,10.0,21.4,35.5,19.1
07221,759,119308,6.1,8.4,42.8,18.6
07222,2133,66739,6.3,21.6,46.4,24.7
07223,1660,147243,12.7,14.2,22.5,20.4
07224,3557,75210,13.6,15.2,40.3,37.1
07225,1756,60166,11.1,24.4,44.2,34.2
07226,3075,36196,8.2,22.7,38.7,33.9
07227,1149,43714,12.2,12.0,27.7,28.5
07228,553,70692,14.2,24.0,40.4,27.5
07229,1804,75911,5.0,7.1,47.2,34.0
07230,2884,120904,13.3,5.5,47.9,33.9
07231,918,70580,13.2,15.7,41.4,23.0
07232,4968,119372,7.4,20.4,26.8,21.8
07233,112,107347,6.5,9.4,26.6,21.1
07234,4079,112297,9.8,6.6,30.9,35.9
07235,1020,79181,6.3,21.9,25.7,24.3
07236,2518,78028,4.7,24.7,27.1,33.3
07237,1414,52066,14.4,18.9,26.6,25.3
07238,3777,89631,8.9,24.5,23.0,25.5
07239,2117,125420,8.7,21.7,35.9,29.4
07240,1328,68281,4.5,10.0,28.3,33.0
07241,4892,74711,9.0,7.2,49.8,22.0
07242,2534,95977,11.9,21.2,32.6,36.6
07243,2968,72024,6.0,18.2,39.1,25.8
07244,2615,116497,7.4,21.3,48.5,23.9
07245,1538,76769,5.1,19.4,43.9,21.4
07246,4264,35146,7.3,15.1,44.4,23.0
07247,3643,58357,13.3,23.8,48.1,34.7
07248,3275,123802,5.8,20.1,45.4,17.1
07249,1881,80499,3.4,5.2,46.8,18.8
07250,2363,41313,9.4,19.1,47.4,24.1
07251,2069,131208,10.0,15.9,34.8,19.1
07252,311,52398,6.9,7.8,24.8,29.8
07253,607,133025,10.7,13.7,44.9,34.2
07254,431,149518,3.5,15.5,45.3,18.9
07255,650,34324,7.1,14.4,37.4,23.9
07256,1041,32432,4.7,13.7,43.4,39.3
07257,827,129260,5.8,17.6,47.4,21.4
07258,2962,45867,7.6,18.2,36.0,21.4
07259,3343,148295,8.9,19.0,35.9,18.4
07260,748,144684,4.1,20.2,47.2,15.8
07261,2837,59359,4.2,21.7,36.3,18.7
07262,2847,94943,11.1,16.5,44.6,22.3
07263,1109,55971,7.8,6.5,44.9,33.4
07264,1650,137627,5.1,12.3,29.6,30.4
07265,903,143571,5.8,5.1,49.9,18.7
07266,4180,75759,11.6,16.9,45.2,29.0
07267,4409,61492,3.6,24.5,42.0,32.5
07268,4364,147243,9.1,21.5,31.6,36.4
07269,3501,116827,7.3,14.7,25.0,39.1
07270,4341,139890,12.7,19.2,30.2,32.6
07271,4711,78006,12.5,19.8,22.7,37.5
07272,3261,135455,11.3,16.9,46.0,22.6
07273,4648,66069,7.6,22.7,42.9,31.4
07274,4255,102905,10.6,11.4,27.2,29.6
07275,627,55291,10.7,18.5,26.1,23.4
07276,3398,42152,7.0,6.3,27.5,20.7
07277,1123,90674,13.6,7.8,32.5,15.4
07278,3834,74372,14.8,23.8,34.7,17.4
07279,532,147044,6.8,15.9,22.5,21.7
07280,1276,148740,12.6,20.1,22.3,38.4
07281,500,78079,9.0,22.4,30.5,22.4
07282,2204,76539,8.6,23.7,38.9,30.4
07283,3150,27525,7.6,6.8,40.5,15.1
07284,2333,144742,6.5,19.0,40.4,30.9
07285,2545,34637,14.0,17.6,35.7,34.2
07286,4800,73324,11.9,17.0,48.7,36.5
07287,2935,81108,8.3,7.9,42.7,20.0
07288,2613,59377,12.0,20.5,34.6,17.9
07289,1873,105069,11.6,11.3,34.0,26.9
07290,1196,112363,6.2,9.4,36.2,30.5
07291,1028,136875,5.1,19.1,30.3,24.7
07292,2051,139886,13.0,9.3,47.0,19.3
07293,2073,85207,12.7,15.0,35.5,34.8
07294,1654,47368,15.0,11.4,39.4,29.8
07295,2878,50736,3.2,21.5,26.5,34.3
07296,4521,42753,9.5,24.1,28.0,35.2
07297,1094,121242,11.4,21.5,47.9,33.9
07298,712,28571,10.0,12.9,21.6,19.5
07299,2693,51798,11.5,8.3,30.2,15.6
07300,695,58256,4.6,19.0,34.9,19.9
07301,941,126844,3.0,23.1,30.0,39.3
07302,4539,72419,4.1,13.0,31.0,31.8
07303,958,101595,7.6,5.8,49.9,39.8
07304,544,117539,6.9,7.5,37.4,18.4
07305,1888,116989,13.5,12.7,35.6,36.0
07306,4417,55624,4.0,15.0,32.7,28.2
07307,3554,34056,8.3,10.8,43.3,37.1
07308,4052,88279,14.5,14.7,41.7,29.4
07309,4787,43564,9.0,24.2,39.3,31.6
07310,1130,36220,4.6,6.5,25.2,31.6
07311,1395,36290,6.5,21.1,23.6,37.5
07312,2163,77480,10.5,14.1,34.7,22.1
07313,1547,45018,3.1,18.1,44.0,23.8
07314,2145,140343,14.6,24.4,22.1,16.9
07315,4719,80138,9.8,14.2,46.9,28.3
07316,2950,149259,11.4,6.9,45.5,24.8
07317,3924,107155,9.0,21.6,26.2,29.5
07318,2168,106567,14.5,10.3,32.3,38.5
07319,3861,124292,10.1,23.1,21.9,20.1
07320,2375,108302,10.9,6.6,21.4,30.0
07321,1908,34006,13.3,9.6,32.5,19.0
07322,1411,68926,13.3,24.4,29.8,22.2
07323,4155,104118,3.3,22.6,44.2,29.8
07324,2551,51265,6.4,9.4,28.2,24.6
07325,1189,40908,6.0,20.5,43.4,23.7
07326,1772,96165,3.1,6.7,29.2,36.5
07327,3775,109406,13.5,8.2,36.6,36.8
07328,4632,43049,6.8,8.6,45.6,28.9
07329,4454,35827,7.2,5.9,24.9,36.9
07330,2103,94522,4.2,14.7,30.5,27.3
07331,4298,65954,14.9,12.8,41.7,35.6
07332,4964,92359,12.9,16.8,26.3,38.2
07333,1224,87934,9.9,18.8,22.1,25.1
07334,1321,79980,12.3,16.9,49.4,18.6
07335,2960,79582,12.3,10.6,30.4,17.2
07336,2373,112256,10.9,6.7,46.4,25.1
07337,3090,111008,5.1,19.6,26.6,33.0
07338,2610,25610,11.6,11.2,35.9,15.8
07339,336,116447,9.8,9.9,46.0,23.3
07340,1244,61636,11.7,18.8,21.9,33.8
07341,3353,111245,9.5,13.8,42.6,23.2
07342,3882,36884,14.5,9.1,24.0,25.5
07343,866,111355,10.5,20.3,26.8,15.7
07344,2781,76315,9.9,21.1,30.7,35.5
07345,2765,147950,13.1,24.7,28.9,30.2
07346,1859,75901,7.6,14.4,31.2,39.7
07347,3591,128249,6.8,5.7,40.9,30.5
07348,2915,46556,9.0,15.3,27.3,24.1
07349,3613,71676,10.0,5.5,38.4,39.7
07350,595,140029,5.6,24.0,37.8,24.0
07351,3280,103758,11.2,8.5,27.3,32.3
07352,4030,111603,12.6,23.5,22.4,20.8
07353,2172,36018,9.9,24.0,27.5,39.7
07354,437,61599,9.3,20.5,39.5,30.1
07355,4049,92915,6.5,6.7,27.6,37.7
07356,3208,47489,13.9,16.2,26.4,18.9
07357,1917,143557,12.1,12.1,48.1,30.2
07358,236,136694,8.8,21.4,48.8,30.8
07359,2655,73071,10.9,11.0,32.0,35.0
07360,4515,37394,7.0,14.0,43.3,16.4
07361,1015,145756,3.7,16.5,22.2,36.2
07362,3638,39417,5.4,5.7,47.1,32.0
07363,2200,52849,4.0,17.2,30.4,15.7
07364,3007,60207,9.1,11.9,43.0,22.9
07365,3014,86669,10.5,15.6,39.7,25.4
07366,2082,49290,7.6,7.5,32.1,38.0
07367,3970,149947,9.4,11.7,22.3,23.0
07368,4628,40115,4.0,16.6,38.5,26.1
07369,3667,57752,12.2,16.4,22.2,26.7
07370,1098,71402,3.4,8.2,48.8,16.4
07371,2247,135035,10.6,13.3,32.9,26.3
07372,4794,49241,8.2,15.4,28.7,24.4
07373,495,74021,5.2,6.6,26.2,20.8
07374,3698,63197,9.3,17.0,22.2,18.4
07375,4610,140159,12.4,9.6,41.2,28.4
07376,1038,89079,8.0,23.4,49.7,28.5
07377,1736,114979,7.4,10.4,33.8,31.7
07378,2824,61533,4.7,20.7,41.1,30.0
07379,2610,102897,10.1,16.6,34.5,35.9
07380,4736,147514,12.9,18.7,32.1,29.5
07381,1749,114832,9.7,23.0,30.9,21.6
07382,3790,99381,5.0,22.0,46.8,37.4
07383,3535,104283,10.9,7.6,42.8,20.0
07384,3301,140149,3.4,23.7,45.8,15.9
07385,4279,108093,13.1,7.8,22.9,37.6
07386,4466,92203,14.1,11.3,30.9,21.7
07387,2391,71963,10.2,15.5,26.3,18.4
07388,4583,56034,13.6,23.7,25.1,26.3
07389,313,39143,4.0,17.5,46.5,34.7
07390,3337,93857,5.7,22.5,46.7,22.2
07391,3962,132135,6.8,23.8,37.2,20.9
07392,158,144057,12.3,20.0,27.8,32.0
07393,3030,115593,8.8,14.6,49.2,31.4
07394,3071,147961,7.2,12.8,23.3,34.9
07395,1627,118415,4.9,10.5,43.3,36.3
07396,222,94662,12.7,15.1,29.9,27.5
07397,3819,44177,3.2,6.0,32.1,36.4
07398,1536,99835,7.0,9.6,44.0,38.8
07399,1262,71051,5.9,12.2,21.1,34.4
07400,3400,96721,4.5,22.1,34.1,24.4
07401,3445,77937,5.1,12.5,32.3,26.7
07402,2586,139938,8.9,9.8,27.9,23.7
07403,661,84778,8.1,20.7,48.9,16.0
07404,4081,124924,9.2,23.9,34.9,24.9
07405,1837,120203,11.7,20.5,33.0,35.4
07406,1004,133214,13.7,7.5,40.7,22.2
07407,3654,98993,4.4,11.4,42.3,26.5
07408,4590,40942,4.0,17.1,27.9,35.5
07409,1826,139709,6.8,8.9,29.1,34.3
07410,3023,137022,9.6,17.7,21.1,26.6
07411,3631,92659,4.2,9.7,49.8,15.1
07412,4006,42894,11.6,15.9,20.0,27.9
07413,1034,127156,9.7,19.1,34.4,27.8
07414,174,78927,12.0,20.7,33.3,18.8
07415,394,134434,7.3,21.0,44.1,29.2
07416,120,121140,7.8,20.5,22.1,36.5
07417,3342,81160,12.7,7.7,29.3,37.6
07418,1138,61190,6.2,24.8,41.7,30.2
07419,4755,33431,7.6,20.4,49.4,22.1
07420,1209,82394,3.2,7.1,49.9,29.6
07421,3871,126311,9.7,19.0,25.4,30.0
07422,471,82819,13.2,14.4,22.1,27.4
07423,1274,57338,3.3,13.6,34.8,37.3
07424,1264,117116,10.4,18.5,21.1,31.7
07425,1192,56583,13.1,8.4,34.1,23.7
07426,1383,38913,8.9,25.0,48.3,24.2
07427,2111,120101,6.8,15.9,45.3,19.6
07428,945,39860,15.0,16.9,21.4,24.5
07429,2091,57924,3.8,13.5,20.7,25.5
07430,620,129646,5.5,17.1,32.6,24.0
07431,4566,120231,13.6,18.3,23.3,23.9
07432,4296,98134,6.6,11.9,31.1,16.4
07433,4856,62529,12.8,14.2,40.9,27.7
07434,342,57453,7.0,10.1,30.1,25.8
07435,2900,101511,12.7,20.4,31.0,30.7
07436,4707,141707,11.2,19.7,22.4,30.4
07437,2996,79389,8.6,21.2,47.1,25.1
07438,2702,133182,9.3,19.1,44.8,25.2
07439,2373,131227,5.1,5.4,31.3,32.8
07440,1641,111090,4.4,8.8,36.7,32.6
07441,2865,79199,11.6,12.8,34.8,31.0
07442,2214,56444,13.2,9.7,26.5,15.0
07443,4591,118970,11.7,15.6,26.9,25.1
07444,4807,139529,14.0,23.0,35.0,28.2
07445,3183,73112,13.7,19.8,32.7,19.7
07446,1957,43798,12.3,10.3,32.2,26.5
07447,869,85147,13.8,13.0,45.1,21.5
07448,1522,36441,5.0,6.0,20.7,38.9
07449,506,92691,11.8,5.1,48.8,31.8
07450,3072,149706,12.0,13.5,43.7,16.6
07451,1972,72792,4.8,19.6,46.8,22.8
07452,2794,87942,13.9,22.2,39.4,21.1
07453,2369,110677,3.1,13.6,28.5,24.9
07454,4849,57860,8.2,8.6,35.6,15.1
07455,1281,138605,3.3,10.2,33.4,34.3
07456,1539,145931,9.3,13.9,25.3,30.5
07457,3153,37468,7.9,18.0,49.3,29.4
07458,3433,83014,10.5,15.9,29.1,31.5
07459,2997,59911,12.2,21.8,21.3,32.3
07460,3003,115343,12.2,5.4,34.7,35.5
07461,328,80123,11.7,24.8,23.2,35.5
07462,4059,86333,4.2,23.6,44.8,38.7
07463,1993,42986,8.0,8.0,21.0,16.8
07464,1413,60719,12.8,6.0,21.5,23.8
07465,1170,84116,10.9,17.4,43.7,32.0
07466,1074,100794,11.2,19.4,23.8,28.5
07467,1838,26310,5.7,14.5,36.9,38.1
07468,3385,131271,6.9,10.6,38.7,37.3
07469,857,121462,14.5,17.8,49.9,36.5
07470,3195,88798,13.2,17.7,27.6,19.8
07471,420,96782,5.0,8.0,28.9,20.3
07472,2421,107078,9.5,21.0,22.0,32.4
07473,655,45162,8.9,20.0,21.5,38.9
07474,1486,141274,8.3,6.7,32.3,23.4
07475,4863,41761,8.6,14.2,39.8,37.9
07476,3147,44679,10.7,12.9,39.9,38.4
07477,2527,99441,14.6,14.2,43.3,27.5
07478,2104,37379,13.5,14.2,36.2,34.3
07479,2030,72770,13.5,15.5,43.8,19.2
07480,4941,84567,11.4,10.5,25.4,32.5
07481,4870,38421,3.2,14.4,39.0,34.1
07482,2263,119183,8.3,7.0,43.3,21.7
07483,3967,73938,9.1,8.5,37.1,29.2
07484,2526,35974,13.1,6.8,41.7,34.5
07485,3893,148617,14.1,8.7,24.2,17.5
07486,2613,27500,8.4,5.1,33.3,15.7
07487,3903,85490,6.6,5.8,45.5,19.1
07488,2427,138222,7.0,20.9,29.5,21.6
07489,717,76015,9.9,9.0,47.0,29.5
07490,2265,147576,6.3,15.4,49.6,37.8
07491,3408,74643,13.9,12.4,24.2,25.9
07492,1092,98649,8.0,11.6,24.4,24.9
07493,1477,118116,14.9,22.1,31.2,32.6
07494,4481,137742,4.3,14.7,36.9,15.6
07495,3274,121296,5.3,15.3,42.9,36.1
07496,4882,147189,9.1,14.2,22.0,25.4
07497,1405,122559,13.4,10.4,43.4,18.0
07498,4933,36805,7.2,18.7,24.9,27.7
07499,3178,133025,13.0,5.9,22.6,28.1
07500,2786,147098,8.1,10.6,38.1,24.4
07501,3083,32731,13.2,18.2,22.3,34.0
07502,2623,124249,6.3,5.7,22.2,19.1
07503,3682,118752,8.7,5.5,38.5,39.2
07504,1585,132197,6.3,12.5,41.0,37.4
07505,2200,120310,5.6,10.0,47.6,33.2
07506,4681,125788,8.1,19.0,48.7,20.4
07507,3815,76907,7.0,20.1,34.3,29.9
07508,2101,130932,12.4,5.7,39.3,29.7
07509,1487,36460,12.0,13.7,43.3,23.8
07510,3283,36294,7.3,23.9,47.7,26.4
07511,1130,35059,14.9,11.3,20.7,19.1
07512,1865,135621,14.7,8.9,26.5,21.8
07513,4863,56856,14.0,15.4,35.7,21.7
07514,1320,32817,10.0,14.0,26.9,19.2
07515,3906,118917,7.9,9.4,35.5,21.5
07516,2514,28033,6.8,9.5,40.4,31.3
07517,4445,37971,3.2,18.7,43.1,34.9
07518,1718,90925,10.6,11.5,45.1,39.3
07519,1363,81986,9.6,24.7,49.8,21.2
07520,971,55995,10.6,10.8,46.4,15.4
07521,934,99971,9.9,16.0,30.4,27.4
07522,2922,44731,4.7,6.5,28.7,38.9
07523,1018,25011,11.3,15.8,29.1,30.7
07524,1824,100244,7.3,14.2,22.8,39.4
07525,2513,43004,9.2,12.0,39.9,32.7
07526,1413,116869,7.4,13.6,20.3,28.1
07527,4598,147928,3.3,8.6,28.8,20.5
07528,2205,149595,13.5,21.4,43.0,18.3
07529,2668,47537,4.8,23.4,34.1,35.3
07530,1238,147866,10.0,21.7,32.4,24.1
07531,309,49836,13.6,21.1,43.6,22.5
07532,1164,33511,5.7,16.0,32.1,28.5
07533,2320,37473,7.9,11.7,34.2,38.4
07534,333,35468,7.5,8.4,34.8,22.8
07535,892,125231,4.1,21.4,35.2,15.2
07536,3210,80965,8.1,5.9,23.0,36.1
07537,2266,93368,8.8,8.6,35.8,36.6
07538,434,113898,3.3,13.0,31.6,16.9
07539,1459,111036,8.9,8.9,47.0,30.7
07540,1314,25015,4.1,16.7,20.4,24.9
07541,4519,101255,13.7,19.5,35.5,36.2
07542,383,94402,10.8,23.2,49.2,29.9
07543,312,40986,3.7,9.2,20.5,18.6
07544,1758,119213,12.9,10.6,40.7,28.7
07545,4178,27345,7.3,19.3,20.9,19.5
07546,4947,116052,5.7,9.3,45.9,22.9
07547,1517,33450,6.0,12.7,25.9,29.3
07548,2486,40349,10.2,20.1,44.8,24.2
07549,1894,91599,4.0,12.5,47.5,29.1
07550,204,41659,3.7,7.9,24.1,29.6
07551,4965,68751,10.5,10.4,22.9,37.8
07552,3993,125870,14.8,6.6,45.1,20.6
07553,3945,46306,8.8,18.5,25.3,32.1
07554,3790,125234,8.0,5.9,21.6,29.3
07555,3392,105476,14.4,16.5,26.6,22.6
07556,478,94118,5.9,24.0,26.2,28.8
07557,3393,91867,5.9,22.2,40.2,20.8
07558,3429,33066,13.9,6.5,34.2,26.6
07559,4908,51132,10.8,19.3,43.0,35.7
07560,3538,103772,3.6,18.8,27.1,17.9
07561,324,91015,11.1,11.0,34.7,15.9
07562,837,45893,12.8,7.2,23.2,16.1
07563,335,93582,6.3,22.1,34.2,26.5
07564,4378,118706,7.6,16.1,35.0,34.6
07565,811,92024,5.4,19.0,47.3,16.6
07566,1988,38720,10.6,14.2,48.5,17.6
07567,4818,138713,11.0,9.4,46.3,19.3
07568,1359,147840,3.8,10.2,47.7,26.0
07569,848,52400,11.1,15.7,21.4,36.7
07570,4086,109012,10.9,9.7,44.8,22.6
07571,3651,121028,3.4,13.0,22.0,28.8
07572,609,140517,9.7,6.5,37.2,16.8
07573,1923,120502,10.4,24.9,22.6,20.5
07574,4980,53946,8.2,17.3,43.7,16.9
07575,3041,51510,13.8,7.9,20.1,18.2
07576,4332,73162,6.9,7.6,31.5,22.0
07577,2234,55199,3.8,14.7,35.9,17.4
07578,1877,49039,11.1,5.5,28.1,22.3
07579,1322,142388,10.3,13.2,35.2,17.9
07580,3767,131639,14.9,23.9,46.3,29.5
07581,1877,144618,5.8,21.5,38.3,15.2
07582,1404,44188,7.7,23.6,36.6,32.6
07583,4959,133382,8.5,7.2,49.4,21.5
07584,801,32990,13.3,12.4,31.7,30.1
07585,3089,146024,8.0,16.1,46.5,26.9
07586,251,117706,12.3,19.4,39.4,18.3
07587,1425,33975,4.9,12.8,43.3,39.7
07588,1401,145704,7.9,11.4,29.4,27.9
07589,3822,29273,4.9,11.1,38.3,32.5
07590,1811,117941,14.4,20.8,45.5,37.2
07591,906,96997,5.1,12.6,38.8,20.4
07592,4430,65326,8.0,5.3,40.3,22.8
07593,2822,76350,4.0,20.4,35.3,16.3
07594,4756,148490,14.1,8.2,23.8,22.0
07595,1425,118630,10.5,17.6,42.5,32.8
07596,4233,33732,14.5,5.6,40.8,35.3
07597,1259,97911,3.5,12.7,34.9,18.8
07598,2969,38660,5.1,14.1,32.1,28.7
07599,4616,49273,7.6,24.5,40.0,16.6
07600,1342,90948,10.5,6.8,41.0,32.5
07601,447,146944,7.0,20.0,31.5,15.9
07602,1931,80020,11.5,24.3,29.2,35.6
07603,1669,51359,5.0,10.5,49.1,21.5
07604,4035,128681,10.2,9.5,49.3,37.0
07605,2018,119699,7.8,24.0,31.2,22.6
07606,3332,133223,9.1,14.8,48.8,21.5
07607,3858,96263,9.8,21.5,37.5,21.0
07608,2455,40907,3.7,20.9,20.4,24.8
07609,1497,103824,14.1,11.5,23.3,30.1
07610,2880,124731,12.4,8.7,26.6,23.6
07611,1924,110430,8.3,19.1,44.4,16.8
07612,2591,139409,9.6,15.0,42.0,26.8
07613,4160,124941,3.4,14.8,44.8,22.8
07614,504,144264,9.0,15.9,35.6,27.8
07615,1821,115291,8.1,5.5,36.9,23.2
07616,2925,44780,7.5,5.1,21.4,24.4
07617,3945,29677,12.8,11.3,26.4,27.6
07618,4310,145213,5.2,11.5,33.8,18.8
07619,3292,71548,5.1,19.4,44.0,19.3
07620,164,32122,9.3,11.5,39.4,18.9
07621,1399,75794,11.2,12.2,38.6,23.3
07622,1515,26294,3.3,16.0,46.8,19.9
07623,3693,137993,9.6,16.8,38.1,30.7
07624,1068,133078,6.6,11.7,28.2,15.3
07625,468,73070,12.1,16.2,34.6,20.5
07626,332,143224,8.6,17.4,41.4,35.1
07627,2342,65555,13.0,10.2,44.9,31.8
07628,3183,33555,7.8,9.7,35.9,38.5
07629,1020,27116,12.9,22.8,44.3,20.9
07630,788,35547,11.6,17.9,49.7,19.5
07631,4372,37710,12.9,11.2,21.9,21.6
07632,1569,93097,12.7,16.0,41.9,23.8
07633,4825,118228,8.8,19.1,47.8,15.4
07634,4359,63807,7.4,5.5,35.0,20.7
07635,3722,130704,12.2,23.4,31.4,15.6
07636,2200,65636,7.3,19.3,36.5,38.7
07637,2365,56086,4.1,12.8,47.2,39.9
07638,3889,121091,13.3,23.6,45.6,36.9
07639,923,80417,7.8,6.1,38.0,28.0
07640,3531,60310,4.6,20.1,48.0,16.0
07641,4251,64488,10.8,15.5,41.7,36.7
07642,4313,78172,13.7,18.3,31.3,26.3
07643,897,107803,13.3,14.4,27.1,21.9
07644,879,26172,9.7,7.9,38.9,37.5
07645,2950,149664,4.1,10.2,42.9,15.1
07646,2992,64806,11.4,14.3,40.0,38.7
07647,1993,112515,10.3,23.4,38.4,24.2
07648,3406,78826,5.5,6.4,22.7,39.5
07649,3002,105221,13.8,7.1,37.9,25.8
07650,4903,53544,4.0,8.1,20.3,20.2
07651,3818,147426,7.5,17.6,21.2,37.5
07652,121,51738,4.1,12.3,27.5,32.3
07653,1600,68635,13.9,8.0,23.7,39.6
07654,942,51670,3.4,7.4,26.9,27.2
07655,1860,139284,8.1,18.5,49.1,39.1
07656,3741,84665,13.3,14.3,48.0,26.4
07657,291,49688,6.0,22.5,22.2,39.8
07658,495,80840,4.3,13.1,22.5,36.3
07659,4762,97078,4.5,18.1,37.4,23.2
07660,4426,115903,7.9,20.9,48.4,26.1
07661,973,141003,8.1,24.1,42.9,35.6
07662,2721,51939,11.6,22.4,40.7,32.1
07663,4435,77385,5.9,20.5,32.1,21.8
07664,189,139738,11.4,13.3,41.1,32.8
07665,2379,106301,15.0,24.7,38.1,24.0
07666,556,25143,13.4,10.3,43.7,27.9
07667,2380,77839,10.6,18.2,47.6,36.2
07668,4549,96337,14.3,7.6,42.2,28.9
07669,1104,52151,14.9,17.1,27.1,17.2
07670,4634,112172,9.8,18.8,34.3,16.5
07671,444,79770,6.3,6.8,41.7,22.8
07672,2811,111405,14.0,10.9,44.5,29.4
07673,4852,97873,13.1,17.8,26.6,33.8
07674,2562,49535,4.0,17.0,36.8,21.2
07675,1216,122821,14.2,18.4,48.2,31.1
07676,725,67980,7.4,7.5,40.1,24.1
07677,4479,87623,6.9,15.3,36.2,32.7
07678,2079,33116,7.1,23.6,41.0,29.9
07679,4094,110650,6.8,24.1,36.9,15.4
07680,1778,83092,9.2,7.5,28.7,34.2
07681,322,72515,10.0,22.9,32.2,31.5
07682,843,38998,8.1,16.5,44.9,36.6
07683,562,55279,8.0,20.1,37.7,33.2
07684,1668,132370,11.8,8.0,32.8,28.6
07685,3447,90150,3.0,19.8,23.4,25.2
07686,1836,77096,14.4,6.4,23.5,21.6
07687,4139,78955,11.6,17.7,24.5,38.3
07688,4051,75360,11.5,18.4,47.8,33.5
07689,764,77885,8.1,18.3,48.7,38.1
07690,1456,123517,14.6,6.2,42.0,19.6
07691,1114,120325,3.0,12.7,21.4,31.7
07692,2232,39905,3.9,19.9,38.1,18.0
07693,2768,121474,12.6,20.9,38.7,25.8
07694,1154,88706,11.9,13.3,49.5,34.0
07695,1864,37300,6.3,8.2,27.2,35.6
07696,4558,146254,10.1,15.0,41.7,21.5
07697,2969,43202,9.4,18.0,49.8,25.8
07698,1512,94030,9.3,23.4,48.2,28.6
07699,767,91021,10.1,18.6,30.6,23.1
07700,3470,130848,14.9,21.5,24.2,21.6
07701,1494,109935,14.8,10.3,22.3,36.5
07702,198,135219,14.8,21.7,21.8,23.3
07703,4170,61247,9.6,17.2,22.6,25.9
07704,521,31929,6.8,16.0,49.4,28.3
07705,3750,70174,9.7,10.3,49.6,26.0
07706,4257,146102,10.5,9.1,23.5,36.6
07707,1232,53603,6.7,15.9,22.5,20.5
07708,1802,70967,10.6,22.8,39.9,19.2
07709,3720,144904,10.5,9.7,44.6,32.3
07710,3290,29937,13.8,10.6,42.7,36.2
07711,697,142806,5.9,24.0,20.3,39.9
07712,491,123967,11.4,5.5,33.0,34.7
07713,1175,75175,8.4,14.7,41.6,25.6
07714,2750,129620,4.6,15.6,44.4,28.5
07715,2484,103610,6.8,18.5,40.8,16.0
07716,909,144130,3.7,8.9,29.9,36.1
07717,3409,90772,6.8,16.4,28.1,30.7
07718,3838,48070,3.8,7.2,44.9,21.3
07719,1259,36476,14.1,10.3,36.3,31.9
07720,1631,110263,4.2,5.3,27.6,20.2
07721,2782,129854,12.8,14.1,46.0,33.6
07722,353,141813,13.9,8.5,44.5,20.1
07723,3648,147646,8.6,6.9,34.8,23.1
07724,3285,137168,3.6,11.9,44.3,34.2
07725,1331,77369,10.1,6.6,23.1,38.2
07726,2523,43339,5.8,18.3,47.2,16.9
07727,3675,47539,5.1,9.0,49.3,33.8
07728,4361,82079,9.8,19.2,20.3,29.1
07729,1673,25228,7.3,21.8,46.0,29.6
07730,3008,79090,11.8,19.8,42.6,20.3
07731,4812,111980,10.1,20.3,45.7,23.7
07732,1725,90202,13.0,17.9,28.9,36.6
07733,4098,118524,3.7,12.5,48.7,20.2
07734,3983,48199,5.8,12.0,45.0,38.6
07735,3615,106628,9.8,16.4,32.4,25.3
07736,3503,126190,13.6,10.0,43.7,29.6
07737,4698,37451,12.8,11.9,32.8,24.7
07738,4780,104527,11.2,8.1,29.9,26.2
07739,2058,37669,9.9,20.6,24.4,29.0
07740,4109,97410,10.6,19.7,47.8,39.8
07741,2835,119789,5.6,15.1,26.9,39.5
07742,4591,87885,10.1,12.4,35.3,37.7
07743,3274,48989,8.9,18.9,35.9,15.3
07744,501,109739,7.6,6.7,21.0,30.0
07745,1074,93525,13.7,6.0,43.9,38.5
07746,323,132582,13.0,19.0,40.8,24.1
07747,4713,97674,3.9,16.0,28.7,28.3
07748,335,59761,14.8,19.7,48.0,27.5
07749,3598,119453,5.8,10.6,49.7,22.9
07750,4311,60813,5.6,7.2,40.2,20.6
07751,3334,96729,14.3,13.6,42.5,19.9
07752,325,41157,8.3,13.5,21.8,35.5
07753,2377,142993,12.7,20.2,33.1,29.8
07754,4377,108912,6.5,7.4,20.7,27.8
07755,1441,110519,13.5,23.9,41.6,18.4
07756,4136,137563,13.0,6.1,44.9,29.6
07757,309,77739,9.2,11.3,23.6,17.1
07758,3827,124609,11.5,19.1,22.8,15.6
07759,4028,89156,14.6,19.3,44.7,32.3
07760,2903,113283,8.4,16.3,35.2,37.7
07761,1209,56626,8.9,6.4,45.4,22.9
07762,2126,128771,11.7,22.1,31.9,30.1
07763,493,29459,7.6,17.7,25.2,21.6
07764,943,95623,14.5,20.2,31.1,21.2
07765,1624,75071,3.5,12.7,28.4,22.3
07766,703,39898,7.8,9.9,35.3,34.8
07767,681,66001,11.6,19.4,46.7,24.9
07768,2039,39758,8.2,21.3,30.7,36.0
07769,232,72238,6.1,21.3,42.1,36.4
07770,2938,40121,8.0,19.3,39.2,26.3
07771,3485,108202,13.6,7.8,26.7,27.9
07772,3870,71270,9.6,9.4,29.5,26.5
07773,2368,122535,7.0,15.0,26.2,19.4
07774,1075,72851,11.1,15.1,42.7,32.2
07775,1913,85909,10.3,14.8,23.8,36.9
07776,3363,73915,9.7,21.5,37.4,32.4
07777,1643,73993,7.7,7.5,25.1,38.6
07778,2935,129413,3.9,20.8,25.9,29.5
07779,2838,59888,10.4,5.4,20.2,30.6
07780,1457,134641,8.0,11.5,33.2,39.2
07781,4234,117794,8.1,8.9,44.3,30.5
07782,1416,38893,5.8,15.5,22.6,39.5
07783,261,111416,6.0,15.5,45.4,31.3
07784,2009,142838,12.4,15.1,45.3,27.0
07785,1227,56712,8.8,10.8,27.0,27.5
07786,3970,54943,4.3,15.4,46.2,26.0
07787,1758,30306,3.6,19.1,44.8,17.8
07788,3225,90461,5.7,12.9,39.6,15.7
07789,2063,118836,8.8,23.6,44.9,36.5
07790,2389,141521,10.4,6.4,22.2,30.5
07791,1066,49107,4.7,24.7,29.6,36.7
07792,989,129182,8.2,20.2,28.7,19.7
07793,3161,35709,3.9,16.9,43.4,32.6
07794,3729,123017,3.5,9.1,42.6,37.7
07795,3289,39914,13.4,17.5,46.7,19.3
07796,2848,121711,10.9,21.0,28.7,22.3
07797,1766,53412,12.4,10.1,34.2,26.3
07798,3166,90326,5.2,5.8,20.6,20.8
07799,1541,41151,6.9,13.9,49.7,35.5
07800,1167,89690,8.3,11.1,32.3,30.5
07801,4323,30009,10.9,10.7,36.7,18.3
07802,3023,110782,9.4,19.5,36.0,15.6
07803,4353,74280,9.6,8.0,31.7,35.9
07804,3956,86818,4.9,18.0,27.0,16.4
07805,926,85530,8.7,6.2,42.4,20.1
07806,4707,26345,12.9,23.4,31.3,31.5
07807,4085,101164,9.1,16.7,40.2,34.4
07808,2192,134329,5.4,23.6,41.9,37.7
07809,3279,147057,8.0,22.4,41.8,17.3
07810,4638,64900,12.1,22.4,22.4,39.6
07811,4001,111562,4.6,7.4,49.2,22.7
07812,2462,136000,10.0,18.9,42.8,18.1
07813,2324,54289,14.6,13.0,37.9,28.3
07814,1826,54432,7.6,14.2,28.7,39.7
07815,2106,110143,3.5,10.6,24.5,26.7
07816,366,89140,10.6,7.8,43.8,36.0
07817,937,44860,3.6,11.1,31.8,21.5
07818,4684,30097,5.3,16.0,47.4,19.8
07819,4897,52114,3.6,13.2,48.2,15.9
07820,786,85198,5.0,19.1,21.7,22.3
07821,3461,38473,13.3,21.8,37.4,23.4
07822,456,88634,11.8,9.2,31.5,21.6
07823,3915,132931,7.1,6.1,32.3,20.1
07824,971,49831,13.8,24.8,38.5,34.9
07825,2073,47106,11.0,22.7,43.3,29.7
07826,4747,101145,8.4,10.3,36.5,22.2
07827,1910,84097,3.8,8.3,42.7,34.7
07828,4518,95282,11.8,24.0,49.0,21.2
07829,2741,55384,7.5,9.6,32.3,20.5
07830,2328,87754,6.6,9.4,33.3,34.7
07831,3491,77563,6.5,7.2,40.2,39.5
07832,4278,41459,3.1,10.8,21.2,38.9
07833,2450,56288,11.9,21.8,23.5,34.0
07834,4457,61379,4.7,16.4,24.5,39.5
07835,4979,98537,9.2,6.8,37.3,35.1
07836,2839,148384,3.2,24.3,36.3,19.4
07837,2830,126696,10.5,15.8,29.2,39.5
07838,1418,100720,7.4,13.3,37.2,35.8
07839,1635,37949,10.6,20.7,48.9,22.7
07840,4884,128415,4.1,16.2,45.9,31.3
07841,2543,69338,6.2,22.9,30.8,15.2
07842,1872,96655,4.3,19.0,48.5,31.5
07843,3309,60162,10.8,18.4,30.6,31.5
07844,977,59184,4.3,11.8,37.2,33.5
07845,2970,87662,10.4,24.8,40.6,36.6
07846,3300,98379,4.6,18.0,38.3,27.5
07847,4244,51805,14.3,13.8,45.4,37.1
07848,3847,33431,8.0,8.0,37.0,38.8
07849,2936,145741,4.5,16.1,31.2,22.4
07850,392,108697,3.5,18.3,36.4,34.7
07851,1751,129618,7.0,12.4,48.0,20.3
07852,4731,129068,13.7,6.3,41.3,25.0
07853,4506,139256,4.7,21.0,28.4,17.8
07854,636,53836,12.5,18.1,20.6,30.1
07855,2786,87393,8.0,18.7,38.1,30.8
07856,333,127462,12.6,9.9,24.4,20.1
07857,2752,29146,13.5,7.6,35.1,29.3
07858,2474,109551,15.0,14.0,27.4,36.7
07859,2372,55762,3.8,9.8,46.9,24.0
07860,1066,135402,12.6,20.6,23.9,24.1
07861,989,68970,3.8,15.6,49.5,38.4
07862,3963,95976,6.8,7.6,23.3,27.3
07863,3500,110309,10.8,8.9,38.2,35.9
07864,134,73343,8.4,22.7,35.6,37.7
07865,4642,102804,9.8,17.6,41.8,27.4
07866,3623,50790,14.6,13.0,26.7,37.1
07867,1863,140357,12.8,19.4,32.9,35.1
07868,3391,44945,7.4,21.2,20.1,22.5
07869,2588,145921,10.2,7.3,40.1,19.7
07870,2800,46925,3.6,21.8,29.6,29.9
07871,1658,32658,8.4,23.9,48.8,27.5
07872,4790,50191,10.3,6.8,33.8,35.0
07873,2376,62426,11.6,11.5,40.8,37.7
07874,4106,97957,13.8,8.4,25.2,32.1
07875,4539,34322,6.4,13.6,44.2,39.7
07876,1203,81613,13.8,9.4,20.5,21.3
07877,1519,47014,10.9,12.2,21.6,21.7
07878,1578,95891,3.9,9.8,43.3,16.2
07879,4014,100249,7.6,5.1,32.1,19.2
07880,3842,89322,8.7,5.4,21.6,32.6
07881,3056,131316,7.2,15.3,31.8,27.7
07882,1482,45835,4.4,15.3,24.8,24.3
07883,2674,125968,9.6,5.7,34.0,34.2
07884,3484,128166,4.6,19.0,49.7,32.7
07885,1669,115415,14.0,5.5,20.4,17.5
07886,1994,69939,13.4,14.7,43.4,32.7
07887,2343,35086,8.7,12.9,31.0,26.1
07888,1966,59283,3.8,22.7,43.5,19.7
07889,128,91119,9.6,16.5,33.4,31.0
07890,805,56860,10.1,21.4,42.5,18.4
07891,1120,148246,13.7,25.0,36.5,39.8
07892,2163,137257,3.8,8.5,42.3,37.0
07893,1546,51622,11.3,6.3,35.4,20.9
07894,3764,148338,9.8,20.5,40.1,29.8
07895,3087,74271,5.1,17.6,33.8,38.8
07896,3702,77436,4.5,17.7,27.1,37.2
07897,3785,65676,11.3,11.3,42.7,24.3
07898,3468,77406,7.1,7.0,35.0,30.5
07899,3681,88109,15.0,19.4,31.7,33.0
07900,2862,55173,13.7,15.9,49.7,18.2
07901,4137,135061,9.8,15.0,21.6,27.8
07902,672,134798,10.7,19.7,41.8,33.5
07903,4188,106791,4.9,24.8,32.4,15.8
07904,714,29459,13.7,19.8,30.0,20.3
07905,4150,112485,8.5,23.7,46.9,26.9
07906,425,92504,9.3,13.0,43.3,31.7
07907,3840,60299,13.5,23.0,20.6,39.8
07908,458,148731,3.1,19.5,42.1,37.2
07909,3877,120157,8.9,12.4,20.2,32.9
07910,2471,129693,10.5,15.2,21.4,22.6
07911,1821,76081,4.9,9.0,27.6,39.1
07912,1449,141631,3.8,6.6,49.4,33.6
07913,3796,99491,9.4,14.3,31.7,31.9
07914,3996,142984,9.6,24.9,37.1,36.6
07915,4360,79428,7.0,22.4,43.4,28.8
07916,1696,117790,13.6,5.3,27.9,27.1
07917,1727,79877,6.6,24.4,48.2,15.7
07918,2602,53387,9.2,14.4,33.8,28.9
07919,3908,56084,5.2,8.6,46.3,33.9
07920,292,25901,3.1,23.3,33.6,16.6
07921,2774,55905,8.1,23.5,47.2,37.8
07922,3945,116630,9.3,21.9,45.8,33.4
07923,2677,63733,12.2,17.4,30.3,31.0
07924,191,126560,8.4,9.7,22.6,37.0
07925,4334,128810,6.3,9.8,21.9,20.8
07926,580,55999,10.3,24.3,34.0,29.1
07927,3016,135482,7.6,10.6,21.2,28.7
07928,4535,148621,5.8,13.4,38.7,17.9
07929,1175,143241,13.9,20.1,44.2,25.4
07930,2613,81584,9.4,21.5,46.0,36.4
07931,898,26693,5.4,13.2,48.4,36.5
07932,4670,80647,11.1,12.9,22.5,36.1
07933,4049,59897,12.6,12.1,46.3,17.2
07934,704,61779,12.1,12.8,23.0,22.4
07935,3079,142940,10.2,20.2,49.7,32.3
07936,697,26365,9.2,6.2,23.3,15.6
07937,1632,33387,12.3,21.0,49.9,21.8
07938,613,96739,11.5,9.3,32.3,22.9
07939,1977,57918,9.9,8.2,42.2,36.8
07940,4072,30180,10.9,7.4,25.3,39.8
07941,3943,55342,5.0,9.7,22.5,25.4
07942,1799,144211,3.2,21.7,40.2,30.8
07943,1129,81246,14.2,15.8,36.6,28.9
07944,4695,123634,14.2,10.4,47.2,39.3
07945,816,118222,12.5,8.7,40.4,37.6
07946,4186,77476,7.5,20.4,39.1,27.0
07947,765,148769,4.8,15.1,39.6,30.7
07948,2308,75106,7.3,7.4,32.0,15.5
07949,1179,69649,11.7,12.5,41.7,25.7
07950,327,97936,7.0,13.9,46.8,27.0
07951,248,144137,12.6,12.1,40.7,15.4
07952,1169,68908,11.1,10.3,23.4,18.6
07953,4827,52817,10.6,11.6,33.6,28.6
07954,1463,80512,14.2,19.8,32.1,34.2
07955,4608,101123,13.7,24.1,34.5,37.6
07956,1855,59812,11.5,5.5,28.7,17.1
07957,619,63413,5.4,17.5,36.7,25.5
07958,3644,113474,14.3,6.5,44.1,32.8
07959,2422,44983,5.7,9.0,30.1,33.6
07960,1202,81026,7.5,15.9,47.6,17.0
07961,697,48425,12.9,20.9,28.3,23.8
07962,3373,30010,5.5,13.7,35.0,17.7
07963,4149,78142,10.7,22.6,39.6,29.5
07964,2705,98384,8.5,19.3,44.6,28.4
07965,2288,112565,10.5,8.9,40.0,15.1
07966,4925,69974,14.5,18.7,46.4,24.6
07967,688,72346,12.7,11.4,44.9,21.8
07968,4572,106726,6.5,20.3,26.1,35.4
07969,1507,74113,3.7,9.6,31.1,38.1
07970,4946,84399,14.6,7.9,20.9,24.6
07971,4822,122562,10.0,17.8,28.6,21.0
07972,3490,134166,5.1,17.3,20.5,34.7
07973,3540,42959,10.5,16.5,40.6,39.5
07974,1729,144707,3.5,9.9,41.3,23.0
07975,1094,130027,5.3,9.1,43.5,16.2
07976,4898,96290,10.6,23.2,24.3,33.2
07977,2159,149732,7.8,15.7,29.7,33.3
07978,4672,27213,6.9,13.1,38.9,23.3
07979,3086,75378,10.9,21.4,45.6,29.1
07980,500,34855,13.4,6.0,45.5,17.0
07981,2955,99091,11.1,18.5,32.1,31.9
07982,2324,73279,8.6,7.9,29.9,32.8
07983,3512,141635,10.9,9.5,33.9,20.1
07984,156,30544,11.3,17.8,24.8,34.8
07985,1975,46137,12.3,10.6,26.9,15.8
07986,4643,126936,6.7,20.6,20.5,35.4
07987,4398,96124,4.4,15.4,42.4,36.6
07988,3868,64426,11.2,11.5,49.8,16.5
07989,4933,116386,4.5,22.3,22.3,37.1
07990,4397,89588,8.5,17.6,24.5,33.2
07991,1453,100173,5.8,13.4,26.1,23.3
07992,2510,29827,7.0,14.1,36.3,15.7
07993,4411,118069,8.6,10.4,31.6,38.6
07994,2702,63906,13.8,7.2,22.4,24.5
07995,3034,102184,11.2,11.1,20.1,31.3
07996,122,63747,5.1,10.3,30.1,21.2
07997,2302,40738,13.6,11.7,33.3,38.6
07998,1309,104075,9.0,14.4,40.7,19.8
07999,2396,35357,5.5,6.3,49.4,20.0
08000,848,116121,9.3,7.1,32.4,36.8
08001,904,145074,5.3,19.6,35.6,17.2
08002,233,106130,7.4,8.7,42.0,36.2
08003,4516,63055,12.7,11.8,32.5,19.0
08004,2537,68779,10.9,17.7,37.9,32.4
08005,533,73033,8.7,24.5,31.0,24.3
08006,3771,84072,5.7,7.7,49.7,23.6
08007,3836,132191,6.4,20.1,26.7,33.9
08008,4139,29617,14.7,14.8,42.5,32.9
08009,2198,76536,7.1,6.9,22.7,23.9
08010,3017,67342,10.4,8.4,28.1,18.5
08011,352,35687,9.0,18.9,41.0,24.1
08012,4934,31796,3.3,22.6,29.2,31.1
08013,1229,77757,14.3,5.2,29.2,15.0
08014,3364,84191,4.1,9.5,26.2,36.4
08015,401,64801,10.9,12.2,22.5,38.7
08016,2077,84072,12.7,24.8,30.6,36.9
08017,2863,31747,12.0,18.0,22.9,31.2
08018,4105,136712,12.7,12.2,49.6,26.4
08019,3341,82996,11.9,9.0,29.1,17.0
08020,3157,32936,8.3,9.5,35.9,33.1
08021,650,57293,13.8,6.0,28.2,24.9
08022,1687,107678,13.9,24.9,26.9,22.2
08023,1922,124583,8.2,24.6,41.6,23.3
08024,3317,140129,8.8,5.2,30.9,15.7
08025,3596,37696,8.8,10.4,25.0,28.6
08026,4509,38097,6.3,5.4,26.0,34.1
08027,4379,31228,4.4,11.0,46.3,35.5
08028,812,85832,6.1,23.0,37.0,35.6
08029,2275,73056,13.1,22.5,39.8,16.8
08030,4172,81868,9.5,18.7,22.6,38.3
08031,3949,118685,13.2,24.7,37.4,36.6
08032,2533,87136,11.9,19.9,25.6,17.8
08033,3401,78345,7.2,9.8,23.6,16.9
08034,370,39141,5.2,21.7,34.6,36.8
08035,1894,110890,9.8,15.2,37.9,38.4
08036,2562,136133,14.2,15.1,30.9,28.3
08037,4393,92062,13.1,21.7,40.7,26.0
08038,3494,57958,12.2,15.7,44.8,32.5
08039,1179,92409,12.2,11.5,38.5,32.5
08040,2978,32958,9.3,23.6,43.5,32.2
08041,4823,101743,5.0,6.5,45.5,37.3
08042,703,97904,6.4,18.2,49.7,29.7
08043,1685,32489,9.9,20.7,37.5,21.1
08044,3157,131172,6.8,6.0,23.3,34.3
08045,4085,49833,12.4,9.7,32.4,30.4
08046,4789,33346,7.5,9.5,42.4,31.8
08047,1495,63374,4.4,22.8,46.1,28.8
08048,3788,70053,12.4,18.0,26.3,29.0
08049,699,110822,11.4,9.3,38.1,26.9
08050,613,68235,6.0,23.2,41.9,23.0
08051,1166,64428,14.8,9.9,49.6,20.4
08052,2986,82237,7.8,18.2,31.5,19.5
08053,2753,135665,11.2,14.0,21.3,38.7
08054,1188,43796,13.9,7.0,48.8,38.8
08055,4485,139711,4.9,20.1,21.4,38.1
08056,4964,72566,13.5,11.6,27.1,37.6
08057,2614,80776,11.4,12.2,36.5,17.5
08058,4069,90457,5.0,9.3,22.6,25.0
08059,3384,131262,11.0,21.1,48.3,37.6
08060,4666,141429,13.5,8.2,37.1,20.5
08061,2296,93696,12.6,9.4,30.9,37.9
08062,4283,53181,12.1,13.1,30.8,39.4
08063,889,28371,4.9,8.0,20.4,38.2
08064,3575,84435,5.3,7.3,44.3,27.6
08065,3253,67020,9.6,15.4,32.3,30.4
08066,1764,137089,10.0,24.1,20.3,38.0
08067,1409,61119,14.3,21.0,43.9,32.1
08068,964,123764,8.6,8.5,47.5,38.8
08069,3963,136784,6.6,16.8,39.3,29.0
08070,3463,92653,5.3,20.9,49.5,30.7
08071,3624,96892,3.7,7.9,36.1,24.9
08072,3886,59374,3.8,6.6,22.5,21.2
08073,123,57839,9.9,22.8,49.0,15.4
08074,3103,136419,5.1,9.9,28.9,21.5
08075,410,121435,13.2,15.0,41.5,24.1
08076,1331,96887,10.2,9.2,35.1,32.4
08077,3888,37464,13.4,6.0,25.3,25.6
08078,2811,25706,8.1,15.3,31.7,19.8
08079,4901,40660,10.1,13.7,32.1,22.5
08080,521,108848,9.3,19.5,42.7,23.9
08081,1873,87323,14.8,22.1,28.4,22.4
08082,3668,27798,12.6,7.8,49.8,17.5
08083,1046,50753,10.1,8.4,44.8,22.3
08084,1286,66113,10.3,24.0,38.6,23.9
08085,1934,74181,6.0,13.4,35.7,37.6
08086,1664,54722,11.8,24.1,42.3,17.2
08087,2047,111991,14.8,11.8,48.6,15.3
08088,1408,93847,4.6,12.0,49.9,33.1
08089,3086,86170,10.6,19.1,46.0,23.5
08090,486,146475,9.2,6.9,20.9,36.6
08091,1261,54362,13.2,13.3,49.0,21.5
08092,3358,76026,3.0,12.6,42.0,22.6
08093,4911,72201,4.6,5.7,38.4,37.2
08094,4033,131732,3.4,11.3,25.3,26.7
08095,2947,73974,5.0,13.0,23.8,15.1
08096,4621,117297,11.5,6.2,33.7,21.5
08097,1539,37917,4.7,5.4,41.6,33.4
08098,3542,66577,10.5,17.0,42.4,32.0
08099,4580,42955,13.4,9.1,36.5,39.3
08100,155,81365,3.4,12.3,44.2,38.9
08101,3424,120847,3.3,6.6,37.4,35.2
08102,205,109357,14.9,7.0,32.9,34.4
08103,3301,48915,11.1,8.1,31.0,25.7
08104,769,86799,4.7,5.6,28.7,18.2
08105,4571,140269,6.7,20.2,44.6,37.6
08106,842,141942,14.8,23.1,26.6,35.7
08107,1066,129156,5.7,15.4,47.0,29.3
08108,407,123904,12.0,21.3,29.2,38.9
08109,2238,99706,5.9,7.7,32.8,38.3
08110,3564,33706,7.8,14.0,24.5,31.0
08111,4997,88409,13.6,7.9,23.3,25.0
08112,209,42193,3.3,24.9,24.2,34.5
08113,3732,125789,6.7,6.2,42.0,33.5
08114,4535,97934,8.8,13.9,40.6,33.4
08115,2015,108366,10.5,7.2,41.1,22.7
08116,4363,41852,3.3,6.4,45.5,29.1
08117,656,42013,7.9,19.7,26.1,20.1
08118,204,110302,7.1,6.6,27.8,37.9
08119,2147,31538,3.3,5.5,48.8,26.7
08120,245,123417,7.3,24.0,23.2,39.0
08121,2863,75377,14.2,8.7,28.4,37.8
08122,973,72645,6.3,21.9,48.9,36.0
08123,398,46867,10.0,24.1,36.4,29.6
08124,3338,103070,6.6,20.0,47.8,32.3
08125,745,108536,4.3,7.1,44.2,30.4
08126,4833,61085,6.5,8.4,48.5,17.0
08127,3178,114271,8.6,8.6,42.2,30.1
08128,2611,114500,6.6,18.1,27.9,19.3
08129,883,146104,10.5,8.6,42.8,31.6
08130,470,78792,14.4,5.6,31.8,33.5
08131,586,30733,3.8,14.2,24.8,30.4
08132,2137,117782,11.6,16.8,27.4,39.6
08133,3296,145306,3.0,14.2,28.8,21.1
08134,1460,111733,3.0,14.8,23.1,31.7
08135,4387,103601,4.6,14.1,32.1,24.2
08136,4925,60305,8.8,10.3,48.3,22.0
08137,2361,72318,3.6,24.1,25.8,25.3
08138,2721,110094,11.7,21.8,49.3,39.9
08139,1056,82126,3.4,11.5,34.6,31.8
08140,480,109142,8.9,5.8,42.8,31.3
08141,3749,131325,11.1,22.2,23.4,25.9
08142,4993,90587,5.9,19.8,45.9,24.6
08143,338,109264,10.0,6.6,37.3,26.6
08144,1205,104835,6.1,19.0,23.9,31.9
08145,1486,117334,5.6,14.1,35.0,22.0
08146,2652,111984,12.8,7.6,40.4,22.9
08147,2349,113406,7.0,19.5,32.4,36.1
08148,1627,112750,12.8,12.1,29.7,34.6
08149,1767,144383,5.6,23.2,29.1,35.4
08150,4232,94802,7.3,5.9,36.0,35.3
08151,2791,36300,4.2,23.7,33.2,24.8
08152,3772,92194,9.0,6.8,42.2,27.6
08153,2096,114288,7.6,5.7,48.5,15.6
08154,1525,144871,3.1,16.6,25.4,29.5
08155,2912,53133,8.6,17.2,35.3,19.1
08156,3347,103278,3.9,9.0,34.7,24.1
08157,2692,41059,13.0,22.5,32.0,36.7
08158,1590,87166,8.9,21.0,42.4,24.1
08159,1324,38720,11.3,10.7,33.7,27.1
08160,2687,83230,12.9,13.9,22.8,23.0
08161,3164,118165,3.6,20.7,35.1,35.4
08162,932,101530,7.0,21.7,42.6,21.3
08163,4792,112541,3.3,20.9,48.8,15.1
08164,2540,45394,3.6,10.4,23.4,19.0
08165,4895,25635,3.5,20.3,39.0,38.5
08166,1746,101742,8.7,17.7,30.6,21.4
08167,540,89197,8.4,15.5,26.8,19.9
08168,1629,69845,3.7,24.3,37.9,26.5
08169,3065,47805,6.1,17.0,31.8,21.1
08170,2467,84426,5.9,22.4,22.2,24.8
08171,3386,139288,6.6,20.0,46.9,19.5
08172,4763,139862,10.7,5.9,33.0,36.9
08173,4431,50632,11.4,10.3,48.9,19.2
08174,1404,149628,7.1,17.2,26.7,18.7
08175,3134,36660,12.5,13.8,21.7,34.6
08176,3788,51877,8.0,24.1,20.9,31.8
08177,4073,99295,9.3,16.7,38.5,26.3
08178,1285,135914,4.7,23.6,45.1,25.5
08179,3362,63924,5.8,9.1,39.2,19.6
08180,2207,72153,11.7,23.0,44.7,35.7
08181,1940,84127,14.7,15.7,35.5,32.4
08182,4420,73360,11.5,9.3,23.4,30.1
08183,2847,122208,3.7,12.8,44.2,19.8
08184,4777,73097,4.7,24.4,30.9,34.4
08185,4364,49091,8.3,24.2,40.8,25.6
08186,3233,56335,11.8,5.4,23.4,34.0
08187,3520,97545,5.0,11.1,28.5,37.5
08188,1565,92679,12.0,23.0,32.4,27.5
08189,4209,119550,9.7,5.7,49.0,33.7
08190,2311,64767,12.3,24.1,39.1,21.6
08191,2904,84584,9.7,12.8,40.8,24.0
08192,1643,68518,10.2,7.3,43.3,35.1
08193,1789,108394,6.0,11.0,34.8,15.8
08194,1671,144932,11.6,21.2,24.7,34.3
08195,4641,114168,13.1,25.0,29.2,23.5
08196,3379,111022,13.5,7.7,27.4,39.7
08197,3641,90865,3.4,17.8,46.9,38.3
08198,4911,37370,10.5,23.5,41.9,28.4
08199,3123,38847,14.9,23.0,36.6,17.1
08200,918,122160,10.0,12.7,27.3,32.8
08201,4621,76825,5.1,22.3,24.7,17.4
08202,1224,95158,13.5,8.8,37.7,17.8
08203,1229,63000,6.2,17.6,23.9,23.6
08204,1802,146271,3.5,17.0,33.6,33.9
08205,2101,140577,8.2,20.7,37.4,21.2
08206,3978,114941,4.2,9.6,30.7,38.0
08207,4472,115873,4.4,17.6,47.8,25.6
08208,1906,83367,8.6,17.2,22.8,33.7
08209,3047,92216,10.4,6.7,32.7,19.8
08210,3309,137658,13.9,11.6,46.9,23.2
08211,2252,72112,11.5,9.1,25.3,25.4
08212,4741,63719,13.1,25.0,38.8,20.3
08213,4305,52832,7.9,24.8,37.4,37.8
08214,644,148941,6.8,10.0,47.1,37.3
08215,2501,97402,10.1,21.2,46.6,25.1
08216,4938,50479,11.3,21.3,47.4,39.1
08217,2464,74285,9.8,23.7,37.4,17.7
08218,1389,145752,6.2,7.6,25.4,15.1
08219,3865,108045,7.4,18.4,24.1,35.0
08220,1975,133460,8.4,9.1,43.1,20.4
08221,4528,71228,3.2,18.2,32.6,34.1
08222,4787,76191,13.6,22.4,27.4,33.2
08223,882,29188,9.1,6.6,40.0,38.0
08224,639,60617,12.0,17.7,43.2,20.9
08225,2882,118323,5.1,15.8,47.3,38.9
08226,2768,28366,9.7,8.5,21.3,17.2
08227,4814,77063,14.1,9.8,23.2,35.9
08228,4037,103597,5.6,15.4,40.4,25.0
08229,3056,40952,7.2,22.2,24.5,15.8
08230,3822,43975,7.7,18.5,23.8,24.5
08231,3967,29283,7.6,5.5,25.5,36.3
08232,1933,84527,10.2,7.5,29.0,29.6
08233,2246,45645,7.7,22.7,46.6,15.1
08234,2270,36740,11.1,18.1,44.1,30.8
08235,3491,81286,8.8,5.4,30.0,17.5
08236,1716,123548,4.9,16.9,38.8,26.1
08237,4717,30128,14.4,8.4,40.7,18.8
08238,1016,71515,5.9,23.4,49.6,31.4
08239,4912,99907,9.7,7.4,22.4,38.7
08240,2856,111845,3.7,6.5,30.8,15.6
08241,2036,80983,14.0,17.9,48.4,16.8
08242,4142,75930,14.1,20.9,36.0,34.4
08243,3191,80462,7.4,10.5,43.5,17.5
08244,4755,117647,4.5,11.0,26.9,37.6
08245,1068,33628,12.2,12.1,28.6,36.5
08246,3464,100998,6.1,20.3,46.8,40.0
08247,3303,113254,11.4,10.2,40.2,20.4
08248,989,63674,14.0,6.8,45.1,34.1
08249,892,84168,10.1,11.2,26.4,31.7
08250,3558,121831,13.3,24.3,27.2,25.7
08251,1081,66753,5.7,13.7,28.8,24.5
08252,3631,119380,13.9,16.2,44.8,33.8
08253,3629,149160,5.7,20.2,26.5,24.1
08254,901,51314,5.7,16.2,40.1,15.8
08255,142,148329,13.6,18.1,29.7,29.0
08256,3449,32668,9.7,22.6,38.3,37.1
08257,1877,92490,12.6,12.5,32.9,16.0
08258,3301,104948,12.6,7.2,27.8,21.2
08259,449,99342,10.8,6.9,39.9,18.2
08260,1667,147081,5.3,20.7,40.8,20.6
08261,1229,148618,11.3,18.1,42.7,17.4
08262,3059,43015,3.8,16.3,44.7,36.7
08263,3887,46420,5.4,23.6,28.1,19.9
08264,1880,102899,10.7,17.5,31.6,20.5
08265,683,89544,13.9,6.0,39.6,29.3
08266,4627,77817,12.3,14.4,40.3,32.5
08267,3477,131564,7.0,9.3,49.8,35.3
08268,3501,100602,12.9,17.4,26.2,36.2
08269,3285,72518,14.6,8.8,37.4,17.7
08270,2294,31874,7.0,17.9,23.5,20.8
08271,1262,89959,5.2,22.7,23.8,17.8
08272,398,121617,5.4,6.5,32.9,35.5
08273,3447,107789,7.8,10.2,36.7,27.1
08274,2039,67353,3.6,18.5,26.2,32.7
08275,888,36662,8.9,19.2,21.7,28.2
08276,2989,39125,11.8,16.7,30.2,19.9
08277,1477,77343,9.4,7.8,26.6,19.5
08278,2049,44503,14.6,9.9,22.7,17.1
08279,3372,141803,8.5,23.1,44.8,27.9
08280,977,106234,3.2,21.4,37.5,17.2
08281,3842,81404,8.6,24.0,41.7,23.8
08282,1677,86309,14.2,13.2,42.8,29.2
08283,3239,40271,4.2,13.8,24.5,35.2
08284,2592,25376,5.7,10.2,28.1,38.5
08285,2855,120616,11.6,15.5,21.7,21.0
08286,2003,133819,6.5,21.6,46.7,23.8
08287,1482,43325,12.2,10.0,43.7,22.0
08288,4340,105821,8.0,7.8,28.3,16.6
08289,2422,25204,12.6,20.0,29.3,29.4
08290,2656,115856,9.6,18.9,37.6,34.1
08291,1961,101864,4.0,21.6,37.9,37.1
08292,1966,32054,7.6,20.0,46.1,27.1
08293,4147,80100,7.0,13.4,20.9,20.1
08294,3275,146934,12.7,8.1,47.7,35.7
08295,1198,51125,10.5,19.3,46.1,32.8
08296,1834,111340,12.3,22.6,35.2,34.0
08297,4763,43809,7.5,8.1,23.5,17.6
08298,3516,52440,11.3,15.4,38.6,26.8
08299,4726,110893,3.8,11.6,38.6,15.3
08300,780,136272,3.4,15.4,22.7,38.4
08301,2170,42054,6.4,5.6,48.0,27.1
08302,4924,89115,12.3,12.1,38.8,18.1
08303,1829,77569,9.4,14.7,36.3,30.1
08304,2291,28065,7.9,8.0,37.3,35.3
08305,767,59495,13.8,13.1,35.9,19.9
08306,1712,30976,9.0,8.5,22.8,32.2
08307,780,121690,10.4,9.3,43.0,18.0
08308,1072,45410,14.8,24.6,20.1,31.4
08309,2946,147550,9.3,17.0,44.7,32.5
08310,2232,106273,12.4,12.8,24.3,30.1
08311,2563,63832,8.0,15.4,29.3,38.2
08312,2629,61582,3.4,12.7,31.0,26.4
08313,2603,92239,13.0,17.0,33.2,27.1
08314,4492,85430,14.3,5.0,34.0,18.5
08315,3283,98157,8.2,9.7,39.0,25.2
08316,4133,38544,9.0,24.8,33.6,34.2
08317,3267,97966,8.1,7.2,42.6,15.4
08318,3097,144229,15.0,6.6,23.4,21.4
08319,3327,123357,13.8,14.9,29.4,23.7
08320,2252,74843,3.5,10.8,27.4,39.9
08321,1828,129370,12.3,15.7,29.4,39.8
08322,2124,102827,10.2,24.2,26.0,27.8
08323,429,131752,3.3,7.5,46.1,31.9
08324,2586,143120,8.3,13.8,34.7,24.9
08325,1255,124137,4.8,20.2,38.7,15.4
08326,1990,138903,13.5,8.2,42.6,24.1
08327,4577,68489,3.2,19.2,29.2,17.3
08328,2285,96330,13.5,13.0,46.2,18.1
08329,2417,57749,14.3,17.4,33.5,19.8
08330,3721,56180,3.9,15.5,39.1,38.3
08331,4591,34353,11.6,14.0,20.8,32.4
08332,2611,110442,9.6,14.6,32.7,33.6
08333,549,71403,14.5,7.9,28.8,19.9
08334,1454,82816,12.6,13.7,21.1,34.5
08335,1393,47244,11.3,20.1,30.5,27.3
08336,2565,108946,14.1,22.9,45.2,36.5
08337,3202,100365,4.9,17.5,46.8,24.0
08338,1949,126852,7.5,21.5,37.1,19.8
08339,3275,73669,13.1,15.2,49.5,39.3
08340,4381,73934,4.2,9.3,47.7,34.6
08341,3299,38046,14.2,19.5,40.1,39.6
08342,1333,75057,11.9,19.0,26.0,37.2
08343,1537,47748,8.3,5.1,23.6,32.4
08344,3452,72275,7.1,14.6,39.8,24.6
08345,4130,91719,4.8,23.7,32.2,30.4
08346,352,35411,4.1,24.7,21.5,29.8
08347,118,87526,8.1,14.1,47.1,17.9
08348,2859,69604,13.1,19.4,21.5,28.5
08349,322,58856,9.4,5.4,43.7,33.0
08350,102,58960,8.4,10.4,36.3,16.5
08351,1359,141816,6.8,19.4,32.8,34.6
08352,4423,122014,4.9,18.1,40.4,18.8
08353,4694,30387,14.9,18.2,34.5,29.8
08354,2668,77603,3.3,18.9,37.7,15.3
08355,1985,86185,6.7,13.6,37.4,28.6
08356,1399,137712,12.2,23.8,38.0,16.3
08357,2438,58099,9.2,12.3,49.7,15.4
08358,1176,132707,6.8,23.0,28.8,29.5
08359,3858,75200,14.9,6.2,29.2,20.3
08360,3281,37280,10.4,22.0,30.9,29.2
08361,4910,27275,6.5,11.1,47.1,31.7
08362,1047,63005,13.2,18.2,36.6,27.5
08363,3838,136723,4.8,6.1,47.8,17.6
08364,2831,31385,8.6,6.6,42.7,33.8
08365,4107,75786,13.1,6.1,27.5,24.6
08366,969,85949,14.8,14.7,37.1,33.1
08367,193,98184,7.6,13.3,22.4,30.7
08368,3087,123806,4.7,11.4,36.8,23.1
08369,4755,28569,9.8,13.9,25.7,38.7
08370,1875,132575,14.3,11.3,32.3,30.3
08371,2360,130620,11.0,22.4,37.3,19.9
08372,535,50910,10.2,16.3,25.8,20.9
08373,4400,111567,6.7,11.2,42.6,21.4
08374,3244,78170,10.3,14.1,34.4,35.7
08375,3687,94752,13.6,22.3,46.2,32.1
08376,176,96427,7.5,13.2,29.3,17.5
08377,915,133569,5.9,13.5,43.0,26.9
08378,867,86398,8.8,11.8,20.7,32.1
08379,3785,79383,7.5,10.2,36.6,27.9
08380,205,56600,8.6,14.4,45.4,19.5
08381,4016,41315,4.1,19.7,44.9,18.6
08382,2973,115134,7.0,12.4,37.0,39.5
08383,3446,49232,12.9,9.5,38.6,20.8
08384,3248,51425,7.8,18.2,43.0,16.0
08385,3248,147119,14.6,21.2,36.3,25.7
08386,1565,100891,11.5,5.4,44.0,36.2
08387,2687,91015,7.4,17.6,38.1,31.7
08388,344,109274,6.0,23.0,24.5,20.7
08389,2725,105102,11.2,6.8,43.0,25.2
08390,3949,68499,6.6,23.0,30.7,29.8
08391,1505,79016,14.1,7.4,46.5,30.4
08392,1081,75295,4.4,24.9,31.6,31.7
08393,3908,125637,3.3,15.2,27.3,32.4
08394,241,79235,5.7,19.6,29.1,16.7
08395,992,82104,10.3,6.3,25.5,18.0
08396,2499,48958,13.0,7.0,33.5,19.8
08397,4740,87821,5.0,24.3,42.4,21.5
08398,3060,72993,10.0,24.8,39.8,24.0
08399,2299,46655,4.7,10.5,46.1,33.5
08400,1569,142333,9.8,11.8,20.6,31.9
08401,2800,46828,3.2,5.2,42.8,39.2
08402,3105,138496,9.7,24.1,38.3,28.6
08403,4958,129371,9.3,23.4,48.9,23.2
08404,3474,74990,3.5,7.3,44.9,31.4
08405,4819,81565,11.3,12.3,28.4,28.3
08406,755,84193,9.9,24.3,45.9,23.7
08407,2868,65959,10.5,7.5,46.3,18.4
08408,142,70973,9.4,22.5,44.7,18.4
08409,2411,52962,11.7,9.0,35.8,23.2
08410,1760,128339,9.3,6.4,45.5,25.3
08411,4791,101580,14.1,7.8,29.5,37.9
08412,2324,27209,14.3,19.2,30.5,25.5
08413,2210,89099,11.7,7.7,39.4,25.7
08414,1057,100120,13.9,5.1,20.8,28.9
08415,660,36448,14.1,20.5,39.5,26.2
08416,1430,144736,6.1,18.1,29.6,25.0
08417,1412,92495,14.9,22.6,46.9,35.6
08418,1921,25275,6.2,16.6,32.4,30.4
08419,3102,46008,3.2,5.9,42.5,30.5
08420,3503,116571,14.5,5.4,28.2,24.3
08421,2751,85675,5.7,20.7,29.9,25.1
08422,1914,83302,10.0,22.8,25.6,29.4
08423,1841,125145,14.6,21.0,27.2,15.7
08424,4801,102787,3.6,12.5,23.2,28.9
08425,3908,45529,6.2,18.2,38.5,15.1
08426,2977,40631,10.3,6.6,45.2,39.3
08427,3370,104082,12.2,19.4,28.5,34.3
08428,4183,72687,12.7,10.0,29.1,26.0
08429,845,121060,13.6,23.7,47.3,25.4
08430,657,96211,5.0,11.8,22.7,34.7
08431,3401,81209,7.4,11.8,22.7,34.2
08432,1041,147869,11.6,10.7,43.1,23.7
08433,4123,36569,11.6,17.7,27.5,30.1
08434,2396,134020,6.7,6.9,35.9,37.6
08435,1039,74639,6.7,6.1,33.7,38.7
08436,1710,141815,6.8,18.9,36.7,38.0
08437,1825,63173,13.7,23.9,22.6,17.1
08438,1084,80856,13.9,19.9,31.4,31.2
08439,1687,65033,3.2,10.0,39.2,20.9
08440,4121,63365,6.9,12.2,26.7,29.4
08441,1436,59708,7.7,9.1,24.5,15.9
08442,3237,133949,14.8,18.7,33.2,36.7
08443,761,53590,14.3,9.7,48.3,34.6
08444,132,89024,10.5,16.4,48.5,21.8
08445,3514,36989,3.5,21.8,45.5,29.7
08446,1256,131039,5.3,15.3,27.7,39.2
08447,3226,127654,8.2,16.9,40.8,38.9
08448,160,58727,14.5,24.4,48.9,32.7
08449,4028,139331,4.1,11.4,40.4,21.0
08450,1643,64398,12.5,20.9,38.3,30.2
08451,371,63560,5.3,18.7,23.5,27.0
08452,4176,122473,9.1,7.3,42.4,31.4
08453,3488,60331,12.2,24.8,43.0,37.3
08454,2852,58231,11.3,18.8,25.1,33.0
08455,2809,89267,12.3,5.3,32.0,15.3
08456,1254,35128,12.8,19.4,37.0,25.4
08457,4505,49055,6.7,7.7,27.4,17.2
08458,3953,119243,7.4,10.9,49.5,16.5
08459,1845,82359,12.8,12.0,25.0,19.7
08460,3532,53646,3.5,11.2,48.9,37.1
08461,437,124222,9.2,19.9,25.0,35.4
08462,109,129391,14.0,20.1,34.8,28.7
08463,4244,121120,13.6,15.6,49.6,35.9
08464,830,121904,12.7,16.3,25.9,37.5
08465,4990,92149,3.3,11.3,42.1,17.2
08466,1748,99550,13.7,5.5,35.3,37.6
08467,4328,27120,13.9,12.0,32.7,15.6
08468,3754,28391,11.0,5.2,32.5,36.0
08469,2230,35158,6.6,22.3,36.7,29.4
08470,4571,122524,8.9,17.8,43.0,15.6
08471,2496,125185,12.2,24.6,29.8,24.1
08472,4466,66699,12.8,8.7,49.9,17.6
08473,1606,48746,7.1,18.2,47.2,28.0
08474,2258,38045,6.9,8.8,34.7,25.2
08475,3016,79153,11.8,17.8,36.0,19.6
08476,4271,134562,11.2,14.8,41.7,35.1
08477,3329,65024,9.2,18.3,28.8,29.1
08478,3703,94379,8.0,19.5,35.0,34.2
08479,1766,83141,10.9,15.5,30.3,24.1
08480,4524,31129,3.4,14.9,32.8,27.3
08481,4236,93746,3.9,6.4,44.1,21.1
08482,3069,116698,9.9,12.3,35.2,15.1
08483,2789,135226,5.5,11.0,45.0,38.7
08484,2426,100505,12.3,17.5,25.8,37.0
08485,2910,63284,12.3,10.5,39.9,17.0
08486,2616,73056,11.5,9.6,45.9,19.9
08487,3571,125835,13.8,22.0,25.6,32.9
08488,112,35626,4.7,21.6,34.4,21.7
08489,3070,79639,6.1,11.6,47.2,32.0
08490,3721,119029,6.0,6.7,48.5,21.9
08491,3783,45937,12.4,15.0,42.9,20.9
08492,3573,133965,9.3,14.0,39.7,18.2
08493,3222,43663,6.0,22.4,25.2,19.0
08494,3564,121794,4.6,15.9,49.3,36.4
08495,752,100095,13.7,23.9,20.5,37.7
08496,720,68727,11.3,14.7,36.2,32.1
08497,3890,32305,9.3,18.3,25.6,33.5
08498,1745,116509,14.6,14.6,48.4,38.2
08499,2343,46940,13.2,11.4,39.8,29.3
08500,4612,123458,5.1,5.5,46.3,17.5
08501,4859,89006,9.1,20.9,33.0,39.8
08502,3591,69146,8.8,23.1,42.1,31.7
08503,3811,148995,13.1,19.7,41.1,38.1
08504,3788,38657,4.8,10.4,45.9,19.7
08505,1479,143353,8.4,21.3,21.3,39.1
08506,4343,146415,10.6,17.3,36.1,38.2
08507,2145,108034,14.3,18.7,42.6,16.7
08508,3148,25699,13.8,6.3,49.5,16.4
08509,1488,98101,9.4,16.6,41.2,19.0
08510,501,135696,10.3,16.2,37.9,19.7
08511,2753,146643,13.2,18.2,35.4,22.4
08512,4424,32109,11.9,20.4,29.5,34.7
08513,4023,99323,13.6,13.1,24.1,18.0
08514,367,75165,13.8,8.1,47.7,16.8
08515,4321,50115,13.0,23.5,25.5,28.8
08516,1825,106174,3.1,20.5,41.6,28.8
08517,1212,90547,6.7,15.8,43.7,30.6
08518,2775,35135,7.8,12.1,45.8,34.0
08519,4884,130778,11.1,24.7,29.6,17.3
08520,1380,45843,6.7,6.9,46.6,29.6
08521,1332,25661,6.9,23.7,35.2,27.1
08522,4476,136933,7.8,13.1,25.3,24.1
08523,4638,144321,14.5,6.9,23.1,17.4
08524,1963,97917,8.2,12.6,22.8,28.3
08525,4584,86753,4.7,20.0,39.5,15.9
08526,716,46958,3.1,13.5,41.7,39.3
08527,246,34614,5.8,14.9,33.8,37.1
08528,4716,96407,14.3,21.5,25.4,37.4
08529,4825,149125,14.5,17.3,48.5,22.3
08530,3777,91115,9.3,18.4,32.5,19.3
08531,388,115373,10.8,8.1,22.3,17.4
08532,1509,74647,12.6,10.0,27.3,26.2
08533,113,138262,3.7,13.2,38.1,16.1
08534,356,127529,7.5,7.2,34.3,34.0
08535,1821,104006,10.7,10.6,35.1,27.6
08536,1523,103615,13.8,21.7,28.2,32.7
08537,3090,40650,11.7,5.4,20.1,32.8
08538,1295,112854,7.2,6.0,24.2,27.8
08539,4659,38854,13.9,18.7,48.2,33.5
08540,4465,92672,11.0,12.7,37.6,38.5
08541,1344,95599,13.0,20.5,24.9,15.2
08542,3323,79603,7.6,23.6,25.6,21.0
08543,3570,148509,3.0,10.3,47.5,37.6
08544,4267,115617,5.0,5.7,26.4,32.5
08545,4069,114217,14.1,14.1,22.6,29.2
08546,1406,41590,3.4,24.3,48.2,28.6
08547,2221,69391,10.2,15.9,27.3,25.0
08548,2502,60898,7.9,12.5,46.1,30.0
08549,596,105991,8.2,16.0,43.4,30.7
08550,3499,43238,7.8,8.3,29.9,24.1
08551,3706,79730,3.8,20.0,49.3,24.6
08552,1009,63032,4.5,18.6,48.0,20.7
08553,472,130781,3.8,19.5,29.2,29.4
08554,4557,43044,3.6,11.0,26.7,27.7
08555,1444,147772,4.0,21.3,21.5,26.5
08556,423,117693,11.4,22.9,47.6,30.3
08557,2531,130852,4.4,24.1,46.4,31.2
08558,4770,40712,6.1,17.8,40.5,25.0
08559,4931,29979,10.9,12.0,47.5,34.9
08560,2884,128350,4.3,12.8,28.7,16.9
08561,2493,99012,13.9,16.3,23.2,25.0
08562,4020,124022,8.7,16.5,43.4,29.9
08563,1315,86332,14.6,20.8,49.3,18.7
08564,1795,131997,5.3,6.7,27.6,20.7
08565,2007,41641,3.4,16.3,26.6,30.5
08566,4914,55711,10.1,12.0,48.2,28.4
08567,880,144593,6.9,21.7,41.6,20.3
08568,1119,137691,9.9,12.0,28.5,25.5
08569,3365,109517,8.7,14.4,36.8,34.9
08570,1503,67882,8.5,9.6,34.3,28.6
08571,1526,89152,13.2,10.9,42.0,34.5
08572,763,65780,5.3,16.1,32.7,21.6
08573,2747,83583,9.0,13.5,32.2,17.3
08574,110,73573,8.0,9.0,45.5,22.4
08575,1138,52870,11.1,14.5,41.2,16.8
08576,2925,113718,3.6,8.3,41.6,23.5
08577,3103,60781,9.4,22.6,28.2,30.6
08578,4780,79376,8.7,23.5,33.7,23.0
08579,1175,46001,14.7,9.5,37.8,19.6
08580,3188,144752,12.1,6.0,27.8,16.7
08581,1889,104601,4.9,23.5,49.8,24.6
08582,3136,120208,9.1,11.2,33.5,39.2
08583,4938,25887,12.4,8.8,31.1,31.4
08584,3753,134950,9.3,23.4,45.5,35.0
08585,3275,114201,7.3,22.7,27.4,31.2
08586,4399,91280,7.5,6.1,44.1,32.4
08587,1176,114156,7.4,9.2,48.3,29.5
08588,1073,44820,3.2,21.3,41.6,29.1
08589,1965,46547,11.8,10.3,34.9,28.3
08590,3225,92240,10.3,18.4,23.7,24.6
08591,1399,82554,6.2,5.8,41.0,30.5
08592,3506,137915,10.6,21.8,45.0,35.1
08593,1258,94600,6.7,13.4,32.4,31.0
08594,3229,128530,5.9,14.4,43.0,19.9
08595,204,76108,11.9,21.2,36.2,22.1
08596,3667,35718,12.7,14.1,43.3,32.5
08597,4448,75854,10.5,7.1,28.0,17.1
08598,4490,137844,12.4,15.1,20.2,30.2
08599,1281,29214,7.4,14.1,49.9,30.0
08600,4744,115597,3.9,14.0,25.0,17.9
08601,3238,84500,10.3,8.9,46.4,22.7
08602,4494,142189,6.1,8.3,22.7,19.9
08603,3634,102038,12.3,20.6,39.6,33.5
08604,4296,128431,7.3,17.4,21.7,37.4
08605,3227,144295,11.0,5.1,40.1,35.5
08606,1874,67026,9.6,21.7,23.2,26.6
08607,3914,122673,12.8,7.4,38.1,20.7
08608,191,137424,13.0,19.8,30.8,30.0
08609,546,139381,3.8,6.9,35.8,23.6
08610,208,35007,6.5,24.4,21.5,16.1
08611,4512,134294,13.5,23.0,30.6,26.5
08612,3339,73916,7.8,8.7,43.4,27.8
08613,4153,64305,9.2,5.2,43.3,38.3
08614,4637,53205,5.2,6.2,39.8,26.0
08615,1345,143744,9.6,21.2,48.5,21.4
08616,2820,74349,6.2,6.5,39.9,28.3
08617,377,65399,13.0,20.6,30.4,20.0
08618,3156,122400,5.4,21.4,40.3,33.7
08619,4764,52947,7.3,11.1,30.7,28.9
08620,3022,70275,4.1,19.7,38.1,17.6
08621,2613,29963,10.1,21.4,40.1,28.7
08622,938,147656,14.3,20.6,33.7,22.1
08623,2901,72197,5.1,8.8,49.5,19.8
08624,129,141003,3.2,14.0,23.0,17.2
08625,1357,47680,8.1,6.4,35.2,37.9
08626,464,84916,12.0,15.5,46.9,34.9
08627,1900,115022,14.7,13.8,33.2,35.6
08628,1004,121974,3.6,23.1,38.4,16.7
08629,4893,46246,12.4,5.4,32.3,39.7
08630,2278,87885,7.4,15.6,48.7,39.3
08631,2950,149061,4.8,19.6,49.3,33.4
08632,2936,28341,5.3,14.3,25.6,38.0
08633,4546,138457,14.1,9.8,48.0,36.3
08634,279,32747,12.7,17.2,35.4,32.9
08635,3973,98984,6.7,24.7,37.2,25.1
08636,4060,101476,14.3,5.8,48.3,31.1
08637,1286,125866,4.3,8.9,42.1,33.6
08638,4059,106132,6.9,14.8,38.9,22.8
08639,873,88409,10.8,17.0,46.3,26.2
08640,4705,55627,15.0,17.5,39.7,39.7
08641,4560,108587,8.6,6.2,22.3,32.7
08642,452,113234,12.7,7.5,40.9,28.7
08643,4607,96949,14.0,23.9,48.3,17.5
08644,4930,109568,3.1,6.5,36.0,27.2
08645,3128,96270,6.5,13.4,36.2,16.5
08646,217,66596,4.2,16.5,28.3,33.8
08647,581,55786,12.3,11.3,36.9,16.9
08648,4387,147887,9.8,10.1,48.1,33.0
08649,2737,108499,4.1,10.8,28.5,24.2
08650,206,48999,8.0,10.7,49.0,16.3
08651,4577,41518,9.2,12.6,41.3,20.0
08652,4978,53407,11.4,7.3,26.6,30.5
08653,343,89303,12.4,22.1,41.1,32.7
08654,2732,54501,4.1,20.2,32.7,32.7
08655,4663,127424,8.9,5.7,37.6,30.4
08656,965,60280,4.9,20.2,45.8,26.0
08657,3081,80257,12.0,21.6,26.5,26.4
08658,1661,54045,10.9,23.4,33.4,15.3
08659,703,117355,11.7,17.3,33.1,21.3
08660,3162,113767,3.9,22.1,40.7,32.1
08661,4118,49432,9.1,20.2,22.0,29.4
08662,2115,80697,13.1,5.5,25.6,33.6
08663,1758,51745,11.6,21.2,33.2,17.0
08664,3480,54443,13.3,16.6,36.3,31.2
08665,3867,145720,5.5,18.0,21.3,16.3
08666,3870,69917,6.4,22.7,33.3,19.5
08667,1713,59000,8.3,5.2,38.6,39.9
08668,1979,69332,9.3,7.2,24.1,34.6
08669,4208,120832,6.0,16.5,33.3,29.8
08670,2446,132449,7.6,13.2,42.2,28.2
08671,1199,133034,11.2,13.4,22.7,35.4
08672,1174,140595,10.7,11.2,38.6,23.9
08673,886,139650,4.3,21.4,31.5,17.3
08674,248,84024,14.8,7.1,33.5,35.1
08675,1854,117021,9.8,15.7,30.8,26.7
08676,2269,30653,8.8,14.2,22.5,37.5
08677,3856,128462,14.6,16.0,37.9,26.7
08678,1279,80078,4.7,6.0,32.7,28.3
08679,3409,94625,9.5,18.5,45.2,33.5
08680,2523,50194,12.7,5.3,42.0,18.9
08681,4277,90519,7.8,15.6,37.4,17.2
08682,4687,147467,11.8,10.3,27.1,21.5
08683,1024,145591,13.8,11.3,34.6,37.1
08684,1703,68748,6.1,19.8,43.3,36.4
08685,3152,146778,5.9,24.7,23.5,18.0
08686,4318,117021,7.3,14.5,23.6,39.3
08687,4903,76996,8.0,18.4,26.6,21.2
08688,2477,127605,4.3,10.0,46.6,35.2
08689,3580,70638,5.8,16.1,35.3,33.7
08690,3282,88144,13.5,7.0,49.3,36.2
08691,2917,83040,9.8,22.0,46.6,37.3
08692,3260,105283,6.2,14.1,26.9,20.1
08693,4905,52980,14.3,12.2,49.6,29.8
08694,4989,127607,12.3,15.3,34.7,17.0
08695,811,131900,7.3,23.3,46.1,17.2
08696,2686,52011,12.2,20.5,34.3,32.2
08697,2748,51086,10.2,8.1,48.4,29.9
08698,1817,114469,11.2,20.4,42.3,31.9
08699,4452,95498,6.9,12.9,35.8,15.1
08700,970,68278,5.5,12.9,41.0,17.3
08701,3674,135584,6.0,20.2,26.8,17.4
08702,370,91393,4.0,14.2,45.6,20.3
08703,1643,90158,8.7,6.4,28.2,27.4
08704,649,118841,7.9,9.9,37.8,29.6
08705,4763,142080,3.0,22.9,49.7,28.4
08706,4114,88636,13.3,16.8,21.6,24.2
08707,4554,130075,11.2,22.2,25.2,28.2
08708,1812,130863,8.4,11.1,40.6,25.5
08709,3340,78434,14.6,18.8,39.1,32.3
08710,1462,41403,14.3,20.7,41.7,36.8
08711,4993,79609,4.1,8.7,20.6,28.8
08712,1384,27420,10.4,5.5,40.5,30.9
08713,986,36218,12.8,17.7,48.2,34.7
08714,2358,65691,5.1,16.5,32.0,34.5
08715,4482,106986,4.5,5.8,34.7,35.6
08716,1885,55134,6.1,13.2,41.0,22.0
08717,4938,28133,6.4,16.3,46.4,20.7
08718,3643,85901,14.6,9.2,42.6,34.8
08719,395,124089,12.4,6.9,48.9,33.6
08720,2153,90370,3.7,21.0,42.2,19.3
08721,2697,72054,12.4,23.5,28.6,19.0
08722,780,146453,5.0,13.9,46.9,17.5
08723,4990,65503,7.3,7.7,35.2,21.9
08724,4398,141820,6.8,13.4,47.6,32.7
08725,424,149309,6.3,10.6,22.0,36.7
08726,2391,106671,6.7,14.8,39.4,39.9
08727,4522,75570,12.1,5.2,20.4,36.3
08728,1086,94226,6.2,22.3,24.5,39.5
08729,3218,124851,12.6,6.2,29.1,18.7
08730,860,70231,4.1,13.6,42.2,24.2
08731,3793,107278,10.1,18.2,32.6,20.1
08732,1136,72934,13.4,18.0,33.3,22.1
08733,1006,26562,4.0,11.0,28.9,17.7
08734,464,94922,10.6,15.0,45.3,36.6
08735,3513,43561,9.1,14.9,48.9,16.4
08736,1169,77962,7.0,7.6,49.5,25.6
08737,4469,58246,4.2,12.4,35.7,18.0
08738,2355,107567,11.1,7.4,21.3,26.3
08739,3786,146363,6.7,6.1,22.9,21.6
08740,4319,25263,7.1,6.1,46.2,31.8
08741,3181,114022,11.6,13.7,37.9,37.6
08742,3358,147691,14.3,19.6,25.4,17.5
08743,2207,127046,7.0,24.7,36.1,15.7
08744,3033,31646,12.0,16.4,38.5,26.7
08745,2929,122439,14.5,11.0,45.7,16.7
08746,541,101684,4.2,9.1,39.8,18.5
08747,1659,139517,9.4,18.9,34.5,31.6
08748,1841,116673,3.1,6.0,38.1,34.3
08749,725,128504,12.9,10.2,24.0,26.3
08750,3963,51012,6.4,18.8,27.3,30.9
08751,1790,72578,7.0,13.9,35.9,37.8
08752,2881,105759,11.2,15.0,26.4,26.9
08753,190,43389,12.5,24.5,49.6,39.7
08754,3106,104889,7.8,13.1,36.5,15.8
08755,4402,77292,11.0,16.9,24.3,19.4
08756,1188,50483,14.5,25.0,47.7,22.5
08757,4711,57897,13.6,18.7,41.3,31.5
08758,1280,66897,11.4,15.3,21.2,17.3
08759,2001,45102,14.3,11.5,30.9,30.1
08760,4590,107734,13.5,24.5,32.8,27.0
08761,286,119074,11.7,10.9,35.9,18.0
08762,1697,96385,14.0,7.3,29.5,32.2
08763,3508,118493,12.8,23.5,41.7,24.9
08764,3847,145294,9.0,11.4,36.4,36.6
08765,2770,90550,9.0,16.8,21.4,16.4
08766,4925,38807,3.1,17.9,22.4,18.8
08767,339,100765,3.4,10.2,29.9,28.4
08768,2680,144993,12.0,13.5,39.5,37.5
08769,4336,94024,9.7,8.1,39.4,37.4
08770,238,71062,12.1,22.7,25.6,16.3
08771,2606,50282,14.4,16.7,46.8,20.2
08772,4265,124006,8.4,22.8,35.4,34.4
08773,4580,144529,4.1,10.1,37.4,22.7
08774,4825,97111,10.5,17.7,43.7,34.8
08775,2345,138729,4.2,9.4,23.4,34.4
08776,4400,138744,10.5,10.8,35.7,29.5
08777,1849,39272,9.3,12.2,40.9,34.4
08778,667,78283,11.5,16.0,26.1,33.3
08779,981,78994,7.2,16.1,25.2,31.7
08780,739,113080,4.7,9.0,48.1,31.6
08781,4061,80809,5.8,5.9,43.4,33.9
08782,4520,104904,11.2,20.4,20.8,20.0
08783,4637,64260,8.7,15.5,32.1,21.8
08784,4999,30499,9.5,11.3,25.5,19.7
08785,2435,109475,6.9,6.1,29.5,18.6
08786,4421,54317,13.0,7.1,28.6,35.3
08787,3085,36178,15.0,13.5,50.0,39.4
08788,659,28939,6.7,14.7,49.3,15.9
08789,813,144639,11.6,12.5,22.7,31.1
08790,4693,143026,5.1,16.3,27.2,28.9
08791,4088,148396,11.9,21.3,43.4,19.3
08792,356,140485,8.2,18.5,39.0,22.4
08793,676,121137,10.3,22.3,22.3,17.8
08794,137,115596,5.9,17.3,21.5,30.8
08795,2172,106242,13.2,7.1,24.9,36.5
08796,4605,94210,5.1,8.0,33.0,34.6
08797,560,52287,14.1,12.8,46.0,19.6
08798,1540,131938,3.7,10.7,31.2,15.8
08799,4578,146209,6.5,18.0,28.5,27.9
08800,1932,124957,9.8,17.5,29.0,29.4
08801,4764,83357,13.3,14.3,38.8,20.4
08802,3499,34154,9.9,17.9,31.1,18.0
08803,532,82916,5.6,23.2,33.7,37.1
08804,4251,135949,13.3,14.8,32.2,22.5
08805,1851,113601,10.2,11.9,31.5,27.7
08806,2147,136212,5.8,14.5,24.9,26.7
08807,2940,145687,9.7,7.9,47.8,38.7
08808,356,116942,11.1,6.9,24.1,24.8
08809,771,138873,11.2,13.2,37.7,37.8
08810,589,37034,11.7,23.5,21.8,23.6
08811,3814,120013,13.7,22.3,25.4,37.8
08812,2196,54737,12.9,18.6,29.8,15.0
08813,1782,25815,10.3,19.4,25.9,20.5
08814,4511,90496,3.4,22.2,31.5,24.7
08815,2560,120832,12.0,23.3,40.8,36.6
08816,4629,64735,14.7,18.2,39.4,36.0
08817,4012,134032,6.7,12.7,36.5,22.3
08818,2075,75362,10.3,7.9,29.1,27.7
08819,3316,77286,12.2,5.1,45.4,28.7
08820,1489,79607,10.7,18.0,45.8,39.6
08821,4615,107474,14.1,13.0,26.6,23.6
08822,3956,126096,8.7,6.6,49.0,38.9
08823,1684,112785,9.4,10.6,24.9,27.6
08824,3063,129522,3.5,14.4,27.8,31.4
08825,4629,130212,13.8,20.7,41.8,31.9
08826,1076,54496,6.1,11.3,41.7,29.7
08827,3464,103996,14.7,18.1,27.1,30.7
08828,145,102790,5.4,5.9,35.6,37.4
08829,1293,36957,6.0,24.2,20.8,25.4
08830,3442,127606,8.8,24.4,37.3,31.7
08831,4612,89180,10.9,15.6,47.7,21.2
08832,346,32852,8.3,18.2,25.3,33.1
08833,3319,91800,7.2,20.3,20.4,39.7
08834,4425,48203,9.5,24.4,43.4,35.3
08835,891,72678,14.5,15.9,48.3,17.5
08836,736,66853,14.5,20.1,28.3,31.1
08837,3875,73362,6.9,8.8,46.6,25.1
08838,2521,35364,11.2,8.1,33.7,24.9
08839,4933,109224,11.7,19.3,43.7,24.9
08840,1188,52739,10.8,23.5,29.0,32.2
08841,4283,87176,4.4,16.4,47.9,16.3
08842,3259,73834,9.5,15.7,22.2,24.8
08843,812,127262,12.2,16.4,46.3,16.9
08844,4796,106102,5.4,22.6,30.1,37.8
08845,3744,63304,7.2,21.0,20.1,16.4
08846,3990,119495,5.4,21.0,28.9,18.4
08847,2686,50814,13.6,7.1,44.3,23.8
08848,4409,41057,13.3,20.2,22.9,30.7
08849,2208,105509,5.0,20.4,39.9,28.1
08850,4893,43201,12.1,7.6,45.6,27.4
08851,3714,74918,7.4,14.4,29.3,15.5
08852,1342,134055,11.2,7.0,33.2,31.5
08853,2159,74724,8.9,12.9,20.4,24.3
08854,3586,78615,8.7,17.8,26.5,32.8
08855,4432,71480,13.6,9.4,25.9,25.6
08856,3910,63088,10.6,7.6,45.1,35.8
08857,4000,114668,5.8,17.8,46.8,20.1
08858,2705,68292,4.3,21.5,36.1,32.1
08859,4842,149990,14.2,8.1,37.5,37.7
08860,3134,119853,4.8,23.1,22.0,18.1
08861,4668,74902,11.8,19.7,36.7,38.6
08862,4307,109731,9.0,18.6,27.7,25.7
08863,4151,144144,4.7,7.4,31.5,25.3
08864,3463,48738,12.3,23.6,34.1,18.0
08865,4121,110474,13.9,14.5,37.5,37.3
08866,1945,92954,4.5,15.7,35.4,31.4
08867,482,128444,3.8,15.3,23.7,36.6
08868,4212,144724,13.2,15.6,34.6,32.8
08869,4688,93524,9.0,21.5,28.3,26.4
08870,3910,124158,11.1,7.0,46.3,26.5
08871,1996,60618,8.3,14.7,24.9,36.2
08872,1609,93915,7.9,17.3,39.6,26.9
08873,4312,55765,6.6,7.4,44.1,18.8
08874,1678,90729,9.8,16.6,22.4,23.9
08875,979,71136,4.9,15.2,36.7,35.5
08876,2262,116689,11.6,9.5,27.1,15.7
08877,1672,132976,9.6,10.1,25.5,27.6
08878,1748,119540,13.2,6.7,27.2,23.4
08879,4839,50322,14.1,19.1,30.1,24.8
08880,1459,79113,13.8,8.0,45.1,21.9
08881,4531,36279,10.2,20.8,29.3,33.5
08882,3069,144428,6.8,22.8,49.6,38.6
08883,4060,47016,7.3,9.8,20.3,23.8
08884,3911,105615,10.8,10.2,44.7,26.4
08885,4342,49725,11.5,7.5,24.6,32.4
08886,4317,98519,4.9,15.8,43.1,26.7
08887,180,146837,15.0,24.3,39.0,28.6
08888,2832,47137,4.3,9.9,37.8,29.0
08889,2809,37057,10.3,8.2,26.3,31.0
08890,2522,46281,9.4,17.1,41.2,25.6
08891,3741,136473,10.1,22.1,34.9,18.7
08892,4699,130273,9.4,22.4,47.7,24.7
08893,767,46716,3.7,11.9,26.5,36.6
08894,2596,31534,15.0,20.7,46.0,22.4
08895,3599,84672,14.8,16.8,42.3,29.3
08896,3598,131424,9.3,19.7,22.8,17.1
08897,1544,133171,5.5,18.5,35.9,32.7
08898,1445,63558,5.2,7.6,40.9,24.8
08899,1289,139670,3.7,12.1,22.4,19.5
08900,558,51965,10.3,20.3,31.0,34.7
08901,1312,107593,8.7,20.2,42.8,39.5
08902,4659,61469,8.0,7.4,33.3,22.1
08903,1011,108280,9.3,14.2,26.3,17.4
08904,1125,36258,13.5,22.4,24.7,20.0
08905,2511,134642,3.8,20.8,44.8,33.7
08906,171,88580,9.5,16.6,22.0,21.5
08907,2785,102345,11.4,9.1,23.6,19.7
08908,1293,28067,14.6,11.5,45.1,34.4
08909,1948,117274,11.9,18.1,40.1,24.4
08910,2484,59212,9.6,20.6,27.1,26.4
08911,2122,37217,12.2,17.3,25.0,39.1
08912,3841,46871,15.0,12.9,23.4,30.5
08913,4848,30179,13.7,16.5,21.5,21.9
08914,1398,93889,4.1,5.1,26.3,20.0
08915,4202,146068,9.9,19.7,43.0,27.2
08916,1004,48165,12.4,21.9,38.4,34.8
08917,3126,112980,11.1,5.9,41.6,19.0
08918,2128,81364,8.0,13.0,49.2,28.1
08919,4811,30919,6.9,22.0,32.8,31.8
08920,2720,80012,10.5,16.9,47.8,17.7
08921,2746,106092,7.9,14.7,22.3,33.4
08922,4965,103547,7.7,6.7,43.6,36.3
08923,2389,72602,13.0,19.7,38.7,32.5
08924,3972,71662,6.8,18.8,39.2,18.4
08925,1585,108690,10.7,16.8,20.1,21.4
08926,3251,47294,13.5,6.2,26.1,19.8
08927,1540,103272,10.5,17.9,48.6,37.2
08928,865,67662,8.9,6.0,39.5,31.3
08929,4579,107114,3.4,21.4,47.4,28.1
08930,2538,104532,11.2,22.4,24.3,27.9
08931,4192,87658,15.0,15.6,36.3,34.1
08932,4883,115686,12.7,22.0,27.6,25.4
08933,1249,117741,10.6,13.0,49.1,20.9
08934,3665,80006,8.6,10.8,43.0,30.8
08935,4242,47298,5.7,14.7,49.0,36.7
08936,2072,55556,11.3,16.2,21.0,26.8
08937,2766,144374,5.1,20.3,26.8,24.0
08938,563,62411,13.6,17.0,47.5,15.4
08939,4318,115500,7.2,22.1,24.8,39.8
08940,2281,147562,7.8,23.7,40.2,23.7
08941,1742,38746,5.6,15.4,47.7,36.9
08942,3988,125056,8.8,19.4,20.4,28.3
08943,940,138439,11.2,14.6,36.1,16.1
08944,2754,58428,6.6,23.1,38.2,23.9
08945,4218,46999,11.4,5.6,43.2,21.0
08946,665,126136,10.4,19.4,43.3,25.0
08947,1064,89712,7.5,14.9,36.5,25.2
08948,2382,55361,6.8,6.2,46.6,30.8
08949,1095,136125,13.3,19.9,27.9,30.8
08950,1287,33488,3.1,12.9,32.4,33.1
08951,4411,63381,11.6,15.5,39.9,36.9
08952,3354,48354,8.0,19.3,44.2,28.7
08953,756,146558,11.6,10.0,30.1,22.0
08954,3082,41714,9.1,10.8,30.4,38.0
08955,1213,31777,4.0,12.1,34.0,35.9
08956,4506,37041,14.8,20.0,28.6,25.1
08957,656,38142,4.0,24.6,30.1,25.6
08958,3119,116396,4.9,12.3,38.9,26.2
08959,2404,34270,8.0,17.2,26.6,25.1
08960,2680,128705,14.3,11.5,35.5,38.4
08961,151,81067,6.5,22.5,48.9,20.2
08962,1461,148754,9.8,23.7,47.4,31.9
08963,1294,28866,9.3,8.8,31.6,19.1
08964,4119,38029,7.0,18.1,27.9,15.8
08965,3238,63881,11.4,23.1,49.7,17.2
08966,1748,134181,9.0,14.5,26.5,15.9
08967,771,147114,9.9,11.7,44.6,35.3
08968,877,124889,5.5,23.1,48.7,39.8
08969,2379,135303,14.1,10.2,50.0,38.6
08970,3122,27940,4.3,9.1,33.0,15.5
08971,1960,39105,11.3,22.6,32.7,35.3
08972,3239,145977,13.6,17.7,40.2,23.4
08973,1174,119598,4.0,8.7,31.9,17.1
08974,1816,119580,3.3,17.9,27.1,25.0
08975,1383,89556,7.0,22.5,29.1,28.0
08976,4786,137012,12.5,6.8,22.5,26.4
08977,2086,47789,11.6,10.1,27.0,17.7
08978,2733,38218,12.9,17.1,25.5,38.5
08979,1101,42886,7.8,7.3,33.9,37.9
08980,1146,42129,14.9,23.1,49.4,32.4
08981,2276,60380,7.4,16.9,40.4,21.9
08982,2438,26508,12.7,16.7,25.7,31.6
08983,1955,92306,7.2,6.1,47.2,19.3
08984,600,102507,5.6,13.4,24.7,22.9
08985,2333,59729,7.0,8.9,35.8,38.5
08986,4674,34787,5.3,21.2,39.2,15.6
08987,2639,65519,4.5,11.7,30.9,22.9
08988,4708,28658,7.4,13.1,43.9,27.1
08989,3814,48361,4.8,17.8,24.0,36.0
08990,2432,113529,9.0,19.3,35.8,37.0
08991,700,91001,3.4,20.8,30.1,31.9
08992,4384,108989,8.2,8.5,20.3,24.0
08993,1088,142131,14.5,10.3,34.1,39.5
08994,1981,50808,7.3,6.8,32.0,15.6
08995,4583,38874,4.7,22.1,25.4,39.1
08996,1854,131640,6.7,11.3,31.4,38.7
08997,2564,47947,12.5,7.5,25.0,24.9
08998,2323,65284,6.8,11.2,33.2,19.9
08999,4582,84151,7.6,6.1,32.7,35.0
09000,1594,44432,12.5,21.7,38.4,31.9
09001,952,94578,6.1,10.7,28.3,31.0
09002,551,111059,8.7,12.0,25.9,35.3
09003,2424,29202,3.8,23.8,41.4,20.5
09004,1858,63892,5.1,8.8,43.6,19.5
09005,4408,70205,5.5,9.1,21.5,37.7
09006,3453,32773,8.6,16.2,35.7,26.9
09007,4236,42671,12.9,24.4,34.4,32.2
09008,4795,33301,7.3,23.0,33.1,22.2
09009,3438,119957,7.6,16.9,20.7,27.5
09010,2688,130807,6.6,21.2,36.3,20.8
09011,1882,105110,6.8,14.8,39.2,30.2
09012,3620,57629,7.8,13.7,44.6,19.0
09013,1879,78971,13.8,13.0,43.3,18.7
09014,3232,76942,3.3,14.1,26.5,32.1
09015,3673,53999,10.5,19.1,48.0,25.0
09016,3318,124165,13.7,21.4,22.4,36.5
09017,3857,120644,8.0,16.5,36.5,23.6
09018,4116,99188,10.8,22.4,26.7,24.0
09019,2937,108024,10.0,17.8,40.5,20.4
09020,2481,128678,7.1,21.1,44.4,34.9
09021,4339,107663,4.6,18.8,44.4,38.5
09022,4036,43794,5.6,20.5,28.0,24.2
09023,4528,118904,3.7,5.4,32.3,25.7
09024,1519,71536,12.2,22.3,30.8,22.9
09025,4250,95529,9.4,22.7,22.7,15.1
09026,1430,99170,12.4,21.8,44.0,34.7
09027,3017,26833,6.5,19.6,30.4,23.9
09028,1546,58653,12.7,20.8,32.6,38.8
09029,1540,40319,6.7,8.6,40.4,18.1
09030,3844,28604,4.5,6.0,38.8,33.4
09031,2944,30357,9.4,10.8,45.1,37.6
09032,4275,41257,14.3,13.8,33.2,31.3
09033,964,53932,8.0,10.4,46.7,29.8
09034,571,87736,9.2,22.4,49.7,24.9
09035,1602,86719,8.4,24.3,30.6,26.0
09036,4784,90415,8.5,20.4,24.9,30.9
09037,1510,89413,5.6,14.5,25.0,26.6
09038,3870,81241,8.1,7.9,31.6,39.7
09039,2005,110141,9.0,22.4,32.4,26.5
09040,4759,131647,11.9,21.8,48.9,37.4
09041,4101,146625,4.7,8.2,45.7,21.6
09042,3604,26596,9.9,6.0,49.2,31.6
09043,3583,84015,10.9,23.0,37.3,39.2
09044,4662,138675,7.6,21.4,21.1,39.4
09045,698,55733,9.6,23.7,30.1,24.0
09046,1091,133030,11.5,12.2,45.8,24.2
09047,2032,34757,8.6,18.2,36.1,18.9
09048,2884,34142,7.0,22.3,38.6,17.1
09049,3141,101642,12.9,11.8,38.5,21.5
09050,166,109412,14.9,14.5,49.2,27.9
09051,3498,50917,5.6,15.6,36.0,30.9
09052,2850,122054,13.7,5.6,41.0,17.2
09053,569,83075,9.5,21.6,22.9,30.7
09054,1824,94869,8.4,23.9,33.4,24.7
09055,4085,58306,13.7,13.3,46.7,17.3
09056,1731,147851,13.9,17.2,41.6,15.6
09057,874,74920,6.3,15.8,34.2,36.1
09058,3112,126160,7.3,12.0,42.1,35.8
09059,2603,53301,13.2,6.6,23.8,37.6
09060,1586,81057,8.9,15.4,44.1,37.3
09061,4119,76273,6.5,9.9,44.2,39.4
09062,4327,63321,14.5,18.0,43.4,22.3
09063,1029,106193,5.6,15.7,36.4,23.5
09064,3112,100462,10.3,16.8,21.1,30.9
09065,1605,53967,8.1,17.0,44.3,25.1
09066,4829,90549,8.4,22.7,21.5,30.4
09067,3044,95243,4.3,7.9,48.9,21.7
09068,2919,127794,6.1,21.1,39.3,36.1
09069,1284,115302,5.0,24.1,20.5,31.5
09070,388,30993,12.0,19.4,23.2,28.9
09071,1911,77016,11.4,7.8,39.0,31.2
09072,627,122700,12.5,22.0,49.9,17.3
09073,1016,121361,11.4,20.8,22.7,27.8
09074,1808,57137,4.5,22.3,22.0,37.0
09075,3674,147293,14.7,14.7,40.3,29.2
09076,3419,94638,5.3,21.4,38.6,20.0
09077,1506,26104,7.2,8.1,46.1,16.5
09078,1341,60580,11.5,16.5,45.9,37.3
09079,3233,63899,4.7,16.0,39.0,37.9
09080,898,74803,5.0,22.9,29.0,38.2
09081,1623,129932,13.5,22.3,40.7,34.0
09082,4207,50956,7.0,19.3,25.5,23.1
09083,2988,87774,11.0,8.5,23.1,29.9
09084,2790,122187,13.3,21.1,40.8,26.9
09085,4191,138145,14.7,17.3,32.7,36.3
09086,1341,138158,5.5,21.3,42.6,30.2
09087,790,131135,4.5,23.8,22.3,32.3
09088,627,107721,11.9,14.0,49.8,27.1
09089,1595,139301,5.3,19.9,35.4,31.8
09090,3925,78696,10.0,24.5,46.8,28.0
09091,2993,31428,9.4,9.3,34.4,37.4
09092,992,106177,9.7,21.9,27.4,21.1
09093,486,35313,10.8,7.8,29.7,29.1
09094,1349,133480,13.2,5.3,46.9,17.3
09095,2628,29140,6.3,21.9,41.0,19.8
09096,4603,108472,9.7,24.2,25.7,24.8
09097,3628,27792,7.0,5.6,30.5,28.6
09098,997,93259,6.8,21.9,21.0,29.1
09099,810,112496,3.2,19.0,39.2,15.7
09100,3795,92558,10.2,19.0,31.2,32.3
09101,2786,144358,14.7,14.2,21.6,35.6
09102,4612,83774,12.1,13.3,44.7,18.9
09103,515,127492,5.9,12.5,33.0,30.5
09104,1571,56041,11.6,12.6,42.4,38.1
09105,4280,52089,6.6,23.7,38.0,30.0
09106,4362,25603,12.0,21.3,34.1,18.6
09107,2531,97564,13.3,11.3,23.1,17.5
09108,2615,32150,7.0,19.8,38.9,20.1
09109,1195,138193,3.0,18.1,36.7,22.6
09110,909,81048,6.7,21.9,49.6,23.7
09111,3144,115438,5.5,6.8,37.5,27.9
09112,1092,135334,10.4,19.0,36.3,31.4
09113,1381,47346,6.5,9.9,48.2,19.1
09114,4470,106478,3.4,9.8,34.4,28.8
09115,1873,82130,9.4,19.1,25.9,31.1
09116,3661,93311,13.5,22.9,31.8,24.9
09117,3916,121054,8.4,15.3,28.7,27.0
09118,1856,28639,7.5,14.3,35.2,33.6
09119,2473,115702,5.1,21.3,46.5,35.4
09120,2676,75590,7.6,5.5,20.2,25.3
09121,991,91386,7.0,19.1,35.9,21.7
09122,4284,74591,14.9,6.1,37.1,28.2
09123,807,98336,3.4,9.9,28.4,27.4
09124,2497,146545,5.9,18.3,36.2,29.9
09125,4582,97111,3.8,12.6,46.8,24.0
09126,2234,68955,13.3,10.9,45.9,35.4
09127,2454,119535,8.0,15.1,26.0,29.2
09128,4635,84009,12.6,22.0,35.7,29.0
09129,1076,109828,11.3,13.5,41.9,21.2
09130,834,55249,14.1,15.7,48.6,27.4
09131,2568,46577,3.3,8.2,42.5,37.7
09132,2640,140945,5.5,13.9,39.8,28.8
09133,732,42928,11.4,5.3,27.3,17.8
09134,4368,141593,10.0,21.8,35.2,28.0
09135,4199,55238,11.3,9.1,31.9,19.7
09136,3001,69639,9.9,23.4,32.1,37.8
09137,1763,57001,10.0,12.2,27.6,28.3
09138,2115,43199,14.2,21.7,30.0,33.3
09139,3281,125580,14.1,12.8,42.3,16.5
09140,4163,85660,3.5,8.1,31.9,25.1
09141,2730,91986,8.0,15.1,21.9,29.9
09142,3972,122989,9.1,10.2,21.5,17.8
09143,1154,117159,7.3,11.5,26.1,16.5
09144,480,119951,3.6,11.3,26.7,37.9
09145,3182,126848,8.7,11.9,48.2,17.8
09146,2491,138641,14.7,15.0,37.4,28.1
09147,1692,128210,3.9,7.6,44.0,38.6
09148,4361,143322,12.8,10.2,22.9,15.3
09149,2847,96384,5.3,17.6,23.7,36.3
09150,2489,49749,9.9,20.1,22.2,20.2
09151,3653,99826,7.6,9.9,39.0,38.3
09152,3127,108042,7.2,10.2,37.4,27.4
09153,1307,101288,13.4,14.6,31.5,18.6
09154,3953,117154,14.7,24.6,22.3,27.8
09155,644,97820,7.6,16.0,33.0,30.7
09156,3181,69738,10.7,21.3,31.7,30.3
09157,3763,112272,9.7,23.4,23.0,33.4
09158,2339,43560,3.9,17.7,30.6,39.8
09159,2467,101149,3.5,15.4,45.1,23.3
09160,3873,106470,12.3,20.3,46.9,30.5
09161,2727,53907,7.7,11.4,27.5,16.6
09162,4031,104691,6.7,24.5,28.5,28.1
09163,2574,95373,14.8,14.5,28.6,39.4
09164,3230,64101,4.0,23.6,38.8,26.2
09165,3607,118884,6.2,20.2,31.2,34.1
09166,196,80463,13.3,9.2,40.1,24.7
09167,3958,73734,8.0,9.4,20.2,38.9
09168,2808,84036,10.0,12.0,38.5,24.6
09169,3436,41674,3.6,12.4,31.6,35.3
09170,556,69891,14.0,5.3,38.8,34.6
09171,4468,48892,4.6,22.1,47.5,18.8
09172,3087,141106,5.6,9.8,48.9,36.2
09173,4188,96129,4.9,21.5,36.5,32.7
09174,3984,72242,9.0,14.7,25.3,19.2
09175,1131,144998,12.8,16.8,47.8,21.2
09176,307,141676,6.2,15.7,34.4,23.4
09177,2037,99295,4.7,23.9,30.8,15.3
09178,1246,112558,7.9,13.4,24.3,29.8
09179,4399,112090,14.8,12.8,47.4,31.9
09180,2664,109958,3.1,17.3,49.0,24.2
09181,542,57294,9.0,12.6,48.9,23.2
09182,4884,85487,11.0,17.1,33.9,33.4
09183,932,125607,12.7,16.4,45.6,23.0
09184,1561,107228,12.0,20.5,41.1,17.3
09185,3616,76290,3.9,24.8,34.0,28.6
09186,1259,43580,8.5,24.5,44.9,34.8
09187,486,122309,3.9,7.5,34.1,29.9
09188,2141,25461,10.4,14.0,43.6,32.6
09189,2653,136226,3.9,13.4,48.6,34.5
09190,1818,139048,3.6,8.8,39.9,38.3
09191,4875,143508,6.7,19.9,48.0,35.3
09192,4150,147647,14.3,24.4,36.0,26.1
09193,3509,29732,11.5,8.1,26.8,22.2
09194,789,107565,3.0,10.4,36.9,15.2
09195,1269,86957,6.4,22.1,36.4,24.5
09196,1052,47398,3.2,11.1,27.9,20.2
09197,4979,100124,6.5,13.8,40.6,31.4
09198,4690,77420,11.2,19.8,24.7,24.8
09199,3596,70245,12.1,7.5,34.6,35.1
09200,4017,118986,12.6,15.5,27.4,39.9
09201,4942,57639,13.9,7.2,49.4,34.7
09202,2584,82067,7.4,11.1,26.0,34.2
09203,1954,70134,13.4,9.7,48.5,26.5
09204,3539,100298,11.7,19.6,47.9,24.8
09205,3331,74967,9.5,8.0,30.7,17.4
09206,2697,108825,14.5,18.2,20.6,30.2
09207,4083,33040,14.4,16.5,41.9,23.0
09208,2291,102895,13.8,18.5,24.7,27.2
09209,2735,149970,5.4,22.5,39.1,28.1
09210,756,62666,5.5,15.7,26.0,28.4
09211,3912,28204,13.8,19.4,20.7,24.7
09212,3440,135366,7.8,21.1,21.1,24.6
09213,4011,58897,12.6,18.9,39.2,17.4
09214,1896,71750,11.2,11.4,44.9,24.3
09215,4463,121612,12.1,24.2,46.1,34.7
09216,1862,68015,3.3,6.2,38.6,23.2
09217,4572,43181,8.2,12.4,30.1,26.2
09218,3385,143102,13.3,21.4,37.2,26.3
09219,1685,43868,8.9,12.0,40.1,34.1
09220,3663,113143,11.3,15.9,38.6,24.2
09221,2540,49107,12.1,7.7,27.1,19.2
09222,4684,42072,4.4,22.1,38.3,15.9
09223,4917,118575,4.9,23.6,32.4,34.1
09224,3200,148455,11.7,24.7,33.6,26.3
09225,3344,70955,3.7,6.5,40.8,26.1
09226,1140,47815,7.1,9.0,39.7,23.1
09227,3227,73948,14.0,14.9,26.0,16.3
09228,2373,118122,9.9,10.5,20.0,33.5
09229,3729,53478,13.9,17.9,45.6,34.4
09230,2214,112921,6.7,21.9,41.0,38.5
09231,1777,87159,10.6,7.5,46.8,25.7
09232,3194,146787,6.4,5.1,28.1,18.8
09233,1098,53897,4.3,24.9,49.6,25.1
09234,2384,55028,14.9,14.0,33.0,24.7
09235,1689,55112,5.1,6.4,47.5,28.6
09236,1261,80573,5.3,16.8,39.3,19.5
09237,2620,130342,13.1,20.1,28.3,24.0
09238,3955,69830,12.6,21.0,30.0,38.3
09239,4748,142527,14.7,16.4,39.0,36.1
09240,794,77226,3.9,18.6,40.4,18.0
09241,4512,119752,4.1,14.5,36.5,16.1
09242,4963,93061,8.4,17.4,48.4,29.4
09243,3898,118593,10.1,24.0,39.6,36.6
09244,3783,76169,3.5,24.8,25.0,28.7
09245,2071,61146,4.9,17.6,21.6,23.2
09246,1603,118397,11.4,16.7,44.8,39.7
09247,3349,69568,11.0,11.9,28.8,15.0
09248,4318,99779,4.1,11.5,49.3,17.1
09249,3342,119816,14.2,23.5,42.0,16.1
09250,1968,115198,6.1,18.3,28.8,17.3
