Provider_ID,Provider_Name,Hospital_CCN,Affiliation_Status
PRV000001,Provider Name 1,886126,Active
PRV000002,Provider Name 2,447929,Active
PRV000003,Provider Name 3,577571,Active
PRV000004,Provider Name 4,215479,Active
PRV000005,Provider Name 5,799747,Active
PRV000006,Provider Name 6,935133,Active
PRV000007,Provider Name 7,693706,Active
PRV000008,Provider Name 8,466597,Active
PRV000009,Provider Name 9,711704,Active
PRV000010,Provider Name 10,120981,Active
PRV000011,Provider Name 11,157651,Active
PRV000012,Provider Name 12,765848,Active
PRV000013,Provider Name 13,105307,Active
PRV000014,Provider Name 14,389249,Active
PRV000015,Provider Name 15,775627,Active
PRV000016,Provider Name 16,761217,Active
PRV000017,Provider Name 17,312918,Active
PRV000018,Provider Name 18,866150,Active
PRV000019,Provider Name 19,931521,Active
PRV000020,Provider Name 20,849370,Active
PRV000021,Provider Name 21,226882,Active
PRV000022,Provider Name 22,142866,Active
PRV000023,Provider Name 23,895913,Active
PRV000024,Provider Name 24,591652,Active
PRV000025,Provider Name 25,111161,Active
PRV000026,Provider Name 26,491803,Active
PRV000027,Provider Name 27,226882,Active
PRV000028,Provider Name 28,729591,Active
PRV000029,Provider Name 29,214210,Active
PRV000030,Provider Name 30,775717,Active
PRV000031,Provider Name 31,305979,Active
PRV000032,Provider Name 32,861417,Active
PRV000033,Provider Name 33,897456,Active
PRV000034,Provider Name 34,693880,Active
PRV000035,Provider Name 35,737608,Active
PRV000036,Provider Name 36,841419,Active
PRV000037,Provider Name 37,771996,Active
PRV000038,Provider Name 38,693063,Active
PRV000039,Provider Name 39,460218,Active
PRV000040,Provider Name 40,396893,Active
PRV000041,Provider Name 41,812123,Active
PRV000042,Provider Name 42,965434,Active
PRV000043,Provider Name 43,802103,Active
PRV000044,Provider Name 44,875932,Active
PRV000045,Provider Name 45,155106,Active
PRV000046,Provider Name 46,389741,Active
PRV000047,Provider Name 47,546061,Active
PRV000048,Provider Name 48,247394,Active
PRV000049,Provider Name 49,528245,Active
PRV000050,Provider Name 50,361159,Active
PRV000051,Provider Name 51,155106,Active
PRV000052,Provider Name 52,568550,Active
PRV000053,Provider Name 53,389741,Active
PRV000054,Provider Name 54,265010,Active
PRV000055,Provider Name 55,476884,Active
PRV000056,Provider Name 56,568550,Active
PRV000057,Provider Name 57,729591,Active
PRV000058,Provider Name 58,546061,Active
PRV000059,Provider Name 59,761217,Active
PRV000060,Provider Name 60,336450,Active
PRV000061,Provider Name 61,711420,Active
PRV000062,Provider Name 62,751491,Active
PRV000063,Provider Name 63,897456,Active
PRV000064,Provider Name 64,577200,Active
PRV000065,Provider Name 65,177564,Active
PRV000066,Provider Name 66,551505,Active
PRV000067,Provider Name 67,866680,Active
PRV000068,Provider Name 68,682278,Active
PRV000069,Provider Name 69,886126,Active
PRV000070,Provider Name 70,386412,Active
PRV000071,Provider Name 71,517824,Active
PRV000072,Provider Name 72,875932,Active
PRV000073,Provider Name 73,642023,Active
PRV000074,Provider Name 74,961023,Active
PRV000075,Provider Name 75,693706,Active
PRV000076,Provider Name 76,568959,Active
PRV000077,Provider Name 77,341576,Active
PRV000078,Provider Name 78,338959,Active
PRV000079,Provider Name 79,809646,Active
PRV000080,Provider Name 80,376292,Active
PRV000081,Provider Name 81,372624,Active
PRV000082,Provider Name 82,528245,Active
PRV000083,Provider Name 83,267112,Active
PRV000084,Provider Name 84,377988,Active
PRV000085,Provider Name 85,599819,Active
PRV000086,Provider Name 86,906264,Active
PRV000087,Provider Name 87,982992,Active
PRV000088,Provider Name 88,640853,Active
PRV000089,Provider Name 89,485541,Active
PRV000090,Provider Name 90,471583,Active
PRV000091,Provider Name 91,367364,Active
PRV000092,Provider Name 92,376126,Active
PRV000093,Provider Name 93,671932,Active
PRV000094,Provider Name 94,866150,Active
PRV000095,Provider Name 95,337684,Active
PRV000096,Provider Name 96,711420,Active
PRV000097,Provider Name 97,966377,Active
PRV000098,Provider Name 98,163080,Active
PRV000099,Provider Name 99,861417,Active
PRV000100,Provider Name 100,711704,Active
PRV000101,Provider Name 101,376126,Active
PRV000102,Provider Name 102,940283,Active
PRV000103,Provider Name 103,894043,Active
PRV000104,Provider Name 104,764083,Active
PRV000105,Provider Name 105,982004,Active
PRV000106,Provider Name 106,562186,Active
PRV000107,Provider Name 107,624667,Active
PRV000108,Provider Name 108,532788,Active
PRV000109,Provider Name 109,168851,Active
PRV000110,Provider Name 110,180556,Active
PRV000111,Provider Name 111,491803,Active
PRV000112,Provider Name 112,513462,Active
PRV000113,Provider Name 113,893075,Active
PRV000114,Provider Name 114,390226,Active
PRV000115,Provider Name 115,894043,Active
PRV000116,Provider Name 116,528245,Active
PRV000117,Provider Name 117,386412,Active
PRV000118,Provider Name 118,372624,Active
PRV000119,Provider Name 119,878896,Active
PRV000120,Provider Name 120,295591,Active
PRV000121,Provider Name 121,389249,Active
PRV000122,Provider Name 122,895913,Active
PRV000123,Provider Name 123,657675,Active
PRV000124,Provider Name 124,367364,Active
PRV000125,Provider Name 125,216641,Active
PRV000126,Provider Name 126,367364,Active
PRV000127,Provider Name 127,118478,Active
PRV000128,Provider Name 128,822182,Active
PRV000129,Provider Name 129,213458,Active
PRV000130,Provider Name 130,897456,Active
PRV000131,Provider Name 131,377988,Active
PRV000132,Provider Name 132,619520,Active
PRV000133,Provider Name 133,601911,Active
PRV000134,Provider Name 134,823734,Active
PRV000135,Provider Name 135,802103,Active
PRV000136,Provider Name 136,805621,Active
PRV000137,Provider Name 137,961023,Active
PRV000138,Provider Name 138,487349,Active
PRV000139,Provider Name 139,429327,Active
PRV000140,Provider Name 140,982992,Active
PRV000141,Provider Name 141,349723,Active
PRV000142,Provider Name 142,390226,Active
PRV000143,Provider Name 143,293985,Active
PRV000144,Provider Name 144,287265,Active
PRV000145,Provider Name 145,693002,Active
PRV000146,Provider Name 146,977429,Active
PRV000147,Provider Name 147,297361,Active
PRV000148,Provider Name 148,536486,Active
PRV000149,Provider Name 149,549651,Active
PRV000150,Provider Name 150,866680,Active
PRV000151,Provider Name 151,640853,Active
PRV000152,Provider Name 152,765848,Active
PRV000153,Provider Name 153,693880,Active
PRV000154,Provider Name 154,591652,Active
PRV000155,Provider Name 155,370131,Active
PRV000156,Provider Name 156,451012,Active
PRV000157,Provider Name 157,897456,Active
PRV000158,Provider Name 158,974968,Active
PRV000159,Provider Name 159,931349,Active
PRV000160,Provider Name 160,268190,Active
PRV000161,Provider Name 161,118748,Active
PRV000162,Provider Name 162,835839,Active
PRV000163,Provider Name 163,690415,Active
PRV000164,Provider Name 164,608720,Active
PRV000165,Provider Name 165,715093,Active
PRV000166,Provider Name 166,360506,Active
PRV000167,Provider Name 167,960295,Active
PRV000168,Provider Name 168,185620,Active
PRV000169,Provider Name 169,305979,Active
PRV000170,Provider Name 170,870780,Active
PRV000171,Provider Name 171,693706,Active
PRV000172,Provider Name 172,748281,Active
PRV000173,Provider Name 173,715093,Active
PRV000174,Provider Name 174,377558,Active
PRV000175,Provider Name 175,805621,Active
PRV000176,Provider Name 176,523868,Active
PRV000177,Provider Name 177,334297,Active
PRV000178,Provider Name 178,966377,Active
PRV000179,Provider Name 179,599819,Active
PRV000180,Provider Name 180,780838,Active
PRV000181,Provider Name 181,895913,Active
PRV000182,Provider Name 182,859317,Active
PRV000183,Provider Name 183,429327,Active
PRV000184,Provider Name 184,386412,Active
PRV000185,Provider Name 185,372624,Active
PRV000186,Provider Name 186,872351,Active
PRV000187,Provider Name 187,636505,Active
PRV000188,Provider Name 188,895551,Active
PRV000189,Provider Name 189,987009,Active
PRV000190,Provider Name 190,367120,Active
PRV000191,Provider Name 191,118748,Active
PRV000192,Provider Name 192,327512,Active
PRV000193,Provider Name 193,118478,Active
PRV000194,Provider Name 194,546061,Active
PRV000195,Provider Name 195,341478,Active
PRV000196,Provider Name 196,898960,Active
PRV000197,Provider Name 197,693880,Active
PRV000198,Provider Name 198,288500,Active
PRV000199,Provider Name 199,450142,Active
PRV000200,Provider Name 200,940283,Active
PRV000201,Provider Name 201,563895,Active
PRV000202,Provider Name 202,761217,Active
PRV000203,Provider Name 203,568550,Active
PRV000204,Provider Name 204,166223,Active
PRV000205,Provider Name 205,520009,Active
PRV000206,Provider Name 206,878896,Active
PRV000207,Provider Name 207,577200,Active
PRV000208,Provider Name 208,144794,Active
PRV000209,Provider Name 209,775717,Active
PRV000210,Provider Name 210,331915,Active
PRV000211,Provider Name 211,671932,Active
PRV000212,Provider Name 212,886126,Active
PRV000213,Provider Name 213,531411,Active
PRV000214,Provider Name 214,437316,Active
PRV000215,Provider Name 215,501820,Active
PRV000216,Provider Name 216,952759,Active
PRV000217,Provider Name 217,763164,Active
PRV000218,Provider Name 218,327512,Active
PRV000219,Provider Name 219,216641,Active
PRV000220,Provider Name 220,764083,Active
PRV000221,Provider Name 221,780838,Active
PRV000222,Provider Name 222,177988,Active
PRV000223,Provider Name 223,626897,Active
PRV000224,Provider Name 224,693880,Active
PRV000225,Provider Name 225,458163,Active
PRV000226,Provider Name 226,721389,Active
PRV000227,Provider Name 227,349728,Active
PRV000228,Provider Name 228,215479,Active
PRV000229,Provider Name 229,374329,Active
PRV000230,Provider Name 230,751491,Active
PRV000231,Provider Name 231,389249,Active
PRV000232,Provider Name 232,312918,Active
PRV000233,Provider Name 233,161292,Active
PRV000234,Provider Name 234,216641,Active
PRV000235,Provider Name 235,744995,Active
PRV000236,Provider Name 236,764083,Active
PRV000237,Provider Name 237,170175,Active
PRV000238,Provider Name 238,568959,Active
PRV000239,Provider Name 239,461113,Active
PRV000240,Provider Name 240,471583,Active
PRV000241,Provider Name 241,743427,Active
PRV000242,Provider Name 242,360506,Active
PRV000243,Provider Name 243,628308,Active
PRV000244,Provider Name 244,859317,Active
PRV000245,Provider Name 245,935133,Active
PRV000246,Provider Name 246,665041,Active
PRV000247,Provider Name 247,763164,Active
PRV000248,Provider Name 248,971841,Active
PRV000249,Provider Name 249,367364,Active
PRV000250,Provider Name 250,775717,Active
PRV000251,Provider Name 251,823734,Active
PRV000252,Provider Name 252,605620,Active
PRV000253,Provider Name 253,509043,Active
PRV000254,Provider Name 254,619520,Active
PRV000255,Provider Name 255,389249,Active
PRV000256,Provider Name 256,573028,Active
PRV000257,Provider Name 257,621441,Active
PRV000258,Provider Name 258,729591,Active
PRV000259,Provider Name 259,161807,Active
PRV000260,Provider Name 260,260196,Active
PRV000261,Provider Name 261,775627,Active
PRV000262,Provider Name 262,822182,Active
PRV000263,Provider Name 263,100706,Active
PRV000264,Provider Name 264,766775,Active
PRV000265,Provider Name 265,577200,Active
PRV000266,Provider Name 266,775627,Active
PRV000267,Provider Name 267,360506,Active
PRV000268,Provider Name 268,376126,Active
PRV000269,Provider Name 269,628308,Active
PRV000270,Provider Name 270,931521,Active
PRV000271,Provider Name 271,497468,Active
PRV000272,Provider Name 272,690345,Active
PRV000273,Provider Name 273,861417,Active
PRV000274,Provider Name 274,458016,Active
PRV000275,Provider Name 275,389741,Active
PRV000276,Provider Name 276,111161,Active
PRV000277,Provider Name 277,744995,Active
PRV000278,Provider Name 278,448026,Active
PRV000279,Provider Name 279,214549,Active
PRV000280,Provider Name 280,967381,Active
PRV000281,Provider Name 281,812123,Active
PRV000282,Provider Name 282,761217,Active
PRV000283,Provider Name 283,735645,Active
PRV000284,Provider Name 284,591652,Active
PRV000285,Provider Name 285,693002,Active
PRV000286,Provider Name 286,528245,Active
PRV000287,Provider Name 287,306744,Active
PRV000288,Provider Name 288,866150,Active
PRV000289,Provider Name 289,487479,Active
PRV000290,Provider Name 290,990632,Active
PRV000291,Provider Name 291,349723,Active
PRV000292,Provider Name 292,752547,Active
PRV000293,Provider Name 293,735991,Active
PRV000294,Provider Name 294,894043,Active
PRV000295,Provider Name 295,163080,Active
PRV000296,Provider Name 296,693880,Active
PRV000297,Provider Name 297,857343,Active
PRV000298,Provider Name 298,161292,Active
PRV000299,Provider Name 299,662590,Active
PRV000300,Provider Name 300,295591,Active
PRV000301,Provider Name 301,665041,Active
PRV000302,Provider Name 302,551505,Active
PRV000303,Provider Name 303,665041,Active
PRV000304,Provider Name 304,251323,Active
PRV000305,Provider Name 305,577571,Active
PRV000306,Provider Name 306,509043,Active
PRV000307,Provider Name 307,531411,Active
PRV000308,Provider Name 308,471789,Active
PRV000309,Provider Name 309,628308,Active
PRV000310,Provider Name 310,428790,Active
PRV000311,Provider Name 311,120981,Active
PRV000312,Provider Name 312,773360,Active
PRV000313,Provider Name 313,665041,Active
PRV000314,Provider Name 314,196597,Active
PRV000315,Provider Name 315,835839,Active
PRV000316,Provider Name 316,341576,Active
PRV000317,Provider Name 317,338959,Active
PRV000318,Provider Name 318,926792,Active
PRV000319,Provider Name 319,636505,Active
PRV000320,Provider Name 320,474138,Active
PRV000321,Provider Name 321,251323,Active
PRV000322,Provider Name 322,271376,Active
PRV000323,Provider Name 323,824786,Active
PRV000324,Provider Name 324,546061,Active
PRV000325,Provider Name 325,327512,Active
PRV000326,Provider Name 326,841419,Active
PRV000327,Provider Name 327,180556,Active
PRV000328,Provider Name 328,487479,Active
PRV000329,Provider Name 329,428790,Active
PRV000330,Provider Name 330,838464,Active
PRV000331,Provider Name 331,841419,Active
PRV000332,Provider Name 332,331915,Active
PRV000333,Provider Name 333,861417,Active
PRV000334,Provider Name 334,730066,Active
PRV000335,Provider Name 335,471789,Active
PRV000336,Provider Name 336,168989,Active
PRV000337,Provider Name 337,268190,Active
PRV000338,Provider Name 338,636505,Active
PRV000339,Provider Name 339,693063,Active
PRV000340,Provider Name 340,376292,Active
PRV000341,Provider Name 341,523868,Active
PRV000342,Provider Name 342,693706,Active
PRV000343,Provider Name 343,118748,Active
PRV000344,Provider Name 344,214549,Active
PRV000345,Provider Name 345,862557,Active
PRV000346,Provider Name 346,376126,Active
PRV000347,Provider Name 347,686502,Active
PRV000348,Provider Name 348,704846,Active
PRV000349,Provider Name 349,538143,Active
PRV000350,Provider Name 350,568959,Active
PRV000351,Provider Name 351,312918,Active
PRV000352,Provider Name 352,859317,Active
PRV000353,Provider Name 353,568959,Active
PRV000354,Provider Name 354,216641,Active
PRV000355,Provider Name 355,693880,Active
PRV000356,Provider Name 356,966377,Active
PRV000357,Provider Name 357,161292,Active
PRV000358,Provider Name 358,491226,Active
PRV000359,Provider Name 359,990355,Active
PRV000360,Provider Name 360,163659,Active
PRV000361,Provider Name 361,626897,Active
PRV000362,Provider Name 362,642023,Active
PRV000363,Provider Name 363,290362,Active
PRV000364,Provider Name 364,751491,Active
PRV000365,Provider Name 365,568550,Active
PRV000366,Provider Name 366,485541,Active
PRV000367,Provider Name 367,389741,Active
PRV000368,Provider Name 368,389741,Active
PRV000369,Provider Name 369,169790,Active
PRV000370,Provider Name 370,626897,Active
PRV000371,Provider Name 371,977429,Active
PRV000372,Provider Name 372,374329,Active
PRV000373,Provider Name 373,293985,Active
PRV000374,Provider Name 374,281722,Active
PRV000375,Provider Name 375,297361,Active
PRV000376,Provider Name 376,642023,Active
PRV000377,Provider Name 377,895913,Active
PRV000378,Provider Name 378,809646,Active
PRV000379,Provider Name 379,751491,Active
PRV000380,Provider Name 380,513462,Active
PRV000381,Provider Name 381,290362,Active
PRV000382,Provider Name 382,128507,Active
PRV000383,Provider Name 383,686502,Active
PRV000384,Provider Name 384,447435,Active
PRV000385,Provider Name 385,735645,Active
PRV000386,Provider Name 386,128507,Active
PRV000387,Provider Name 387,963748,Active
PRV000388,Provider Name 388,342869,Active
PRV000389,Provider Name 389,568550,Active
PRV000390,Provider Name 390,850027,Active
PRV000391,Provider Name 391,642624,Active
PRV000392,Provider Name 392,857343,Active
PRV000393,Provider Name 393,737608,Active
PRV000394,Provider Name 394,168851,Active
PRV000395,Provider Name 395,536486,Active
PRV000396,Provider Name 396,686502,Active
PRV000397,Provider Name 397,967381,Active
PRV000398,Provider Name 398,841419,Active
PRV000399,Provider Name 399,343413,Active
PRV000400,Provider Name 400,840952,Active
PRV000401,Provider Name 401,214210,Active
PRV000402,Provider Name 402,608720,Active
PRV000403,Provider Name 403,672577,Active
PRV000404,Provider Name 404,289046,Active
PRV000405,Provider Name 405,479798,Active
PRV000406,Provider Name 406,763164,Active
PRV000407,Provider Name 407,403468,Active
PRV000408,Provider Name 408,809646,Active
PRV000409,Provider Name 409,665041,Active
PRV000410,Provider Name 410,390226,Active
PRV000411,Provider Name 411,847801,Active
PRV000412,Provider Name 412,967381,Active
PRV000413,Provider Name 413,870780,Active
PRV000414,Provider Name 414,626897,Active
PRV000415,Provider Name 415,693002,Active
PRV000416,Provider Name 416,497468,Active
PRV000417,Provider Name 417,850027,Active
PRV000418,Provider Name 418,340983,Active
PRV000419,Provider Name 419,824786,Active
PRV000420,Provider Name 420,306744,Active
PRV000421,Provider Name 421,715093,Active
PRV000422,Provider Name 422,640135,Active
PRV000423,Provider Name 423,377558,Active
PRV000424,Provider Name 424,837737,Active
PRV000425,Provider Name 425,619520,Active
PRV000426,Provider Name 426,271376,Active
PRV000427,Provider Name 427,289046,Active
PRV000428,Provider Name 428,471583,Active
PRV000429,Provider Name 429,761217,Active
PRV000430,Provider Name 430,809646,Active
PRV000431,Provider Name 431,682278,Active
PRV000432,Provider Name 432,662590,Active
PRV000433,Provider Name 433,161292,Active
PRV000434,Provider Name 434,717641,Active
PRV000435,Provider Name 435,605620,Active
PRV000436,Provider Name 436,823734,Active
PRV000437,Provider Name 437,451012,Active
PRV000438,Provider Name 438,765848,Active
PRV000439,Provider Name 439,168851,Active
PRV000440,Provider Name 440,886126,Active
PRV000441,Provider Name 441,367120,Active
PRV000442,Provider Name 442,780838,Active
PRV000443,Provider Name 443,265010,Active
PRV000444,Provider Name 444,396893,Active
PRV000445,Provider Name 445,744995,Active
PRV000446,Provider Name 446,862557,Active
PRV000447,Provider Name 447,735991,Active
PRV000448,Provider Name 448,149189,Active
PRV000449,Provider Name 449,711704,Active
PRV000450,Provider Name 450,735991,Active
PRV000451,Provider Name 451,608720,Active
PRV000452,Provider Name 452,327512,Active
PRV000453,Provider Name 453,549651,Active
PRV000454,Provider Name 454,447435,Active
PRV000455,Provider Name 455,173952,Active
PRV000456,Provider Name 456,173952,Active
PRV000457,Provider Name 457,403468,Active
PRV000458,Provider Name 458,690345,Active
PRV000459,Provider Name 459,619251,Active
PRV000460,Provider Name 460,538780,Active
PRV000461,Provider Name 461,396893,Active
PRV000462,Provider Name 462,630647,Active
PRV000463,Provider Name 463,612947,Active
PRV000464,Provider Name 464,619251,Active
PRV000465,Provider Name 465,599819,Active
PRV000466,Provider Name 466,239289,Active
PRV000467,Provider Name 467,845788,Active
PRV000468,Provider Name 468,715093,Active
PRV000469,Provider Name 469,619520,Active
PRV000470,Provider Name 470,100706,Active
PRV000471,Provider Name 471,935133,Active
PRV000472,Provider Name 472,809646,Active
PRV000473,Provider Name 473,523868,Active
PRV000474,Provider Name 474,389741,Active
PRV000475,Provider Name 475,764083,Active
PRV000476,Provider Name 476,948073,Active
PRV000477,Provider Name 477,987009,Active
PRV000478,Provider Name 478,518635,Active
PRV000479,Provider Name 479,965434,Active
PRV000480,Provider Name 480,361159,Active
PRV000481,Provider Name 481,466597,Active
PRV000482,Provider Name 482,407520,Active
PRV000483,Provider Name 483,523868,Active
PRV000484,Provider Name 484,784462,Active
PRV000485,Provider Name 485,341478,Active
PRV000486,Provider Name 486,180556,Active
PRV000487,Provider Name 487,994601,Active
PRV000488,Provider Name 488,690008,Active
PRV000489,Provider Name 489,990632,Active
PRV000490,Provider Name 490,948285,Active
PRV000491,Provider Name 491,823734,Active
PRV000492,Provider Name 492,487349,Active
PRV000493,Provider Name 493,551505,Active
PRV000494,Provider Name 494,895551,Active
PRV000495,Provider Name 495,327512,Active
PRV000496,Provider Name 496,538780,Active
PRV000497,Provider Name 497,450142,Active
PRV000498,Provider Name 498,568550,Active
PRV000499,Provider Name 499,735645,Active
PRV000500,Provider Name 500,461128,Active
PRV000501,Provider Name 501,367120,Active
PRV000502,Provider Name 502,994601,Active
PRV000503,Provider Name 503,265010,Active
PRV000504,Provider Name 504,895913,Active
PRV000505,Provider Name 505,563895,Active
PRV000506,Provider Name 506,805621,Active
PRV000507,Provider Name 507,538143,Active
PRV000508,Provider Name 508,664264,Active
PRV000509,Provider Name 509,565422,Active
PRV000510,Provider Name 510,717641,Active
PRV000511,Provider Name 511,164611,Active
PRV000512,Provider Name 512,628308,Active
PRV000513,Provider Name 513,531411,Active
PRV000514,Provider Name 514,761217,Active
PRV000515,Provider Name 515,835839,Active
PRV000516,Provider Name 516,491226,Active
PRV000517,Provider Name 517,149189,Active
PRV000518,Provider Name 518,349723,Active
PRV000519,Provider Name 519,226882,Active
PRV000520,Provider Name 520,802103,Active
PRV000521,Provider Name 521,799747,Active
PRV000522,Provider Name 522,960295,Active
PRV000523,Provider Name 523,215820,Active
PRV000524,Provider Name 524,142866,Active
PRV000525,Provider Name 525,850027,Active
PRV000526,Provider Name 526,799747,Active
PRV000527,Provider Name 527,640853,Active
PRV000528,Provider Name 528,971841,Active
PRV000529,Provider Name 529,690008,Active
PRV000530,Provider Name 530,163659,Active
PRV000531,Provider Name 531,491226,Active
PRV000532,Provider Name 532,215820,Active
PRV000533,Provider Name 533,327512,Active
PRV000534,Provider Name 534,743427,Active
PRV000535,Provider Name 535,528245,Active
PRV000536,Provider Name 536,420354,Active
PRV000537,Provider Name 537,466597,Active
PRV000538,Provider Name 538,554066,Active
PRV000539,Provider Name 539,281722,Active
PRV000540,Provider Name 540,886126,Active
PRV000541,Provider Name 541,693880,Active
PRV000542,Provider Name 542,690008,Active
PRV000543,Provider Name 543,420354,Active
PRV000544,Provider Name 544,817500,Active
PRV000545,Provider Name 545,898960,Active
PRV000546,Provider Name 546,784462,Active
PRV000547,Provider Name 547,491803,Active
PRV000548,Provider Name 548,568550,Active
PRV000549,Provider Name 549,819533,Active
PRV000550,Provider Name 550,403468,Active
PRV000551,Provider Name 551,990355,Active
PRV000552,Provider Name 552,215479,Active
PRV000553,Provider Name 553,458016,Active
PRV000554,Provider Name 554,982992,Active
PRV000555,Provider Name 555,805621,Active
PRV000556,Provider Name 556,110927,Active
PRV000557,Provider Name 557,334297,Active
PRV000558,Provider Name 558,657675,Active
PRV000559,Provider Name 559,531411,Active
PRV000560,Provider Name 560,271376,Active
PRV000561,Provider Name 561,297361,Active
PRV000562,Provider Name 562,866680,Active
PRV000563,Provider Name 563,250848,Active
PRV000564,Provider Name 564,164611,Active
PRV000565,Provider Name 565,448026,Active
PRV000566,Provider Name 566,520009,Active
PRV000567,Provider Name 567,599819,Active
PRV000568,Provider Name 568,642023,Active
PRV000569,Provider Name 569,174197,Active
PRV000570,Provider Name 570,664264,Active
PRV000571,Provider Name 571,420366,Active
PRV000572,Provider Name 572,471789,Active
PRV000573,Provider Name 573,142866,Active
PRV000574,Provider Name 574,349728,Active
PRV000575,Provider Name 575,799747,Active
PRV000576,Provider Name 576,977429,Active
PRV000577,Provider Name 577,840952,Active
PRV000578,Provider Name 578,857343,Active
PRV000579,Provider Name 579,271376,Active
PRV000580,Provider Name 580,823734,Active
PRV000581,Provider Name 581,163080,Active
PRV000582,Provider Name 582,748281,Active
PRV000583,Provider Name 583,111161,Active
PRV000584,Provider Name 584,748281,Active
PRV000585,Provider Name 585,577571,Active
PRV000586,Provider Name 586,822182,Active
PRV000587,Provider Name 587,568959,Active
PRV000588,Provider Name 588,161292,Active
PRV000589,Provider Name 589,665041,Active
PRV000590,Provider Name 590,850027,Active
PRV000591,Provider Name 591,288500,Active
PRV000592,Provider Name 592,866680,Active
PRV000593,Provider Name 593,608720,Active
PRV000594,Provider Name 594,144794,Active
PRV000595,Provider Name 595,372624,Active
PRV000596,Provider Name 596,799747,Active
PRV000597,Provider Name 597,460218,Active
PRV000598,Provider Name 598,538780,Active
PRV000599,Provider Name 599,281722,Active
PRV000600,Provider Name 600,822182,Active
PRV000601,Provider Name 601,466597,Active
PRV000602,Provider Name 602,817500,Active
PRV000603,Provider Name 603,336450,Active
PRV000604,Provider Name 604,458480,Active
PRV000605,Provider Name 605,293985,Active
PRV000606,Provider Name 606,293985,Active
PRV000607,Provider Name 607,213458,Active
PRV000608,Provider Name 608,458163,Active
PRV000609,Provider Name 609,631224,Active
PRV000610,Provider Name 610,642624,Active
PRV000611,Provider Name 611,180556,Active
PRV000612,Provider Name 612,626897,Active
PRV000613,Provider Name 613,521605,Active
PRV000614,Provider Name 614,360506,Active
PRV000615,Provider Name 615,771996,Active
PRV000616,Provider Name 616,173952,Active
PRV000617,Provider Name 617,374329,Active
PRV000618,Provider Name 618,878896,Active
PRV000619,Provider Name 619,301533,Active
PRV000620,Provider Name 620,837737,Active
PRV000621,Provider Name 621,628308,Active
PRV000622,Provider Name 622,624667,Active
PRV000623,Provider Name 623,463200,Active
PRV000624,Provider Name 624,376292,Active
PRV000625,Provider Name 625,763164,Active
PRV000626,Provider Name 626,342869,Active
PRV000627,Provider Name 627,271376,Active
PRV000628,Provider Name 628,546872,Active
PRV000629,Provider Name 629,376292,Active
PRV000630,Provider Name 630,601911,Active
PRV000631,Provider Name 631,630647,Active
PRV000632,Provider Name 632,971841,Active
PRV000633,Provider Name 633,360506,Active
PRV000634,Provider Name 634,163080,Active
PRV000635,Provider Name 635,626897,Active
PRV000636,Provider Name 636,485541,Active
PRV000637,Provider Name 637,744995,Active
PRV000638,Provider Name 638,630647,Active
PRV000639,Provider Name 639,376292,Active
PRV000640,Provider Name 640,817500,Active
PRV000641,Provider Name 641,342869,Active
PRV000642,Provider Name 642,902573,Active
PRV000643,Provider Name 643,215820,Active
PRV000644,Provider Name 644,389741,Active
PRV000645,Provider Name 645,974968,Active
PRV000646,Provider Name 646,170175,Active
PRV000647,Provider Name 647,196597,Active
PRV000648,Provider Name 648,389741,Active
PRV000649,Provider Name 649,577571,Active
PRV000650,Provider Name 650,173952,Active
PRV000651,Provider Name 651,626897,Active
PRV000652,Provider Name 652,265010,Active
PRV000653,Provider Name 653,868802,Active
PRV000654,Provider Name 654,849370,Active
PRV000655,Provider Name 655,251323,Active
PRV000656,Provider Name 656,367120,Active
PRV000657,Provider Name 657,693063,Active
PRV000658,Provider Name 658,428790,Active
PRV000659,Provider Name 659,536486,Active
PRV000660,Provider Name 660,866150,Active
PRV000661,Provider Name 661,372624,Active
PRV000662,Provider Name 662,338959,Active
PRV000663,Provider Name 663,389621,Active
PRV000664,Provider Name 664,491226,Active
PRV000665,Provider Name 665,934460,Active
PRV000666,Provider Name 666,260196,Active
PRV000667,Provider Name 667,902573,Active
PRV000668,Provider Name 668,562186,Active
PRV000669,Provider Name 669,509043,Active
PRV000670,Provider Name 670,704846,Active
PRV000671,Provider Name 671,156542,Active
PRV000672,Provider Name 672,260196,Active
PRV000673,Provider Name 673,501820,Active
PRV000674,Provider Name 674,334297,Active
PRV000675,Provider Name 675,491226,Active
PRV000676,Provider Name 676,664264,Active
PRV000677,Provider Name 677,657675,Active
PRV000678,Provider Name 678,640135,Active
PRV000679,Provider Name 679,338959,Active
PRV000680,Provider Name 680,471789,Active
PRV000681,Provider Name 681,118748,Active
PRV000682,Provider Name 682,948073,Active
PRV000683,Provider Name 683,177564,Active
PRV000684,Provider Name 684,520009,Active
PRV000685,Provider Name 685,372624,Active
PRV000686,Provider Name 686,144794,Active
PRV000687,Provider Name 687,612947,Active
PRV000688,Provider Name 688,837737,Active
PRV000689,Provider Name 689,921503,Active
PRV000690,Provider Name 690,337684,Active
PRV000691,Provider Name 691,542894,Active
PRV000692,Provider Name 692,626897,Active
PRV000693,Provider Name 693,756765,Active
PRV000694,Provider Name 694,599440,Active
PRV000695,Provider Name 695,752547,Active
PRV000696,Provider Name 696,775627,Active
PRV000697,Provider Name 697,773360,Active
PRV000698,Provider Name 698,665041,Active
PRV000699,Provider Name 699,389249,Active
PRV000700,Provider Name 700,948073,Active
PRV000701,Provider Name 701,693880,Active
PRV000702,Provider Name 702,518635,Active
PRV000703,Provider Name 703,686502,Active
PRV000704,Provider Name 704,965434,Active
PRV000705,Provider Name 705,461113,Active
PRV000706,Provider Name 706,967381,Active
PRV000707,Provider Name 707,577571,Active
PRV000708,Provider Name 708,966377,Active
PRV000709,Provider Name 709,377988,Active
PRV000710,Provider Name 710,110927,Active
PRV000711,Provider Name 711,640135,Active
PRV000712,Provider Name 712,775627,Active
PRV000713,Provider Name 713,180556,Active
PRV000714,Provider Name 714,764083,Active
PRV000715,Provider Name 715,693706,Active
PRV000716,Provider Name 716,752547,Active
PRV000717,Provider Name 717,693063,Active
PRV000718,Provider Name 718,624667,Active
PRV000719,Provider Name 719,367120,Active
PRV000720,Provider Name 720,509043,Active
PRV000721,Provider Name 721,640853,Active
PRV000722,Provider Name 722,458893,Active
PRV000723,Provider Name 723,265010,Active
PRV000724,Provider Name 724,118748,Active
PRV000725,Provider Name 725,532788,Active
PRV000726,Provider Name 726,476884,Active
PRV000727,Provider Name 727,824786,Active
PRV000728,Provider Name 728,608720,Active
PRV000729,Provider Name 729,693706,Active
PRV000730,Provider Name 730,628308,Active
PRV000731,Provider Name 731,168989,Active
PRV000732,Provider Name 732,538780,Active
PRV000733,Provider Name 733,342869,Active
PRV000734,Provider Name 734,523868,Active
PRV000735,Provider Name 735,168851,Active
PRV000736,Provider Name 736,711420,Active
PRV000737,Provider Name 737,730066,Active
PRV000738,Provider Name 738,780838,Active
PRV000739,Provider Name 739,367364,Active
PRV000740,Provider Name 740,341576,Active
PRV000741,Provider Name 741,551505,Active
PRV000742,Provider Name 742,295591,Active
PRV000743,Provider Name 743,663803,Active
PRV000744,Provider Name 744,773360,Active
PRV000745,Provider Name 745,161292,Active
PRV000746,Provider Name 746,448026,Active
PRV000747,Provider Name 747,921503,Active
PRV000748,Provider Name 748,487349,Active
PRV000749,Provider Name 749,535281,Active
PRV000750,Provider Name 750,800467,Active
PRV000751,Provider Name 751,327512,Active
PRV000752,Provider Name 752,977429,Active
PRV000753,Provider Name 753,982992,Active
PRV000754,Provider Name 754,870780,Active
PRV000755,Provider Name 755,429327,Active
PRV000756,Provider Name 756,878896,Active
PRV000757,Provider Name 757,886126,Active
PRV000758,Provider Name 758,619520,Active
PRV000759,Provider Name 759,752547,Active
PRV000760,Provider Name 760,850027,Active
PRV000761,Provider Name 761,157651,Active
PRV000762,Provider Name 762,608720,Active
PRV000763,Provider Name 763,599483,Active
PRV000764,Provider Name 764,471583,Active
PRV000765,Provider Name 765,377558,Active
PRV000766,Provider Name 766,497468,Active
PRV000767,Provider Name 767,110927,Active
PRV000768,Provider Name 768,177564,Active
PRV000769,Provider Name 769,360506,Active
PRV000770,Provider Name 770,775627,Active
PRV000771,Provider Name 771,420366,Active
PRV000772,Provider Name 772,372624,Active
PRV000773,Provider Name 773,965434,Active
PRV000774,Provider Name 774,775627,Active
PRV000775,Provider Name 775,619520,Active
PRV000776,Provider Name 776,437316,Active
PRV000777,Provider Name 777,990355,Active
PRV000778,Provider Name 778,547780,Active
PRV000779,Provider Name 779,693880,Active
PRV000780,Provider Name 780,612947,Active
PRV000781,Provider Name 781,390226,Active
PRV000782,Provider Name 782,110927,Active
PRV000783,Provider Name 783,686502,Active
PRV000784,Provider Name 784,105307,Active
PRV000785,Provider Name 785,845788,Active
PRV000786,Provider Name 786,960295,Active
PRV000787,Provider Name 787,479798,Active
PRV000788,Provider Name 788,840952,Active
PRV000789,Provider Name 789,491226,Active
PRV000790,Provider Name 790,952759,Active
PRV000791,Provider Name 791,546872,Active
PRV000792,Provider Name 792,185620,Active
PRV000793,Provider Name 793,479798,Active
PRV000794,Provider Name 794,271376,Active
PRV000795,Provider Name 795,948285,Active
PRV000796,Provider Name 796,306744,Active
PRV000797,Provider Name 797,551505,Active
PRV000798,Provider Name 798,897456,Active
PRV000799,Provider Name 799,822182,Active
PRV000800,Provider Name 800,963748,Active
PRV000801,Provider Name 801,960295,Active
PRV000802,Provider Name 802,565176,Active
PRV000803,Provider Name 803,601911,Active
PRV000804,Provider Name 804,163080,Active
PRV000805,Provider Name 805,546061,Active
PRV000806,Provider Name 806,657675,Active
PRV000807,Provider Name 807,756765,Active
PRV000808,Provider Name 808,215479,Active
PRV000809,Provider Name 809,312918,Active
PRV000810,Provider Name 810,554066,Active
PRV000811,Provider Name 811,349728,Active
PRV000812,Provider Name 812,754242,Active
PRV000813,Provider Name 813,396893,Active
PRV000814,Provider Name 814,802103,Active
PRV000815,Provider Name 815,458016,Active
PRV000816,Provider Name 816,156542,Active
PRV000817,Provider Name 817,952759,Active
PRV000818,Provider Name 818,334297,Active
PRV000819,Provider Name 819,729591,Active
PRV000820,Provider Name 820,784462,Active
PRV000821,Provider Name 821,690008,Active
PRV000822,Provider Name 822,250848,Active
PRV000823,Provider Name 823,931521,Active
PRV000824,Provider Name 824,247394,Active
PRV000825,Provider Name 825,460218,Active
PRV000826,Provider Name 826,170175,Active
PRV000827,Provider Name 827,476884,Active
PRV000828,Provider Name 828,735645,Active
PRV000829,Provider Name 829,657675,Active
PRV000830,Provider Name 830,897456,Active
PRV000831,Provider Name 831,990632,Active
PRV000832,Provider Name 832,374329,Active
PRV000833,Provider Name 833,693063,Active
PRV000834,Provider Name 834,721389,Active
PRV000835,Provider Name 835,474138,Active
PRV000836,Provider Name 836,396893,Active
PRV000837,Provider Name 837,460218,Active
PRV000838,Provider Name 838,693706,Active
PRV000839,Provider Name 839,466597,Active
PRV000840,Provider Name 840,870780,Active
PRV000841,Provider Name 841,601911,Active
PRV000842,Provider Name 842,149189,Active
PRV000843,Provider Name 843,840952,Active
PRV000844,Provider Name 844,341478,Active
PRV000845,Provider Name 845,931349,Active
PRV000846,Provider Name 846,775717,Active
PRV000847,Provider Name 847,349723,Active
PRV000848,Provider Name 848,974968,Active
PRV000849,Provider Name 849,690415,Active
PRV000850,Provider Name 850,420354,Active
PRV000851,Provider Name 851,466597,Active
PRV000852,Provider Name 852,437316,Active
PRV000853,Provider Name 853,744995,Active
PRV000854,Provider Name 854,690008,Active
PRV000855,Provider Name 855,538143,Active
PRV000856,Provider Name 856,642624,Active
PRV000857,Provider Name 857,562186,Active
PRV000858,Provider Name 858,420354,Active
PRV000859,Provider Name 859,591652,Active
PRV000860,Provider Name 860,784462,Active
PRV000861,Provider Name 861,799747,Active
PRV000862,Provider Name 862,239289,Active
PRV000863,Provider Name 863,568959,Active
PRV000864,Provider Name 864,389621,Active
PRV000865,Provider Name 865,343413,Active
PRV000866,Provider Name 866,693706,Active
PRV000867,Provider Name 867,619251,Active
PRV000868,Provider Name 868,626897,Active
PRV000869,Provider Name 869,447435,Active
PRV000870,Provider Name 870,692001,Active
PRV000871,Provider Name 871,982992,Active
PRV000872,Provider Name 872,166223,Active
PRV000873,Provider Name 873,271376,Active
PRV000874,Provider Name 874,149189,Active
PRV000875,Provider Name 875,531411,Active
PRV000876,Provider Name 876,565176,Active
PRV000877,Provider Name 877,271376,Active
PRV000878,Provider Name 878,895551,Active
PRV000879,Provider Name 879,331915,Active
PRV000880,Provider Name 880,872351,Active
PRV000881,Provider Name 881,859317,Active
PRV000882,Provider Name 882,429327,Active
PRV000883,Provider Name 883,990355,Active
PRV000884,Provider Name 884,549564,Active
PRV000885,Provider Name 885,247394,Active
PRV000886,Provider Name 886,341478,Active
PRV000887,Provider Name 887,604607,Active
PRV000888,Provider Name 888,389741,Active
PRV000889,Provider Name 889,118478,Active
PRV000890,Provider Name 890,506533,Active
PRV000891,Provider Name 891,763164,Active
PRV000892,Provider Name 892,491226,Active
PRV000893,Provider Name 893,754242,Active
PRV000894,Provider Name 894,327512,Active
PRV000895,Provider Name 895,144794,Active
PRV000896,Provider Name 896,485541,Active
PRV000897,Provider Name 897,532788,Active
PRV000898,Provider Name 898,672577,Active
PRV000899,Provider Name 899,690345,Active
PRV000900,Provider Name 900,479798,Active
PRV000901,Provider Name 901,838464,Active
PRV000902,Provider Name 902,878896,Active
PRV000903,Provider Name 903,111161,Active
PRV000904,Provider Name 904,640135,Active
PRV000905,Provider Name 905,837737,Active
PRV000906,Provider Name 906,902573,Active
PRV000907,Provider Name 907,343413,Active
PRV000908,Provider Name 908,168851,Active
PRV000909,Provider Name 909,819533,Active
PRV000910,Provider Name 910,377558,Active
PRV000911,Provider Name 911,605620,Active
PRV000912,Provider Name 912,735991,Active
PRV000913,Provider Name 913,599440,Active
PRV000914,Provider Name 914,761217,Active
PRV000915,Provider Name 915,729591,Active
PRV000916,Provider Name 916,517824,Active
PRV000917,Provider Name 917,549651,Active
PRV000918,Provider Name 918,894043,Active
PRV000919,Provider Name 919,120981,Active
PRV000920,Provider Name 920,578096,Active
PRV000921,Provider Name 921,513462,Active
PRV000922,Provider Name 922,327512,Active
PRV000923,Provider Name 923,845788,Active
PRV000924,Provider Name 924,538780,Active
PRV000925,Provider Name 925,337684,Active
PRV000926,Provider Name 926,875932,Active
PRV000927,Provider Name 927,491226,Active
PRV000928,Provider Name 928,994601,Active
PRV000929,Provider Name 929,861417,Active
PRV000930,Provider Name 930,712652,Active
PRV000931,Provider Name 931,921503,Active
PRV000932,Provider Name 932,729591,Active
PRV000933,Provider Name 933,754242,Active
PRV000934,Provider Name 934,215479,Active
PRV000935,Provider Name 935,297361,Active
PRV000936,Provider Name 936,672577,Active
PRV000937,Provider Name 937,703989,Active
PRV000938,Provider Name 938,546061,Active
PRV000939,Provider Name 939,619251,Active
PRV000940,Provider Name 940,260196,Active
PRV000941,Provider Name 941,870780,Active
PRV000942,Provider Name 942,530146,Active
PRV000943,Provider Name 943,376292,Active
PRV000944,Provider Name 944,458893,Active
PRV000945,Provider Name 945,118478,Active
PRV000946,Provider Name 946,870780,Active
PRV000947,Provider Name 947,168989,Active
PRV000948,Provider Name 948,763164,Active
PRV000949,Provider Name 949,110927,Active
PRV000950,Provider Name 950,961023,Active
PRV000951,Provider Name 951,847801,Active
PRV000952,Provider Name 952,809646,Active
PRV000953,Provider Name 953,961023,Active
PRV000954,Provider Name 954,704846,Active
PRV000955,Provider Name 955,837737,Active
PRV000956,Provider Name 956,334297,Active
PRV000957,Provider Name 957,717641,Active
PRV000958,Provider Name 958,458893,Active
PRV000959,Provider Name 959,711704,Active
PRV000960,Provider Name 960,990355,Active
PRV000961,Provider Name 961,761217,Active
PRV000962,Provider Name 962,982004,Active
PRV000963,Provider Name 963,386412,Active
PRV000964,Provider Name 964,730066,Active
PRV000965,Provider Name 965,743427,Active
PRV000966,Provider Name 966,214210,Active
PRV000967,Provider Name 967,403468,Active
PRV000968,Provider Name 968,546872,Active
PRV000969,Provider Name 969,692001,Active
PRV000970,Provider Name 970,479798,Active
PRV000971,Provider Name 971,536486,Active
PRV000972,Provider Name 972,389621,Active
PRV000973,Provider Name 973,926792,Active
PRV000974,Provider Name 974,568959,Active
PRV000975,Provider Name 975,849370,Active
PRV000976,Provider Name 976,156542,Active
PRV000977,Provider Name 977,840952,Active
PRV000978,Provider Name 978,875932,Active
PRV000979,Provider Name 979,343413,Active
PRV000980,Provider Name 980,604607,Active
PRV000981,Provider Name 981,466597,Active
PRV000982,Provider Name 982,631224,Active
PRV000983,Provider Name 983,458893,Active
PRV000984,Provider Name 984,642624,Active
PRV000985,Provider Name 985,447435,Active
PRV000986,Provider Name 986,173952,Active
PRV000987,Provider Name 987,931521,Active
PRV000988,Provider Name 988,599819,Active
PRV000989,Provider Name 989,692001,Active
PRV000990,Provider Name 990,155106,Active
PRV000991,Provider Name 991,247394,Active
PRV000992,Provider Name 992,775627,Active
PRV000993,Provider Name 993,868802,Active
PRV000994,Provider Name 994,819533,Active
PRV000995,Provider Name 995,271376,Active
PRV000996,Provider Name 996,538780,Active
PRV000997,Provider Name 997,177988,Active
PRV000998,Provider Name 998,604607,Active
PRV000999,Provider Name 999,766775,Active
PRV001000,Provider Name 1000,546793,Active
PRV001001,Provider Name 1001,389741,Active
PRV001002,Provider Name 1002,547780,Active
PRV001003,Provider Name 1003,386412,Active
PRV001004,Provider Name 1004,389249,Active
PRV001005,Provider Name 1005,817500,Active
PRV001006,Provider Name 1006,528245,Active
PRV001007,Provider Name 1007,338959,Active
PRV001008,Provider Name 1008,312918,Active
PRV001009,Provider Name 1009,336450,Active
PRV001010,Provider Name 1010,338959,Active
PRV001011,Provider Name 1011,862557,Active
PRV001012,Provider Name 1012,578096,Active
PRV001013,Provider Name 1013,619251,Active
PRV001014,Provider Name 1014,870780,Active
PRV001015,Provider Name 1015,657675,Active
PRV001016,Provider Name 1016,163080,Active
PRV001017,Provider Name 1017,287265,Active
PRV001018,Provider Name 1018,693002,Active
PRV001019,Provider Name 1019,342869,Active
PRV001020,Provider Name 1020,169790,Active
PRV001021,Provider Name 1021,751491,Active
PRV001022,Provider Name 1022,361159,Active
PRV001023,Provider Name 1023,693002,Active
PRV001024,Provider Name 1024,312918,Active
PRV001025,Provider Name 1025,334297,Active
PRV001026,Provider Name 1026,578096,Active
PRV001027,Provider Name 1027,520009,Active
PRV001028,Provider Name 1028,799747,Active
PRV001029,Provider Name 1029,663803,Active
PRV001030,Provider Name 1030,771996,Active
PRV001031,Provider Name 1031,990355,Active
PRV001032,Provider Name 1032,118748,Active
PRV001033,Provider Name 1033,389741,Active
PRV001034,Provider Name 1034,342869,Active
PRV001035,Provider Name 1035,127443,Active
PRV001036,Provider Name 1036,711704,Active
PRV001037,Provider Name 1037,872351,Active
PRV001038,Provider Name 1038,517824,Active
PRV001039,Provider Name 1039,735991,Active
PRV001040,Provider Name 1040,312918,Active
PRV001041,Provider Name 1041,678159,Active
PRV001042,Provider Name 1042,521605,Active
PRV001043,Provider Name 1043,297361,Active
PRV001044,Provider Name 1044,802103,Active
PRV001045,Provider Name 1045,407520,Active
PRV001046,Provider Name 1046,535281,Active
PRV001047,Provider Name 1047,128507,Active
PRV001048,Provider Name 1048,578096,Active
PRV001049,Provider Name 1049,591652,Active
PRV001050,Provider Name 1050,817500,Active
PRV001051,Provider Name 1051,531411,Active
PRV001052,Provider Name 1052,850027,Active
PRV001053,Provider Name 1053,389621,Active
PRV001054,Provider Name 1054,532788,Active
PRV001055,Provider Name 1055,666939,Active
PRV001056,Provider Name 1056,174197,Active
PRV001057,Provider Name 1057,174197,Active
PRV001058,Provider Name 1058,297361,Active
PRV001059,Provider Name 1059,448026,Active
PRV001060,Provider Name 1060,458893,Active
PRV001061,Provider Name 1061,334297,Active
PRV001062,Provider Name 1062,934460,Active
PRV001063,Provider Name 1063,215820,Active
PRV001064,Provider Name 1064,604607,Active
PRV001065,Provider Name 1065,343413,Active
PRV001066,Provider Name 1066,981443,Active
PRV001067,Provider Name 1067,554066,Active
PRV001068,Provider Name 1068,367120,Active
PRV001069,Provider Name 1069,170175,Active
PRV001070,Provider Name 1070,448026,Active
PRV001071,Provider Name 1071,631224,Active
PRV001072,Provider Name 1072,931521,Active
PRV001073,Provider Name 1073,562186,Active
PRV001074,Provider Name 1074,338959,Active
PRV001075,Provider Name 1075,549651,Active
PRV001076,Provider Name 1076,847801,Active
PRV001077,Provider Name 1077,466597,Active
PRV001078,Provider Name 1078,619251,Active
PRV001079,Provider Name 1079,531411,Active
PRV001080,Provider Name 1080,894043,Active
PRV001081,Provider Name 1081,247394,Active
PRV001082,Provider Name 1082,640135,Active
PRV001083,Provider Name 1083,163659,Active
PRV001084,Provider Name 1084,509043,Active
PRV001085,Provider Name 1085,542894,Active
PRV001086,Provider Name 1086,386412,Active
PRV001087,Provider Name 1087,578096,Active
PRV001088,Provider Name 1088,389741,Active
PRV001089,Provider Name 1089,376292,Active
PRV001090,Provider Name 1090,630647,Active
PRV001091,Provider Name 1091,565422,Active
PRV001092,Provider Name 1092,711704,Active
PRV001093,Provider Name 1093,341576,Active
PRV001094,Provider Name 1094,536486,Active
PRV001095,Provider Name 1095,168989,Active
PRV001096,Provider Name 1096,169790,Active
PRV001097,Provider Name 1097,935133,Active
PRV001098,Provider Name 1098,166223,Active
PRV001099,Provider Name 1099,163080,Active
PRV001100,Provider Name 1100,657675,Active
PRV001101,Provider Name 1101,800467,Active
PRV001102,Provider Name 1102,619520,Active
PRV001103,Provider Name 1103,940283,Active
PRV001104,Provider Name 1104,990355,Active
PRV001105,Provider Name 1105,407520,Active
PRV001106,Provider Name 1106,730066,Active
PRV001107,Provider Name 1107,428790,Active
PRV001108,Provider Name 1108,271376,Active
PRV001109,Provider Name 1109,754242,Active
PRV001110,Provider Name 1110,672577,Active
PRV001111,Provider Name 1111,838464,Active
PRV001112,Provider Name 1112,868802,Active
PRV001113,Provider Name 1113,327512,Active
PRV001114,Provider Name 1114,866680,Active
PRV001115,Provider Name 1115,870780,Active
PRV001116,Provider Name 1116,305979,Active
PRV001117,Provider Name 1117,982992,Active
PRV001118,Provider Name 1118,185620,Active
PRV001119,Provider Name 1119,662590,Active
PRV001120,Provider Name 1120,799747,Active
PRV001121,Provider Name 1121,763164,Active
PRV001122,Provider Name 1122,389741,Active
PRV001123,Provider Name 1123,857343,Active
PRV001124,Provider Name 1124,751491,Active
PRV001125,Provider Name 1125,895551,Active
PRV001126,Provider Name 1126,573028,Active
PRV001127,Provider Name 1127,341576,Active
PRV001128,Provider Name 1128,577571,Active
PRV001129,Provider Name 1129,636505,Active
PRV001130,Provider Name 1130,926792,Active
PRV001131,Provider Name 1131,599819,Active
PRV001132,Provider Name 1132,562186,Active
PRV001133,Provider Name 1133,630647,Active
PRV001134,Provider Name 1134,420354,Active
PRV001135,Provider Name 1135,196597,Active
PRV001136,Provider Name 1136,626897,Active
PRV001137,Provider Name 1137,773360,Active
PRV001138,Provider Name 1138,784462,Active
PRV001139,Provider Name 1139,577571,Active
PRV001140,Provider Name 1140,775627,Active
PRV001141,Provider Name 1141,642023,Active
PRV001142,Provider Name 1142,376126,Active
PRV001143,Provider Name 1143,376126,Active
PRV001144,Provider Name 1144,775627,Active
PRV001145,Provider Name 1145,168989,Active
PRV001146,Provider Name 1146,549651,Active
PRV001147,Provider Name 1147,169790,Active
PRV001148,Provider Name 1148,940283,Active
PRV001149,Provider Name 1149,149189,Active
PRV001150,Provider Name 1150,506533,Active
PRV001151,Provider Name 1151,517824,Active
PRV001152,Provider Name 1152,120981,Active
PRV001153,Provider Name 1153,875932,Active
PRV001154,Provider Name 1154,396893,Active
PRV001155,Provider Name 1155,546793,Active
PRV001156,Provider Name 1156,226882,Active
PRV001157,Provider Name 1157,390226,Active
PRV001158,Provider Name 1158,619251,Active
PRV001159,Provider Name 1159,562186,Active
PRV001160,Provider Name 1160,196597,Active
PRV001161,Provider Name 1161,703989,Active
PRV001162,Provider Name 1162,628308,Active
PRV001163,Provider Name 1163,546872,Active
PRV001164,Provider Name 1164,859317,Active
PRV001165,Provider Name 1165,530146,Active
PRV001166,Provider Name 1166,800467,Active
PRV001167,Provider Name 1167,336450,Active
PRV001168,Provider Name 1168,341478,Active
PRV001169,Provider Name 1169,982992,Active
PRV001170,Provider Name 1170,450142,Active
PRV001171,Provider Name 1171,420354,Active
PRV001172,Provider Name 1172,518635,Active
PRV001173,Provider Name 1173,161807,Active
PRV001174,Provider Name 1174,604607,Active
PRV001175,Provider Name 1175,711420,Active
PRV001176,Provider Name 1176,185620,Active
PRV001177,Provider Name 1177,837737,Active
PRV001178,Provider Name 1178,528245,Active
PRV001179,Provider Name 1179,349723,Active
PRV001180,Provider Name 1180,717641,Active
PRV001181,Provider Name 1181,935133,Active
PRV001182,Provider Name 1182,142866,Active
PRV001183,Provider Name 1183,857343,Active
PRV001184,Provider Name 1184,163659,Active
PRV001185,Provider Name 1185,390226,Active
PRV001186,Provider Name 1186,591652,Active
PRV001187,Provider Name 1187,250848,Active
PRV001188,Provider Name 1188,389249,Active
PRV001189,Provider Name 1189,213458,Active
PRV001190,Provider Name 1190,521605,Active
PRV001191,Provider Name 1191,420366,Active
PRV001192,Provider Name 1192,671932,Active
PRV001193,Provider Name 1193,343413,Active
PRV001194,Provider Name 1194,420366,Active
PRV001195,Provider Name 1195,170175,Active
PRV001196,Provider Name 1196,982992,Active
PRV001197,Provider Name 1197,840952,Active
PRV001198,Provider Name 1198,861417,Active
PRV001199,Provider Name 1199,163659,Active
PRV001200,Provider Name 1200,306744,Active
PRV001201,Provider Name 1201,437316,Active
PRV001202,Provider Name 1202,547780,Active
PRV001203,Provider Name 1203,859317,Active
PRV001204,Provider Name 1204,251323,Active
PRV001205,Provider Name 1205,161292,Active
PRV001206,Provider Name 1206,268190,Active
PRV001207,Provider Name 1207,272304,Active
PRV001208,Provider Name 1208,463200,Active
PRV001209,Provider Name 1209,520009,Active
PRV001210,Provider Name 1210,630647,Active
PRV001211,Provider Name 1211,926792,Active
PRV001212,Provider Name 1212,693880,Active
PRV001213,Provider Name 1213,934460,Active
PRV001214,Provider Name 1214,376126,Active
PRV001215,Provider Name 1215,612947,Active
PRV001216,Provider Name 1216,578096,Active
PRV001217,Provider Name 1217,608720,Active
PRV001218,Provider Name 1218,894043,Active
PRV001219,Provider Name 1219,608720,Active
PRV001220,Provider Name 1220,389741,Active
PRV001221,Provider Name 1221,965434,Active
PRV001222,Provider Name 1222,301533,Active
PRV001223,Provider Name 1223,265010,Active
PRV001224,Provider Name 1224,301533,Active
PRV001225,Provider Name 1225,766775,Active
PRV001226,Provider Name 1226,855670,Active
PRV001227,Provider Name 1227,845788,Active
PRV001228,Provider Name 1228,149189,Active
PRV001229,Provider Name 1229,389621,Active
PRV001230,Provider Name 1230,127443,Active
PRV001231,Provider Name 1231,748281,Active
PRV001232,Provider Name 1232,987009,Active
PRV001233,Provider Name 1233,509043,Active
PRV001234,Provider Name 1234,840952,Active
PRV001235,Provider Name 1235,902573,Active
PRV001236,Provider Name 1236,682278,Active
PRV001237,Provider Name 1237,487349,Active
PRV001238,Provider Name 1238,174197,Active
PRV001239,Provider Name 1239,546872,Active
PRV001240,Provider Name 1240,501820,Active
PRV001241,Provider Name 1241,605620,Active
PRV001242,Provider Name 1242,693706,Active
PRV001243,Provider Name 1243,562186,Active
PRV001244,Provider Name 1244,367120,Active
PRV001245,Provider Name 1245,931349,Active
PRV001246,Provider Name 1246,111161,Active
PRV001247,Provider Name 1247,458016,Active
PRV001248,Provider Name 1248,429327,Active
PRV001249,Provider Name 1249,636505,Active
PRV001250,Provider Name 1250,895551,Active
PRV001251,Provider Name 1251,894043,Active
PRV001252,Provider Name 1252,849370,Active
PRV001253,Provider Name 1253,327512,Active
PRV001254,Provider Name 1254,342869,Active
PRV001255,Provider Name 1255,549564,Active
PRV001256,Provider Name 1256,605620,Active
PRV001257,Provider Name 1257,693063,Active
PRV001258,Provider Name 1258,161292,Active
PRV001259,Provider Name 1259,170175,Active
PRV001260,Provider Name 1260,735645,Active
PRV001261,Provider Name 1261,506533,Active
PRV001262,Provider Name 1262,672577,Active
PRV001263,Provider Name 1263,819533,Active
PRV001264,Provider Name 1264,105307,Active
PRV001265,Provider Name 1265,461113,Active
PRV000305,Provider Name 305,765848,Active
PRV000021,Provider Name 21,663803,Active
PRV000246,Provider Name 246,336450,Active
PRV000374,Provider Name 374,180556,Active
PRV001114,Provider Name 1114,961023,Active
PRV000315,Provider Name 315,802103,Active
PRV000563,Provider Name 563,118748,Active
PRV000731,Provider Name 731,546872,Active
PRV000410,Provider Name 410,565422,Active
PRV000356,Provider Name 356,216641,Active
PRV000526,Provider Name 526,341576,Active
PRV000833,Provider Name 833,156542,Active
PRV001034,Provider Name 1034,841419,Active
PRV000461,Provider Name 461,952759,Active
PRV000996,Provider Name 996,663803,Active
PRV000182,Provider Name 182,855670,Active
PRV000735,Provider Name 735,487349,Active
PRV001210,Provider Name 1210,971841,Active
PRV000930,Provider Name 930,952759,Active
PRV000115,Provider Name 115,763164,Active
PRV000457,Provider Name 457,693880,Active
PRV000632,Provider Name 632,898960,Active
PRV000935,Provider Name 935,290362,Active
PRV001010,Provider Name 1010,693706,Active
PRV000374,Provider Name 374,501820,Active
PRV001168,Provider Name 1168,780838,Active
PRV001087,Provider Name 1087,855670,Active
PRV001183,Provider Name 1183,216641,Active
PRV000361,Provider Name 361,809646,Active
PRV000479,Provider Name 479,686502,Active
PRV001127,Provider Name 1127,341478,Active
PRV000567,Provider Name 567,812123,Active
PRV000496,Provider Name 496,164611,Active
PRV000314,Provider Name 314,361159,Active
PRV000032,Provider Name 32,990355,Active
PRV000349,Provider Name 349,518635,Active
PRV000899,Provider Name 899,306744,Active
PRV000233,Provider Name 233,196597,Active
PRV000520,Provider Name 520,288500,Active
PRV000694,Provider Name 694,866680,Active
PRV000323,Provider Name 323,341478,Active
PRV001094,Provider Name 1094,547780,Active
PRV001106,Provider Name 1106,127443,Active
PRV001072,Provider Name 1072,612947,Active
PRV001159,Provider Name 1159,868802,Active
PRV000563,Provider Name 563,337684,Active
PRV000240,Provider Name 240,940283,Active
PRV001102,Provider Name 1102,952759,Active
PRV000563,Provider Name 563,420366,Active
PRV000806,Provider Name 806,712652,Active
PRV000848,Provider Name 848,271376,Active
PRV000407,Provider Name 407,287265,Active
PRV000240,Provider Name 240,491226,Active
PRV000544,Provider Name 544,403468,Active
PRV000449,Provider Name 449,849370,Active
PRV001058,Provider Name 1058,952759,Active
PRV001056,Provider Name 1056,479798,Active
PRV000986,Provider Name 986,940283,Active
PRV000080,Provider Name 80,336450,Active
PRV000542,Provider Name 542,390226,Active
PRV000316,Provider Name 316,471583,Active
PRV001123,Provider Name 1123,599819,Active
PRV001113,Provider Name 1113,898960,Active
PRV000809,Provider Name 809,961023,Active
PRV000552,Provider Name 552,989546,Active
PRV001110,Provider Name 1110,268190,Active
PRV000952,Provider Name 952,177564,Active
PRV000624,Provider Name 624,458893,Active
PRV000342,Provider Name 342,940283,Active
PRV000714,Provider Name 714,174197,Active
PRV001020,Provider Name 1020,563895,Active
PRV000868,Provider Name 868,784462,Active
PRV001224,Provider Name 1224,376292,Active
PRV000698,Provider Name 698,163659,Active
PRV000191,Provider Name 191,845788,Active
PRV000783,Provider Name 783,429327,Active
PRV000844,Provider Name 844,271376,Active
PRV000759,Provider Name 759,855670,Active
PRV000664,Provider Name 664,990632,Active
PRV000379,Provider Name 379,987009,Active
PRV001099,Provider Name 1099,802103,Active
PRV000273,Provider Name 273,690008,Active
PRV000210,Provider Name 210,295591,Active
PRV000255,Provider Name 255,721389,Active
PRV001265,Provider Name 1265,157651,Active
PRV000112,Provider Name 112,657675,Active
PRV000413,Provider Name 413,461128,Active
PRV000220,Provider Name 220,775627,Active
PRV000652,Provider Name 652,342869,Active
PRV000038,Provider Name 38,989546,Active
PRV000220,Provider Name 220,841419,Active
PRV000773,Provider Name 773,565176,Active
PRV001103,Provider Name 1103,428790,Active
PRV000695,Provider Name 695,612947,Active
PRV001133,Provider Name 1133,775627,Active
PRV000457,Provider Name 457,450142,Active
PRV000407,Provider Name 407,214549,Active
PRV000530,Provider Name 530,341478,Active
PRV000250,Provider Name 250,458016,Active
PRV000281,Provider Name 281,931349,Active
PRV000998,Provider Name 998,281722,Active
PRV000619,Provider Name 619,177564,Active
PRV000131,Provider Name 131,156542,Active
PRV001029,Provider Name 1029,737608,Active
PRV000687,Provider Name 687,177988,Active
PRV001171,Provider Name 1171,717641,Active
PRV001054,Provider Name 1054,341576,Active
PRV000632,Provider Name 632,251323,Active
PRV000987,Provider Name 987,164611,Active
PRV000075,Provider Name 75,372624,Active
PRV000042,Provider Name 42,763164,Active
PRV000218,Provider Name 218,361159,Active
PRV000045,Provider Name 45,288500,Active
PRV000259,Provider Name 259,466597,Active
PRV000157,Provider Name 157,761217,Active
PRV000978,Provider Name 978,168851,Active
PRV000866,Provider Name 866,784462,Active
PRV000960,Provider Name 960,605620,Active
PRV000667,Provider Name 667,761217,Active
PRV000690,Provider Name 690,268190,Active
PRV000151,Provider Name 151,841419,Active
PRV000229,Provider Name 229,177564,Active
PRV000130,Provider Name 130,562186,Active
PRV001263,Provider Name 1263,403468,Active
PRV000788,Provider Name 788,420366,Active
PRV000797,Provider Name 797,367120,Active
PRV001231,Provider Name 1231,565176,Active
PRV000345,Provider Name 345,840952,Active
PRV000645,Provider Name 645,967381,Active
PRV000880,Provider Name 880,573028,Active
PRV000146,Provider Name 146,754242,Active
PRV000509,Provider Name 509,748281,Active
PRV000355,Provider Name 355,367120,Active
PRV000003,Provider Name 3,271376,Active
PRV000497,Provider Name 497,664264,Active
PRV000514,Provider Name 514,542894,Active
PRV000317,Provider Name 317,542894,Active
PRV000488,Provider Name 488,250848,Active
PRV001208,Provider Name 1208,977429,Active
PRV000276,Provider Name 276,748281,Active
PRV000506,Provider Name 506,377558,Active
PRV000023,Provider Name 23,306744,Active
PRV000411,Provider Name 411,491226,Active
PRV000017,Provider Name 17,487479,Active
PRV000721,Provider Name 721,824786,Active
PRV000358,Provider Name 358,619251,Active
PRV001015,Provider Name 1015,799747,Active
PRV001259,Provider Name 1259,921503,Active
PRV001232,Provider Name 1232,144794,Active
PRV001123,Provider Name 1123,239289,Active
PRV000286,Provider Name 286,690008,Active
PRV000772,Provider Name 772,737608,Active
PRV000987,Provider Name 987,893075,Active
PRV000460,Provider Name 460,657675,Active
PRV001082,Provider Name 1082,491803,Active
PRV001177,Provider Name 1177,535281,Active
PRV001026,Provider Name 1026,961023,Active
PRV000593,Provider Name 593,340983,Active
PRV000978,Provider Name 978,461113,Active
PRV000631,Provider Name 631,451012,Active
PRV000928,Provider Name 928,420354,Active
PRV000157,Provider Name 157,532788,Active
PRV000064,Provider Name 64,297361,Active
PRV001083,Provider Name 1083,971841,Active
PRV000285,Provider Name 285,775717,Active
PRV000804,Provider Name 804,155106,Active
PRV001172,Provider Name 1172,664264,Active
PRV000615,Provider Name 615,690008,Active
PRV000203,Provider Name 203,301533,Active
PRV000523,Provider Name 523,775627,Active
PRV000190,Provider Name 190,367364,Active
PRV000709,Provider Name 709,693002,Active
PRV000165,Provider Name 165,608720,Active
PRV000347,Provider Name 347,599440,Active
PRV000139,Provider Name 139,599819,Active
PRV000037,Provider Name 37,729591,Active
PRV000889,Provider Name 889,185620,Active
PRV000457,Provider Name 457,420354,Active
PRV000202,Provider Name 202,573028,Active
PRV000454,Provider Name 454,513462,Active
PRV001221,Provider Name 1221,487479,Active
PRV000586,Provider Name 586,463200,Active
PRV000718,Provider Name 718,173952,Active
PRV000830,Provider Name 830,214549,Active
PRV001079,Provider Name 1079,420366,Active
PRV000342,Provider Name 342,866150,Active
PRV001228,Provider Name 1228,754242,Active
PRV001041,Provider Name 1041,521605,Active
PRV000566,Provider Name 566,906264,Active
PRV001236,Provider Name 1236,605620,Active
PRV000646,Provider Name 646,265010,Active
PRV000443,Provider Name 443,948285,Active
PRV000801,Provider Name 801,921503,Active
PRV000281,Provider Name 281,751491,Active
PRV000627,Provider Name 627,367364,Active
PRV000650,Provider Name 650,711704,Active
PRV000412,Provider Name 412,711420,Active
PRV000016,Provider Name 16,604607,Active
PRV000334,Provider Name 334,838464,Active
PRV000588,Provider Name 588,287265,Active
PRV000938,Provider Name 938,361159,Active
PRV000949,Provider Name 949,766775,Active
PRV001257,Provider Name 1257,800467,Active
PRV000916,Provider Name 916,428790,Active
PRV000623,Provider Name 623,301533,Active
PRV000413,Provider Name 413,342869,Active
PRV001143,Provider Name 1143,711420,Active
PRV000926,Provider Name 926,895551,Active
PRV000916,Provider Name 916,293985,Active
PRV000942,Provider Name 942,894043,Active
PRV000867,Provider Name 867,428790,Active
PRV000856,Provider Name 856,730066,Active
PRV000915,Provider Name 915,898960,Active
PRV000591,Provider Name 591,163080,Active
PRV000947,Provider Name 947,509043,Active
PRV000160,Provider Name 160,817500,Active
PRV001131,Provider Name 1131,110927,Active
PRV000540,Provider Name 540,729591,Active
PRV000807,Provider Name 807,281722,Active
PRV000705,Provider Name 705,977429,Active
PRV000923,Provider Name 923,703989,Active
PRV001096,Provider Name 1096,662590,Active
PRV000375,Provider Name 375,948285,Active
PRV000156,Provider Name 156,642624,Active
PRV000651,Provider Name 651,174197,Active
PRV000300,Provider Name 300,272304,Active
PRV000955,Provider Name 955,156542,Active
PRV000488,Provider Name 488,334297,Active
PRV000603,Provider Name 603,662590,Active
PRV000931,Provider Name 931,895913,Active
PRV000272,Provider Name 272,577571,Active
PRV000123,Provider Name 123,376126,Active
PRV000608,Provider Name 608,642624,Active
PRV000890,Provider Name 890,893075,Active
PRV000500,Provider Name 500,766775,Active
PRV000119,Provider Name 119,239289,Active
PRV000389,Provider Name 389,775717,Active
PRV000957,Provider Name 957,902573,Active
PRV000299,Provider Name 299,312918,Active
PRV001094,Provider Name 1094,528245,Active
PRV000553,Provider Name 553,642023,Active
PRV000823,Provider Name 823,177988,Active
PRV000766,Provider Name 766,297361,Active
PRV000131,Provider Name 131,735991,Active
PRV001019,Provider Name 1019,599819,Active
PRV000105,Provider Name 105,721389,Active
PRV000237,Provider Name 237,156542,Active
PRV000419,Provider Name 419,163080,Active
PRV000876,Provider Name 876,994601,Active
PRV000840,Provider Name 840,389621,Active
PRV000124,Provider Name 124,605620,Active
PRV001033,Provider Name 1033,360506,Active
PRV000522,Provider Name 522,948073,Active
PRV000447,Provider Name 447,177564,Active
PRV000767,Provider Name 767,565176,Active
PRV000777,Provider Name 777,744995,Active
PRV001113,Provider Name 1113,906264,Active
PRV000278,Provider Name 278,591652,Active
PRV000790,Provider Name 790,878896,Active
PRV000929,Provider Name 929,374329,Active
PRV001002,Provider Name 1002,704846,Active
PRV000285,Provider Name 285,678159,Active
PRV000376,Provider Name 376,428790,Active
PRV000528,Provider Name 528,214549,Active
PRV000213,Provider Name 213,730066,Active
PRV000206,Provider Name 206,866680,Active
PRV000672,Provider Name 672,479798,Active
PRV000143,Provider Name 143,824786,Active
PRV000980,Provider Name 980,506533,Active
PRV000612,Provider Name 612,604607,Active
PRV001228,Provider Name 1228,110927,Active
PRV000066,Provider Name 66,420366,Active
PRV001204,Provider Name 1204,213458,Active
PRV001229,Provider Name 1229,226882,Active
PRV000580,Provider Name 580,407520,Active
PRV000480,Provider Name 480,214210,Active
PRV000886,Provider Name 886,926792,Active
PRV000755,Provider Name 755,372624,Active
PRV001039,Provider Name 1039,538143,Active
PRV001202,Provider Name 1202,447435,Active
PRV000581,Provider Name 581,491803,Active
PRV001160,Provider Name 1160,974968,Active
PRV001133,Provider Name 1133,288500,Active
PRV000548,Provider Name 548,861417,Active
PRV000901,Provider Name 901,686502,Active
PRV000419,Provider Name 419,185620,Active
PRV001038,Provider Name 1038,271376,Active
PRV000483,Provider Name 483,506533,Active
PRV000746,Provider Name 746,599819,Active
PRV001231,Provider Name 1231,601911,Active
PRV001057,Provider Name 1057,990355,Active
PRV000284,Provider Name 284,407520,Active
PRV000783,Provider Name 783,288500,Active
PRV000688,Provider Name 688,216641,Active
PRV000116,Provider Name 116,343413,Active
PRV000937,Provider Name 937,631224,Active
PRV000053,Provider Name 53,450142,Active
PRV000682,Provider Name 682,729591,Active
PRV000021,Provider Name 21,989546,Active
PRV000285,Provider Name 285,965434,Active
PRV000950,Provider Name 950,196597,Active
PRV000049,Provider Name 49,340983,Active
PRV000621,Provider Name 621,340983,Active
PRV000178,Provider Name 178,812123,Active
PRV000009,Provider Name 9,931349,Active
PRV000290,Provider Name 290,169790,Active
PRV000263,Provider Name 263,822182,Active
PRV000040,Provider Name 40,128507,Active
PRV000164,Provider Name 164,619520,Active
PRV000526,Provider Name 526,754242,Active
PRV000521,Provider Name 521,735645,Active
PRV000635,Provider Name 635,761217,Active
PRV000341,Provider Name 341,177564,Active
PRV000685,Provider Name 685,761217,Active
PRV001158,Provider Name 1158,565176,Active
PRV000405,Provider Name 405,451012,Active
PRV000716,Provider Name 716,461113,Active
PRV000099,Provider Name 99,591652,Active
PRV000531,Provider Name 531,756765,Active
PRV000500,Provider Name 500,664264,Active
PRV000406,Provider Name 406,226882,Active
PRV000162,Provider Name 162,599440,Active
PRV001217,Provider Name 1217,935133,Active
PRV000653,Provider Name 653,520009,Active
PRV000201,Provider Name 201,640135,Active
PRV000014,Provider Name 14,479798,Active
PRV000832,Provider Name 832,487479,Active
PRV000591,Provider Name 591,420366,Active
PRV000904,Provider Name 904,546061,Active
PRV000932,Provider Name 932,775717,Active
PRV000056,Provider Name 56,751491,Active
PRV001190,Provider Name 1190,859317,Active
PRV000919,Provider Name 919,926792,Active
PRV000703,Provider Name 703,216641,Active
PRV000750,Provider Name 750,711420,Active
PRV000394,Provider Name 394,196597,Active
PRV000970,Provider Name 970,487479,Active
PRV000976,Provider Name 976,268190,Active
PRV000512,Provider Name 512,672577,Active
PRV001242,Provider Name 1242,894043,Active
PRV001260,Provider Name 1260,775717,Active
PRV000419,Provider Name 419,337684,Active
PRV000656,Provider Name 656,621441,Active
PRV000938,Provider Name 938,180556,Active
PRV000442,Provider Name 442,712652,Active
PRV001167,Provider Name 1167,855670,Active
PRV000031,Provider Name 31,428790,Active
PRV000395,Provider Name 395,894043,Active
PRV000781,Provider Name 781,775627,Active
PRV000012,Provider Name 12,460218,Active
PRV000675,Provider Name 675,966377,Active
PRV000228,Provider Name 228,845788,Active
PRV000249,Provider Name 249,921503,Active
PRV000726,Provider Name 726,485541,Active
PRV001113,Provider Name 1113,466597,Active
PRV001202,Provider Name 1202,872351,Active
PRV000918,Provider Name 918,546793,Active
PRV000058,Provider Name 58,640853,Active
PRV000214,Provider Name 214,305979,Active
PRV000494,Provider Name 494,926792,Active
PRV001095,Provider Name 1095,497468,Active
PRV000189,Provider Name 189,604607,Active
PRV000800,Provider Name 800,215479,Active
PRV001111,Provider Name 1111,389249,Active
PRV000494,Provider Name 494,868802,Active
PRV001002,Provider Name 1002,965434,Active
PRV000543,Provider Name 543,429327,Active
PRV001144,Provider Name 1144,642624,Active
PRV000988,Provider Name 988,642624,Active
PRV001195,Provider Name 1195,420354,Active
PRV000627,Provider Name 627,704846,Active
PRV000485,Provider Name 485,271376,Active
PRV001126,Provider Name 1126,817500,Active
PRV000645,Provider Name 645,631224,Active
PRV001209,Provider Name 1209,578096,Active
PRV001101,Provider Name 1101,862557,Active
PRV000366,Provider Name 366,784462,Active
PRV001023,Provider Name 1023,940283,Active
PRV000135,Provider Name 135,360506,Active
PRV000748,Provider Name 748,196597,Active
PRV001165,Provider Name 1165,657675,Active
PRV000338,Provider Name 338,450142,Active
PRV000439,Provider Name 439,735991,Active
PRV001181,Provider Name 1181,272304,Active
PRV000813,Provider Name 813,120981,Active
PRV000214,Provider Name 214,215479,Active
PRV000088,Provider Name 88,290362,Active
PRV000314,Provider Name 314,878896,Active
PRV000946,Provider Name 946,267112,Active
PRV000480,Provider Name 480,573028,Active
PRV001091,Provider Name 1091,763164,Active
PRV001260,Provider Name 1260,214549,Active
PRV000475,Provider Name 475,215820,Active
PRV000556,Provider Name 556,965434,Active
PRV000108,Provider Name 108,437316,Active
PRV000506,Provider Name 506,886126,Active
PRV000563,Provider Name 563,665041,Active
PRV000958,Provider Name 958,562186,Active
PRV000968,Provider Name 968,226882,Active
PRV000920,Provider Name 920,528245,Active
PRV000692,Provider Name 692,485541,Active
PRV000569,Provider Name 569,982004,Active
PRV000347,Provider Name 347,501820,Active
PRV000331,Provider Name 331,377558,Active
PRV000995,Provider Name 995,420354,Active
PRV000338,Provider Name 338,349728,Active
PRV000436,Provider Name 436,340983,Active
PRV000869,Provider Name 869,578096,Active
PRV000143,Provider Name 143,120981,Active
PRV000683,Provider Name 683,799747,Active
PRV000219,Provider Name 219,128507,Active
PRV000799,Provider Name 799,460218,Active
PRV000121,Provider Name 121,940283,Active
PRV001108,Provider Name 1108,850027,Active
PRV001021,Provider Name 1021,549564,Active
PRV000383,Provider Name 383,290362,Active
PRV000434,Provider Name 434,775627,Active
PRV001173,Provider Name 1173,340983,Active
PRV001164,Provider Name 1164,268190,Active
PRV000568,Provider Name 568,523868,Active
PRV000846,Provider Name 846,272304,Active
PRV001231,Provider Name 1231,715093,Active
PRV000332,Provider Name 332,690415,Active
PRV000472,Provider Name 472,168851,Active
PRV000213,Provider Name 213,164611,Active
PRV001220,Provider Name 1220,678159,Active
PRV001151,Provider Name 1151,173952,Active
PRV001255,Provider Name 1255,608720,Active
PRV000545,Provider Name 545,554066,Active
PRV001111,Provider Name 1111,216641,Active
PRV001229,Provider Name 1229,341576,Active
PRV000585,Provider Name 585,868802,Active
PRV000385,Provider Name 385,817500,Active
PRV000508,Provider Name 508,287265,Active
PRV000048,Provider Name 48,118478,Active
PRV000597,Provider Name 597,686502,Active
PRV000532,Provider Name 532,174197,Active
PRV000850,Provider Name 850,693706,Active
PRV000017,Provider Name 17,447929,Active
PRV000534,Provider Name 534,665041,Active
PRV000338,Provider Name 338,532788,Active
PRV000135,Provider Name 135,428790,Active
PRV000847,Provider Name 847,952759,Active
PRV001001,Provider Name 1001,530146,Active
PRV001083,Provider Name 1083,712652,Active
PRV000591,Provider Name 591,601911,Active
PRV000301,Provider Name 301,886126,Active
PRV000508,Provider Name 508,994601,Active
PRV000721,Provider Name 721,591652,Active
PRV000067,Provider Name 67,775717,Active
PRV001016,Provider Name 1016,948073,Active
PRV000096,Provider Name 96,764083,Active
PRV000547,Provider Name 547,744995,Active
PRV000058,Provider Name 58,164611,Active
PRV000328,Provider Name 328,549564,Active
PRV000241,Provider Name 241,447929,Active
PRV000519,Provider Name 519,990355,Active
PRV000011,Provider Name 11,862557,Active
PRV000502,Provider Name 502,271376,Active
PRV000848,Provider Name 848,752547,Active
PRV000835,Provider Name 835,563895,Active
PRV000471,Provider Name 471,640135,Active
PRV000720,Provider Name 720,451012,Active
PRV000503,Provider Name 503,961023,Active
PRV000264,Provider Name 264,712652,Active
PRV001033,Provider Name 1033,530146,Active
PRV000500,Provider Name 500,518635,Active
PRV000010,Provider Name 10,174197,Active
PRV000751,Provider Name 751,214210,Active
PRV000561,Provider Name 561,735991,Active
PRV001242,Provider Name 1242,463200,Active
PRV001259,Provider Name 1259,665041,Active
PRV000103,Provider Name 103,334297,Active
PRV000645,Provider Name 645,961023,Active
PRV000202,Provider Name 202,990632,Active
PRV001201,Provider Name 1201,168989,Active
PRV000567,Provider Name 567,866680,Active
PRV000921,Provider Name 921,990355,Active
PRV000618,Provider Name 618,450142,Active
PRV000767,Provider Name 767,542894,Active
PRV000455,Provider Name 455,287265,Active
PRV000051,Provider Name 51,703989,Active
PRV000090,Provider Name 90,396893,Active
PRV000623,Provider Name 623,546061,Active
PRV000486,Provider Name 486,817500,Active
PRV000942,Provider Name 942,120981,Active
PRV000099,Provider Name 99,161807,Active
PRV000304,Provider Name 304,487479,Active
PRV000733,Provider Name 733,474138,Active
PRV000290,Provider Name 290,390226,Active
PRV000922,Provider Name 922,735645,Active
PRV000794,Provider Name 794,805621,Active
PRV000311,Provider Name 311,239289,Active
PRV000439,Provider Name 439,565176,Active
PRV001120,Provider Name 1120,450142,Active
PRV000269,Provider Name 269,461128,Active
PRV000681,Provider Name 681,267112,Active
PRV000153,Provider Name 153,142866,Active
PRV000301,Provider Name 301,693063,Active
PRV000946,Provider Name 946,521605,Active
PRV000091,Provider Name 91,562186,Active
PRV000862,Provider Name 862,374329,Active
PRV000726,Provider Name 726,965434,Active
PRV000539,Provider Name 539,800467,Active
PRV000527,Provider Name 527,665041,Active
PRV000328,Provider Name 328,349723,Active
PRV000641,Provider Name 641,730066,Active
PRV001200,Provider Name 1200,163080,Active
PRV000171,Provider Name 171,682278,Active
PRV000303,Provider Name 303,349723,Active
PRV001098,Provider Name 1098,780838,Active
PRV000901,Provider Name 901,487349,Active
PRV000725,Provider Name 725,729591,Active
PRV000452,Provider Name 452,721389,Active
PRV001217,Provider Name 1217,577200,Active
PRV000046,Provider Name 46,974968,Active
PRV000903,Provider Name 903,361159,Active
PRV000846,Provider Name 846,748281,Active
PRV000236,Provider Name 236,390226,Active
PRV000844,Provider Name 844,682278,Active
PRV000762,Provider Name 762,626897,Active
PRV000735,Provider Name 735,989546,Active
PRV000511,Provider Name 511,334297,Active
PRV000968,Provider Name 968,471583,Active
PRV000121,Provider Name 121,604607,Active
PRV000551,Provider Name 551,837737,Active
PRV000080,Provider Name 80,895913,Active
PRV000802,Provider Name 802,990355,Active
PRV000182,Provider Name 182,173952,Active
PRV000105,Provider Name 105,960295,Active
PRV000071,Provider Name 71,872351,Active
PRV000661,Provider Name 661,374329,Active
PRV000866,Provider Name 866,886126,Active
PRV001004,Provider Name 1004,295591,Active
PRV000052,Provider Name 52,717641,Active
PRV001002,Provider Name 1002,841419,Active
PRV000447,Provider Name 447,626897,Active
PRV001123,Provider Name 1123,532788,Active
PRV000320,Provider Name 320,730066,Active
PRV000750,Provider Name 750,735645,Active
PRV000612,Provider Name 612,164611,Active
PRV000718,Provider Name 718,247394,Active
PRV001157,Provider Name 1157,850027,Active
PRV000389,Provider Name 389,974968,Active
PRV000354,Provider Name 354,546872,Active
PRV000931,Provider Name 931,341478,Active
PRV000316,Provider Name 316,711420,Active
PRV000560,Provider Name 560,471789,Active
PRV000621,Provider Name 621,349723,Active
PRV001009,Provider Name 1009,528245,Active
PRV000506,Provider Name 506,166223,Active
PRV000843,Provider Name 843,663803,Active
PRV000227,Provider Name 227,619251,Active
PRV000955,Provider Name 955,513462,Active
PRV000526,Provider Name 526,809646,Active
PRV000455,Provider Name 455,989546,Active
PRV001200,Provider Name 1200,214549,Active
PRV001205,Provider Name 1205,872351,Active
PRV000729,Provider Name 729,565176,Active
PRV000224,Provider Name 224,513462,Active
PRV000494,Provider Name 494,562186,Active
PRV000160,Provider Name 160,599819,Active
PRV001034,Provider Name 1034,293985,Active
PRV000372,Provider Name 372,640135,Active
PRV000464,Provider Name 464,994601,Active
PRV000103,Provider Name 103,463200,Active
PRV000095,Provider Name 95,678159,Active
PRV000228,Provider Name 228,931349,Active
PRV000211,Provider Name 211,662590,Active
PRV000146,Provider Name 146,717641,Active
PRV000277,Provider Name 277,305979,Active
PRV000669,Provider Name 669,837737,Active
PRV001178,Provider Name 1178,990632,Active
PRV000626,Provider Name 626,977429,Active
PRV000017,Provider Name 17,551505,Active
PRV000907,Provider Name 907,961023,Active
PRV000958,Provider Name 958,686502,Active
PRV001062,Provider Name 1062,214210,Active
PRV000916,Provider Name 916,657675,Active
PRV001261,Provider Name 1261,599483,Active
PRV000328,Provider Name 328,334297,Active
PRV000437,Provider Name 437,756765,Active
PRV001020,Provider Name 1020,451012,Active
PRV000820,Provider Name 820,215479,Active
PRV000210,Provider Name 210,520009,Active
PRV000444,Provider Name 444,994601,Active
PRV000391,Provider Name 391,214210,Active
PRV000913,Provider Name 913,961023,Active
PRV000050,Provider Name 50,898960,Active
PRV000385,Provider Name 385,837737,Active
PRV000586,Provider Name 586,715093,Active
PRV000704,Provider Name 704,343413,Active
PRV000478,Provider Name 478,517824,Active
PRV000966,Provider Name 966,168989,Active
PRV000824,Provider Name 824,630647,Active
PRV000532,Provider Name 532,636505,Active
PRV001210,Provider Name 1210,149189,Active
PRV000825,Provider Name 825,934460,Active
PRV000112,Provider Name 112,460218,Active
PRV000035,Provider Name 35,535281,Active
PRV000339,Provider Name 339,822182,Active
PRV000221,Provider Name 221,546061,Active
PRV000293,Provider Name 293,226882,Active
PRV000605,Provider Name 605,577571,Active
PRV001263,Provider Name 1263,169790,Active
PRV000440,Provider Name 440,612947,Active
PRV000823,Provider Name 823,239289,Active
PRV001114,Provider Name 1114,542894,Active
PRV000949,Provider Name 949,531411,Active
PRV000072,Provider Name 72,621441,Active
PRV000743,Provider Name 743,715093,Active
PRV000043,Provider Name 43,448026,Active
PRV000021,Provider Name 21,128507,Active
PRV001112,Provider Name 1112,361159,Active
PRV000224,Provider Name 224,967381,Active
PRV000120,Provider Name 120,389621,Active
PRV000926,Provider Name 926,513462,Active
PRV001160,Provider Name 1160,100706,Active
PRV000710,Provider Name 710,460218,Active
PRV000224,Provider Name 224,578096,Active
PRV001032,Provider Name 1032,926792,Active
PRV000180,Provider Name 180,599483,Active
PRV000546,Provider Name 546,948073,Active
PRV000634,Provider Name 634,817500,Active
PRV000340,Provider Name 340,265010,Active
PRV001214,Provider Name 1214,517824,Active
PRV000902,Provider Name 902,312918,Active
PRV000072,Provider Name 72,662590,Active
PRV000370,Provider Name 370,549651,Active
PRV000216,Provider Name 216,487349,Active
PRV001229,Provider Name 1229,940283,Active
PRV000441,Provider Name 441,250848,Active
PRV000317,Provider Name 317,487479,Active
PRV000354,Provider Name 354,341576,Active
PRV000494,Provider Name 494,748281,Active
PRV000637,Provider Name 637,265010,Active
PRV000583,Provider Name 583,761217,Active
PRV000422,Provider Name 422,665041,Active
PRV000475,Provider Name 475,389741,Active
PRV000516,Provider Name 516,460218,Active
PRV001087,Provider Name 1087,775627,Active
PRV000475,Provider Name 475,105307,Active
PRV000613,Provider Name 613,902573,Active
PRV000760,Provider Name 760,960295,Active
PRV000097,Provider Name 97,764083,Active
PRV000653,Provider Name 653,554066,Active
PRV000139,Provider Name 139,578096,Active
PRV000486,Provider Name 486,987009,Active
PRV000567,Provider Name 567,886126,Active
PRV000886,Provider Name 886,805621,Active
PRV000464,Provider Name 464,752547,Active
PRV000115,Provider Name 115,775627,Active
PRV001017,Provider Name 1017,127443,Active
PRV001078,Provider Name 1078,100706,Active
PRV000738,Provider Name 738,630647,Active
PRV000227,Provider Name 227,376126,Active
PRV001099,Provider Name 1099,737608,Active
PRV000415,Provider Name 415,977429,Active
PRV001129,Provider Name 1129,538780,Active
PRV000143,Provider Name 143,672577,Active
PRV001072,Provider Name 1072,626897,Active
PRV000977,Provider Name 977,142866,Active
PRV001168,Provider Name 1168,771996,Active
PRV000735,Provider Name 735,960295,Active
PRV000089,Provider Name 89,940283,Active
PRV000400,Provider Name 400,305979,Active
PRV000373,Provider Name 373,360506,Active
PRV000549,Provider Name 549,703989,Active
PRV000267,Provider Name 267,931521,Active
PRV000107,Provider Name 107,458480,Active
PRV000191,Provider Name 191,226882,Active
PRV000530,Provider Name 530,509043,Active
PRV000995,Provider Name 995,403468,Active
PRV000340,Provider Name 340,301533,Active
PRV000332,Provider Name 332,420366,Active
PRV001120,Provider Name 1120,272304,Active
PRV000014,Provider Name 14,528245,Active
PRV001106,Provider Name 1106,926792,Active
PRV001128,Provider Name 1128,604607,Active
PRV000531,Provider Name 531,447929,Active
PRV000460,Provider Name 460,390226,Active
PRV000869,Provider Name 869,293985,Active
PRV000350,Provider Name 350,546793,Active
PRV000950,Provider Name 950,390226,Active
PRV000439,Provider Name 439,437316,Active
PRV000435,Provider Name 435,948285,Active
PRV000478,Provider Name 478,568959,Active
PRV000536,Provider Name 536,568959,Active
PRV000266,Provider Name 266,157651,Active
PRV000984,Provider Name 984,895913,Active
PRV000339,Provider Name 339,824786,Active
PRV001157,Provider Name 1157,215820,Active
PRV000187,Provider Name 187,577571,Active
PRV000342,Provider Name 342,337684,Active
PRV001095,Provider Name 1095,715093,Active
PRV000271,Provider Name 271,711704,Active
PRV000479,Provider Name 479,799747,Active
PRV000385,Provider Name 385,287265,Active
PRV000558,Provider Name 558,799747,Active
PRV000195,Provider Name 195,619520,Active
PRV000075,Provider Name 75,690345,Active
PRV000133,Provider Name 133,251323,Active
PRV001106,Provider Name 1106,693880,Active
PRV000606,Provider Name 606,518635,Active
PRV000461,Provider Name 461,591652,Active
PRV000372,Provider Name 372,157651,Active
PRV000634,Provider Name 634,142866,Active
PRV001133,Provider Name 1133,940283,Active
PRV000889,Provider Name 889,690415,Active
PRV000141,Provider Name 141,935133,Active
PRV001124,Provider Name 1124,802103,Active
PRV000542,Provider Name 542,963748,Active
PRV000226,Provider Name 226,532788,Active
PRV001161,Provider Name 1161,168989,Active
PRV000740,Provider Name 740,476884,Active
PRV000230,Provider Name 230,671932,Active
PRV000179,Provider Name 179,773360,Active
PRV000819,Provider Name 819,640853,Active
PRV000959,Provider Name 959,775717,Active
PRV001155,Provider Name 1155,965434,Active
PRV000641,Provider Name 641,897456,Active
PRV000946,Provider Name 946,751491,Active
PRV001134,Provider Name 1134,682278,Active
PRV000271,Provider Name 271,717641,Active
PRV000933,Provider Name 933,612947,Active
PRV001173,Provider Name 1173,166223,Active
PRV000985,Provider Name 985,664264,Active
PRV000044,Provider Name 44,712652,Active
PRV000339,Provider Name 339,663803,Active
PRV000848,Provider Name 848,485541,Active
PRV000529,Provider Name 529,859317,Active
PRV001262,Provider Name 1262,288500,Active
PRV000267,Provider Name 267,168851,Active
PRV001237,Provider Name 1237,281722,Active
PRV000943,Provider Name 943,367364,Active
PRV000579,Provider Name 579,272304,Active
PRV000567,Provider Name 567,546872,Active
PRV000178,Provider Name 178,461113,Active
PRV000645,Provider Name 645,878896,Active
PRV000657,Provider Name 657,857343,Active
PRV000015,Provider Name 15,994601,Active
PRV000291,Provider Name 291,870780,Active
PRV000181,Provider Name 181,780838,Active
PRV001051,Provider Name 1051,671932,Active
PRV000609,Provider Name 609,528245,Active
PRV000654,Provider Name 654,458480,Active
PRV000407,Provider Name 407,752547,Active
PRV000440,Provider Name 440,216641,Active
PRV000877,Provider Name 877,501820,Active
PRV000711,Provider Name 711,105307,Active
PRV000356,Provider Name 356,532788,Active
PRV000535,Provider Name 535,605620,Active
PRV000456,Provider Name 456,743427,Active
PRV000059,Provider Name 59,331915,Active
PRV001216,Provider Name 1216,921503,Active
PRV000003,Provider Name 3,546061,Active
PRV001153,Provider Name 1153,931349,Active
PRV000321,Provider Name 321,458480,Active
PRV001112,Provider Name 1112,866150,Active
PRV000664,Provider Name 664,861417,Active
PRV000797,Provider Name 797,693880,Active
PRV001007,Provider Name 1007,982004,Active
PRV000684,Provider Name 684,990632,Active
PRV000726,Provider Name 726,374329,Active
PRV000764,Provider Name 764,403468,Active
PRV000031,Provider Name 31,765848,Active
PRV001163,Provider Name 1163,166223,Active
PRV000260,Provider Name 260,729591,Active
PRV000636,Provider Name 636,931349,Active
PRV000170,Provider Name 170,626897,Active
PRV000301,Provider Name 301,568550,Active
PRV001144,Provider Name 1144,374329,Active
PRV000481,Provider Name 481,458016,Active
PRV001165,Provider Name 1165,312918,Active
PRV000819,Provider Name 819,327512,Active
PRV001018,Provider Name 1018,367364,Active
PRV000774,Provider Name 774,894043,Active
PRV000865,Provider Name 865,994601,Active
PRV000198,Provider Name 198,448026,Active
PRV000685,Provider Name 685,562186,Active
PRV001087,Provider Name 1087,859317,Active
PRV001043,Provider Name 1043,895551,Active
PRV001023,Provider Name 1023,605620,Active
PRV000487,Provider Name 487,466597,Active
PRV001242,Provider Name 1242,847801,Active
PRV000356,Provider Name 356,987009,Active
PRV000173,Provider Name 173,164611,Active
PRV000811,Provider Name 811,857343,Active
PRV001140,Provider Name 1140,591652,Active
PRV001094,Provider Name 1094,501820,Active
PRV000667,Provider Name 667,751491,Active
PRV001001,Provider Name 1001,111161,Active
PRV000511,Provider Name 511,621441,Active
PRV000369,Provider Name 369,111161,Active
PRV001154,Provider Name 1154,396893,Active
PRV001128,Provider Name 1128,301533,Active
PRV000011,Provider Name 11,721389,Active
PRV001022,Provider Name 1022,161807,Active
PRV000455,Provider Name 455,761217,Active
PRV001064,Provider Name 1064,678159,Active
PRV000406,Provider Name 406,967381,Active
PRV000957,Provider Name 957,870780,Active
PRV000263,Provider Name 263,301533,Active
PRV000778,Provider Name 778,711704,Active
PRV001173,Provider Name 1173,506533,Active
PRV001245,Provider Name 1245,690008,Active
PRV001003,Provider Name 1003,260196,Active
PRV000309,Provider Name 309,389621,Active
PRV001238,Provider Name 1238,971841,Active
PRV000111,Provider Name 111,334297,Active
PRV000707,Provider Name 707,948285,Active
PRV000076,Provider Name 76,528245,Active
PRV001061,Provider Name 1061,565422,Active
PRV000437,Provider Name 437,471789,Active
PRV000762,Provider Name 762,447929,Active
PRV000683,Provider Name 683,840952,Active
PRV000243,Provider Name 243,866680,Active
PRV000527,Provider Name 527,110927,Active
PRV000872,Provider Name 872,678159,Active
PRV001214,Provider Name 1214,535281,Active
PRV000046,Provider Name 46,850027,Active
PRV000374,Provider Name 374,872351,Active
PRV000507,Provider Name 507,775717,Active
PRV000236,Provider Name 236,604607,Active
PRV001258,Provider Name 1258,349723,Active
PRV000053,Provider Name 53,331915,Active
PRV000771,Provider Name 771,895913,Active
PRV001118,Provider Name 1118,297361,Active
PRV000279,Provider Name 279,940283,Active
PRV000401,Provider Name 401,169790,Active
PRV000134,Provider Name 134,630647,Active
PRV001154,Provider Name 1154,451012,Active
PRV000530,Provider Name 530,693002,Active
PRV000268,Provider Name 268,458480,Active
PRV000955,Provider Name 955,460218,Active
PRV000706,Provider Name 706,775627,Active
PRV000474,Provider Name 474,336450,Active
PRV000272,Provider Name 272,458163,Active
PRV000536,Provider Name 536,657675,Active
PRV001157,Provider Name 1157,546872,Active
PRV000107,Provider Name 107,711420,Active
PRV000120,Provider Name 120,542894,Active
PRV000386,Provider Name 386,906264,Active
PRV000484,Provider Name 484,578096,Active
PRV000581,Provider Name 581,100706,Active
PRV001056,Provider Name 1056,497468,Active
PRV000361,Provider Name 361,491803,Active
PRV001229,Provider Name 1229,271376,Active
PRV000045,Provider Name 45,509043,Active
PRV001064,Provider Name 1064,771996,Active
PRV000680,Provider Name 680,376292,Active
PRV000167,Provider Name 167,711704,Active
PRV000100,Provider Name 100,268190,Active
PRV000577,Provider Name 577,690415,Active
PRV000750,Provider Name 750,563895,Active
PRV000597,Provider Name 597,982004,Active
PRV000703,Provider Name 703,376292,Active
PRV000125,Provider Name 125,591652,Active
PRV000120,Provider Name 120,447929,Active
PRV000365,Provider Name 365,619520,Active
PRV001174,Provider Name 1174,672577,Active
PRV000897,Provider Name 897,642624,Active
PRV000305,Provider Name 305,621441,Active
PRV000665,Provider Name 665,390226,Active
PRV000587,Provider Name 587,420366,Active
PRV000369,Provider Name 369,216641,Active
PRV001036,Provider Name 1036,272304,Active
PRV000778,Provider Name 778,118748,Active
PRV001207,Provider Name 1207,642624,Active
PRV000283,Provider Name 283,711704,Active
PRV001159,Provider Name 1159,407520,Active
PRV000628,Provider Name 628,520009,Active
PRV001241,Provider Name 1241,895551,Active
PRV000811,Provider Name 811,935133,Active
PRV000985,Provider Name 985,497468,Active
PRV000296,Provider Name 296,859317,Active
PRV000007,Provider Name 7,578096,Active
PRV000634,Provider Name 634,717641,Active
PRV000326,Provider Name 326,823734,Active
PRV001243,Provider Name 1243,802103,Active
PRV000512,Provider Name 512,312918,Active
PRV001200,Provider Name 1200,487479,Active
PRV000477,Provider Name 477,297361,Active
PRV000114,Provider Name 114,149189,Active
PRV000899,Provider Name 899,935133,Active
PRV000791,Provider Name 791,293985,Active
PRV001108,Provider Name 1108,551505,Active
PRV000641,Provider Name 641,118478,Active
PRV000687,Provider Name 687,690008,Active
PRV000847,Provider Name 847,562186,Active
PRV000342,Provider Name 342,822182,Active
PRV000666,Provider Name 666,817500,Active
PRV000337,Provider Name 337,682278,Active
PRV000088,Provider Name 88,619520,Active
PRV000922,Provider Name 922,897456,Active
PRV000697,Provider Name 697,458163,Active
PRV001055,Provider Name 1055,268190,Active
PRV000394,Provider Name 394,144794,Active
PRV000182,Provider Name 182,989546,Active
PRV000520,Provider Name 520,902573,Active
PRV000118,Provider Name 118,573028,Active
PRV000885,Provider Name 885,180556,Active
PRV000490,Provider Name 490,735645,Active
PRV000127,Provider Name 127,693880,Active
PRV000627,Provider Name 627,893075,Active
PRV001084,Provider Name 1084,520009,Active
PRV001137,Provider Name 1137,619520,Active
PRV000113,Provider Name 113,619520,Active
PRV000871,Provider Name 871,819533,Active
PRV000167,Provider Name 167,847801,Active
PRV000740,Provider Name 740,721389,Active
PRV001026,Provider Name 1026,898960,Active
PRV000186,Provider Name 186,517824,Active
PRV001172,Provider Name 1172,389621,Active
PRV000554,Provider Name 554,513462,Active
PRV000700,Provider Name 700,546872,Active
PRV000319,Provider Name 319,144794,Active
PRV000275,Provider Name 275,895551,Active
PRV000482,Provider Name 482,835839,Active
PRV000005,Provider Name 5,690345,Active
PRV001053,Provider Name 1053,536486,Active
PRV000347,Provider Name 347,855670,Active
PRV000223,Provider Name 223,215820,Active
PRV001239,Provider Name 1239,971841,Active
PRV000393,Provider Name 393,752547,Active
PRV000576,Provider Name 576,463200,Active
PRV001003,Provider Name 1003,847801,Active
PRV000526,Provider Name 526,565176,Active
PRV001260,Provider Name 1260,196597,Active
PRV001107,Provider Name 1107,216641,Active
PRV000254,Provider Name 254,961023,Active
PRV000879,Provider Name 879,577571,Active
PRV000054,Provider Name 54,895551,Active
PRV000634,Provider Name 634,692001,Active
PRV000259,Provider Name 259,693706,Active
PRV001216,Provider Name 1216,563895,Active
PRV000643,Provider Name 643,752547,Active
PRV001022,Provider Name 1022,703989,Active
PRV000301,Provider Name 301,367120,Active
PRV000747,Provider Name 747,376292,Active
PRV000646,Provider Name 646,895551,Active
PRV000148,Provider Name 148,157651,Active
PRV000343,Provider Name 343,466597,Active
PRV000331,Provider Name 331,128507,Active
PRV000369,Provider Name 369,895913,Active
PRV000841,Provider Name 841,390226,Active
PRV000512,Provider Name 512,447435,Active
PRV000647,Provider Name 647,538780,Active
PRV000217,Provider Name 217,562186,Active
PRV000887,Provider Name 887,982004,Active
PRV000915,Provider Name 915,374329,Active
PRV000806,Provider Name 806,272304,Active
PRV000215,Provider Name 215,780838,Active
PRV001178,Provider Name 1178,260196,Active
PRV000312,Provider Name 312,784462,Active
PRV000224,Provider Name 224,604607,Active
PRV000375,Provider Name 375,155106,Active
PRV000630,Provider Name 630,185620,Active
PRV000538,Provider Name 538,226882,Active
PRV000098,Provider Name 98,118478,Active
PRV000723,Provider Name 723,895551,Active
PRV000687,Provider Name 687,376126,Active
PRV001175,Provider Name 1175,265010,Active
PRV000965,Provider Name 965,850027,Active
PRV000310,Provider Name 310,301533,Active
PRV000518,Provider Name 518,447435,Active
PRV000651,Provider Name 651,156542,Active
PRV000120,Provider Name 120,735991,Active
PRV001034,Provider Name 1034,341478,Active
PRV000566,Provider Name 566,530146,Active
PRV000524,Provider Name 524,626897,Active
PRV000423,Provider Name 423,216641,Active
PRV000092,Provider Name 92,523868,Active
PRV000177,Provider Name 177,605620,Active
PRV000718,Provider Name 718,608720,Active
PRV000034,Provider Name 34,389741,Active
PRV000241,Provider Name 241,448026,Active
PRV000319,Provider Name 319,295591,Active
PRV001089,Provider Name 1089,966377,Active
PRV000514,Provider Name 514,729591,Active
PRV000822,Provider Name 822,448026,Active
PRV001107,Provider Name 1107,196597,Active
PRV000080,Provider Name 80,367120,Active
PRV000158,Provider Name 158,458893,Active
PRV000021,Provider Name 21,636505,Active
PRV001138,Provider Name 1138,886126,Active
PRV000048,Provider Name 48,640135,Active
PRV000839,Provider Name 839,343413,Active
PRV001226,Provider Name 1226,551505,Active
PRV000064,Provider Name 64,538780,Active
PRV000807,Provider Name 807,780838,Active
PRV000717,Provider Name 717,805621,Active
PRV000353,Provider Name 353,420354,Active
PRV000732,Provider Name 732,542894,Active
PRV000311,Provider Name 311,715093,Active
PRV000974,Provider Name 974,906264,Active
PRV000679,Provider Name 679,520009,Active
PRV001263,Provider Name 1263,850027,Active
PRV000736,Provider Name 736,458163,Active
PRV000998,Provider Name 998,305979,Active
PRV000775,Provider Name 775,690415,Active
PRV000704,Provider Name 704,163659,Active
PRV001156,Provider Name 1156,161292,Active
PRV000640,Provider Name 640,420354,Active
PRV000621,Provider Name 621,376292,Active
PRV000341,Provider Name 341,665041,Active
PRV000624,Provider Name 624,389621,Active
PRV000665,Provider Name 665,538780,Active
PRV000518,Provider Name 518,717641,Active
PRV001075,Provider Name 1075,214210,Active
PRV000282,Provider Name 282,448026,Active
PRV000600,Provider Name 600,931521,Active
PRV001076,Provider Name 1076,297361,Active
PRV000982,Provider Name 982,715093,Active
PRV001122,Provider Name 1122,530146,Active
PRV001239,Provider Name 1239,577200,Active
PRV000983,Provider Name 983,531411,Active
PRV000561,Provider Name 561,214210,Active
PRV001256,Provider Name 1256,360506,Active
PRV000781,Provider Name 781,906264,Active
PRV001208,Provider Name 1208,340983,Active
PRV000448,Provider Name 448,744995,Active
PRV001187,Provider Name 1187,894043,Active
PRV000922,Provider Name 922,407520,Active
PRV000161,Provider Name 161,752547,Active
PRV000146,Provider Name 146,663803,Active
PRV000829,Provider Name 829,961023,Active
PRV000714,Provider Name 714,886126,Active
PRV000490,Provider Name 490,568959,Active
PRV000387,Provider Name 387,630647,Active
PRV000525,Provider Name 525,577200,Active
PRV001080,Provider Name 1080,288500,Active
PRV000253,Provider Name 253,342869,Active
PRV000904,Provider Name 904,735645,Active
PRV000795,Provider Name 795,666939,Active
PRV001223,Provider Name 1223,671932,Active
PRV000069,Provider Name 69,809646,Active
PRV001130,Provider Name 1130,163659,Active
PRV001129,Provider Name 1129,306744,Active
PRV000826,Provider Name 826,403468,Active
PRV000057,Provider Name 57,458893,Active
PRV000162,Provider Name 162,180556,Active
PRV000884,Provider Name 884,166223,Active
PRV000254,Provider Name 254,809646,Active
PRV000898,Provider Name 898,857343,Active
PRV001067,Provider Name 1067,295591,Active
PRV000666,Provider Name 666,341576,Active
PRV000061,Provider Name 61,619251,Active
PRV001047,Provider Name 1047,748281,Active
PRV000644,Provider Name 644,621441,Active
PRV000887,Provider Name 887,657675,Active
PRV001221,Provider Name 1221,802103,Active
PRV000603,Provider Name 603,497468,Active
PRV000319,Provider Name 319,177564,Active
PRV000421,Provider Name 421,517824,Active
PRV000007,Provider Name 7,935133,Active
PRV001051,Provider Name 1051,239289,Active
PRV000850,Provider Name 850,389621,Active
PRV001179,Provider Name 1179,377558,Active
PRV001017,Provider Name 1017,546061,Active
PRV000829,Provider Name 829,367364,Active
PRV000203,Provider Name 203,678159,Active
PRV001170,Provider Name 1170,872351,Active
PRV000207,Provider Name 207,971841,Active
PRV000777,Provider Name 777,840952,Active
PRV000808,Provider Name 808,156542,Active
PRV000655,Provider Name 655,521605,Active
PRV000340,Provider Name 340,374329,Active
PRV000558,Provider Name 558,841419,Active
PRV000692,Provider Name 692,735645,Active
PRV001134,Provider Name 1134,763164,Active
PRV000933,Provider Name 933,703989,Active
PRV001234,Provider Name 1234,180556,Active
PRV000250,Provider Name 250,690415,Active
PRV000491,Provider Name 491,331915,Active
PRV000818,Provider Name 818,312918,Active
PRV000253,Provider Name 253,857343,Active
PRV001148,Provider Name 1148,487479,Active
PRV000633,Provider Name 633,105307,Active
PRV000755,Provider Name 755,562186,Active
PRV000637,Provider Name 637,530146,Active
PRV001134,Provider Name 1134,931349,Active
PRV001096,Provider Name 1096,361159,Active
PRV000109,Provider Name 109,859317,Active
PRV000416,Provider Name 416,577200,Active
PRV000284,Provider Name 284,250848,Active
PRV001196,Provider Name 1196,987009,Active
PRV000838,Provider Name 838,528245,Active
PRV000102,Provider Name 102,389621,Active
PRV000906,Provider Name 906,601911,Active
PRV000785,Provider Name 785,721389,Active
PRV000515,Provider Name 515,990632,Active
PRV000963,Provider Name 963,987009,Active
PRV001252,Provider Name 1252,624667,Active
PRV000672,Provider Name 672,271376,Active
PRV000481,Provider Name 481,784462,Active
PRV001093,Provider Name 1093,120981,Active
PRV001223,Provider Name 1223,428790,Active
PRV000714,Provider Name 714,214210,Active
PRV000114,Provider Name 114,960295,Active
PRV000179,Provider Name 179,859317,Active
PRV000900,Provider Name 900,389741,Active
PRV000978,Provider Name 978,711704,Active
PRV000968,Provider Name 968,420354,Active
PRV000565,Provider Name 565,763164,Active
PRV000900,Provider Name 900,157651,Active
PRV000914,Provider Name 914,549564,Active
PRV000157,Provider Name 157,447929,Active
PRV000083,Provider Name 83,636505,Active
PRV000641,Provider Name 641,520009,Active
PRV000310,Provider Name 310,987009,Active
PRV001231,Provider Name 1231,866680,Active
PRV000326,Provider Name 326,250848,Active
PRV001229,Provider Name 1229,376126,Active
PRV000788,Provider Name 788,678159,Active
PRV000635,Provider Name 635,748281,Active
PRV000897,Provider Name 897,337684,Active
PRV000304,Provider Name 304,376126,Active
PRV000458,Provider Name 458,604607,Active
PRV000239,Provider Name 239,800467,Active
PRV000846,Provider Name 846,120981,Active
PRV000815,Provider Name 815,497468,Active
PRV000622,Provider Name 622,837737,Active
PRV000752,Provider Name 752,862557,Active
PRV000565,Provider Name 565,428790,Active
PRV000730,Provider Name 730,866150,Active
PRV000624,Provider Name 624,460218,Active
PRV001246,Provider Name 1246,601911,Active
PRV001256,Provider Name 1256,771996,Active
PRV001243,Provider Name 1243,532788,Active
PRV000021,Provider Name 21,690415,Active
PRV000768,Provider Name 768,577571,Active
PRV000889,Provider Name 889,608720,Active
PRV000188,Provider Name 188,336450,Active
PRV000844,Provider Name 844,735991,Active
PRV000909,Provider Name 909,174197,Active
PRV000679,Provider Name 679,466597,Active
PRV000678,Provider Name 678,530146,Active
PRV000558,Provider Name 558,870780,Active
PRV000351,Provider Name 351,845788,Active
PRV000514,Provider Name 514,977429,Active
PRV000817,Provider Name 817,775627,Active
PRV000026,Provider Name 26,664264,Active
PRV000822,Provider Name 822,447929,Active
PRV000657,Provider Name 657,605620,Active
PRV001137,Provider Name 1137,974968,Active
PRV000387,Provider Name 387,390226,Active
