ZCTA,Population_65plus,Median_Income,Heart_Disease_Prevalence,Diabetes_Prevalence,Obesity_Prevalence,Arthritis_Prevalence
18501,2644,147463,7.7,7.3,44.6,25.7
18502,1429,34204,11.8,9.0,23.2,20.7
18503,3713,109944,10.7,7.4,42.7,31.1
18504,560,126374,3.2,7.5,30.5,38.7
18505,906,107994,10.9,22.7,45.7,29.8
18506,3799,47352,11.6,23.0,44.8,31.9
18507,2373,140156,14.8,19.7,39.5,24.4
18508,158,76067,10.0,20.6,47.5,34.7
18509,2575,111403,11.2,12.2,36.3,16.0
18510,4923,48613,12.5,15.9,27.2,25.0
18511,1255,104190,4.2,21.3,39.6,32.9
18512,597,48704,11.8,14.8,25.7,16.9
18513,4425,107655,9.6,19.7,42.9,38.1
18514,4528,33133,4.2,13.5,46.4,36.7
18515,4076,121296,11.0,11.9,40.0,33.7
18516,1707,87949,5.8,21.9,34.7,20.7
18517,820,82321,9.5,11.7,48.6,16.7
18518,1374,79200,6.4,14.5,43.7,25.9
18519,3967,106573,4.3,7.2,33.8,24.2
18520,790,112741,6.0,15.2,36.5,16.7
18521,4123,68816,8.3,17.1,41.5,29.3
18522,4252,112596,8.9,12.8,33.2,39.1
18523,3537,106615,4.8,17.9,32.1,32.7
18524,2455,45861,6.9,13.8,46.0,37.2
18525,849,41479,13.3,13.5,30.8,15.8
18526,3151,99639,13.9,13.5,49.8,20.7
18527,4873,54458,9.4,22.2,30.2,33.6
18528,3664,127692,8.9,19.6,42.5,32.8
18529,4755,102034,10.0,14.1,35.3,17.6
18530,1804,45820,5.6,17.8,21.8,39.5
18531,3545,99446,14.9,21.5,44.0,23.2
18532,4544,68964,11.9,14.1,45.0,22.9
18533,2477,80833,5.9,21.9,42.4,29.2
18534,3331,83717,6.3,8.5,47.6,36.6
18535,2315,48399,10.8,16.9,21.9,27.3
18536,985,48758,6.9,12.2,29.3,31.0
18537,964,144743,7.3,7.0,49.6,37.4
18538,3594,32658,12.4,22.8,35.1,17.8
18539,3154,133924,6.2,14.8,28.1,32.9
18540,885,122420,11.5,15.8,30.9,39.9
18541,556,146690,14.2,15.4,48.3,26.5
18542,444,105801,4.5,15.9,41.7,37.8
18543,653,80162,4.7,16.7,23.6,18.0
18544,887,45065,14.3,22.4,27.6,30.0
18545,1919,130494,5.4,24.0,23.2,33.7
18546,804,76961,3.3,17.4,45.9,39.7
18547,1052,72467,13.4,12.5,31.0,35.2
18548,914,123041,6.4,15.3,49.3,18.8
18549,1648,36411,6.6,19.1,49.4,32.5
18550,243,134109,5.7,15.6,39.8,16.2
18551,2877,87408,14.0,10.2,40.7,28.7
18552,3866,57697,12.3,17.1,34.8,37.0
18553,3925,40162,10.2,22.8,32.5,21.7
18554,1316,96571,8.4,7.1,31.5,21.7
18555,1907,47510,4.7,6.4,47.8,36.9
18556,4570,82848,14.1,24.5,32.0,17.1
18557,4872,71925,12.0,21.1,48.9,21.8
18558,2839,96664,6.3,13.3,43.5,34.9
18559,1389,51841,14.4,5.6,26.9,17.5
18560,655,63746,14.2,23.7,30.3,30.2
18561,962,105353,10.9,20.9,24.4,15.6
18562,2585,110980,14.8,17.1,24.7,24.6
18563,2455,139079,5.2,20.8,36.6,34.3
18564,1065,93520,11.8,17.6,28.3,35.4
18565,2495,44180,4.8,18.5,48.4,32.5
18566,575,30444,11.3,23.1,31.0,20.2
18567,1438,128235,14.0,13.1,21.4,33.3
18568,624,110846,9.4,15.6,23.6,32.5
18569,2671,147644,12.2,20.6,31.0,36.5
18570,661,94344,4.7,10.4,35.8,38.0
18571,3802,99216,10.6,17.0,20.8,36.6
18572,4764,71487,3.8,12.0,30.4,31.5
18573,1305,130615,3.4,6.0,42.2,34.1
18574,4133,48327,10.6,8.1,23.1,37.0
18575,3947,51834,9.9,7.3,23.4,26.6
18576,4301,109633,7.0,16.0,29.4,24.5
18577,2338,86698,9.2,7.4,23.1,20.2
18578,1260,50826,11.2,15.9,31.5,21.6
18579,4895,96654,10.7,19.7,41.6,28.6
18580,3925,129017,3.9,17.6,49.5,18.3
18581,171,119072,11.1,20.0,21.4,34.9
18582,854,39707,10.9,14.8,37.3,19.3
18583,3952,141102,11.0,19.8,26.8,24.1
18584,1004,116103,13.2,20.8,33.3,18.8
18585,151,145919,9.9,10.0,49.8,36.3
18586,2721,49975,14.3,22.1,49.8,35.1
18587,3290,37596,14.8,23.7,38.2,23.8
18588,4048,78207,12.0,19.6,25.0,25.7
18589,1387,61867,7.3,24.4,35.0,37.3
18590,4880,144980,4.7,6.3,45.1,17.8
18591,1872,116679,12.8,8.0,37.2,38.7
18592,4002,28817,4.8,23.1,41.5,21.0
18593,4020,51849,4.8,5.6,43.1,31.3
18594,1049,97018,14.0,16.8,33.7,25.2
18595,3238,145013,9.7,10.4,40.1,27.1
18596,2516,99853,6.5,14.1,23.7,17.4
18597,2379,80353,14.6,12.7,31.5,30.0
18598,1525,47284,11.5,8.8,35.3,36.3
18599,1684,126627,9.4,16.7,41.8,26.4
18600,1146,130950,7.0,9.1,33.9,33.8
18601,2265,76755,11.1,13.1,48.7,23.3
18602,4123,36691,11.8,20.4,28.5,29.9
18603,1276,26565,11.5,18.4,25.3,17.7
18604,2260,66878,5.3,18.0,26.0,37.0
18605,1131,111539,11.4,15.0,31.1,38.6
18606,3388,106386,10.0,8.8,35.9,37.9
18607,4626,86965,13.2,13.9,29.4,26.4
18608,1415,75467,10.5,14.4,46.0,17.9
18609,992,89556,4.8,9.1,41.0,27.1
18610,206,130671,6.8,17.0,28.0,29.4
18611,3180,29119,11.9,15.3,42.9,29.2
18612,844,72866,11.9,11.5,37.3,31.4
18613,721,108574,5.7,9.1,40.6,21.0
18614,4340,143146,7.3,7.8,48.3,16.8
18615,920,133109,3.2,22.6,27.4,25.4
18616,511,139098,7.0,23.8,47.6,31.3
18617,213,90777,3.3,21.4,41.1,22.0
18618,2546,143986,13.5,16.9,26.3,33.6
18619,3446,29332,11.0,24.2,47.3,34.7
18620,4319,148830,14.6,14.3,33.2,21.6
18621,185,60837,13.7,5.9,26.2,30.4
18622,4242,66253,10.2,12.5,28.0,15.9
18623,1672,73475,9.0,8.6,41.8,26.6
18624,2105,38398,13.6,18.8,48.3,21.3
18625,4179,62073,6.6,10.9,27.1,34.0
18626,903,50363,5.7,14.4,47.5,28.2
18627,3434,141320,7.9,23.7,21.9,31.7
18628,3449,77225,3.6,24.9,23.7,24.0
18629,1169,78222,6.6,15.7,30.9,31.1
18630,2769,43660,4.0,10.5,37.6,16.2
18631,4241,136001,3.6,13.8,37.2,21.4
18632,2871,134810,9.6,22.5,21.3,23.7
18633,4735,138409,11.5,9.8,21.1,26.6
18634,4282,87402,9.4,6.3,39.8,34.6
18635,1508,149371,3.8,21.4,33.4,23.2
18636,3840,37745,7.7,15.6,34.4,34.0
18637,364,125905,4.3,22.9,20.9,28.8
18638,3948,84604,10.8,18.7,50.0,31.6
18639,3193,35023,12.9,5.7,37.7,30.9
18640,4898,104752,4.4,20.7,47.4,21.7
18641,1573,49961,3.8,8.8,31.0,25.1
18642,4381,120643,7.9,7.5,36.8,39.8
18643,425,81834,6.6,16.2,32.8,16.6
18644,1306,74679,6.1,13.8,23.6,23.1
18645,4592,59179,5.5,11.0,33.1,25.3
18646,1604,85694,6.8,16.8,27.1,23.9
18647,3634,79237,14.6,19.9,27.9,25.7
18648,1540,45581,13.3,14.9,42.6,35.9
18649,1055,88052,10.2,20.8,30.2,39.4
18650,654,107309,12.6,13.4,42.3,36.3
18651,3354,99953,3.2,15.0,49.5,22.5
18652,4239,45022,4.3,15.9,29.8,27.6
18653,4677,94328,6.5,11.3,27.1,30.3
18654,2136,87855,10.7,12.3,42.6,15.2
18655,1386,42224,13.6,15.2,37.2,18.0
18656,1297,132873,5.8,22.7,43.9,31.0
18657,4761,145400,4.7,16.0,24.7,29.3
18658,2367,120987,13.2,7.2,39.7,31.1
18659,3729,25234,7.9,19.6,41.6,36.2
18660,3565,74265,11.4,15.3,24.0,24.6
18661,871,105853,9.6,13.0,24.6,17.5
18662,2556,112999,5.1,18.8,48.2,29.5
18663,570,28138,11.4,8.3,25.7,35.8
18664,1470,107728,8.0,20.7,40.6,20.8
18665,3232,30159,6.5,19.3,36.3,24.9
18666,771,82052,13.8,8.7,44.8,16.9
18667,1274,74562,3.1,21.9,21.5,26.6
18668,210,141006,7.9,8.9,20.4,23.0
18669,3659,119198,6.6,18.5,42.5,31.5
18670,1126,128988,3.7,12.4,46.4,24.8
18671,3654,144591,4.0,20.1,39.0,32.5
18672,3333,149467,5.1,6.2,31.5,19.4
18673,4539,132556,9.1,10.0,33.3,34.2
18674,1572,25066,6.4,14.4,43.3,24.7
18675,2479,97082,13.1,19.3,35.5,27.0
18676,4972,104521,5.9,17.3,40.6,20.4
18677,3071,76405,11.6,24.1,48.5,33.8
18678,2481,82684,5.5,16.2,28.2,22.3
18679,3390,33187,3.5,11.0,24.7,37.4
18680,4853,47337,6.2,13.7,45.5,24.9
18681,1933,37169,13.1,6.5,40.9,27.2
18682,553,71131,4.0,7.3,34.5,26.6
18683,840,101201,7.1,15.4,37.1,30.1
18684,2480,140643,3.1,24.5,47.3,29.9
18685,2457,94840,10.6,9.9,48.7,29.4
18686,1543,79785,14.3,20.5,20.3,19.2
18687,3780,59778,7.6,12.3,41.7,22.0
18688,1848,106536,9.9,5.6,49.2,28.8
18689,2501,138841,8.4,8.3,25.6,39.9
18690,3271,146507,14.7,17.4,25.4,24.5
18691,4340,59656,11.8,9.6,23.8,23.5
18692,2106,122301,3.5,22.0,32.7,24.3
18693,1886,107288,4.3,12.3,43.4,35.7
18694,1509,92298,8.6,9.5,36.2,31.4
18695,1862,107913,10.6,20.6,31.6,37.6
18696,1009,147961,6.5,8.2,37.2,17.9
18697,860,108107,11.1,24.1,30.5,33.7
18698,3340,140064,9.9,9.8,35.2,25.7
18699,2789,25002,8.2,21.3,34.1,36.0
18700,630,140371,10.0,15.3,47.5,20.9
18701,1459,52765,14.0,19.8,36.0,18.3
18702,3918,77879,5.9,7.8,39.8,33.4
18703,2127,25763,12.5,9.2,28.9,21.3
18704,2660,73522,3.1,9.0,30.9,27.3
18705,2277,49841,4.0,7.7,49.3,20.8
18706,1637,125786,14.4,10.3,38.3,31.4
18707,1373,35921,11.4,21.8,29.0,28.5
18708,2881,74876,10.6,20.0,22.1,28.6
18709,1046,44224,7.0,11.1,38.2,32.6
18710,1398,112266,5.2,12.3,22.5,16.1
18711,2611,109343,7.6,19.7,24.9,15.9
18712,2288,112301,10.2,21.5,26.5,17.5
18713,981,51989,10.6,13.5,39.2,26.2
18714,1947,103590,5.0,19.8,32.1,23.6
18715,2075,27475,8.3,16.4,41.9,21.7
18716,4368,79279,9.8,24.8,26.6,37.1
18717,4668,129353,14.5,18.8,46.5,37.2
18718,3064,132560,9.6,19.8,26.4,20.8
18719,3163,96533,10.0,21.9,21.0,35.5
18720,3228,130728,12.2,7.9,33.5,27.6
18721,597,97322,8.0,12.3,23.7,35.7
18722,2316,146395,7.6,14.8,32.8,22.7
18723,1088,136717,10.1,8.1,49.1,26.1
18724,2708,112258,12.4,12.2,44.0,19.9
18725,2575,141979,10.7,18.7,33.8,38.7
18726,4614,101620,5.2,10.0,41.9,23.4
18727,1470,46418,7.8,14.6,32.8,24.6
18728,3688,144086,9.2,7.7,20.0,31.1
18729,2602,29465,9.3,7.3,44.0,18.7
18730,4909,95482,7.1,12.3,42.9,16.1
18731,278,35514,9.3,19.5,47.5,26.7
18732,2029,121325,11.1,15.5,23.5,25.1
18733,2648,66006,8.6,17.6,44.4,35.6
18734,4934,28661,8.4,13.1,44.3,16.2
18735,211,93100,12.6,16.7,30.9,16.4
18736,3319,143013,12.1,14.7,32.1,32.8
18737,814,95463,8.1,12.9,32.6,31.7
18738,1501,134162,15.0,5.5,30.6,22.1
18739,3024,107675,3.8,21.9,37.4,20.6
18740,1481,85588,6.9,24.0,35.4,29.0
18741,3227,138599,3.4,15.6,37.3,30.6
18742,3111,124756,13.1,13.9,38.0,36.2
18743,1308,31179,12.1,20.3,40.8,24.1
18744,3225,107824,11.2,5.3,28.8,19.6
18745,136,27454,5.6,7.8,25.7,16.9
18746,1928,110407,11.5,10.6,35.9,23.4
18747,3160,61828,7.3,6.7,32.9,23.3
18748,3441,47188,13.4,5.9,41.4,39.3
18749,4041,138051,5.4,23.8,37.1,21.7
18750,909,88975,5.6,8.7,40.8,37.3
18751,3172,69723,14.5,16.9,25.8,35.9
18752,4218,66738,9.2,15.8,49.7,30.7
18753,1626,75942,8.4,10.7,26.9,19.4
18754,3619,137530,7.2,18.0,31.9,16.7
18755,4991,38119,13.0,11.5,41.6,17.3
18756,595,48872,7.2,14.2,20.8,15.0
18757,524,71152,7.3,12.6,44.8,33.0
18758,2847,114656,4.5,23.2,37.4,25.5
18759,2165,59369,9.2,23.6,46.4,35.7
18760,2082,54315,14.1,12.5,36.3,26.4
18761,1568,119620,14.5,9.9,20.8,34.8
18762,3900,28843,14.9,19.7,34.8,32.5
18763,1333,145955,8.7,11.3,46.9,20.1
18764,1897,73512,12.3,14.6,27.8,20.7
18765,664,28675,9.6,15.9,29.6,16.1
18766,3119,102585,9.6,24.7,21.0,28.5
18767,1404,58773,12.7,12.7,45.5,25.8
18768,232,85044,13.0,13.2,46.0,37.0
18769,548,25231,3.2,6.4,24.9,16.2
18770,1930,36845,14.3,18.3,26.4,40.0
18771,2258,47960,12.9,8.8,36.0,32.1
18772,3726,139678,11.7,17.3,26.5,36.2
18773,949,78738,13.2,9.8,26.4,20.8
18774,4062,88150,9.4,23.9,32.1,39.7
18775,1580,106766,12.3,6.6,37.0,15.5
18776,1000,43517,10.2,23.6,20.8,23.0
18777,4954,53412,9.5,16.0,46.4,30.0
18778,1639,138693,5.5,23.7,41.7,26.5
18779,1999,108610,13.2,14.9,22.6,35.7
18780,3044,42607,13.6,5.9,37.3,36.1
18781,3344,128274,14.7,9.0,24.0,17.6
18782,614,43587,4.4,12.0,40.5,33.2
18783,1691,72860,6.5,23.8,25.8,31.5
18784,183,34089,11.2,20.2,27.1,36.3
18785,3842,72635,13.3,17.0,45.3,22.1
18786,4993,32882,12.0,13.8,29.3,38.3
18787,2227,51445,8.5,13.9,45.1,16.9
18788,1701,131647,11.7,18.1,42.8,38.4
18789,4717,56820,3.9,19.4,29.6,37.1
18790,1322,75503,11.0,14.5,40.7,20.9
18791,4429,41555,3.1,21.0,20.2,15.0
18792,1942,30524,3.6,15.5,37.2,16.8
18793,2391,124733,12.1,15.3,44.8,35.8
18794,1689,147696,8.7,18.0,45.3,25.6
18795,2996,46241,3.7,20.9,38.6,31.6
18796,4588,47201,8.8,16.9,30.6,32.2
18797,108,44817,3.8,23.5,49.2,32.3
18798,4808,60967,7.2,22.5,49.7,15.4
18799,814,35090,4.9,20.4,20.7,17.0
18800,2027,57266,5.6,14.2,24.8,22.4
18801,209,42743,5.3,17.3,49.3,33.3
18802,365,145561,7.5,15.1,49.8,27.6
18803,3323,148572,4.3,5.1,48.3,27.5
18804,1054,130736,9.3,18.3,22.3,22.3
18805,1449,121450,7.9,23.3,39.7,32.9
18806,1674,71837,13.1,15.4,22.0,23.1
18807,2323,41483,12.9,8.4,34.2,28.5
18808,3931,137179,12.9,14.2,49.3,32.9
18809,3355,44826,8.6,5.1,46.0,30.2
18810,1158,77201,6.5,19.8,23.8,21.5
18811,2057,38196,8.0,18.4,36.3,28.9
18812,3247,51496,11.2,18.0,24.2,24.1
18813,2619,82771,9.4,13.7,24.5,16.1
18814,3753,140274,10.5,12.8,23.8,19.6
18815,2670,36159,11.3,10.5,22.9,32.6
18816,3027,52780,14.0,23.3,26.1,27.4
18817,3987,139943,14.3,12.4,47.5,20.9
18818,987,141161,13.1,16.1,30.7,16.3
18819,844,107640,3.8,14.1,45.6,25.9
18820,3614,108920,14.8,18.2,21.1,23.0
18821,3030,60775,11.4,24.6,37.6,24.4
18822,2779,38966,11.3,16.6,37.4,22.0
18823,275,117739,3.3,13.1,47.6,39.4
18824,665,122333,8.8,17.1,24.1,35.3
18825,3317,147634,10.5,5.7,42.7,22.8
18826,4457,78654,6.3,23.1,43.7,28.4
18827,4726,38696,4.0,8.4,35.7,29.1
18828,1494,88401,9.4,15.8,26.8,20.4
18829,1320,117401,8.4,12.6,30.3,34.3
18830,1047,47574,3.5,22.0,36.1,36.6
18831,684,70170,9.2,24.3,34.7,30.3
18832,2962,62880,4.3,6.2,41.0,36.6
18833,1720,108651,8.1,9.1,27.7,29.7
18834,3455,144589,6.2,22.0,28.9,29.2
18835,2449,76329,14.6,14.1,47.1,27.9
18836,3291,92116,3.4,17.7,42.2,25.0
18837,3307,126530,9.7,12.4,30.7,28.9
18838,2676,83337,4.8,15.7,41.6,38.8
18839,631,117108,6.8,10.3,20.8,36.9
18840,1331,29590,5.2,16.8,30.6,26.9
18841,2093,108772,14.9,13.7,24.3,19.2
18842,1797,41465,3.4,18.6,28.7,25.5
18843,3470,78002,9.5,17.2,36.9,32.5
18844,1645,93548,10.3,7.7,39.3,18.2
18845,3265,142404,12.3,8.8,48.9,23.4
18846,1537,114112,10.5,5.5,38.3,35.6
18847,470,147189,5.8,12.2,28.9,26.5
18848,4604,30301,10.2,10.5,43.5,27.1
18849,716,75607,14.7,6.6,31.7,24.3
18850,4266,50773,13.2,18.6,23.6,31.7
18851,4114,81104,8.4,19.3,38.2,22.2
18852,4279,88461,8.7,18.2,36.4,16.4
18853,2356,60880,4.6,9.7,20.9,37.7
18854,4454,129892,9.8,17.6,25.8,17.9
18855,3410,114482,6.4,12.6,24.3,32.9
18856,1031,49491,4.3,5.2,33.0,27.4
18857,2429,149191,8.7,24.4,49.8,34.0
18858,493,82904,3.5,19.4,42.7,33.2
18859,2565,95917,4.4,9.8,29.3,30.7
18860,3377,137371,5.6,11.2,48.5,16.9
18861,2029,59872,14.9,23.0,35.9,22.1
18862,725,141741,12.7,10.1,45.3,25.7
18863,4757,131030,9.5,6.8,49.5,15.6
18864,2979,133094,5.8,21.8,44.3,39.2
18865,3266,42328,9.2,19.0,44.8,20.3
18866,3522,115005,10.8,15.9,48.5,39.8
18867,2209,33770,3.1,16.1,26.5,20.3
18868,1265,34106,14.9,18.8,45.5,32.5
18869,2881,137310,10.5,23.2,25.2,27.4
18870,1991,115273,14.9,21.4,36.7,22.2
18871,3282,147152,8.6,9.7,23.2,33.2
18872,1739,79888,10.5,17.9,30.0,29.0
18873,881,25774,8.5,18.4,24.4,31.5
18874,4792,90592,3.1,21.4,45.0,28.5
18875,2156,48055,13.2,23.2,38.3,17.0
18876,2423,130530,8.4,6.2,25.9,39.3
18877,2374,116301,8.7,6.9,45.7,30.4
18878,2333,57648,7.3,6.9,39.3,34.2
18879,2738,78196,8.2,18.8,22.3,19.9
18880,3387,25545,11.7,23.6,29.5,30.2
18881,2580,121301,11.4,16.6,24.0,31.9
18882,2716,77132,12.7,16.4,22.8,26.1
18883,455,62674,14.7,21.8,40.4,23.3
18884,4587,86486,7.7,24.8,23.9,32.0
18885,4774,67373,7.1,23.8,24.4,39.1
18886,3446,96931,8.9,17.1,43.4,30.6
18887,3622,39501,4.9,24.9,47.7,30.6
18888,2567,117527,12.1,19.5,27.9,23.1
18889,263,145186,10.0,19.0,48.5,20.1
18890,3734,135579,5.5,7.0,28.4,37.0
18891,4833,28388,13.4,10.9,30.9,16.4
18892,3763,77355,10.4,16.7,39.5,32.0
18893,3354,75564,3.4,19.0,42.2,29.7
18894,3481,101357,5.4,9.0,49.6,32.4
18895,2164,91107,13.7,21.2,43.1,36.4
18896,4365,43124,7.6,22.5,33.2,34.8
18897,4084,73877,14.8,22.0,23.2,26.8
18898,3987,127231,9.4,15.7,38.8,24.6
18899,439,107267,5.5,11.8,45.3,24.9
18900,4921,42228,10.1,21.8,45.0,27.2
18901,3881,44049,4.2,19.8,41.5,33.0
18902,3690,29592,12.7,5.8,42.7,34.5
18903,2033,145657,10.5,15.0,23.9,24.7
18904,1745,145762,14.6,21.5,23.8,25.1
18905,4328,121766,11.3,16.4,37.3,39.3
18906,2787,77742,3.6,10.4,21.9,36.5
18907,2226,35691,8.7,5.3,25.5,20.8
18908,4541,82886,9.4,9.5,42.0,26.4
18909,4804,107135,14.0,17.2,20.7,38.5
18910,738,64381,8.2,10.1,24.8,17.5
18911,1324,68860,10.1,5.2,43.7,38.9
18912,3805,88791,5.2,6.4,47.7,39.3
18913,4010,75521,5.9,12.6,27.5,17.2
18914,4345,33477,9.6,14.3,35.3,21.3
18915,1649,33052,11.4,20.2,46.5,15.5
18916,4245,93595,8.2,15.8,44.2,37.2
18917,1605,53797,8.2,20.6,45.6,18.3
18918,4530,123354,6.1,8.0,29.7,22.2
18919,1475,63306,11.4,12.0,28.8,38.2
18920,767,125029,3.1,15.3,41.7,24.6
18921,2474,40410,9.2,5.3,35.6,24.7
18922,4190,62334,3.0,24.2,46.1,23.0
18923,1115,149279,10.1,23.5,42.3,37.9
18924,435,85780,3.4,18.3,30.5,39.7
18925,4861,36495,14.3,9.3,44.8,36.6
18926,180,32857,8.7,7.8,47.7,21.0
18927,2234,68677,11.2,22.8,23.5,31.1
18928,1899,32826,13.2,10.8,36.1,26.2
18929,357,38791,5.8,12.5,37.1,35.9
18930,284,75481,9.5,12.9,21.8,35.9
18931,222,95069,13.4,9.3,20.4,28.9
18932,4800,110242,9.5,19.5,25.4,36.8
18933,3614,77050,7.7,16.5,45.0,22.1
18934,1494,51965,7.4,22.8,39.2,30.3
18935,2452,138795,7.6,9.4,25.4,38.9
18936,3319,148628,10.4,11.8,38.2,24.3
18937,1408,107443,3.5,14.9,38.8,36.8
18938,4044,115766,8.0,14.4,34.0,30.1
18939,2041,127905,9.7,24.6,35.8,28.6
18940,590,109873,12.4,16.9,40.8,28.9
18941,1154,142877,9.4,13.2,47.0,37.1
18942,801,109028,14.1,10.7,45.7,32.4
18943,3034,133434,8.3,16.5,41.3,24.7
18944,4795,124508,10.8,15.9,45.7,22.6
18945,1234,78191,3.2,15.2,38.8,38.4
18946,179,61850,5.9,23.9,42.5,31.7
18947,935,47840,12.8,15.1,46.5,35.4
18948,751,53638,10.0,9.6,46.4,19.4
18949,516,148144,14.4,8.1,44.4,36.7
18950,3780,144836,12.0,23.2,36.4,35.2
18951,3966,93870,8.4,25.0,25.7,35.6
18952,845,91247,12.3,16.8,45.2,15.2
18953,2102,99640,8.6,19.5,42.8,30.9
18954,339,96246,7.0,13.4,43.2,27.1
18955,2993,120887,3.6,22.2,23.8,21.6
18956,2044,67694,13.4,11.9,45.7,38.9
18957,955,106513,8.0,5.4,43.9,37.6
18958,3615,88826,11.2,5.8,31.9,25.0
18959,2746,149325,4.8,21.5,34.4,35.5
18960,3294,133632,12.9,13.4,48.6,28.1
18961,4615,123635,12.9,24.4,21.3,35.6
18962,4904,147847,8.8,13.4,24.0,30.2
18963,2698,139094,11.1,23.9,44.5,36.5
18964,1453,86193,9.3,14.4,38.4,18.8
18965,2135,94370,9.6,19.4,21.6,33.2
18966,2980,148031,13.7,10.9,41.0,21.8
18967,779,73945,14.6,16.0,31.6,22.6
18968,586,99435,7.4,11.5,33.7,24.5
18969,3720,64978,7.0,18.5,26.8,17.5
18970,3750,49996,6.6,9.6,25.3,33.0
18971,4818,96340,12.2,12.2,32.8,39.5
18972,1538,81809,11.7,17.7,37.5,24.5
18973,4414,98269,3.5,11.1,26.5,15.2
18974,1584,58020,4.1,10.6,33.6,24.7
18975,790,34190,10.8,12.6,37.6,15.6
18976,1112,104658,6.3,17.4,34.5,29.7
18977,4642,96363,4.1,11.7,34.0,33.1
18978,2447,44939,8.0,13.7,28.7,22.6
18979,3808,33484,13.5,5.4,23.4,19.5
18980,4570,149120,7.4,19.0,48.5,16.0
18981,2022,82512,11.3,21.2,47.1,36.9
18982,737,52357,13.8,21.5,47.9,27.6
18983,3108,147495,5.0,16.0,36.4,16.7
18984,2333,98088,10.3,13.5,27.8,23.5
18985,2225,137655,13.9,8.7,29.9,25.9
18986,3557,74188,5.3,18.1,38.0,24.8
18987,4389,91980,14.9,16.5,41.4,36.6
18988,3274,47406,7.4,13.6,39.3,25.4
18989,3788,78543,5.6,17.3,25.3,22.0
18990,1499,146266,13.1,24.1,46.7,25.6
18991,2434,84711,8.6,7.7,38.4,24.3
18992,1605,49288,11.0,24.3,45.9,16.9
18993,349,32793,8.9,16.4,38.5,39.7
18994,635,31677,10.7,21.6,32.1,26.5
18995,3632,147154,3.4,24.9,22.6,19.9
18996,3649,80869,7.2,23.6,29.1,26.7
18997,557,131165,10.9,13.0,25.7,28.3
18998,2838,116034,7.2,14.2,48.9,25.0
18999,3469,149700,12.3,17.1,32.0,23.6
19000,4235,81335,14.5,17.8,47.1,32.6
19001,3796,38268,3.4,9.6,29.9,31.8
19002,3511,35634,13.3,24.0,23.7,22.8
19003,4169,31420,5.0,21.6,44.3,28.8
19004,3487,78896,14.0,7.6,34.1,18.4
19005,3285,94914,14.4,24.8,45.5,27.2
19006,3338,108582,9.8,24.9,37.0,27.5
19007,360,91534,8.7,12.1,23.0,19.8
19008,1347,119293,12.1,22.0,21.0,19.8
19009,3433,29302,14.0,10.2,24.8,18.5
19010,3422,86290,5.8,8.2,29.6,36.6
19011,2673,32830,7.6,22.1,32.3,33.4
19012,225,138202,8.0,16.2,45.9,20.0
19013,1329,43908,13.1,6.2,46.4,35.9
19014,3311,137358,4.6,21.7,33.7,22.9
19015,3233,97271,10.5,12.7,39.7,23.6
19016,1406,57898,7.2,8.4,23.9,16.6
19017,2201,88887,13.6,15.5,48.6,33.1
19018,235,70191,7.1,14.4,30.1,20.6
19019,2477,102145,14.7,21.1,39.4,26.3
19020,1559,68177,3.2,14.6,36.6,18.7
19021,4331,77168,5.9,18.3,43.0,34.4
19022,912,124490,8.5,12.1,49.8,27.2
19023,951,62062,6.1,7.2,33.1,38.5
19024,1844,65903,11.8,5.9,28.9,20.6
19025,2038,78986,12.8,11.4,23.0,16.2
19026,970,48599,11.4,18.4,43.8,23.4
19027,734,49373,14.6,5.2,29.4,28.3
19028,768,36004,8.5,10.0,33.3,29.5
19029,1393,67477,14.8,8.0,48.7,35.7
19030,3188,143886,4.5,14.2,48.4,29.1
19031,368,119755,13.2,19.9,40.8,18.9
19032,960,74157,3.5,16.1,23.1,30.1
19033,581,140398,9.4,17.2,33.5,19.4
19034,3390,82355,8.8,23.9,47.3,35.6
19035,3490,27150,13.3,14.1,35.1,17.4
19036,1361,48226,11.4,21.3,49.5,18.9
19037,2432,104680,8.3,11.9,25.7,25.3
19038,202,116825,13.7,17.4,37.9,20.3
19039,3894,111442,13.6,20.4,25.7,28.8
19040,4987,102994,3.3,21.5,43.9,33.4
19041,4434,129112,13.5,9.4,47.5,32.7
19042,2792,86528,9.3,10.1,21.9,18.8
19043,3771,56435,13.1,12.5,32.8,36.3
19044,981,89950,5.2,10.0,21.1,21.3
19045,2335,52994,4.8,15.8,22.1,18.4
19046,3134,79102,11.7,21.1,31.0,25.5
19047,4989,77434,6.3,8.1,37.5,16.0
19048,2677,32892,9.7,13.1,45.6,19.1
19049,775,96089,11.3,19.5,48.4,29.7
19050,2539,44988,10.3,19.1,28.1,15.2
19051,1781,117759,11.4,9.8,26.7,26.2
19052,1376,118708,10.4,18.2,24.7,34.5
19053,4867,121681,7.5,24.3,20.6,21.6
19054,3347,97690,4.1,17.5,36.1,35.9
19055,3748,64907,13.3,11.5,35.9,39.1
19056,1412,40479,13.2,15.3,22.6,30.5
19057,1173,110902,3.1,11.8,20.5,37.1
19058,4199,90713,13.1,15.6,31.4,35.7
19059,1754,138792,4.8,21.8,22.4,31.2
19060,3847,35802,7.0,7.7,21.7,23.6
19061,4188,127817,8.0,13.3,34.8,23.7
19062,1993,132049,11.2,17.7,44.4,36.0
19063,1385,134885,4.1,14.3,40.1,19.5
19064,634,32774,12.9,20.6,24.6,36.4
19065,3547,41625,14.3,8.2,39.8,22.0
19066,1479,119111,14.4,22.5,30.5,35.1
19067,745,67339,4.1,24.6,22.6,32.6
19068,123,100324,14.0,12.2,31.1,24.9
19069,4752,131332,9.8,7.3,46.0,16.7
19070,4551,38749,11.7,24.8,26.1,24.5
19071,4770,85873,14.2,12.0,34.7,18.6
19072,4224,71521,10.9,14.8,30.5,24.4
19073,464,100732,8.5,9.9,44.0,19.6
19074,2755,81547,9.3,6.1,38.0,39.7
19075,508,121663,11.2,7.5,32.3,35.7
19076,1414,149826,14.3,9.8,33.1,36.3
19077,318,91836,13.7,24.8,47.1,31.5
19078,4803,85433,9.9,20.9,27.6,22.8
19079,1639,131227,5.5,13.4,22.5,27.3
19080,3533,114398,7.2,11.4,45.6,38.7
19081,1702,143083,7.3,7.9,34.3,32.3
19082,2804,140758,6.5,14.7,21.5,39.2
19083,3748,79069,12.0,23.1,47.1,28.4
19084,1205,129977,13.0,24.9,38.8,15.5
19085,3511,55591,6.8,23.0,27.6,25.2
19086,2588,135280,13.2,6.3,41.0,32.1
19087,716,113563,11.8,8.2,28.0,37.6
19088,4421,84132,8.3,7.8,31.7,36.6
19089,2518,127591,11.4,8.2,30.6,29.9
19090,127,39384,12.2,7.5,42.4,34.3
19091,3155,64005,9.7,6.9,23.2,30.8
19092,115,111946,8.3,12.0,28.5,32.0
19093,3448,51348,4.2,8.2,47.0,27.8
19094,432,61573,3.0,7.9,46.5,22.1
19095,4678,27214,14.2,15.5,49.1,36.3
19096,4761,55973,6.2,9.1,20.8,27.9
19097,2261,147809,11.0,5.1,23.4,21.6
19098,2185,49632,14.3,18.9,49.0,29.5
19099,4649,80301,12.8,11.6,28.7,34.5
19100,4053,41621,4.5,19.7,41.8,22.8
19101,2889,25732,12.6,22.9,48.4,29.8
19102,4361,72693,11.7,23.5,44.9,32.5
19103,2352,47547,7.0,8.6,31.6,29.6
19104,344,110809,11.3,18.5,38.5,38.8
19105,1994,126128,12.9,6.5,32.7,29.8
19106,1456,140915,6.5,14.3,29.3,29.7
19107,1042,80671,13.4,13.5,42.3,32.4
19108,3567,27454,3.9,9.1,49.4,19.2
19109,3292,54487,9.3,20.5,33.6,24.1
19110,1845,55689,5.8,23.3,36.6,31.7
19111,4605,47607,11.7,10.2,33.0,22.1
19112,2457,70265,5.1,10.0,49.3,28.5
19113,3979,140455,7.1,8.9,41.8,29.4
19114,3877,36575,4.5,18.7,35.1,31.6
19115,2215,131472,12.7,6.1,42.8,26.9
19116,2367,92960,4.6,6.3,24.5,22.2
19117,2367,63951,11.7,8.5,21.0,39.2
19118,1596,77576,11.5,15.9,35.3,31.6
19119,2896,144236,4.7,10.1,40.8,19.5
19120,4581,147278,9.8,24.7,23.1,24.6
19121,1029,140401,9.0,12.9,27.9,26.7
19122,3424,41469,10.1,14.4,49.4,31.4
19123,4600,75730,14.2,6.3,25.3,33.5
19124,4687,146067,4.0,19.1,24.8,39.4
19125,456,125320,12.8,20.8,31.3,21.4
19126,4410,121121,13.3,11.7,50.0,31.2
19127,4164,36678,4.5,19.5,29.3,20.5
19128,3941,96237,10.9,9.6,26.1,21.8
19129,4030,85771,11.4,21.0,25.3,16.5
19130,4947,110634,9.6,15.8,43.8,36.9
19131,926,70699,9.0,12.9,45.1,38.9
19132,765,132767,6.8,19.4,41.4,33.2
19133,2128,40002,11.3,17.3,46.5,26.8
19134,3791,53389,6.4,15.6,47.1,32.2
19135,2682,149504,8.5,9.2,43.8,37.6
19136,653,138892,13.3,22.0,39.4,37.3
19137,427,109328,4.1,13.6,43.1,18.9
19138,1288,72971,9.3,13.9,48.8,33.7
19139,249,54421,8.8,9.0,41.5,17.8
19140,4852,113238,7.5,23.6,42.2,37.2
19141,2953,31971,10.2,16.1,30.3,33.7
19142,2036,44235,3.2,14.3,34.4,27.8
19143,4488,124701,8.9,24.5,48.8,29.9
19144,2836,100693,8.8,12.3,46.6,31.6
19145,1056,127460,9.2,5.6,24.5,16.7
19146,3348,77393,5.5,9.6,22.9,31.6
19147,515,92066,5.5,19.9,33.6,16.0
19148,3554,25774,10.8,8.1,25.3,24.9
19149,2745,76613,4.1,8.1,48.8,20.7
19150,3874,32985,6.7,14.1,42.6,18.1
19151,184,33307,13.0,14.1,45.2,16.4
19152,2035,97878,4.2,14.2,39.7,15.8
19153,1516,88196,8.6,9.4,43.7,19.6
19154,1170,55119,11.0,8.4,26.8,23.9
19155,3512,112167,4.7,20.4,49.6,21.2
19156,1621,81808,6.7,17.1,37.7,22.4
19157,1601,138668,9.7,11.4,30.2,26.6
19158,4191,108269,6.9,8.9,49.6,21.8
19159,2573,76897,4.3,22.6,20.6,30.3
19160,835,85587,5.8,7.7,40.7,20.2
19161,2938,71278,4.3,16.7,44.8,20.7
19162,2662,138894,14.8,17.2,22.6,21.4
19163,4006,44231,5.8,22.1,44.4,38.4
19164,1372,131318,9.4,6.1,41.1,31.7
19165,4936,91162,8.1,11.2,29.0,23.1
19166,1962,55028,9.8,24.3,23.5,33.3
19167,4326,145273,9.0,16.4,43.2,35.8
19168,1863,129265,11.7,13.4,47.6,38.1
19169,4518,56143,13.5,11.3,32.9,16.9
19170,922,71392,6.4,8.0,37.2,36.0
19171,642,70578,5.2,8.7,32.0,36.1
19172,2865,48975,14.8,20.6,42.9,35.5
19173,2178,83983,13.4,9.9,45.8,27.6
19174,984,117334,7.4,9.4,38.3,37.5
19175,4386,52521,13.7,11.4,34.6,31.4
19176,3749,146818,11.0,20.1,41.2,24.8
19177,4610,104795,8.2,13.4,32.8,24.2
19178,3671,35613,13.5,5.6,38.5,34.1
19179,4033,82580,11.1,15.3,35.4,36.3
19180,3766,44441,12.9,10.6,25.3,20.6
19181,1821,96403,8.0,14.2,31.9,35.8
19182,474,83311,12.6,22.7,27.8,31.6
19183,657,80088,7.4,8.9,28.3,32.2
19184,1380,119650,11.8,11.8,20.4,15.4
19185,3523,114125,8.2,23.9,44.8,32.8
19186,1228,101559,7.9,20.5,20.8,18.4
19187,1460,112927,12.6,10.5,43.0,25.5
19188,3697,119039,4.5,7.1,25.1,36.4
19189,1200,99747,14.1,23.7,48.0,27.0
19190,1634,57506,9.1,7.9,44.2,35.6
19191,2725,92542,10.6,12.3,23.5,37.8
19192,4227,133058,7.9,11.6,44.1,39.7
19193,1731,34033,10.8,7.3,30.7,38.4
19194,157,87074,11.5,7.0,47.4,37.4
19195,1227,59971,13.4,10.6,35.3,26.5
19196,411,40064,13.3,12.4,42.0,35.4
19197,3817,89705,7.3,24.4,20.7,29.6
19198,2101,148692,10.4,15.7,21.7,27.9
19199,2837,122440,12.4,23.2,20.0,21.6
19200,3977,80935,12.2,7.6,21.0,15.7
19201,2382,119011,13.7,9.8,36.6,39.4
19202,3283,86105,13.0,8.3,43.5,24.7
19203,1531,93733,11.6,12.5,21.6,30.5
19204,3225,133205,12.0,23.4,28.2,27.8
19205,4997,128970,12.7,10.9,33.8,33.6
19206,4434,48790,13.1,16.9,35.2,21.0
19207,1875,67024,7.2,23.3,39.9,20.8
19208,1418,70241,12.4,15.1,22.2,26.9
19209,4307,43892,14.4,15.6,43.0,15.6
19210,3259,59486,5.8,16.1,24.4,32.4
19211,1428,55084,3.6,10.6,32.4,35.6
19212,4485,36524,3.9,13.4,28.5,34.2
19213,4074,106301,5.6,21.9,34.8,38.9
19214,4777,27593,14.0,13.0,26.3,25.1
19215,4565,141160,4.5,13.4,41.4,18.8
19216,319,58466,12.0,7.3,38.4,37.9
19217,3402,98104,13.4,14.3,38.9,24.2
19218,2966,80602,13.5,6.7,41.6,36.7
19219,1996,83288,8.0,10.3,26.3,29.1
19220,4544,115248,8.9,24.6,37.0,32.1
19221,2402,26225,6.9,23.1,36.7,34.3
19222,4647,103716,4.8,17.4,39.7,26.7
19223,4284,126006,5.5,19.3,43.4,25.4
19224,3826,87060,4.6,9.8,47.0,32.6
19225,2142,125508,7.9,7.9,23.6,19.7
19226,622,143014,5.0,16.0,23.6,33.8
19227,2807,92764,7.8,23.0,23.4,31.0
19228,3098,35648,13.2,21.6,46.8,29.2
19229,4021,29948,10.9,16.8,30.3,36.5
19230,1009,56696,11.0,24.7,40.0,35.8
19231,4637,45186,12.7,10.0,31.0,23.7
19232,4233,93635,3.5,20.3,34.3,23.3
19233,1980,118846,12.5,10.7,38.7,22.1
19234,3379,70926,5.4,24.5,32.7,28.9
19235,4405,136203,7.2,10.3,22.7,22.2
19236,2660,42922,6.7,12.3,37.3,24.7
19237,3172,83912,4.3,14.5,46.6,23.6
19238,3926,85614,5.1,11.4,35.4,20.3
19239,4576,143852,14.5,10.5,47.2,37.4
19240,2975,132097,10.2,14.4,37.4,25.6
19241,3006,133560,8.7,21.3,40.1,27.1
19242,4589,56568,12.1,20.5,29.5,31.4
19243,4591,144662,12.8,13.9,32.5,32.2
19244,644,31978,4.3,11.3,38.2,18.2
19245,3197,37098,11.9,7.6,43.9,18.9
19246,3725,58313,14.2,22.4,41.5,38.3
19247,3605,88239,10.0,22.7,39.7,28.4
19248,1184,129236,10.4,6.3,48.5,26.3
19249,652,129507,13.4,20.0,21.3,32.8
19250,1253,66143,11.2,22.7,46.8,29.5
19251,4038,74989,14.9,19.7,32.8,23.4
19252,2345,141580,6.4,11.8,25.4,28.0
19253,1786,108308,13.1,13.6,23.2,20.3
19254,793,81317,10.3,11.0,49.4,31.6
19255,3890,84285,7.4,15.9,48.7,27.4
19256,597,39240,13.6,22.8,49.7,32.1
19257,2195,42841,15.0,18.4,38.0,31.0
19258,712,101998,3.7,14.2,35.2,27.4
19259,4067,44184,14.1,22.2,40.2,34.6
19260,475,61071,5.4,5.0,29.9,33.8
19261,905,51029,5.5,10.5,29.4,24.7
19262,1020,135131,3.5,13.7,36.7,29.4
19263,3704,48670,14.1,16.9,46.1,34.0
19264,1543,146161,12.1,24.9,48.8,35.9
19265,1645,126590,3.6,17.8,30.3,27.2
19266,1310,32489,10.6,12.6,47.0,35.5
19267,2180,108092,4.4,19.5,23.9,20.7
19268,4787,40767,12.0,24.7,24.2,15.2
19269,2248,92247,7.9,17.2,48.6,16.7
19270,1608,128800,3.6,12.0,48.0,37.2
19271,1013,50356,13.0,18.6,23.6,20.6
19272,2880,48871,9.9,14.3,47.4,25.6
19273,489,107948,12.3,15.7,34.5,28.0
19274,4149,146233,11.1,24.1,45.1,15.1
19275,4355,136219,8.2,13.7,28.8,38.9
19276,3725,125554,11.4,11.3,41.2,22.4
19277,1170,73164,3.2,17.7,46.4,32.8
19278,4891,78301,7.1,16.4,44.0,31.0
19279,4953,94919,12.3,12.9,30.6,36.0
19280,2670,32451,12.2,11.1,22.5,39.7
19281,3837,143357,13.6,15.5,45.6,25.4
19282,2879,67028,10.3,8.3,31.2,34.9
19283,438,115395,14.3,10.4,37.9,26.3
19284,2076,83176,9.7,22.0,20.5,34.5
19285,3536,127981,9.0,23.2,49.1,15.9
19286,894,80242,5.4,12.9,24.1,19.0
19287,1822,88529,12.3,21.7,39.4,21.5
19288,3319,61256,11.3,7.1,44.3,24.5
19289,998,119479,8.5,9.3,23.3,28.8
19290,202,28212,4.0,16.9,37.1,39.3
19291,2959,91452,4.5,18.6,48.9,23.8
19292,4288,50146,4.4,10.0,47.3,21.0
19293,1547,52375,7.5,23.8,28.2,24.7
19294,4314,76246,4.9,17.5,48.8,32.9
19295,2132,36430,13.3,23.4,48.9,19.6
19296,4132,120853,13.8,7.1,33.6,36.6
19297,3160,129573,13.3,16.7,24.7,37.9
19298,1634,103295,10.3,11.8,22.0,24.5
19299,2947,144594,10.2,22.3,33.5,24.3
19300,3309,63810,13.7,5.3,36.1,30.7
19301,4670,66580,7.9,20.3,27.8,18.4
19302,3563,54348,3.7,8.3,20.1,29.2
19303,534,105241,8.6,22.8,24.1,18.9
19304,1357,115882,9.6,14.2,27.2,31.1
19305,154,64499,9.6,8.4,29.4,36.6
19306,1030,55726,4.9,21.4,32.5,15.0
19307,2899,144481,12.4,15.1,41.5,23.8
19308,411,102075,11.8,6.2,43.5,32.1
19309,1056,83958,5.8,5.7,30.5,25.7
19310,4183,139752,9.6,10.1,47.6,26.7
19311,4952,28698,12.5,19.3,25.3,30.5
19312,2612,57969,3.1,13.7,29.7,28.1
19313,1363,29237,6.3,15.5,24.2,23.9
19314,2847,106870,8.7,7.7,40.2,25.6
19315,2882,44553,13.1,19.4,26.6,28.2
19316,1193,27864,12.6,12.2,40.4,37.1
19317,2886,64128,4.8,11.7,21.2,39.9
19318,2915,40326,8.6,16.6,26.2,19.8
19319,3863,139249,6.7,20.3,34.5,30.4
19320,4135,30412,7.8,5.5,43.3,22.6
19321,4939,81827,9.5,6.0,24.8,30.9
19322,2423,34349,9.0,6.9,26.4,34.2
19323,332,76461,4.7,21.9,38.3,37.0
19324,2201,129731,4.5,22.1,44.5,26.4
19325,4452,123405,4.6,17.8,36.8,27.4
19326,2128,58144,13.1,5.9,38.5,20.0
19327,2029,98933,3.2,20.0,49.4,21.7
19328,1558,102452,5.4,22.4,43.8,17.4
19329,1748,40372,14.5,23.3,33.8,38.6
19330,507,87586,3.8,21.0,22.6,25.3
19331,3440,133553,3.4,14.0,46.5,21.2
19332,2077,61431,7.6,14.2,44.3,38.0
19333,2513,136782,4.8,14.9,32.8,29.4
19334,1860,149514,9.8,14.5,44.0,30.6
19335,3697,88182,7.1,15.3,41.8,32.0
19336,1478,47678,5.5,6.6,26.0,28.5
19337,720,58828,15.0,21.3,25.3,36.3
19338,1029,88352,7.1,5.1,43.4,25.0
19339,1074,85167,10.7,5.6,36.8,28.6
19340,4587,79745,13.5,5.5,33.4,30.3
19341,4547,46947,14.1,23.0,31.1,30.2
19342,2953,139005,7.9,24.9,41.6,17.8
19343,1789,95660,14.7,10.9,32.1,32.3
19344,4771,66849,11.7,7.5,20.4,30.6
19345,4718,120457,10.0,5.4,29.4,29.2
19346,825,108482,11.3,23.0,47.2,27.6
19347,261,44579,7.3,12.2,31.1,29.2
19348,758,135994,8.1,14.8,21.2,17.6
19349,2997,56658,10.0,12.5,41.9,26.2
19350,4719,124114,6.9,23.1,28.3,27.8
19351,4199,34250,12.2,21.7,21.8,38.8
19352,2642,116372,6.0,22.9,44.0,21.7
19353,1678,55163,12.6,13.6,20.2,36.5
19354,4094,52122,4.8,9.3,24.8,39.7
19355,1174,82855,5.6,17.0,25.9,24.2
19356,3305,100574,12.0,9.2,40.7,36.6
19357,4144,94948,6.2,11.5,23.4,32.2
19358,3533,29398,12.5,23.9,41.1,37.0
19359,977,132621,12.4,22.4,29.5,35.5
19360,1191,53236,6.1,13.7,35.4,26.5
19361,3159,145119,3.9,11.4,44.5,35.1
19362,1774,78329,5.0,16.6,33.3,32.0
19363,1708,25657,12.0,20.3,24.6,35.2
19364,2926,80488,13.2,8.9,24.1,30.1
19365,1317,88711,7.6,23.1,31.5,31.9
19366,3152,123356,5.0,8.8,24.6,15.5
19367,413,79262,3.9,17.2,38.9,22.6
19368,829,70400,5.6,16.0,37.9,32.8
19369,4139,42492,14.8,11.6,41.3,31.0
19370,483,58754,5.0,16.2,38.1,32.5
19371,1912,112946,4.0,22.6,30.8,20.7
19372,2424,82199,12.4,11.6,37.9,24.8
19373,3529,144424,10.4,22.7,45.9,30.8
19374,2845,98938,9.4,6.3,21.3,32.7
19375,1964,144647,8.4,15.7,22.8,29.1
19376,3391,124079,11.4,10.9,49.3,16.3
19377,4946,34106,11.4,23.6,43.0,17.5
19378,327,135774,8.1,5.9,22.2,33.8
19379,2164,114359,5.8,5.4,48.2,22.7
19380,111,58273,13.1,21.2,48.3,16.8
19381,1622,126602,5.0,19.8,40.3,30.1
19382,791,51433,9.4,8.1,47.6,31.8
19383,3805,121267,11.3,23.8,30.2,35.9
19384,1839,111108,10.7,22.5,32.1,26.2
19385,1625,144113,10.4,9.9,33.2,36.7
19386,169,68197,11.0,18.7,47.5,25.7
19387,2348,139261,13.5,13.6,48.2,27.4
19388,3223,36105,7.4,16.2,37.9,36.6
19389,4824,109921,10.5,20.8,47.2,29.0
19390,3430,56741,11.4,17.6,45.7,22.5
19391,1387,139452,10.1,6.9,32.7,20.9
19392,675,74412,13.8,17.1,41.1,35.8
19393,2272,83053,10.9,8.7,25.5,33.6
19394,844,26951,8.1,13.9,24.5,35.9
19395,2627,27370,13.1,12.9,40.4,38.9
19396,3173,129457,8.9,6.7,33.1,27.5
19397,4310,73068,9.4,7.0,40.9,37.9
19398,4676,66047,10.0,20.8,43.8,19.7
19399,1124,47867,6.9,16.5,32.6,22.2
19400,1041,102117,11.7,24.5,48.5,21.1
19401,867,145356,4.2,24.0,47.4,21.6
19402,2538,118406,13.4,8.8,22.9,27.0
19403,933,93270,12.1,22.1,24.1,17.5
19404,2290,92792,7.2,11.5,24.0,34.2
19405,727,75224,5.7,8.4,35.8,20.1
19406,476,143609,7.7,14.0,34.1,38.3
19407,3986,126273,12.7,10.7,46.5,15.2
19408,189,139281,3.4,15.2,31.1,30.7
19409,2955,80094,8.6,18.0,33.7,20.3
19410,1165,35502,6.0,11.1,46.4,37.0
19411,1158,74130,13.5,15.9,36.6,20.7
19412,3159,61045,8.0,17.5,38.0,38.2
19413,4172,135064,11.4,17.3,23.5,31.7
19414,2700,94505,7.3,23.5,20.9,23.5
19415,4319,134213,7.0,18.0,43.7,16.4
19416,2204,131224,6.9,11.7,28.7,24.0
19417,2953,92024,11.1,6.9,35.0,36.7
19418,2755,51234,14.6,14.7,45.4,16.2
19419,1615,68027,5.5,16.5,32.2,34.9
19420,3117,35807,10.7,16.1,48.0,28.6
19421,4247,68977,6.2,16.0,40.3,20.0
19422,1673,147647,9.6,12.5,21.8,39.4
19423,2636,132627,9.5,24.2,23.7,16.1
19424,4026,125491,8.4,17.3,44.4,17.2
19425,2152,112130,9.0,9.4,49.7,22.1
19426,3896,139958,13.6,5.1,25.0,35.6
19427,731,89840,4.1,16.4,36.7,35.3
19428,1961,147065,13.0,19.9,32.8,31.7
19429,4052,106583,8.5,7.2,30.8,33.5
19430,1332,34788,7.0,14.3,42.0,23.3
19431,2364,135022,5.1,24.4,20.5,37.1
19432,2147,135875,12.8,14.9,40.5,23.1
19433,635,41749,10.1,22.1,23.7,19.9
19434,3633,68491,11.7,7.8,31.9,20.0
19435,4925,147882,6.8,14.0,31.5,17.1
19436,3197,44435,7.7,12.1,29.6,39.8
19437,1375,58551,14.0,5.6,48.6,15.7
19438,3173,133707,14.5,15.4,39.5,27.3
19439,1125,144171,11.9,13.0,31.8,19.7
19440,2151,130442,12.0,17.2,23.5,29.7
19441,3721,116144,11.3,15.9,23.1,24.4
19442,4663,32159,10.0,14.1,40.9,15.0
19443,300,128789,10.1,7.0,25.2,26.4
19444,4503,149939,14.6,13.9,40.5,35.4
19445,3423,70129,12.0,24.4,48.7,35.4
19446,3458,74389,10.9,10.5,42.3,18.9
19447,3071,102611,5.3,12.7,33.7,16.5
19448,685,67945,14.7,21.8,39.6,26.9
19449,3445,130362,9.2,15.4,24.3,31.1
19450,3954,139188,14.3,5.0,31.9,30.9
19451,4704,137873,11.6,15.8,36.0,21.7
19452,3524,26462,3.5,22.4,30.0,21.3
19453,4200,88220,9.5,18.8,36.9,39.7
19454,459,120712,13.7,20.1,25.0,19.6
19455,3769,90344,3.6,5.8,43.7,26.0
19456,4409,120323,13.4,8.6,31.1,30.5
19457,3577,83215,10.4,16.7,26.7,31.8
19458,4758,34413,3.5,8.1,34.8,38.2
19459,2912,120347,7.5,20.1,38.1,37.0
19460,144,43050,3.4,9.5,35.2,19.3
19461,2850,36628,3.0,11.4,22.0,17.5
19462,733,64064,13.8,5.8,30.0,25.0
19463,1310,59424,12.0,13.5,26.4,34.4
19464,1849,58899,6.5,10.1,44.0,35.7
19465,3341,149851,4.4,5.7,49.0,24.0
19466,2868,56247,3.7,7.7,40.0,22.3
19467,693,91346,14.0,12.8,47.8,17.5
19468,1524,90591,10.5,11.8,44.3,33.1
19469,2026,44907,4.9,22.2,21.6,29.3
19470,956,48943,11.2,11.1,45.0,34.2
19471,651,44046,15.0,13.3,41.3,39.0
19472,4238,93815,12.5,13.2,27.5,27.1
19473,2988,26533,8.4,17.0,29.6,24.6
19474,4374,127315,12.8,23.1,42.8,32.9
19475,1580,140621,11.9,18.5,47.9,21.8
19476,706,42046,4.1,21.8,26.3,30.1
19477,771,110765,14.1,8.7,43.1,20.2
19478,3415,120786,13.6,21.8,42.1,28.8
19479,116,72403,10.1,19.0,43.6,24.1
19480,2973,77175,9.1,10.9,34.9,28.4
19481,2694,129271,5.7,22.9,21.1,37.7
19482,2584,87742,13.0,18.3,24.0,28.1
19483,715,82487,8.2,14.4,32.7,21.7
19484,3305,49291,10.0,19.1,41.7,33.5
19485,2949,103052,5.0,5.1,44.9,38.4
19486,4507,106160,5.6,11.5,43.8,22.1
19487,3907,64377,14.8,20.5,40.9,29.6
19488,2172,129584,8.9,22.2,44.8,33.0
19489,624,131735,12.8,21.0,37.1,32.1
19490,3273,27004,13.0,19.6,20.0,17.9
19491,1573,69729,14.8,15.0,38.9,40.0
19492,2525,146280,14.8,8.8,45.9,16.0
19493,3374,95970,8.5,7.2,35.1,35.2
19494,3438,62014,14.4,23.5,38.7,15.4
19495,2107,126700,7.4,9.2,46.2,22.1
19496,4657,130874,10.3,9.9,46.7,26.4
19497,2512,148682,12.9,19.4,42.1,26.1
19498,2251,66312,14.0,20.1,27.8,19.5
19499,3282,76126,9.3,13.2,22.7,27.4
19500,527,83477,8.0,6.5,28.4,35.9
19501,4664,29561,11.7,14.7,49.4,38.3
19502,1114,58831,8.5,21.3,35.2,35.8
19503,1704,138293,11.1,22.6,44.2,34.4
19504,969,91931,12.7,18.0,27.7,23.0
19505,2827,83892,13.1,18.7,45.6,29.1
19506,2952,75682,6.1,5.5,29.4,26.4
19507,985,25052,9.9,9.3,49.1,16.3
19508,2708,44535,3.3,19.9,37.3,24.2
19509,1373,80016,12.6,15.6,46.5,21.3
19510,4526,88838,4.5,16.7,20.0,19.9
19511,2055,112590,13.5,21.2,30.2,37.2
19512,686,60554,7.9,18.4,31.5,23.0
19513,300,39675,5.0,13.4,39.8,29.0
19514,4649,58912,12.5,24.5,36.3,17.5
19515,3717,27112,5.4,9.8,40.3,34.7
19516,925,38751,7.7,11.8,33.0,16.0
19517,210,58063,9.8,18.4,27.9,23.3
19518,3011,52565,7.3,9.6,48.4,22.9
19519,3999,137844,5.1,12.6,26.3,17.6
19520,1007,128046,7.9,18.8,45.3,18.6
19521,3815,75732,4.7,11.8,47.0,23.8
19522,3789,122557,11.6,6.1,28.2,39.4
19523,654,129582,5.1,16.2,37.5,29.9
19524,2003,92961,8.8,20.4,42.1,28.0
19525,206,147835,9.7,19.9,46.3,21.5
19526,3436,97755,14.3,17.4,45.0,31.8
19527,2634,130315,3.9,20.3,44.5,39.3
19528,2326,93163,14.2,9.0,22.1,21.6
19529,3393,62573,5.5,19.7,49.3,20.5
19530,1493,41365,13.1,6.0,35.7,39.1
19531,2784,86506,4.1,19.8,29.3,36.6
19532,2935,145834,14.9,6.0,25.9,25.4
19533,266,83937,12.7,20.4,48.8,28.4
19534,2810,104735,3.8,22.7,21.7,35.9
19535,3724,114538,5.6,21.6,47.9,25.7
19536,2447,33701,9.6,12.0,26.4,34.8
19537,1504,32935,9.3,24.5,49.3,21.6
19538,1625,76043,10.6,15.4,21.2,22.5
19539,4509,42845,8.6,12.6,24.0,28.0
19540,4938,97456,11.8,16.6,20.3,20.4
19541,2874,104797,7.2,11.1,20.4,35.9
19542,925,108919,5.1,8.6,47.8,17.3
19543,1224,59738,3.4,8.3,43.0,20.7
19544,668,26551,6.9,8.4,46.9,33.1
19545,2058,110771,8.1,9.6,20.9,28.0
19546,3839,41485,10.9,22.7,22.0,15.7
19547,2209,65851,12.7,13.1,49.8,26.3
19548,4564,108380,5.9,5.0,34.7,19.0
19549,4289,117958,8.9,11.1,24.1,25.8
19550,4194,50309,5.8,24.9,33.4,30.7
19551,3030,134588,14.4,19.7,23.1,20.1
19552,863,52010,10.8,15.1,49.4,25.1
19553,3460,140220,11.1,7.5,41.5,20.8
19554,3550,123395,9.4,14.1,26.0,24.7
19555,2247,92355,6.4,17.8,36.9,18.4
19556,3495,42540,5.4,23.4,41.7,28.5
19557,4524,29934,10.9,14.8,42.2,20.3
19558,3819,99232,14.1,16.0,29.0,35.8
19559,4901,120684,5.6,16.4,22.3,32.8
19560,320,95472,9.9,24.0,46.4,15.7
19561,1961,78934,9.4,11.8,47.9,31.9
19562,2714,97404,10.7,22.2,36.3,15.3
19563,1121,68155,10.1,13.6,45.9,16.8
19564,209,34125,6.3,19.8,36.2,38.6
19565,4344,149135,11.3,14.7,27.8,33.2
19566,3948,140571,6.3,16.1,39.7,26.2
19567,798,118348,10.8,11.6,37.0,15.9
19568,207,53985,6.6,13.3,47.2,36.7
19569,488,44088,4.0,15.5,48.3,28.4
19570,524,80593,4.5,17.1,33.2,39.9
19571,2594,143747,13.0,12.4,25.2,30.0
19572,3065,45702,4.5,21.7,43.6,15.5
19573,2803,88840,7.0,19.4,27.0,20.8
19574,2099,43493,6.5,14.0,37.5,24.9
19575,3675,56327,3.7,19.7,40.1,27.5
19576,1627,54295,10.2,5.1,45.5,37.8
19577,4153,51999,12.6,16.9,26.2,38.3
19578,2126,68606,14.9,15.5,45.1,37.5
19579,2468,70460,14.2,15.3,35.3,22.9
19580,2866,32072,3.6,17.1,35.9,15.6
19581,1955,83622,6.1,21.0,48.1,21.4
19582,546,114538,7.9,5.9,31.4,23.5
19583,1697,41773,13.5,8.0,20.9,19.5
19584,309,141336,7.3,5.2,28.0,39.3
19585,948,66725,9.8,9.8,43.0,36.9
19586,1751,33539,10.9,24.6,45.5,23.2
19587,2016,135069,6.6,12.5,35.1,19.0
19588,3629,34537,10.0,16.5,34.0,26.0
19589,2018,57287,3.6,24.8,30.6,39.4
19590,676,73191,8.8,17.5,44.9,36.1
19591,788,73281,7.5,8.4,32.5,33.7
19592,889,101733,7.3,21.1,27.4,29.8
19593,1455,52140,5.8,16.0,41.7,32.9
19594,1787,106290,12.8,24.9,35.5,21.1
19595,449,80167,13.6,20.1,22.4,32.3
19596,2817,99057,13.7,24.9,40.4,24.1
19597,3639,135030,7.8,22.8,32.3,16.0
19598,4621,127097,6.1,8.6,45.6,34.5
19599,4522,129368,4.2,20.0,48.3,29.3
19600,1229,83317,11.1,15.0,49.0,18.1
19601,4450,104963,7.0,7.6,49.7,18.2
19602,4639,124549,6.3,16.4,45.7,21.6
19603,4308,125541,7.5,6.9,31.0,35.5
19604,4884,142307,9.7,20.2,27.7,34.9
19605,1090,49780,4.9,12.2,26.1,35.0
19606,1973,84603,14.5,21.2,42.2,17.7
19607,4241,72873,11.8,18.6,39.2,31.5
19608,4952,102912,3.6,22.6,37.3,26.9
19609,1476,114835,6.7,8.7,32.4,18.6
19610,1326,52578,3.6,17.9,43.1,36.9
19611,663,107282,5.8,22.3,32.2,35.6
19612,2987,134938,6.4,9.6,33.4,24.8
19613,1440,41715,11.6,20.7,30.1,34.9
19614,3837,52544,11.6,10.7,34.1,29.2
19615,1537,70763,3.5,21.3,23.7,36.6
19616,194,65361,10.1,15.3,47.5,21.5
19617,3396,97523,14.5,18.3,42.5,21.8
19618,1048,71534,10.5,12.4,36.9,25.4
19619,4748,138334,14.5,21.5,46.0,20.0
19620,2792,123725,7.6,7.5,24.2,30.9
19621,4261,99490,8.5,8.9,24.0,20.4
19622,3381,76935,8.9,6.8,43.1,22.5
19623,1597,46674,14.1,24.0,31.4,18.4
19624,4860,123552,7.6,14.3,43.4,37.7
19625,2831,64092,14.8,14.5,43.9,22.1
19626,2843,36738,9.5,11.0,47.4,19.7
19627,4375,91018,5.6,14.4,29.5,26.1
19628,2981,79655,4.2,9.7,21.6,18.9
19629,301,122044,5.1,24.0,34.5,19.5
19630,1598,69435,3.5,10.3,22.5,29.0
19631,3186,69818,11.3,23.5,35.5,21.8
19632,3213,36424,9.2,14.8,46.1,34.2
19633,2690,111334,11.9,13.7,36.1,26.6
19634,2048,85355,12.4,21.1,25.6,25.3
19635,3704,148579,14.2,14.9,26.8,26.9
19636,4063,136122,4.4,10.3,46.1,34.4
19637,793,53667,5.2,13.7,45.4,15.2
19638,1819,118939,9.6,13.8,33.9,17.1
19639,4033,79384,4.6,10.9,42.9,27.3
19640,3832,133443,4.1,13.4,20.5,29.5
19641,2759,78013,11.0,7.4,46.0,16.5
19642,1821,130010,11.7,23.8,25.9,28.7
19643,4151,34559,13.1,17.8,27.1,24.7
19644,2391,98850,14.0,8.9,36.2,28.1
19645,4299,107669,8.3,20.8,33.9,18.0
19646,2798,70374,14.8,10.3,24.3,36.0
19647,3474,124901,3.5,16.9,41.0,21.5
19648,1110,122757,13.4,23.3,37.3,20.3
19649,1141,122692,6.9,20.3,47.2,39.0
19650,1657,115697,14.1,7.4,49.0,20.7
19651,1307,129692,5.7,15.9,31.7,38.5
19652,1780,33735,11.9,19.2,31.5,21.4
19653,3721,96112,8.1,9.0,45.6,28.6
19654,3452,76352,7.6,7.0,23.6,33.7
19655,1778,76855,3.7,8.0,21.1,20.7
19656,3696,98742,11.5,24.3,20.5,30.9
19657,2845,116578,5.1,21.9,48.6,39.9
19658,3645,85719,8.6,22.2,33.2,34.7
19659,3093,114873,4.7,9.9,39.3,36.9
19660,880,148124,10.3,16.2,24.1,23.7
19661,1045,89278,5.8,14.8,21.2,34.5
19662,3528,142302,10.1,21.7,46.6,36.9
19663,3198,83242,14.4,13.4,42.2,16.9
19664,647,124782,14.1,15.8,42.7,27.6
19665,2307,100110,5.4,16.6,34.0,39.6
19666,3084,147931,4.2,12.4,38.8,32.8
19667,2690,68018,3.5,5.7,38.7,17.0
19668,2274,144606,12.9,14.9,49.7,34.0
19669,1897,125578,6.0,14.9,34.1,16.6
19670,1980,125465,6.4,5.8,31.8,22.1
19671,3156,44992,5.7,14.7,41.3,27.2
19672,2357,74755,13.1,15.2,40.6,21.5
19673,2297,29043,14.7,7.7,38.0,15.7
19674,130,65022,12.1,7.9,31.7,26.0
19675,711,54264,12.9,23.7,33.3,33.5
19676,4497,71329,10.4,8.8,27.4,23.1
19677,3110,79521,9.3,11.2,27.0,29.7
19678,3012,44876,11.7,11.0,45.9,22.5
19679,3902,121465,3.4,18.2,26.5,16.6
19680,2912,118110,3.7,17.8,45.4,38.8
19681,782,102320,11.2,23.3,25.4,27.9
19682,356,99732,7.0,13.1,36.3,39.3
19683,1039,97290,8.9,20.6,34.3,39.7
19684,2994,137163,12.4,12.5,42.9,33.2
19685,3285,118240,9.9,9.8,46.6,17.7
19686,876,77286,12.7,22.8,27.6,29.9
19687,2832,72441,8.0,14.7,33.6,37.7
19688,831,84155,6.4,12.8,25.4,34.7
19689,2142,119932,5.8,23.1,30.3,37.2
19690,1069,107734,4.6,23.8,27.4,15.9
19691,202,33723,3.4,14.0,49.0,34.7
19692,1183,124062,3.6,5.4,33.1,30.6
19693,4962,74157,6.3,5.6,28.1,39.5
19694,3170,132080,6.3,17.2,23.1,28.8
19695,3848,87058,7.6,22.0,30.5,25.0
19696,471,61444,10.1,22.5,47.0,33.8
19697,778,108454,12.1,23.0,41.3,22.0
19698,301,136388,5.4,21.2,24.2,38.2
19699,188,75636,12.1,22.4,20.4,25.3
19700,2096,119563,4.7,21.8,38.2,22.5
19701,4594,27266,14.9,21.8,48.8,33.3
19702,287,92950,6.4,11.5,28.5,37.8
19703,4847,136480,13.0,12.9,31.4,18.1
19704,1654,140248,5.3,11.3,44.6,22.3
19705,4782,111379,14.4,8.1,31.3,16.2
19706,329,149293,12.9,11.6,36.1,25.7
19707,3652,124622,7.3,23.1,21.0,17.2
19708,154,27552,8.1,24.4,40.4,34.7
19709,4466,87751,3.0,8.0,20.5,17.4
19710,4131,113240,6.0,18.2,31.1,32.3
19711,1223,128722,6.5,24.3,22.5,32.8
19712,3240,71363,8.4,9.1,21.5,23.5
19713,3470,44244,4.7,21.8,20.1,31.8
19714,1652,130024,8.7,10.9,20.6,23.1
19715,215,122073,11.0,13.2,37.7,20.5
19716,3713,58845,7.5,23.3,20.6,22.4
19717,4518,85210,5.8,6.2,22.2,35.6
19718,2710,149714,9.6,14.0,32.3,38.8
19719,459,112359,3.3,15.1,32.2,23.1
19720,127,27526,7.1,23.0,27.9,26.8
19721,3937,139205,9.3,16.5,39.9,22.9
19722,3633,57501,7.0,23.9,22.0,20.4
19723,1518,58489,7.1,11.4,28.6,17.5
19724,4139,132740,13.2,14.9,40.8,23.7
19725,3016,30801,14.2,5.5,23.2,29.5
19726,1394,47437,12.9,24.8,41.3,28.3
19727,3729,87806,4.2,9.7,20.5,17.9
19728,2175,122493,6.5,23.6,41.1,34.4
19729,4939,91881,11.5,13.0,43.6,30.6
19730,3777,25745,14.7,8.3,40.9,24.4
19731,3253,38326,5.9,13.4,42.8,36.0
19732,1878,33124,13.8,11.5,44.8,27.7
19733,4775,30599,11.9,24.0,34.1,20.2
19734,3994,124181,14.8,20.4,31.0,38.0
19735,2598,115245,4.1,9.1,39.9,26.8
19736,4628,62581,7.7,15.8,37.4,24.2
19737,473,148927,8.7,18.4,41.3,36.3
19738,2365,101152,11.1,16.6,44.5,33.3
19739,1231,32764,10.8,23.3,21.1,22.0
19740,1942,65077,13.9,7.3,37.9,20.4
19741,1673,35891,13.1,5.8,37.6,22.0
19742,4544,34654,3.7,17.2,42.4,23.1
19743,887,75499,8.8,19.9,47.0,23.1
19744,1645,54817,7.9,21.2,26.9,27.6
19745,4221,89811,15.0,9.2,46.9,30.1
19746,469,124668,8.1,8.8,42.6,21.4
19747,4474,90488,11.2,21.8,27.3,25.9
19748,1802,74116,6.4,11.8,39.8,32.0
19749,1757,40538,10.4,18.2,40.2,26.3
19750,2028,50807,5.5,8.0,29.8,29.2
19751,4155,39289,10.2,21.0,31.3,16.4
19752,706,94797,13.4,24.2,22.6,35.1
19753,2676,114128,3.2,24.4,35.8,25.1
19754,4224,118817,9.1,15.4,49.4,36.2
19755,422,94618,14.8,9.8,21.7,25.8
19756,1976,42963,4.9,7.8,38.3,29.8
19757,683,120306,5.2,9.9,20.6,18.1
19758,2909,112519,8.6,17.4,21.3,27.7
19759,755,93955,13.5,13.7,37.5,23.0
19760,4981,121527,9.8,14.5,41.0,21.4
19761,322,43401,9.1,14.5,38.3,37.8
19762,2222,110937,4.0,20.9,35.1,24.6
19763,2320,28037,14.5,21.6,43.1,35.7
19764,3650,39501,7.2,5.3,25.1,35.6
19765,2542,42145,6.0,23.4,47.8,34.2
19766,4085,136701,7.9,12.8,41.4,32.1
19767,266,69932,8.0,9.8,43.3,24.0
19768,2116,72948,8.5,24.9,21.4,26.8
19769,217,103374,11.3,7.5,37.2,39.3
19770,1909,107518,13.4,11.4,35.2,20.3
19771,2306,84546,3.7,23.1,45.5,31.4
19772,1350,94279,8.9,14.5,43.8,33.7
19773,4106,88039,8.0,23.5,29.8,19.1
19774,3209,56966,3.1,9.8,24.3,27.4
19775,4658,66376,12.8,13.1,28.1,18.5
19776,1771,134929,4.3,6.0,46.9,28.2
19777,2251,143105,4.4,14.1,31.5,29.4
19778,2397,138809,3.6,5.0,47.9,19.1
19779,1136,137331,5.4,11.3,31.6,27.5
19780,2714,31210,5.1,19.3,49.7,16.9
19781,1979,142252,7.2,19.5,28.7,37.7
19782,696,147829,10.9,13.6,32.6,39.9
19783,720,124386,3.7,5.3,29.5,39.3
19784,170,91123,13.3,7.6,49.7,29.3
19785,1903,54443,6.9,9.8,32.8,38.3
19786,4633,101535,10.3,5.3,44.3,29.2
19787,1167,81335,3.1,9.3,24.7,38.2
19788,2025,61426,7.4,15.5,22.9,25.6
19789,1137,90379,3.0,7.5,46.9,39.5
19790,3542,40845,5.0,22.3,31.9,39.2
19791,3283,88352,8.4,6.2,41.5,38.3
19792,1502,100951,9.4,20.5,32.7,28.2
19793,2461,70377,4.8,13.9,44.4,33.8
19794,1538,46964,11.9,17.3,38.4,18.8
19795,3911,35375,5.3,14.7,41.7,35.8
19796,584,72531,4.4,13.6,42.9,30.5
19797,4364,106684,7.0,18.6,25.2,24.8
19798,4998,30913,9.6,9.5,30.6,39.5
19799,345,133517,14.9,14.7,29.5,18.9
19800,3471,111946,8.0,21.1,38.5,36.7
19801,1450,146742,8.1,8.1,21.5,21.3
19802,629,54351,3.7,6.9,24.8,35.2
19803,3914,68329,12.2,17.1,20.1,40.0
19804,1888,116471,5.2,24.3,31.7,26.5
19805,1802,74932,11.9,13.6,33.2,36.1
19806,3725,83880,13.9,21.3,25.4,39.4
19807,3420,57938,12.2,14.4,25.1,37.1
19808,859,128323,10.7,9.7,32.8,25.0
19809,1503,45608,10.2,14.7,27.5,33.4
19810,897,76879,8.4,13.8,22.2,39.9
19811,631,137033,4.7,10.0,47.7,15.4
19812,2017,86836,12.3,12.1,46.0,26.0
19813,4237,92644,8.7,12.8,21.6,23.6
19814,3516,106012,10.5,22.2,26.2,30.6
19815,698,88297,7.5,11.1,41.2,39.2
19816,405,100386,5.4,23.5,22.0,19.9
19817,3009,34987,12.7,5.3,47.6,35.6
19818,778,64384,7.1,7.6,20.4,27.8
19819,3484,126089,13.4,5.5,36.1,24.5
19820,830,123700,14.6,20.4,32.0,35.5
19821,2125,115915,13.0,7.5,34.3,36.1
19822,4328,131335,4.5,16.5,41.7,32.9
19823,2866,44388,13.3,20.6,20.8,16.6
19824,2198,36961,9.2,14.8,38.7,36.8
19825,491,131068,5.9,7.0,45.1,35.9
19826,2843,99382,4.1,21.7,41.1,21.9
19827,3884,98180,6.3,9.1,31.0,30.0
19828,3937,89089,4.6,6.9,25.5,37.7
19829,4703,67836,3.3,20.4,41.4,22.1
19830,1785,49843,14.9,5.6,30.9,25.4
19831,3014,137715,13.0,17.4,44.0,17.0
19832,1518,26092,11.9,13.4,20.8,24.5
19833,4291,67428,5.3,13.7,20.3,25.1
19834,4301,100049,3.3,21.1,34.8,36.0
19835,4190,141185,8.8,5.9,23.5,15.3
19836,3826,65095,11.9,19.8,44.8,27.8
19837,4873,62761,14.6,19.1,22.5,22.5
19838,3729,28079,13.1,22.8,48.4,30.4
19839,3413,149634,13.7,16.5,28.5,16.6
19840,4985,67468,5.9,8.2,46.3,25.8
19841,4710,132317,4.9,5.9,28.3,34.9
19842,1184,37167,6.0,13.8,32.3,20.1
19843,1107,27135,4.7,19.4,26.3,29.7
19844,1417,140852,12.6,5.8,21.5,25.5
19845,2449,120772,13.8,10.0,37.9,26.5
19846,2793,142260,6.7,20.4,44.2,24.4
19847,2378,46305,13.5,9.6,41.9,22.2
19848,3822,144358,3.7,12.6,49.1,18.3
19849,3793,71422,11.1,19.9,47.2,21.9
19850,4492,91222,9.3,13.6,24.2,39.8
19851,4650,34166,6.3,20.4,38.8,38.7
19852,4435,132001,12.2,10.4,34.2,16.1
19853,3347,141458,5.5,24.2,25.6,18.2
19854,3234,139262,8.0,6.9,42.6,36.1
19855,2698,106993,11.5,20.0,34.5,19.4
19856,2285,79053,7.1,6.5,41.0,24.9
19857,4152,41964,13.3,21.9,21.8,17.2
19858,4649,52716,13.4,7.7,23.4,16.8
19859,3924,115334,5.4,16.7,33.3,30.4
19860,3620,37199,8.3,11.7,20.6,35.5
19861,1349,42280,8.2,17.1,25.7,19.2
19862,2174,27433,7.9,6.0,45.1,29.4
19863,2604,61720,9.0,22.6,34.1,32.8
19864,4890,97988,3.9,19.3,41.5,39.3
19865,4905,27169,13.4,11.9,24.9,40.0
19866,2114,71854,6.5,14.4,31.5,23.5
19867,1048,148612,3.0,17.5,44.6,21.3
19868,206,141152,11.2,17.4,21.3,30.5
19869,2591,58590,10.8,17.8,29.5,19.4
19870,4792,148336,14.8,8.1,35.3,23.1
19871,254,51787,11.6,20.9,38.7,29.5
19872,3340,102062,7.0,14.2,24.4,16.1
19873,895,27139,14.4,21.0,47.8,26.1
19874,4467,53425,7.4,23.6,42.1,22.6
19875,1670,133879,12.9,7.1,21.9,17.3
19876,1734,144369,7.0,12.1,33.4,17.8
19877,2038,138574,3.6,15.6,46.7,23.6
19878,1632,66273,11.8,7.7,47.0,18.1
19879,3128,93185,7.2,10.2,46.4,31.8
19880,4317,133385,7.1,6.0,23.6,18.3
19881,1540,79241,11.6,18.6,35.0,20.6
19882,1498,143567,6.9,14.9,33.6,25.1
19883,3746,64821,4.4,5.6,32.6,35.2
19884,3497,26489,7.9,11.1,31.4,28.7
19885,4345,124968,12.9,13.2,45.8,31.7
19886,4902,139064,4.6,11.9,43.8,24.7
19887,3142,68568,9.7,5.4,25.6,23.4
19888,1715,90109,4.6,10.8,43.5,33.1
19889,1613,60300,3.6,6.6,40.4,24.5
19890,2698,42039,7.5,5.1,21.4,30.9
19891,944,94254,10.9,12.1,23.1,29.6
19892,3519,110902,6.3,12.7,48.5,39.5
19893,3630,76826,8.3,23.3,35.9,21.5
19894,2427,97980,8.9,7.6,49.9,15.5
19895,3140,96745,13.1,19.0,49.0,28.1
19896,2076,98402,12.8,10.3,43.1,21.2
19897,1935,61783,3.0,15.0,29.7,39.2
19898,4999,47360,8.0,13.6,25.8,33.0
19899,454,74352,10.9,14.7,20.3,21.9
19900,1705,31611,13.2,20.3,24.7,29.9
19901,4573,54105,3.6,5.4,46.4,18.8
19902,3295,98865,10.5,11.6,41.4,36.7
19903,2227,69023,13.1,11.8,45.4,23.3
19904,1087,124379,6.1,6.9,45.2,38.1
19905,4428,141436,5.5,5.2,49.2,24.6
19906,253,59243,8.6,19.4,41.0,15.9
19907,1006,54853,14.6,22.7,36.8,23.1
19908,3863,130249,11.3,11.2,37.7,34.3
19909,1720,128261,8.1,18.1,40.5,30.5
19910,3728,69373,3.3,24.9,33.7,34.8
19911,3674,110824,9.7,8.3,40.5,31.8
19912,4518,104163,7.2,10.5,37.8,30.6
19913,431,53807,5.2,21.4,24.8,21.4
19914,4438,134642,9.0,5.1,23.4,30.6
19915,529,25448,7.1,16.9,26.6,38.4
19916,2523,25068,3.5,14.6,43.3,33.6
19917,180,114016,11.7,19.4,27.7,18.8
19918,1673,29908,11.8,15.6,45.8,26.7
19919,519,118744,10.4,15.3,28.6,35.4
19920,566,32369,13.1,19.2,38.6,17.2
19921,3493,136606,5.4,16.0,46.0,17.8
19922,1665,147429,6.4,24.7,45.4,17.5
19923,1618,140878,8.5,19.0,45.1,22.6
19924,4130,59508,3.7,21.1,44.7,27.6
19925,2135,118844,13.6,13.5,40.6,30.2
19926,903,51595,8.9,24.2,41.6,23.5
19927,1177,142880,6.9,14.0,48.6,18.9
19928,1732,61660,8.7,11.9,43.4,22.1
19929,2084,104788,6.9,23.8,24.3,18.6
19930,103,147976,6.4,12.5,27.0,31.1
19931,702,70432,8.4,12.3,30.1,28.7
19932,2467,83858,8.8,16.1,22.6,19.0
19933,3775,129347,8.2,22.0,46.5,27.1
19934,600,75228,9.6,11.6,32.6,29.3
19935,284,74160,12.4,21.6,32.9,21.8
19936,3609,118164,3.7,8.3,32.2,19.5
19937,3351,56050,12.7,8.5,34.2,36.1
19938,3247,123554,5.7,14.0,25.9,22.7
19939,3040,148239,6.0,10.3,41.9,25.4
19940,1395,125700,10.2,14.7,46.4,39.9
19941,154,123427,14.7,5.2,41.6,26.1
19942,1824,37921,3.2,10.5,28.2,24.5
19943,3010,86638,11.1,24.0,20.9,23.3
19944,1970,99556,11.4,22.6,24.2,20.6
19945,4272,116546,9.9,5.6,40.3,31.0
19946,2443,73507,3.1,21.1,42.8,33.5
19947,3390,54589,10.3,13.9,34.7,20.0
19948,3448,130976,4.4,21.3,20.8,29.2
19949,1701,136710,3.9,10.6,34.6,33.2
19950,2893,59845,11.4,16.0,46.6,29.5
19951,3437,148995,11.4,24.7,23.7,38.6
19952,2190,107515,13.7,11.5,47.2,29.2
19953,1351,126390,3.0,22.7,48.5,18.0
19954,270,52278,7.5,22.5,39.9,39.2
19955,2909,48348,3.1,8.1,21.9,33.5
19956,2454,125048,7.4,9.9,30.1,34.6
19957,1873,57790,8.9,7.6,45.9,28.5
19958,3854,82669,9.4,10.8,41.6,22.8
19959,4091,29972,7.3,15.5,34.7,39.4
19960,2181,41015,11.7,23.6,24.8,34.7
19961,926,115074,8.0,12.9,34.5,18.6
19962,1765,122366,9.2,24.8,22.8,24.0
19963,229,89704,12.6,13.0,38.5,37.5
19964,1517,105556,5.1,16.8,43.4,29.9
19965,3887,90798,6.9,24.3,38.8,18.0
19966,1507,69460,9.3,17.0,20.4,17.9
19967,693,40142,12.2,12.7,40.1,18.2
19968,1137,87823,8.1,15.5,34.6,15.9
19969,2228,59353,3.9,15.9,32.9,28.5
19970,3378,74584,14.9,7.1,28.5,32.0
19971,4399,66519,11.5,13.1,23.5,26.2
19972,122,84899,11.7,15.5,36.8,27.3
19973,1733,37336,8.6,20.6,45.0,17.0
19974,4101,113231,9.6,5.1,49.6,23.5
19975,4299,84046,14.9,21.3,39.0,31.9
19976,1505,43872,10.1,10.4,29.3,25.2
19977,1578,70649,5.6,19.3,32.4,20.7
19978,1294,79846,14.6,20.4,41.7,27.2
19979,675,70283,9.5,22.2,34.3,18.5
19980,1706,112991,3.2,24.0,35.7,25.3
19981,4469,41597,9.9,23.0,24.2,29.6
19982,551,100393,3.8,17.7,36.1,19.8
19983,224,81175,9.3,19.5,49.2,36.9
19984,3554,73281,12.9,19.0,30.1,24.2
19985,2464,131225,9.5,15.4,25.0,16.4
19986,1966,94014,7.5,20.4,34.2,17.4
19987,1783,106784,13.6,14.1,35.6,34.4
19988,1006,60565,14.1,21.4,49.9,39.7
19989,3634,83385,7.2,19.9,26.4,16.4
19990,529,136058,9.0,14.8,36.3,21.1
19991,2851,60159,14.8,15.3,31.2,34.5
19992,3925,46749,5.1,17.8,42.4,20.4
19993,461,132579,6.6,11.7,46.1,35.2
19994,4991,129065,8.1,16.1,42.8,32.7
19995,531,103685,4.2,23.0,25.7,26.6
19996,2822,32216,6.3,11.2,39.5,17.3
19997,3161,52301,9.5,18.8,27.0,21.8
19998,3323,125254,5.7,5.8,49.5,22.7
19999,1730,80975,11.2,7.6,36.8,39.3
20000,4771,71332,7.2,22.7,32.9,38.2
20001,369,25847,4.1,23.1,39.4,16.0
20002,1223,46886,12.2,16.4,38.0,35.8
20003,3276,147164,9.8,16.9,47.5,27.8
20004,3492,29671,12.9,13.2,35.4,28.4
20005,4633,66504,7.3,16.9,42.7,31.6
20006,1142,29153,3.2,22.5,49.5,38.2
20007,1741,76263,3.6,8.1,39.0,37.5
20008,2541,87338,12.5,15.0,24.1,31.8
20009,3397,141860,7.9,22.5,49.9,30.5
20010,1483,84452,14.7,6.4,39.3,19.5
20011,4096,99107,13.0,9.0,49.7,16.3
20012,114,71033,3.2,15.3,35.7,35.5
20013,1774,55456,13.4,17.3,21.5,22.4
20014,3717,34353,5.6,19.1,47.8,29.7
20015,1580,90601,8.8,8.7,46.6,36.1
20016,1845,79450,9.1,17.0,34.6,37.1
20017,3146,39301,3.7,11.9,30.4,31.3
20018,4310,107717,4.5,11.3,24.4,18.4
20019,1075,35008,8.1,6.3,47.9,29.9
20020,1785,30290,10.7,7.5,35.7,25.2
20021,2183,56474,6.2,21.0,43.5,16.4
20022,2389,91167,9.3,14.1,38.5,39.7
20023,1786,83711,7.5,20.0,23.5,22.7
20024,4258,53351,10.6,21.4,21.4,28.2
20025,608,61026,8.1,20.9,31.3,35.4
20026,287,130405,13.2,24.6,20.2,27.6
20027,2882,82570,14.8,10.2,26.3,21.0
20028,4288,130737,14.0,6.5,47.5,19.5
20029,4200,98919,5.0,15.5,37.4,38.0
20030,3609,60567,8.5,24.3,40.8,25.6
20031,3617,112645,8.5,9.0,43.4,22.0
20032,2172,26149,13.1,15.9,48.4,27.7
20033,197,44387,7.3,13.2,24.6,20.6
20034,1391,61313,9.6,17.5,37.3,22.3
20035,3564,135935,10.3,13.7,31.7,33.9
20036,1887,25019,4.3,24.8,31.5,34.7
20037,783,53276,9.7,20.6,40.4,22.9
20038,1232,84750,6.0,20.5,26.1,16.5
20039,4222,131928,5.5,12.3,39.0,24.4
20040,3304,91535,6.0,20.3,30.9,31.9
20041,3223,142346,4.2,15.4,23.6,37.7
20042,3936,93070,3.8,22.1,45.4,33.5
20043,4976,119074,10.8,20.6,24.3,19.3
20044,1714,29425,14.3,18.4,35.2,27.4
20045,1141,108610,11.3,9.8,28.3,22.9
20046,2965,130778,6.7,16.5,48.6,32.7
20047,954,96864,7.0,22.9,38.4,39.3
20048,2126,99062,9.5,17.5,39.1,18.6
20049,2087,93089,13.4,21.6,36.3,22.6
20050,2650,109430,5.4,15.7,46.9,29.3
20051,339,129356,8.6,21.9,29.1,19.9
20052,589,64906,9.0,16.7,37.0,24.9
20053,3951,35242,14.2,22.0,26.7,35.4
20054,1136,134212,9.4,14.5,25.9,23.6
20055,1438,39275,12.4,18.3,34.4,19.4
20056,4880,84566,4.1,6.1,28.2,23.4
20057,3369,141559,6.9,13.8,42.5,33.7
20058,2654,141292,10.3,7.8,21.3,22.3
20059,3600,100284,11.1,9.6,23.5,30.4
20060,3962,64911,13.6,15.8,38.6,35.3
20061,1867,68305,10.1,15.8,22.3,19.3
20062,4808,35357,6.5,21.0,29.5,35.9
20063,261,50364,9.5,14.5,38.8,25.5
20064,755,74793,11.5,23.9,26.5,32.9
20065,3106,139372,12.4,11.7,43.3,37.2
20066,4816,81454,14.3,14.2,48.8,38.3
20067,3606,97906,5.3,20.4,48.1,24.1
20068,1356,110026,10.9,18.1,22.6,39.7
20069,2258,121285,5.4,8.3,41.6,28.7
20070,2051,149331,6.8,15.4,42.7,34.3
20071,849,142677,4.7,6.5,25.3,25.3
20072,808,46302,12.3,8.0,22.8,23.2
20073,1721,35496,14.0,7.1,23.1,31.9
20074,4236,73508,3.4,6.9,34.9,19.2
20075,4755,68189,12.8,7.9,46.2,37.7
20076,565,29303,5.9,22.8,30.0,37.4
20077,4095,66838,8.8,18.8,25.0,39.1
20078,1200,135208,12.0,18.5,38.1,24.5
20079,1813,65510,9.1,22.9,31.3,20.8
20080,4685,73566,5.8,19.0,49.5,23.9
20081,216,76541,13.9,17.2,35.8,28.7
20082,2581,59380,10.1,19.9,20.5,16.0
20083,295,86817,14.2,19.0,42.9,27.7
20084,4814,119618,13.2,17.0,48.1,15.6
20085,1574,135974,13.5,7.2,42.5,35.0
20086,2572,114552,7.3,6.4,28.4,26.3
20087,4229,28464,14.8,8.3,46.0,21.3
20088,3154,48364,13.2,17.4,37.6,16.3
20089,1374,115682,7.1,15.4,35.5,29.9
20090,3809,34366,13.8,15.9,25.7,27.1
20091,438,79891,12.1,12.7,32.8,36.0
20092,3611,46610,11.7,21.5,40.8,38.0
20093,4375,79410,3.1,19.8,44.8,27.9
20094,4817,74431,3.3,6.0,46.5,22.4
20095,3399,31215,11.3,9.0,36.5,19.6
20096,1756,125974,6.3,15.9,46.2,16.4
20097,742,52128,3.7,8.8,48.8,25.9
20098,1780,112777,6.4,7.8,41.1,27.4
20099,1450,40285,13.1,5.2,46.0,20.3
20100,718,141841,8.6,24.7,48.5,16.8
20101,1269,32668,10.4,9.6,30.6,33.5
20102,351,64070,12.6,13.4,44.6,28.7
20103,401,63037,6.9,17.5,38.4,37.0
20104,3241,111029,3.1,9.9,43.2,34.7
20105,1666,59820,6.9,21.3,23.4,17.3
20106,3264,93602,14.5,16.9,47.3,31.0
20107,4057,36902,8.8,18.7,41.6,37.6
20108,2310,89849,9.8,8.1,27.5,31.6
20109,3252,88698,12.1,19.5,40.4,29.4
20110,3759,88814,4.4,6.1,39.8,37.5
20111,711,99585,11.8,11.4,36.6,29.4
20112,2043,36992,6.6,13.6,25.3,38.5
20113,173,103289,7.7,6.9,35.6,33.4
20114,2973,114166,6.2,16.2,39.1,19.5
20115,4737,65540,4.8,11.8,36.5,16.8
20116,256,104597,7.3,7.7,30.0,36.3
20117,3658,87185,4.1,10.7,41.1,30.7
20118,355,39512,13.1,16.6,39.2,33.5
20119,3210,63654,6.7,9.5,27.0,16.1
20120,1151,51432,10.8,14.4,31.4,16.6
20121,2517,37419,6.6,18.8,34.2,37.2
20122,2356,66736,5.5,17.2,45.5,20.3
20123,2734,106187,11.6,20.3,23.1,34.7
20124,2996,53338,10.5,18.8,32.1,16.5
20125,1991,48929,5.6,14.7,22.8,32.0
20126,3783,84807,10.3,15.4,40.3,36.9
20127,4511,103167,3.1,10.3,32.2,30.3
20128,3564,77600,5.1,23.6,28.8,39.3
20129,2591,121740,11.7,23.0,45.3,24.4
20130,3839,65081,7.9,21.3,49.8,15.7
20131,1875,147510,5.4,8.0,41.8,33.4
20132,4036,124859,9.1,20.4,20.3,27.8
20133,2070,112609,8.6,23.6,49.2,32.0
20134,3819,77519,10.6,23.2,24.2,38.6
20135,4053,74729,3.9,23.1,28.9,21.3
20136,2592,119552,12.8,18.5,32.5,20.2
20137,4765,63284,3.7,10.0,24.3,25.3
20138,748,76674,8.4,16.7,32.8,29.6
20139,1740,86964,11.5,10.7,47.0,36.6
20140,4534,63461,7.1,21.0,27.9,29.6
20141,628,104771,13.9,8.4,28.0,35.4
20142,2201,90581,12.1,9.3,37.7,29.9
20143,518,35126,8.1,10.3,40.1,34.4
20144,2452,63492,5.2,16.9,37.8,35.3
20145,3609,124284,3.5,16.8,22.3,39.9
20146,184,46931,12.6,16.0,46.4,32.1
20147,2399,93830,5.3,7.9,42.0,17.1
20148,1851,84414,6.2,14.3,37.2,35.7
20149,4321,145676,3.1,23.6,33.4,31.0
20150,2757,141802,3.2,23.8,49.2,20.8
20151,4075,82969,5.8,14.6,45.1,27.8
20152,2451,44938,13.5,10.2,27.8,36.0
20153,3199,121461,12.4,24.9,38.8,19.8
20154,1389,85993,12.2,9.4,27.0,31.1
20155,3223,32729,12.9,21.8,37.1,39.1
20156,2802,135220,5.2,10.9,42.0,29.2
20157,743,139945,14.7,23.2,34.0,39.6
20158,3005,127347,5.8,7.4,29.0,36.7
20159,4167,100738,4.8,11.3,30.2,24.7
20160,4163,134089,6.5,17.9,45.8,18.3
20161,4769,31951,9.4,6.9,22.1,34.2
20162,3022,107172,4.5,12.8,47.4,34.0
20163,2121,47084,11.9,12.9,27.8,35.3
20164,3724,132708,7.5,15.2,38.5,15.9
20165,2970,31296,9.8,5.1,35.1,39.3
20166,3218,39026,11.8,18.0,29.4,21.4
20167,236,141812,13.8,13.2,47.0,28.6
20168,4325,80998,12.8,9.8,44.8,18.9
20169,1318,148604,9.4,9.1,36.6,20.4
20170,1117,144351,14.9,20.5,32.2,18.7
20171,3800,80026,9.4,10.7,40.3,38.1
20172,4627,83521,9.4,18.5,23.6,24.9
20173,3240,109122,4.9,5.2,48.4,25.3
20174,3629,44225,4.8,24.4,46.7,36.0
20175,2687,58038,5.0,6.6,35.3,19.6
20176,2482,82905,10.1,13.1,45.0,38.2
20177,2705,120740,8.0,18.4,47.6,15.9
20178,3187,145197,7.6,17.5,23.9,37.8
20179,3627,110059,4.5,22.9,27.9,26.8
20180,2657,35371,7.6,24.4,26.3,21.4
20181,308,141381,7.5,19.4,39.9,39.9
20182,3910,132340,10.4,17.8,49.5,24.1
20183,4253,118865,7.7,7.0,21.0,31.5
20184,2107,118965,8.0,13.8,49.9,25.1
20185,2963,70275,6.3,8.7,23.5,35.9
20186,3476,94159,4.6,12.6,38.7,36.1
20187,1468,111914,6.6,7.8,40.4,21.5
20188,3900,146768,3.5,20.7,21.1,23.7
20189,1137,89476,5.4,15.3,30.0,31.3
20190,4572,88776,6.9,7.2,34.0,35.8
20191,2390,34294,4.7,15.4,47.2,34.7
20192,1092,25750,11.0,11.6,41.1,27.1
20193,3038,49123,6.4,15.0,38.8,39.6
20194,4610,133863,10.4,10.1,23.9,18.4
20195,493,144101,10.7,20.1,28.7,32.2
20196,3786,88974,8.4,5.2,33.2,26.1
20197,4924,98550,8.4,7.8,29.1,15.2
20198,457,67732,10.0,16.4,33.1,26.7
20199,4104,119795,6.1,18.0,47.6,39.0
20200,1281,137433,3.3,5.8,38.2,32.9
20201,2165,76238,10.7,18.3,35.6,17.0
20202,4002,69230,10.3,9.0,36.1,27.1
20203,3518,73046,8.7,8.0,43.2,31.7
20204,3229,37392,13.5,5.4,49.3,35.6
20205,254,79853,9.1,14.8,49.5,15.1
20206,3658,143553,6.6,20.0,39.8,25.8
20207,1654,66466,11.6,16.9,31.0,21.6
20208,586,123632,14.5,22.3,37.7,32.2
20209,1482,149594,11.8,15.7,22.0,17.7
20210,2515,87423,13.9,5.2,24.9,32.0
20211,1170,105179,4.4,22.1,46.7,19.2
20212,2354,82565,4.5,23.4,42.4,27.1
20213,1606,134199,4.9,22.5,27.3,17.4
20214,1975,110807,11.4,8.8,32.4,35.9
20215,2290,40386,7.7,24.8,21.9,33.7
20216,1170,146504,8.7,24.2,45.9,22.5
20217,290,53822,6.1,22.1,29.0,19.7
20218,239,129620,11.8,16.6,36.4,34.4
20219,4810,101498,13.1,9.0,49.6,20.5
20220,4110,37131,4.9,8.9,25.4,23.4
20221,3511,83322,5.3,15.4,46.5,20.2
20222,3072,60861,7.1,22.9,27.8,22.2
20223,1614,97489,6.4,12.7,23.4,26.7
20224,3220,118036,9.4,14.9,20.7,35.4
20225,4070,104392,12.0,13.4,45.2,34.0
20226,4819,107540,12.5,19.8,20.1,19.0
20227,3624,77617,5.5,7.0,48.6,27.5
20228,1445,63958,5.1,19.4,25.5,15.1
20229,4282,100359,7.4,20.7,44.4,16.6
20230,2017,144932,4.8,19.3,45.8,30.6
20231,4477,134902,4.1,18.5,22.5,27.9
20232,4010,79566,5.9,12.8,31.5,38.4
20233,552,122145,7.7,14.7,28.3,35.0
20234,4242,67797,10.1,9.2,20.5,20.6
20235,1711,95471,11.7,18.8,32.7,29.4
20236,3267,121050,5.7,9.2,34.6,39.4
20237,2178,100288,12.8,16.2,40.4,29.2
20238,2681,106806,3.4,19.9,27.3,22.7
20239,2164,64481,8.3,8.7,45.4,28.9
20240,1358,47458,10.6,10.4,34.4,16.6
20241,4587,48065,6.5,13.8,40.1,17.3
20242,453,145104,11.2,17.9,34.0,34.7
20243,4500,131539,13.4,11.5,22.4,36.2
20244,3736,136188,4.1,8.6,50.0,19.7
20245,1663,119229,9.2,8.1,43.4,16.9
20246,811,106773,3.2,10.3,49.4,24.1
20247,3602,53897,6.4,13.1,44.7,32.8
20248,2832,86988,4.6,6.9,33.7,37.7
20249,4981,45853,10.5,24.0,40.7,22.5
20250,956,146444,6.0,25.0,45.1,27.2
20251,4372,58795,6.4,22.4,39.3,19.5
20252,1529,149865,5.5,21.5,39.5,20.1
20253,2592,84070,5.9,13.6,26.0,20.4
20254,3298,99560,5.7,11.7,23.3,26.5
20255,3520,102121,11.4,13.7,42.0,23.2
20256,2168,104628,14.5,5.4,37.0,16.7
20257,4906,84930,8.9,8.2,42.0,17.6
20258,3591,70427,10.2,15.9,37.5,30.9
20259,251,32800,12.8,23.5,20.4,30.7
20260,3331,42772,8.7,23.5,49.2,34.5
20261,3006,75064,6.6,19.3,23.7,32.0
20262,3651,148972,14.4,14.7,41.3,34.2
20263,1566,81791,13.9,10.4,38.4,39.1
20264,4291,98208,5.6,13.3,27.4,20.0
20265,3523,63200,11.4,24.7,44.8,33.7
20266,4157,144879,10.8,22.1,27.9,38.7
20267,3025,67229,10.8,14.7,22.1,15.9
20268,3765,74909,13.0,22.1,40.8,23.2
20269,4835,116900,11.1,20.0,29.8,39.0
20270,3530,98579,9.2,13.1,24.9,40.0
20271,1256,95728,13.2,14.9,25.3,22.6
20272,4307,109753,6.2,14.3,20.5,36.3
20273,3508,130999,11.2,5.3,29.1,16.3
20274,1261,126365,11.4,11.4,28.3,26.2
20275,1359,76239,13.4,5.8,34.5,23.6
20276,4190,142798,15.0,22.7,34.4,29.8
20277,2941,89567,9.7,16.7,40.4,36.7
20278,3302,130332,8.8,13.1,35.4,17.8
20279,3081,117904,10.2,7.0,44.4,32.5
20280,3654,70621,10.9,5.8,46.2,32.2
20281,3572,110163,11.6,10.1,36.6,34.3
20282,1324,70357,6.4,12.9,45.4,28.1
20283,4487,74055,8.8,17.0,49.7,20.9
20284,2489,98193,7.5,12.0,39.9,15.9
20285,1114,147287,3.5,14.6,25.7,39.3
20286,4780,59492,10.3,18.6,36.0,16.3
20287,2126,89449,13.5,5.9,21.8,29.5
20288,3813,34125,14.1,15.5,43.4,22.4
20289,1592,58322,9.2,10.7,21.3,33.0
20290,4222,49579,12.2,20.6,34.5,16.1
20291,1800,59052,11.5,11.5,47.9,33.1
20292,554,37260,5.7,8.4,45.5,21.7
20293,1017,111896,3.8,20.8,21.5,29.7
20294,113,106465,12.0,20.4,31.5,24.4
20295,4474,135116,6.4,14.3,29.8,20.0
20296,589,54081,9.6,8.7,22.1,23.3
20297,1084,137362,9.3,14.5,23.3,31.7
20298,1060,121520,12.8,13.8,36.9,15.3
20299,1882,31158,10.7,7.9,29.8,27.7
20300,1969,49663,13.2,12.3,21.3,19.4
20301,3404,80255,12.0,21.3,45.5,29.7
20302,2744,37386,15.0,15.1,36.4,35.4
20303,4445,46487,13.4,7.6,41.1,28.0
20304,4935,116752,5.5,22.7,40.9,25.2
20305,3768,25216,14.5,19.9,22.4,29.9
20306,4501,129857,7.1,15.9,20.1,21.1
20307,1925,66150,10.3,10.3,45.3,15.0
20308,3407,54910,14.3,6.9,49.1,33.2
20309,3462,141421,5.6,19.8,36.8,35.6
20310,3210,128016,13.3,17.5,35.5,32.4
20311,2865,97730,14.4,21.4,23.6,38.5
20312,4378,58973,13.2,18.8,36.8,17.3
20313,3870,60410,12.8,8.1,20.6,17.1
20314,2792,134726,6.2,14.0,43.7,26.4
20315,129,47757,7.9,11.2,35.6,30.9
20316,866,85650,12.1,22.3,41.5,28.5
20317,714,52423,4.4,10.5,34.3,24.0
20318,1104,103353,13.7,14.9,42.2,24.0
20319,2221,126659,5.5,16.0,36.5,25.8
20320,3226,53742,9.8,17.5,36.0,15.8
20321,3109,139167,4.3,17.7,31.1,30.4
20322,3919,136830,5.2,17.9,28.6,21.5
20323,123,125468,10.0,12.1,43.0,21.6
20324,4159,57867,10.6,15.1,41.3,35.6
20325,3193,41983,6.2,6.2,47.0,30.8
20326,3010,50435,4.4,15.5,43.6,28.8
20327,2070,47168,9.6,17.4,22.2,24.3
20328,1638,96974,13.1,19.9,48.6,26.6
20329,3241,138840,5.4,7.9,42.5,35.4
20330,4867,138795,11.3,17.4,30.4,24.4
20331,4069,120212,7.6,11.5,39.4,22.5
20332,3024,69851,14.3,13.1,42.9,24.4
20333,670,52257,4.0,14.5,24.1,23.3
20334,4959,129146,3.5,7.6,49.0,31.7
20335,1342,106475,4.5,9.8,39.5,39.3
20336,812,149984,12.4,6.3,20.6,15.8
20337,4962,48564,14.1,24.5,36.6,31.0
20338,1393,68200,12.9,8.8,25.8,26.7
20339,2966,65510,11.6,17.7,27.5,38.9
20340,1774,148873,3.7,7.3,22.1,24.2
20341,3763,61678,5.6,18.9,32.5,16.5
20342,1459,36773,14.2,22.5,27.9,25.8
20343,735,132672,10.5,14.5,45.1,19.0
20344,1309,38334,8.6,18.7,45.8,20.5
20345,2712,53701,10.8,18.2,20.8,37.2
20346,1397,102168,5.1,18.1,43.2,27.9
20347,457,112740,13.7,7.1,21.2,37.7
20348,340,137949,10.9,21.3,33.4,24.3
20349,2704,104468,8.7,16.7,23.1,32.8
20350,4164,73528,8.5,9.5,36.8,34.8
20351,1926,26376,12.9,13.8,48.7,15.9
20352,3658,115683,6.7,19.5,26.9,38.0
20353,3960,102889,4.6,17.8,45.2,16.0
20354,4351,84557,5.2,8.1,43.5,15.4
20355,4547,149395,4.0,17.0,42.8,34.6
20356,4239,36916,9.1,15.2,28.0,22.0
20357,237,111579,11.1,18.1,38.6,26.4
20358,3834,131675,14.2,20.7,22.6,21.7
20359,2067,121799,12.0,11.6,34.5,33.6
20360,4949,91261,10.0,13.2,47.6,25.2
20361,242,87216,13.4,16.9,35.4,29.4
20362,3733,75192,13.7,20.6,21.0,33.4
20363,2659,96805,11.5,17.3,40.9,24.7
20364,4257,74233,3.7,5.3,46.2,16.9
20365,2119,85455,6.5,24.8,25.9,37.0
20366,2949,79887,7.0,5.6,24.7,25.7
20367,1292,122498,15.0,22.4,20.8,28.1
20368,2413,68978,8.6,23.1,42.9,39.3
20369,2455,108125,12.1,9.3,47.4,22.0
20370,2606,119079,12.8,20.5,34.7,18.5
20371,433,72541,10.8,14.5,28.3,31.4
20372,2662,57411,3.2,13.4,47.8,22.5
20373,2820,136559,3.2,7.9,26.0,36.3
20374,2538,120921,12.8,14.2,32.7,36.8
20375,1895,31673,11.9,17.8,47.1,17.5
20376,353,47156,9.4,15.0,49.6,39.6
20377,3757,54856,6.0,9.5,27.9,34.0
20378,1523,104758,4.0,14.7,48.5,16.5
20379,3337,63910,5.0,22.5,34.4,39.7
20380,3431,60749,10.0,21.4,39.1,16.2
20381,1127,85125,9.5,8.8,42.8,18.6
20382,2266,53421,14.3,14.8,31.1,21.4
20383,4094,70612,14.5,17.1,45.0,30.8
20384,569,112226,9.9,15.6,47.7,37.6
20385,1193,122633,13.1,18.2,42.9,21.0
20386,4889,126750,12.7,18.7,23.5,24.3
20387,3012,116602,12.0,13.1,21.6,18.2
20388,280,125592,8.2,9.8,29.0,29.2
20389,4167,47240,7.7,13.8,43.2,33.8
20390,3176,76533,6.2,7.2,45.8,26.8
20391,1320,98775,14.2,19.9,32.3,22.2
20392,4242,138774,13.0,20.5,23.7,22.7
20393,3723,29008,5.1,23.9,42.4,36.0
20394,4829,106490,6.0,23.0,45.2,35.4
20395,1663,130575,10.0,7.5,23.3,31.9
20396,4784,50038,8.0,15.9,32.7,29.7
20397,3732,30193,5.6,19.1,39.3,20.6
20398,2457,98270,12.5,21.6,42.6,36.3
20399,1662,76516,3.0,11.0,48.5,29.7
20400,1513,137641,7.1,24.7,26.0,36.6
20401,2606,49305,14.2,15.1,47.3,20.0
20402,4928,84763,12.1,14.2,45.5,30.7
20403,1117,141481,7.8,13.4,35.1,32.1
20404,3754,126844,14.1,8.6,37.8,27.8
20405,857,121075,13.8,16.2,41.0,15.7
20406,3879,66993,3.6,7.5,46.9,26.3
20407,720,115699,4.5,21.9,36.7,28.4
20408,1988,65193,7.6,6.0,26.5,30.3
20409,3684,63520,14.2,22.1,32.8,23.5
20410,281,48360,13.1,21.2,30.0,36.3
20411,2828,60542,3.6,11.0,48.5,29.7
20412,2395,58243,9.1,5.7,23.0,38.5
20413,2767,111260,11.6,22.7,34.0,29.8
20414,1899,147192,6.3,21.1,49.6,30.5
20415,1599,35931,11.7,17.7,35.1,35.7
20416,1084,45967,7.4,6.1,33.1,35.3
20417,3653,118012,6.3,15.2,39.9,27.1
20418,2464,88275,7.7,23.7,26.8,16.1
20419,3405,133321,14.4,7.1,45.4,34.5
20420,2315,87536,13.9,15.2,34.3,33.1
20421,2890,82040,14.0,21.1,32.4,38.0
20422,225,119960,14.0,18.2,32.7,25.7
20423,2720,149777,5.1,12.9,40.5,30.6
20424,4315,135252,13.8,22.8,39.7,29.6
20425,1551,30023,5.5,15.5,35.4,25.9
20426,1108,120236,13.1,22.4,37.9,29.2
20427,1313,128885,9.5,17.2,46.0,25.9
20428,3804,128789,5.9,11.3,44.2,19.5
20429,3230,126870,7.8,23.0,35.7,28.2
20430,796,113280,8.2,22.6,48.0,18.9
20431,2370,136829,11.8,11.1,33.8,31.1
20432,1615,136550,10.3,9.3,29.3,34.0
20433,1134,108268,12.8,24.6,24.7,18.9
20434,2940,125661,7.8,14.5,26.7,21.4
20435,1635,100813,11.9,25.0,40.3,21.5
20436,913,30000,12.5,10.1,37.3,21.8
20437,409,54756,3.8,7.0,23.9,35.0
20438,1111,62982,7.5,5.2,34.3,24.3
20439,1118,80060,13.6,11.2,24.6,25.9
20440,3511,38859,11.5,16.7,32.1,39.6
20441,3818,78760,8.0,10.0,27.3,32.3
20442,3910,36734,5.2,16.5,34.7,21.8
20443,2144,109366,4.2,6.1,45.9,21.5
20444,1216,100328,5.8,24.4,28.9,15.4
20445,4823,109997,5.9,11.9,49.2,18.1
20446,1256,112975,7.4,24.5,35.0,30.2
20447,1088,98634,5.1,15.7,25.2,40.0
20448,2566,89592,4.8,14.3,40.0,32.1
20449,1928,35428,13.1,6.8,46.0,24.5
20450,2177,67646,6.0,6.7,34.4,38.7
20451,2445,46139,9.7,15.3,46.7,19.9
20452,1184,102851,5.4,11.4,43.2,28.4
20453,2605,72780,8.9,8.7,23.4,35.2
20454,4144,125305,6.3,7.7,45.6,35.5
20455,2451,98862,4.0,16.2,23.4,38.2
20456,3105,59557,14.8,11.0,31.6,15.9
20457,4535,53976,8.5,21.1,47.9,39.4
20458,2595,68502,7.7,6.8,28.1,22.2
20459,176,38011,5.4,5.2,20.3,15.8
20460,2662,36543,8.9,23.8,32.8,39.9
20461,1672,146935,10.6,5.3,48.2,37.2
20462,4287,147636,6.7,22.2,32.7,19.6
20463,4661,142595,8.8,22.6,23.2,21.1
20464,3770,146222,5.8,23.9,32.6,33.1
20465,3211,73142,9.3,14.9,49.6,38.6
20466,2837,146430,12.4,17.5,26.1,32.4
20467,1452,97598,3.7,12.3,47.4,22.3
20468,1046,54563,9.2,24.4,23.6,30.1
20469,4749,141958,7.8,19.6,23.2,16.5
20470,3968,123116,3.9,19.4,21.4,21.0
20471,3237,36866,14.3,12.1,24.8,38.6
20472,3586,100755,6.1,11.0,48.3,22.2
20473,4287,66787,9.8,16.1,44.6,23.9
20474,1102,32986,7.5,6.6,30.0,28.0
20475,4563,34535,6.3,13.4,24.2,22.7
20476,919,114193,9.3,15.6,36.8,17.9
20477,522,64164,11.3,20.0,23.7,26.4
20478,671,143982,12.4,16.4,40.2,15.7
20479,3009,44511,10.6,12.8,46.5,23.9
20480,4630,113991,9.3,5.6,35.7,21.6
20481,1523,115518,12.3,19.2,27.0,30.7
20482,1733,75613,9.2,20.4,29.4,19.2
20483,1853,141462,14.7,22.1,31.5,32.6
20484,567,63344,9.3,9.0,48.8,25.3
20485,4987,38788,6.8,15.1,45.8,27.5
20486,3022,67330,8.4,14.2,36.4,24.2
20487,2403,66445,8.9,20.2,40.5,18.6
20488,1806,113916,6.4,15.1,22.9,18.3
20489,172,58130,4.9,21.0,25.5,19.2
20490,246,33133,8.2,6.7,36.5,31.0
20491,416,28801,13.8,6.1,23.8,22.1
20492,705,90747,6.1,10.3,20.6,30.5
20493,674,95332,7.3,14.5,23.2,20.4
20494,1277,65782,12.1,20.0,23.1,33.3
20495,3426,48404,4.0,12.3,42.2,21.2
20496,3522,27661,12.9,19.8,45.5,37.1
20497,2694,83259,11.6,21.6,44.4,29.8
20498,2982,51036,9.6,15.1,49.7,23.0
20499,411,37430,5.5,24.2,46.6,38.6
20500,2955,36548,4.1,8.0,32.8,18.3
20501,864,42477,5.8,10.9,33.5,39.1
20502,3095,71927,12.1,25.0,29.2,16.3
20503,3300,98280,14.2,8.3,26.5,29.6
20504,535,144741,11.9,23.2,43.8,34.9
20505,3451,67693,9.3,23.4,39.1,33.9
20506,4553,59319,14.4,17.8,24.2,32.5
20507,3077,34525,12.9,6.0,41.0,15.7
20508,3030,99592,10.9,15.2,25.8,22.9
20509,2399,50862,3.5,6.4,32.4,22.7
20510,234,45539,6.5,11.6,46.8,16.7
20511,4014,95153,6.7,5.3,21.9,34.0
20512,4718,148188,7.2,5.9,31.1,20.9
20513,903,124847,7.7,18.9,20.7,39.0
20514,2807,75557,14.3,24.6,33.4,31.5
20515,2466,146172,11.9,20.7,40.3,30.8
20516,4275,30721,11.3,12.9,20.0,17.4
20517,3362,42956,8.1,11.7,39.7,20.1
20518,1576,43385,7.1,24.9,39.5,23.4
20519,3515,116011,4.4,9.6,47.2,21.9
20520,2561,42491,8.4,5.8,33.3,22.6
20521,4042,33175,5.5,10.2,24.8,22.2
20522,2140,142993,7.7,11.8,40.5,32.7
20523,4563,46241,4.9,14.8,31.6,31.5
20524,1106,135831,7.1,19.0,25.2,15.2
20525,1092,114191,3.5,18.1,38.8,19.6
20526,4791,53370,3.1,17.6,23.4,34.0
20527,1996,62088,13.4,22.8,24.7,28.8
20528,3165,53950,10.7,16.6,42.0,23.0
20529,2848,46896,10.1,8.5,40.7,36.5
20530,2761,55373,9.2,12.2,38.0,27.5
20531,3078,53460,11.7,18.4,43.6,28.8
20532,1923,68436,11.8,15.5,24.5,33.8
20533,3507,66361,14.2,16.6,22.3,27.4
20534,4606,149973,5.9,11.0,49.8,18.7
20535,4582,72617,12.4,10.8,35.5,19.1
20536,1848,44631,14.9,14.0,49.1,35.6
20537,2761,36263,3.3,5.7,37.8,34.7
20538,118,28856,7.5,13.7,41.3,15.4
20539,3458,135197,8.2,14.8,28.9,29.0
20540,375,67767,12.9,6.2,46.0,25.2
20541,4178,132885,3.2,5.7,31.6,17.7
20542,4854,63060,10.2,5.2,46.4,27.4
20543,3045,144087,13.7,12.2,28.5,38.5
20544,4747,43782,4.8,15.0,37.7,26.8
20545,4874,119912,4.4,8.5,43.5,30.3
20546,4798,147971,15.0,22.9,43.5,37.9
20547,464,41368,12.9,16.7,43.7,20.4
20548,2073,134728,11.4,17.0,49.9,25.9
20549,894,55825,7.8,6.3,48.7,21.0
20550,689,105612,13.2,6.6,26.1,39.8
20551,4394,128526,14.1,15.1,31.1,15.5
20552,4413,109099,11.8,20.3,35.5,36.2
20553,840,52392,7.8,21.8,41.8,25.2
20554,4845,26312,10.0,15.8,40.3,39.5
20555,2294,54129,4.2,16.8,40.2,26.7
20556,769,119141,4.9,17.3,28.5,30.9
20557,1537,148778,12.4,11.2,30.1,29.2
20558,4860,44556,3.4,24.5,26.2,17.7
20559,955,129236,3.6,24.5,46.4,38.7
20560,2477,110012,9.1,17.5,32.6,30.7
20561,4133,66208,5.0,12.6,34.0,22.1
20562,1993,117351,6.5,22.0,48.7,23.3
20563,1286,44016,7.8,8.5,47.5,15.8
20564,1942,61152,9.3,17.1,28.4,20.5
20565,426,45647,6.4,20.8,46.6,25.7
20566,3326,104421,8.8,5.1,36.4,21.5
20567,2500,88658,7.4,13.6,39.6,20.0
20568,4378,61472,4.0,10.2,32.9,30.4
20569,4650,71295,13.4,21.0,49.5,29.2
20570,4201,96164,6.4,23.5,40.5,37.3
20571,4115,108117,10.3,8.5,30.5,28.0
20572,4406,67951,9.8,8.6,37.1,28.8
20573,150,138175,5.4,24.2,46.0,21.3
20574,1568,111423,3.4,15.2,21.9,37.5
20575,1109,33692,13.3,7.0,26.6,39.3
20576,4572,132657,9.0,6.5,20.2,27.1
20577,3657,147978,8.0,24.3,24.8,16.8
20578,1174,105707,12.2,13.6,36.4,21.8
20579,253,44512,3.4,23.8,31.2,15.3
20580,681,92830,12.2,16.5,34.8,19.7
20581,887,40019,7.9,19.4,34.6,15.3
20582,4986,148592,9.6,10.6,25.7,31.1
20583,3481,28914,12.0,6.4,44.7,35.7
20584,2367,147986,9.6,20.7,30.3,36.7
20585,4358,120279,3.7,8.4,45.1,21.5
20586,1070,113908,11.7,19.3,25.8,28.8
20587,747,106818,12.4,6.5,30.3,32.5
20588,1045,57029,8.5,16.5,39.3,33.2
20589,4884,49621,8.3,20.1,30.0,15.9
20590,1595,106894,6.0,5.4,26.5,20.7
20591,2147,133939,10.7,12.8,48.2,24.5
20592,1272,122399,13.6,16.8,33.5,21.7
20593,4318,60899,10.9,21.0,47.5,34.5
20594,4999,87610,12.3,10.2,49.6,18.8
20595,2986,85007,13.0,21.3,31.0,38.0
20596,4258,104427,5.7,18.0,30.4,36.5
20597,832,50525,7.8,11.9,26.3,27.9
20598,3187,36760,8.2,11.0,35.3,35.6
20599,3561,52297,9.7,19.0,26.5,24.6
20600,1757,61566,3.6,19.5,27.4,19.2
20601,578,112157,10.1,17.7,42.7,22.9
20602,1237,39572,4.1,13.9,33.1,15.2
20603,4053,134785,12.7,5.4,26.5,39.4
20604,1076,122403,14.6,16.5,28.9,34.4
20605,336,144412,6.5,17.2,25.8,15.0
20606,2623,118446,9.1,9.8,27.2,35.7
20607,4143,73977,12.9,9.1,42.4,19.5
20608,697,55889,6.8,22.3,45.6,38.2
20609,1802,71787,4.9,8.6,48.6,20.0
20610,2276,146223,11.9,9.2,49.7,20.3
20611,2657,69181,11.4,17.5,32.2,38.4
20612,264,44701,9.8,11.4,22.0,27.3
20613,2424,70556,14.3,13.8,38.1,17.4
20614,3139,133313,14.5,15.6,22.1,29.0
20615,669,45428,13.3,23.6,40.9,30.2
20616,3428,147046,6.5,10.2,41.1,31.9
20617,240,109141,5.7,5.9,24.4,25.9
20618,785,41244,13.0,7.3,42.9,34.0
20619,786,54264,10.8,6.0,27.9,32.9
20620,3380,62035,7.8,20.1,31.4,15.2
20621,2863,66917,7.9,24.6,21.8,24.9
20622,3690,113739,13.2,6.6,32.9,24.3
20623,2138,79056,5.0,10.7,29.1,38.8
20624,1174,46102,14.3,22.1,39.1,15.8
20625,2325,111734,10.6,22.9,28.1,21.7
20626,1441,51961,12.5,9.3,38.6,17.4
20627,1789,116546,7.5,23.4,29.0,15.4
20628,3110,32237,10.0,16.6,27.1,29.9
20629,463,27984,12.0,24.9,42.3,32.9
20630,1167,79788,8.2,5.4,29.2,24.0
20631,2740,44640,8.9,20.7,26.3,36.3
20632,3849,51012,10.0,6.1,48.7,16.2
20633,2130,62241,3.8,19.7,45.7,27.0
20634,717,115084,13.4,23.9,34.4,36.1
20635,4554,32179,13.4,11.5,22.2,35.5
20636,3246,75584,6.4,11.8,35.9,28.1
20637,2082,67734,13.6,9.8,21.1,39.5
20638,293,123721,11.9,13.6,44.9,15.6
20639,4558,113394,8.8,14.5,32.7,35.7
20640,1219,91518,7.2,16.4,26.4,37.2
20641,4302,47807,7.8,18.8,42.9,27.5
20642,626,108058,9.4,17.4,25.0,32.8
20643,2052,142616,8.0,7.0,40.9,30.1
20644,4979,67193,8.0,17.6,39.2,20.0
20645,1882,62310,5.4,8.9,24.8,28.7
20646,2773,107750,11.5,15.7,39.9,24.0
20647,2497,55089,10.3,16.8,43.5,34.0
20648,3824,90156,14.9,13.7,43.3,36.2
20649,2689,121990,4.7,13.4,38.1,29.4
20650,3626,70053,4.4,13.5,22.9,26.3
20651,3949,73984,9.2,9.7,25.1,32.5
20652,1734,104028,4.8,21.1,28.9,23.0
20653,3109,32632,10.3,14.7,48.1,27.8
20654,193,40387,5.4,15.1,22.9,17.8
20655,3894,111208,8.8,8.7,36.5,33.0
20656,3466,142548,10.3,14.5,46.8,19.4
20657,3046,64873,8.5,13.7,33.1,31.0
20658,188,128679,6.8,13.3,46.4,36.4
20659,2650,51544,12.4,13.9,29.7,17.9
20660,2914,49174,13.3,9.9,33.3,36.6
20661,1545,27471,6.3,20.9,37.9,33.6
20662,4721,54377,12.8,8.9,39.5,25.4
20663,1930,88099,7.7,15.8,31.8,29.2
20664,2841,129538,8.9,11.4,33.8,23.9
20665,654,54319,5.8,19.4,38.4,30.5
20666,3864,70850,10.5,18.8,45.5,23.3
20667,2534,78988,4.2,19.0,30.7,23.9
20668,780,64056,10.1,22.7,36.8,36.2
20669,1731,72555,14.9,20.6,42.8,16.5
20670,302,147283,12.0,11.6,48.9,25.6
20671,4642,45721,13.7,12.9,23.6,33.4
20672,4018,133005,8.6,22.3,22.4,18.1
20673,3239,46534,4.7,21.5,21.1,31.6
20674,4973,50348,6.5,23.4,26.4,34.1
20675,2325,112099,3.6,21.8,35.9,32.3
20676,1786,102400,9.0,7.6,25.1,30.4
20677,928,37178,10.8,11.6,27.4,35.1
20678,4754,37388,8.1,10.9,24.9,31.7
20679,2122,101585,9.8,12.6,46.4,39.7
20680,202,89278,6.8,10.8,46.2,17.9
20681,1657,101408,4.0,20.7,33.9,33.6
20682,4311,92314,8.2,19.0,29.8,18.2
20683,4187,117131,9.6,9.0,47.7,36.9
20684,2611,134420,14.8,8.6,38.9,36.3
20685,203,50164,7.2,9.4,24.9,16.1
20686,3538,90808,11.1,11.3,44.3,21.9
20687,2957,149914,12.9,18.7,29.3,15.6
20688,906,92037,7.0,12.4,45.9,29.5
20689,4755,35297,14.2,13.5,36.1,35.2
20690,2174,146590,7.1,5.8,40.8,24.5
20691,626,103806,14.6,14.6,41.3,31.4
20692,3536,146776,3.0,13.8,21.4,30.0
20693,397,28576,10.6,18.7,42.1,20.1
20694,4972,130932,12.5,9.0,26.9,20.4
20695,460,79879,6.4,19.5,42.9,34.7
20696,3817,70100,4.4,19.4,29.2,22.6
20697,4699,105162,3.3,17.4,22.8,32.4
20698,2076,26281,3.9,12.2,38.1,38.0
20699,2177,148694,9.5,6.2,49.7,27.1
20700,3511,139434,13.1,9.7,20.7,27.0
20701,2273,108189,3.8,23.6,20.5,35.6
20702,4791,94871,4.4,22.6,25.5,28.3
20703,1689,36676,3.1,8.9,24.1,20.6
20704,1489,116263,6.4,11.4,41.8,15.6
20705,3614,84081,14.1,5.2,38.1,15.4
20706,362,119483,6.3,11.2,22.5,15.3
20707,3083,101193,8.3,21.0,23.5,23.8
20708,3019,27254,5.1,16.4,42.8,36.3
20709,1963,59343,4.4,22.4,26.4,33.4
20710,101,88852,5.2,24.2,24.4,31.9
20711,2033,50408,5.5,9.4,21.7,38.1
20712,493,67329,4.6,16.1,43.8,29.9
20713,405,37094,12.5,20.1,48.2,30.0
20714,629,99295,8.7,17.4,45.3,28.1
20715,4723,102983,9.5,10.2,20.4,19.8
20716,3479,39145,7.5,24.5,27.5,39.3
20717,1064,53767,5.5,18.5,44.2,39.0
20718,4119,105296,4.1,5.2,43.2,39.1
20719,770,69956,3.9,15.3,25.5,17.1
20720,4168,28187,5.2,8.3,43.1,25.6
20721,2352,142971,13.2,19.5,29.4,26.3
20722,2772,107518,5.6,6.3,49.6,26.1
20723,1813,71386,7.3,11.8,47.3,16.6
20724,4144,146099,9.9,11.3,46.3,23.7
20725,4916,66003,9.1,22.8,34.0,25.5
20726,735,72698,11.0,22.5,35.9,32.4
20727,3599,71067,5.3,21.5,40.5,24.4
20728,4752,85873,9.3,19.9,25.0,27.4
20729,1217,104570,12.2,24.1,36.7,38.9
20730,2254,108801,7.7,8.8,43.0,38.2
20731,4323,143231,14.7,21.4,21.6,21.1
20732,137,129456,9.9,18.5,26.7,38.8
20733,1732,55620,11.1,19.0,45.0,27.6
20734,4393,89156,8.5,13.5,32.3,27.0
20735,3875,106892,13.3,18.0,24.8,28.1
20736,2154,125187,8.4,9.7,28.8,29.6
20737,4185,48740,14.3,15.6,41.6,20.6
20738,3503,82724,6.7,24.4,38.6,35.6
20739,618,47335,13.4,18.7,37.9,18.2
20740,2341,79914,10.7,18.5,32.2,26.0
20741,2463,31870,12.6,9.7,41.9,25.1
20742,1141,92698,3.5,21.8,42.6,20.5
20743,4815,73629,6.3,23.5,41.7,15.8
20744,1494,75810,13.2,7.2,43.9,16.3
20745,2969,135979,6.8,14.0,28.3,29.8
20746,3776,97118,11.6,18.3,47.3,38.2
20747,3821,120117,14.9,22.7,30.2,19.5
20748,3872,114957,5.1,15.7,28.3,19.7
20749,334,77044,8.0,13.4,39.8,23.7
20750,3240,63811,5.0,5.8,48.9,19.3
20751,546,136934,4.9,16.0,27.7,26.1
20752,4805,93518,10.6,11.6,25.7,16.9
20753,107,50451,5.3,24.9,21.5,37.1
20754,4657,114791,8.8,17.0,34.1,15.4
20755,1099,28515,14.7,9.3,47.1,33.9
20756,1434,65595,7.0,24.9,47.0,30.7
20757,233,106947,13.5,16.8,43.2,20.3
20758,2532,91171,7.8,20.4,27.5,38.5
20759,155,76167,6.2,24.4,34.6,29.1
20760,3285,71477,7.0,20.0,23.5,36.3
20761,1211,68084,4.5,23.9,37.3,21.7
20762,3279,123890,11.1,12.2,48.9,26.6
20763,1623,81677,9.1,6.0,42.5,30.2
20764,243,87649,10.4,24.3,33.2,32.7
20765,3016,94158,6.6,16.0,39.7,19.6
20766,2203,135825,10.8,20.4,37.2,38.9
20767,719,48799,5.0,16.0,39.7,32.4
20768,1986,55649,10.8,20.2,21.8,38.7
20769,2120,110390,4.0,6.2,39.0,19.9
20770,1508,110634,7.8,6.3,37.1,28.1
20771,3021,142083,10.3,23.4,49.7,30.3
20772,4834,102737,13.3,13.7,22.1,16.8
20773,3473,28470,12.7,11.0,31.1,24.1
20774,3576,116394,9.3,23.3,45.4,39.5
20775,936,31900,13.6,25.0,32.2,32.4
20776,4002,55705,9.1,17.3,49.7,21.5
20777,1685,146250,9.2,16.2,22.3,20.6
20778,4975,99118,11.6,23.4,20.7,19.5
20779,936,145669,13.5,8.6,42.1,16.4
20780,2657,67903,10.2,17.7,48.5,17.2
20781,2959,31132,14.3,21.1,21.6,27.7
20782,4460,141638,5.8,19.8,40.9,22.8
20783,1497,60405,14.1,20.0,33.4,33.1
20784,3922,63735,5.7,21.1,35.1,35.0
20785,4497,129562,9.3,9.2,41.2,26.3
20786,3530,147883,12.6,16.1,26.8,32.8
20787,904,52266,12.6,7.2,35.6,18.0
20788,1175,65674,6.3,6.8,40.2,19.9
20789,4294,71207,14.8,21.4,25.2,27.6
20790,2740,45488,4.0,21.2,31.8,24.4
20791,3184,81643,3.4,8.6,34.2,39.4
20792,1513,39453,13.1,16.3,22.1,32.2
20793,4552,94074,12.8,5.8,49.6,33.7
20794,1763,40191,11.6,12.4,20.1,27.4
20795,3075,27747,13.2,7.9,23.2,35.8
20796,4206,43058,4.7,12.4,40.0,19.6
20797,4276,135030,4.1,16.6,21.4,24.4
20798,2153,99659,14.6,21.1,48.2,31.1
20799,2520,115236,10.5,15.3,49.0,27.5
20800,2628,72326,14.0,23.6,34.4,31.3
20801,4417,121583,13.9,7.0,37.5,20.1
20802,2040,131369,10.8,15.8,46.5,15.3
20803,3252,103840,10.5,23.1,26.9,31.9
20804,2046,93401,7.3,9.7,32.6,29.5
20805,614,115370,4.8,20.4,46.6,32.6
20806,320,88554,11.2,10.1,30.7,31.0
20807,327,102396,12.8,24.6,47.8,31.2
20808,2437,64794,9.5,20.1,40.5,33.7
20809,4488,101861,3.6,18.1,42.2,16.9
20810,3364,132467,4.7,22.5,39.7,27.6
20811,1055,82335,4.2,16.8,42.6,35.9
20812,1597,87989,10.9,10.8,45.7,35.8
20813,1380,147489,9.8,11.4,48.4,20.8
20814,2078,119486,8.6,16.8,26.1,24.1
20815,1629,58914,9.5,15.6,49.3,38.3
20816,4583,46068,6.3,23.2,44.6,34.7
20817,2762,51895,12.7,15.8,35.6,16.0
20818,2513,70008,6.9,15.2,32.4,20.4
20819,2805,70557,10.7,14.0,32.7,29.8
20820,3635,146489,7.7,7.6,38.2,26.7
20821,4384,36532,3.9,7.4,41.1,19.6
20822,1017,25892,6.1,18.4,40.6,23.6
20823,1301,84959,14.6,14.2,26.9,17.1
20824,2522,144001,5.3,15.9,36.6,25.1
20825,1721,146516,4.3,23.5,36.1,32.1
20826,859,126927,6.5,20.7,26.1,24.0
20827,4389,98574,13.5,12.6,32.0,20.5
20828,1588,84550,6.7,20.6,37.8,27.9
20829,4358,123663,8.0,24.5,47.0,32.5
20830,4471,108408,6.7,8.3,30.4,39.1
20831,4559,73375,14.9,22.9,27.6,23.9
20832,1765,112680,15.0,12.1,22.8,22.2
20833,2102,74442,8.8,19.7,38.2,24.7
20834,559,104907,12.4,18.6,42.3,38.8
20835,3121,134522,5.6,19.1,26.0,24.1
20836,2390,46339,7.5,22.8,38.5,32.9
20837,1465,76265,11.2,17.6,49.0,35.4
20838,3301,81092,6.4,8.8,40.7,22.4
20839,4852,139090,5.7,18.4,38.0,22.4
20840,1483,112594,14.1,11.8,21.9,18.1
20841,2235,118970,5.9,24.1,49.6,22.6
20842,4937,113184,3.7,11.3,34.0,22.0
20843,3132,31335,12.0,9.8,35.1,27.3
20844,3809,102275,5.9,5.3,43.9,34.6
20845,1621,145161,8.4,22.2,33.9,23.2
20846,1723,108486,4.3,23.3,35.2,39.7
20847,781,68364,3.8,6.4,44.7,25.3
20848,3234,58247,8.5,13.3,26.4,27.0
20849,3361,62660,7.0,13.4,25.8,36.0
20850,4796,95728,9.1,21.0,29.1,34.3
20851,3519,114478,14.6,11.9,36.3,35.4
20852,1967,97633,7.9,11.9,38.9,40.0
20853,3709,58867,10.2,11.6,44.1,36.7
20854,1299,141923,4.2,13.6,30.6,17.9
20855,2923,69722,13.6,17.9,26.4,36.3
20856,3048,39302,12.7,24.4,32.4,24.2
20857,4078,71417,9.3,15.6,25.2,30.8
20858,3725,115587,5.2,12.8,28.1,22.9
20859,4678,69337,8.1,5.4,22.0,31.1
20860,268,107836,6.6,8.2,22.2,17.8
20861,2121,62512,14.9,24.0,26.3,38.3
20862,2294,35401,8.9,10.2,30.0,22.1
20863,538,144585,8.1,9.0,48.3,17.9
20864,3360,145878,5.0,8.4,34.6,35.4
20865,4355,84415,5.9,16.8,23.8,34.2
20866,2549,100087,11.5,12.9,25.6,30.3
20867,4781,75459,9.4,16.7,27.8,32.3
20868,963,43605,7.3,24.5,47.1,36.0
20869,239,81626,6.6,6.5,30.9,25.7
20870,4523,62742,5.4,7.7,48.0,27.5
20871,324,129418,3.4,16.5,22.5,17.2
20872,657,36013,14.7,8.3,45.9,39.7
20873,1673,70285,12.0,18.3,33.7,29.6
20874,485,99430,14.1,21.3,46.8,16.3
20875,620,41501,8.0,19.6,42.3,15.5
20876,4072,133596,13.4,11.3,27.8,29.5
20877,2934,110183,6.1,21.8,31.7,28.4
20878,3242,144731,9.1,15.2,41.4,26.4
20879,1933,29667,5.4,20.7,27.0,35.2
20880,4642,133456,12.2,24.2,40.4,17.3
20881,3261,127922,9.0,14.3,37.0,22.5
20882,3601,148651,9.4,14.3,30.2,29.3
20883,4302,106036,13.3,10.0,40.7,26.6
20884,1599,48182,11.9,7.5,47.8,21.4
20885,3063,53784,14.6,19.7,47.2,35.6
20886,1577,140975,7.9,20.0,36.1,30.8
20887,1003,65426,8.5,14.9,41.8,34.0
20888,1731,100095,10.4,20.1,31.8,27.9
20889,4086,82199,8.4,9.9,27.0,35.2
20890,1270,131594,8.0,5.1,39.6,19.4
20891,2427,72576,7.1,5.7,28.4,29.5
20892,4219,124350,13.0,16.2,28.3,23.3
20893,1844,53910,9.4,6.0,42.0,26.6
20894,2139,138260,10.3,21.6,46.4,36.9
20895,219,128686,5.4,19.3,35.4,39.4
20896,3957,79596,6.0,22.5,21.3,20.2
20897,1775,138311,7.1,18.8,41.4,39.6
20898,1420,45187,8.6,6.2,42.6,33.0
20899,1115,77907,3.5,11.4,48.1,17.7
20900,4643,78634,13.7,12.1,36.5,29.1
20901,1843,115717,13.8,16.6,37.4,33.8
20902,2042,27169,10.9,24.3,41.4,29.5
20903,3641,95955,6.8,20.4,35.2,23.4
20904,1546,90220,7.6,10.0,26.2,22.8
20905,3716,58330,11.8,6.9,44.4,20.3
20906,3994,96996,6.4,22.9,39.0,30.0
20907,1824,129242,10.3,16.6,28.5,19.6
20908,2372,110920,13.9,7.9,49.0,33.4
20909,4162,98747,7.9,21.7,44.9,32.6
20910,4381,144325,10.0,17.6,30.4,24.7
20911,171,45344,14.1,22.8,20.5,35.4
20912,4269,100051,7.1,20.2,48.8,33.3
20913,2300,28541,12.1,15.4,23.2,25.6
20914,2243,60925,12.1,16.3,29.9,33.4
20915,3857,80013,14.1,15.5,25.5,35.7
20916,3281,36932,13.3,6.1,46.9,15.7
20917,1581,31548,12.0,23.7,30.0,33.3
20918,2975,81273,10.6,24.8,28.2,22.3
20919,4960,130140,5.9,11.1,33.6,21.1
20920,4179,146994,11.0,21.4,49.8,33.2
20921,1196,130481,6.3,25.0,35.6,35.9
20922,4407,91850,8.3,5.4,20.9,18.1
20923,823,55617,11.5,11.4,38.8,20.6
20924,3339,43810,11.1,16.4,36.5,19.7
20925,2478,119065,7.8,12.9,22.3,28.1
20926,4946,107859,5.2,24.4,45.4,30.4
20927,3314,33429,8.8,8.8,22.6,24.1
20928,2971,148523,6.2,12.9,21.8,25.7
20929,4589,98912,6.1,19.7,42.2,17.0
20930,4707,141518,6.9,20.9,34.4,19.1
20931,4881,98423,11.5,7.0,21.6,25.1
20932,4019,59553,9.0,9.4,36.2,38.9
20933,1820,67408,7.5,7.6,31.8,30.8
20934,3499,131333,13.8,15.0,42.1,33.4
20935,1957,98026,11.5,15.7,21.3,28.5
20936,2865,127881,8.9,19.7,30.6,26.4
20937,2496,72704,8.1,22.5,34.7,19.2
20938,3864,75533,12.8,7.7,36.6,25.5
20939,4121,90897,5.1,15.6,41.2,20.4
20940,3986,140747,11.0,14.6,31.2,32.6
20941,2662,50091,3.3,22.9,26.5,24.5
20942,2546,129169,3.1,15.6,32.5,21.4
20943,3767,49905,14.2,9.6,28.5,15.4
20944,2361,113332,9.2,23.5,41.4,40.0
20945,3717,28141,6.8,23.6,21.4,17.5
20946,1412,79790,12.5,7.5,48.3,19.7
20947,1964,110659,14.8,22.1,46.5,21.7
20948,2405,71010,3.4,21.7,29.7,34.0
20949,1907,107212,3.5,16.8,23.2,39.9
20950,2841,129334,13.3,14.5,39.7,16.1
20951,3436,63173,9.7,8.7,48.5,31.4
20952,1097,41743,13.6,9.2,47.9,25.2
20953,2419,26609,11.3,10.3,22.8,39.2
20954,3307,134067,8.6,6.6,32.7,38.7
20955,698,59128,4.9,19.2,37.8,29.0
20956,1183,25623,7.7,6.0,44.9,32.8
20957,3681,59333,12.4,6.9,34.1,19.0
20958,3186,59688,5.8,8.3,34.2,25.6
20959,2402,141199,11.5,18.8,37.2,38.8
20960,2884,81698,6.0,7.3,48.6,36.2
20961,821,47871,8.6,8.6,28.1,16.8
20962,1254,87693,4.0,23.7,39.4,32.6
20963,116,139452,8.5,10.7,48.9,35.5
20964,1091,111633,10.4,18.9,33.6,25.1
20965,2332,47303,9.8,23.7,29.7,26.7
20966,3562,114849,7.9,5.8,28.8,18.6
20967,1546,99302,7.4,14.3,39.6,17.4
20968,1565,59769,6.3,15.7,34.1,38.6
20969,3867,90932,12.2,20.2,45.3,30.8
20970,3727,121676,12.4,24.3,27.7,38.8
20971,3183,79827,8.8,5.8,49.9,26.3
20972,1643,68668,7.6,12.6,46.8,18.2
20973,179,95033,10.6,13.6,30.8,30.4
20974,3387,59279,9.7,24.3,45.7,24.4
20975,1371,35285,11.0,20.2,50.0,22.3
20976,1664,87126,6.7,23.7,49.9,36.9
20977,1813,70209,12.5,7.7,29.5,30.0
20978,1109,86700,6.8,5.5,35.5,20.2
20979,872,27692,8.0,24.4,35.2,24.5
20980,582,72390,4.6,11.6,40.9,29.1
20981,2492,92568,13.3,18.1,22.2,25.2
20982,3279,64756,10.7,8.1,44.7,33.4
20983,1681,145560,5.8,16.1,25.8,25.0
20984,2621,132850,13.2,23.8,33.9,39.8
20985,1205,111654,11.5,19.1,37.9,39.9
20986,3809,117864,8.3,14.0,34.2,36.7
20987,3461,32639,14.9,23.4,22.1,36.3
20988,4370,149172,7.0,7.5,31.1,36.2
20989,941,73761,4.2,14.4,33.4,17.2
20990,3634,90169,11.8,16.5,34.7,38.9
20991,1972,135231,12.1,5.3,49.3,17.5
20992,3605,94788,3.7,5.4,32.6,29.2
20993,3420,135235,12.8,17.4,38.3,31.9
20994,2828,62477,12.3,18.1,23.5,20.9
20995,1054,101204,14.2,24.6,26.7,22.4
20996,1695,76060,4.4,11.2,21.9,32.5
20997,2388,95613,10.2,11.9,34.3,20.1
20998,4535,118011,5.6,16.9,35.1,32.7
20999,843,91811,7.8,19.8,47.6,26.5
21000,1594,119474,6.2,15.4,40.6,37.3
21001,3446,57562,8.4,17.4,26.7,26.4
21002,4210,123362,4.4,9.1,22.0,33.8
21003,2088,110843,6.6,19.3,23.4,26.7
21004,307,42000,3.9,13.1,21.9,30.2
21005,1183,39092,8.9,16.5,49.0,17.6
21006,2512,55254,6.6,18.2,41.2,16.8
21007,3411,28671,10.1,5.1,22.3,38.6
21008,4110,84562,8.5,16.5,24.7,39.5
21009,496,145471,5.9,23.9,41.4,39.3
21010,2057,43095,4.2,7.0,26.8,33.6
21011,4989,91878,12.0,7.2,36.4,27.7
21012,308,62520,10.6,9.0,24.5,18.6
21013,532,62700,3.4,7.0,46.5,15.8
21014,2756,58791,14.9,22.1,36.7,35.4
21015,2536,64733,10.7,22.6,29.1,21.2
21016,4778,107653,5.5,14.5,47.2,22.9
21017,4627,66357,13.1,20.8,35.7,32.3
21018,4546,52662,13.6,11.1,36.3,20.9
21019,233,99696,9.9,15.1,31.9,39.5
21020,738,90997,13.6,15.8,23.8,16.0
21021,1328,49713,3.4,11.1,26.5,15.4
21022,3469,42145,14.3,16.7,34.2,36.1
21023,4312,133693,3.7,21.9,41.3,37.3
21024,4119,50438,10.7,23.9,26.1,39.7
21025,1390,54452,7.2,11.1,24.7,15.1
21026,2296,91128,3.5,23.5,35.6,22.3
21027,1803,96232,14.2,17.5,23.9,28.7
21028,2326,81973,4.6,17.0,33.1,35.5
21029,2295,109267,13.2,7.5,36.8,39.5
21030,4660,42830,7.0,19.2,34.7,38.9
21031,1075,124746,11.9,11.1,47.0,34.3
21032,1128,93342,6.1,13.5,22.0,33.2
21033,625,72988,10.0,7.8,47.1,40.0
21034,2427,122472,12.6,9.6,38.8,39.3
21035,2646,81602,9.8,17.4,24.7,23.0
21036,935,93861,6.7,17.3,23.1,24.1
21037,2583,64415,5.8,14.2,44.9,38.0
21038,2963,110676,5.1,17.6,20.8,17.4
21039,2834,141024,13.1,22.3,37.4,19.1
21040,1638,46781,10.3,5.6,46.3,35.7
21041,2010,33993,9.1,9.1,47.9,37.0
21042,4149,65840,6.0,10.9,38.6,32.1
21043,2742,105689,8.2,16.5,48.9,33.4
21044,1403,35549,10.4,18.3,39.8,19.5
21045,231,69217,3.9,16.1,48.1,15.7
21046,492,119191,7.3,19.0,45.7,31.2
21047,4676,36487,5.9,13.9,21.2,25.2
21048,3684,130893,10.8,20.9,32.2,19.7
21049,2775,99323,10.3,6.4,32.1,25.2
21050,2566,59815,6.6,17.4,29.8,22.9
21051,1325,131522,3.5,5.9,50.0,39.6
21052,2805,60196,5.2,9.6,24.4,31.8
21053,561,63207,4.9,6.2,27.2,19.6
21054,1901,90666,9.8,16.9,22.9,26.6
21055,3373,44451,5.0,9.2,37.2,31.8
21056,4085,110271,8.8,6.8,45.0,35.4
21057,251,27332,10.4,20.5,26.7,33.2
21058,2369,145004,13.6,5.0,36.9,21.5
21059,4274,25736,5.9,16.0,25.9,33.5
21060,1885,61615,5.2,23.4,21.9,29.8
21061,3560,75450,5.1,20.8,23.6,32.4
21062,1936,108011,7.3,17.1,32.6,18.6
21063,1497,25232,10.8,7.1,26.2,25.8
21064,1175,121866,11.1,20.8,22.7,26.8
21065,4606,74373,5.5,11.7,32.4,21.0
21066,2108,82796,4.6,8.1,39.9,17.6
21067,1593,63523,8.4,24.8,37.2,15.1
21068,1235,78551,4.7,6.8,35.4,22.7
21069,1648,91471,12.8,19.4,33.9,31.3
21070,884,96269,4.0,12.1,35.1,17.1
21071,1520,49514,12.0,21.8,46.3,24.2
21072,4938,32567,3.5,15.9,20.9,27.9
21073,2535,124647,12.7,22.8,34.0,20.3
21074,3581,133807,10.5,16.1,46.3,39.8
21075,3751,25364,6.9,11.5,35.7,36.5
21076,2163,137004,7.9,24.2,26.7,28.2
21077,2120,134285,11.1,14.1,27.1,36.6
21078,4857,57378,5.2,22.0,39.1,32.6
21079,2249,132746,13.7,21.8,43.7,23.3
21080,1050,33647,8.8,16.3,45.6,30.5
21081,124,51339,12.1,15.0,35.2,19.9
21082,117,104152,9.1,10.9,44.7,29.6
21083,3925,39840,8.4,16.2,27.6,17.5
21084,669,70383,8.6,16.5,37.1,25.4
21085,1455,36924,7.4,9.8,43.7,30.2
21086,1692,132314,11.8,21.1,47.4,24.4
21087,930,119204,13.2,11.7,43.5,18.5
21088,3182,117077,13.3,20.1,46.1,17.9
21089,971,110311,4.5,24.8,46.6,22.6
21090,934,74887,12.1,24.9,28.1,39.4
21091,3412,121747,5.4,22.3,29.7,37.7
21092,3216,72564,3.1,22.1,44.1,37.4
21093,1069,110526,6.3,21.1,47.9,32.5
21094,692,75619,6.5,18.9,44.3,38.5
21095,354,126818,12.7,8.7,26.7,20.5
21096,2214,57647,11.9,7.2,49.8,35.2
21097,3065,143463,4.0,16.4,39.0,32.8
21098,2761,138890,6.9,18.5,34.4,40.0
21099,702,111581,6.0,13.0,49.0,29.0
21100,1165,88067,10.1,24.0,46.9,22.1
21101,1939,40886,9.5,10.0,37.7,15.0
21102,2531,115931,11.1,10.0,30.9,37.8
21103,1065,65924,13.9,22.4,34.1,38.1
21104,1837,125018,8.1,15.2,36.5,35.3
21105,584,91051,10.9,5.7,38.2,27.0
21106,4234,72521,14.0,8.9,41.1,21.3
21107,110,30220,9.5,16.3,37.8,27.9
21108,4819,121663,6.7,11.5,46.1,16.9
21109,4604,67388,7.8,14.8,23.0,19.2
21110,2127,128553,12.1,20.9,48.4,20.1
21111,3464,135086,11.6,14.9,25.8,18.5
21112,3187,90207,12.0,14.3,28.4,31.0
21113,3138,131314,11.9,8.5,45.2,21.5
21114,704,83187,14.0,7.9,32.4,24.0
21115,1068,115051,12.2,13.6,37.9,27.3
21116,4360,37322,13.3,9.2,37.7,26.4
21117,536,96678,9.9,13.0,24.0,26.3
21118,2874,88207,10.7,16.3,32.0,38.8
21119,1909,121409,14.6,7.3,47.3,28.1
21120,2869,36665,13.4,8.9,21.7,33.4
21121,1929,44519,12.3,22.1,41.1,38.1
21122,392,129182,11.2,17.7,34.9,23.5
21123,4051,81185,7.3,19.9,20.8,24.9
21124,561,68575,9.6,14.8,34.4,39.7
21125,3984,144012,3.7,18.8,31.7,30.8
21126,3333,95607,8.0,13.7,39.1,27.6
21127,2191,63710,4.3,7.6,26.1,32.6
21128,4036,143667,11.7,13.7,30.8,37.9
21129,3039,56720,13.7,17.5,37.9,28.8
21130,4906,100004,5.1,10.1,42.7,33.0
21131,188,141199,5.9,19.1,28.5,38.3
21132,1763,46284,13.3,7.7,41.5,39.2
21133,3401,29659,10.0,9.6,33.9,19.3
21134,2820,27962,10.1,19.5,35.5,23.4
21135,3037,121270,9.8,9.7,36.3,39.9
21136,521,132390,5.6,17.6,25.2,36.0
21137,3849,148733,5.9,19.1,28.5,37.9
21138,4533,37627,14.4,9.2,43.7,35.1
21139,365,27410,11.7,15.1,33.1,33.7
21140,2950,139867,4.1,23.8,30.8,20.6
21141,1478,91124,5.7,16.8,22.9,30.7
21142,1914,43429,10.5,5.7,25.4,34.4
21143,2364,112774,6.4,8.9,36.4,36.3
21144,4516,60993,6.0,21.4,34.4,19.3
21145,949,89556,5.4,14.6,49.3,33.3
21146,4914,55740,5.2,6.4,25.4,17.4
21147,3836,101764,10.4,12.2,26.5,37.3
21148,1091,148444,13.9,19.3,40.7,22.0
21149,3864,128068,7.3,19.9,31.9,23.8
21150,1908,130391,4.5,16.8,29.0,16.2
21151,3374,110973,4.5,20.0,21.7,30.8
21152,816,29464,14.2,13.5,39.5,15.2
21153,995,126010,9.3,14.5,45.9,20.4
21154,1276,71157,8.6,13.6,49.4,15.2
21155,3853,102694,13.7,10.9,33.7,33.4
21156,1876,32166,9.1,18.0,38.9,37.3
21157,2904,112158,8.8,18.3,26.0,34.8
21158,3492,37646,14.1,22.3,42.9,31.3
21159,1559,45310,8.7,11.4,29.4,38.9
21160,2643,59408,7.7,17.8,45.6,35.1
21161,4737,43034,10.0,11.9,45.2,38.0
21162,4830,82846,14.7,23.1,22.9,17.4
21163,3653,104903,14.6,11.5,39.2,21.7
21164,1449,117517,12.3,20.8,45.1,22.7
21165,3086,33253,9.0,21.7,35.8,38.5
21166,3430,136712,13.6,12.2,41.5,29.9
21167,4893,102177,8.0,9.3,26.5,26.1
21168,2222,79918,10.7,6.5,38.8,19.1
21169,3728,46999,5.2,23.2,38.1,27.4
21170,597,112649,10.9,18.1,28.1,39.4
21171,3587,103275,6.3,21.4,47.7,20.7
21172,821,126590,12.3,17.4,32.8,23.6
21173,1463,40443,8.0,8.2,41.2,23.5
21174,407,39741,7.8,11.1,22.6,16.2
21175,2851,40341,12.0,11.8,20.1,20.0
21176,983,124996,8.1,13.6,48.4,32.3
21177,1364,114194,11.6,6.0,41.5,21.8
21178,4448,106384,13.3,18.4,24.6,26.6
21179,2544,41740,4.6,10.4,36.5,36.4
21180,3133,105002,8.7,14.6,23.0,35.0
21181,1152,87485,14.3,6.2,43.3,35.7
21182,593,41979,12.7,18.9,31.2,34.4
21183,2121,108544,14.7,16.0,21.3,25.7
21184,1847,149009,13.3,23.1,20.8,30.3
21185,3402,39260,6.7,8.9,27.3,19.9
21186,2379,82180,5.1,24.2,25.6,36.2
21187,1031,105824,5.5,23.1,49.9,16.9
21188,2025,84785,5.6,10.9,48.6,38.7
21189,856,128270,3.9,23.0,46.4,35.7
21190,1154,51606,13.9,10.8,31.5,20.1
21191,4030,36364,9.0,11.7,20.5,34.0
21192,4651,67791,4.2,23.2,31.6,23.2
21193,4454,28953,12.2,20.8,43.0,32.6
21194,4626,147003,6.9,13.8,23.1,19.1
21195,3553,49444,3.9,7.3,25.6,36.5
21196,2616,52877,5.3,14.3,28.0,31.6
21197,2064,129534,10.9,21.9,22.0,21.9
21198,746,27570,12.5,16.8,30.7,37.2
21199,4642,57391,6.0,6.0,30.4,29.5
21200,2930,41476,9.9,13.2,34.0,33.8
21201,294,144587,3.0,19.0,21.5,39.7
21202,1245,35392,6.3,22.6,26.6,26.2
21203,2609,122702,5.2,24.5,35.1,21.1
21204,4391,103177,3.9,21.7,44.7,35.8
21205,2183,115990,8.8,22.4,22.7,19.5
21206,4840,46087,10.6,9.3,23.0,21.0
21207,3452,65509,3.6,22.2,22.3,25.9
21208,421,59664,4.7,23.5,34.8,37.0
21209,2387,50558,14.2,17.7,25.4,23.5
21210,3231,126268,5.7,14.7,31.1,36.5
21211,4845,85306,12.1,21.2,31.7,31.9
21212,1802,121664,12.0,17.3,23.3,24.7
21213,2312,34302,6.9,21.6,48.6,22.4
21214,930,31354,5.4,14.0,38.5,22.8
21215,288,114988,5.9,8.6,42.4,20.2
21216,4152,49958,9.8,23.4,40.0,25.0
21217,191,120826,7.6,24.4,33.4,33.6
21218,3977,102538,8.9,24.5,48.5,23.2
21219,2011,116659,12.7,24.1,30.1,19.6
21220,2436,60686,9.0,14.9,48.3,23.7
21221,1680,147008,14.9,17.6,38.8,24.9
21222,1508,46508,11.0,22.6,33.3,38.5
21223,274,103923,5.5,5.5,40.3,30.5
21224,573,76610,9.0,8.2,44.9,36.3
21225,3532,104875,12.8,8.3,47.8,24.2
21226,369,75258,5.6,9.4,38.5,39.7
21227,2144,46420,11.8,13.1,40.3,20.4
21228,3295,131926,3.4,14.3,48.6,24.2
21229,793,110463,14.3,12.8,35.4,22.0
21230,4571,85777,11.0,22.6,46.3,35.5
21231,1515,68419,5.0,10.2,36.2,23.8
21232,2183,63880,13.5,19.8,45.1,36.4
21233,1335,92618,4.0,24.5,37.6,26.2
21234,4067,38553,7.9,18.1,27.1,24.2
21235,2071,127031,11.8,5.9,25.8,26.1
21236,233,95539,14.2,7.3,29.5,31.0
21237,3012,84466,7.2,21.8,28.1,18.5
21238,4885,60626,13.0,12.2,32.1,21.0
21239,940,66243,5.4,13.1,40.9,19.1
21240,1561,25726,3.4,22.7,45.9,25.7
21241,3572,141469,3.3,19.1,24.8,19.3
21242,4943,81557,10.9,19.2,37.0,26.5
21243,2975,41720,4.9,18.5,39.9,28.8
21244,2609,110522,3.6,17.7,36.2,25.1
21245,1065,55666,14.7,20.1,22.0,15.5
21246,2138,129387,5.9,19.0,39.2,23.6
21247,4340,50161,8.6,6.9,29.8,26.1
21248,1950,108834,10.4,9.4,27.1,21.2
21249,834,132062,4.7,7.2,33.3,35.0
21250,2553,31226,7.3,21.2,41.4,34.7
21251,3116,137291,10.8,16.9,36.4,20.0
21252,3102,101093,10.7,24.3,27.6,25.0
21253,2415,29970,13.1,19.4,24.9,17.1
21254,4103,97358,8.2,14.9,30.5,34.9
21255,2413,75803,13.7,23.7,21.0,29.0
21256,4723,75472,11.2,24.3,46.4,39.2
21257,3263,59558,9.7,17.5,28.7,28.2
21258,3419,145149,4.4,17.5,46.6,28.6
21259,3561,93417,9.9,16.6,41.6,25.3
21260,529,75106,10.1,6.7,48.3,34.7
21261,3088,145672,12.1,20.3,37.3,23.8
21262,3896,30543,11.6,22.5,42.9,15.1
21263,1696,32130,9.4,16.2,25.2,28.7
21264,3462,76218,10.1,8.9,40.1,23.9
21265,2450,39134,12.3,21.2,36.2,16.5
21266,1879,143639,7.2,22.9,34.2,23.9
21267,4088,126165,4.6,21.1,26.9,38.4
21268,2548,104875,13.5,9.2,40.6,34.8
21269,2970,56186,14.6,9.3,35.5,17.4
21270,3010,51813,8.2,14.2,45.9,26.5
21271,4713,79552,14.9,8.1,22.8,18.0
21272,4360,66022,6.9,18.7,22.0,19.8
21273,2172,99741,3.8,19.2,23.1,30.2
21274,3907,31133,9.9,24.7,29.5,15.2
21275,4324,76141,13.4,12.6,44.3,30.8
21276,2964,84246,10.4,19.5,36.8,20.2
21277,3718,108724,3.1,14.9,38.2,38.0
21278,1117,93861,3.1,8.2,36.6,15.9
21279,4790,127002,11.7,23.2,37.7,15.1
21280,1432,30973,13.1,6.2,20.4,29.2
21281,2583,80043,6.0,5.8,41.2,17.5
21282,281,148905,8.6,10.3,43.7,24.6
21283,4939,96746,14.5,25.0,49.2,28.9
21284,1938,42261,8.5,5.4,40.3,29.2
21285,2551,126661,4.6,13.5,35.8,28.8
21286,2052,107051,13.9,15.4,35.8,23.5
21287,4800,62935,8.9,11.3,29.8,34.1
21288,362,106450,7.1,19.1,34.2,27.2
21289,760,117764,4.2,12.5,21.2,36.4
21290,1415,130388,8.5,18.2,49.1,17.3
21291,3019,25992,12.2,11.9,22.8,21.3
21292,2294,63540,11.6,8.0,24.9,16.5
21293,2172,140758,9.0,16.2,35.3,22.2
21294,2119,114318,11.6,16.1,32.9,37.2
21295,2840,51335,7.2,10.3,46.2,37.8
21296,915,146115,11.8,12.2,29.2,35.7
21297,4877,93132,4.0,13.7,41.6,25.1
21298,3518,118211,5.4,16.2,32.7,32.8
21299,4197,145218,13.5,17.8,31.5,37.1
21300,3817,139333,6.5,7.5,26.3,39.4
21301,4834,27949,5.5,7.9,44.4,21.7
21302,3729,46725,4.1,12.3,25.9,33.9
21303,2853,55071,7.7,13.3,20.3,17.9
21304,3467,50477,3.8,11.6,44.9,15.1
21305,4785,77636,9.0,17.9,26.3,38.0
21306,301,96126,14.0,24.3,24.5,31.8
21307,1104,65005,12.4,17.1,26.0,39.3
21308,1412,103165,3.5,8.5,48.1,32.3
21309,2125,90601,6.6,11.6,40.2,23.8
21310,3233,37894,5.3,15.9,40.7,32.7
21311,3673,94300,3.8,11.3,24.6,34.8
21312,4321,134637,4.3,14.2,38.4,16.0
21313,3771,44177,13.9,16.6,45.9,35.7
21314,1896,134828,6.7,19.1,40.4,26.4
21315,4374,134075,7.7,9.7,22.3,21.6
21316,1704,124723,8.8,14.4,33.0,27.3
21317,2002,30477,11.9,13.2,41.3,15.3
21318,4099,103181,12.6,6.9,22.8,20.8
21319,4688,91951,14.6,17.0,30.8,29.2
21320,3604,131871,5.5,20.6,41.4,18.7
21321,2719,87649,6.6,22.0,45.1,36.8
21322,2449,63192,6.8,6.5,39.1,39.7
21323,4464,31207,8.3,16.3,45.1,18.7
21324,4819,33369,12.7,24.7,39.6,32.9
21325,2772,107154,5.9,20.1,48.0,33.9
21326,918,142600,12.4,16.8,20.4,24.8
21327,2777,91297,5.4,5.6,30.5,33.6
21328,647,127182,11.5,6.3,21.9,39.2
21329,4532,112326,12.6,6.1,31.4,33.9
21330,458,26282,13.2,20.9,27.4,35.4
21331,3461,106362,9.1,15.9,27.4,30.1
21332,2024,42647,6.9,11.1,28.7,36.9
21333,4555,118686,12.3,22.5,28.7,37.7
21334,4542,112623,6.9,21.2,37.4,21.2
21335,4747,61381,4.8,20.6,39.5,18.6
21336,2801,62214,13.0,20.5,27.8,25.0
21337,2030,127940,7.9,8.8,24.3,23.0
21338,521,114029,9.9,22.5,32.5,27.1
21339,435,93919,14.0,8.9,28.9,25.9
21340,1626,109929,4.6,22.3,47.6,19.4
21341,156,75774,9.7,22.8,43.9,28.2
21342,4050,130579,9.7,19.2,46.5,23.7
21343,3247,52454,13.3,19.2,23.1,36.9
21344,3637,25029,7.1,10.2,31.5,36.8
21345,821,74460,7.8,11.3,45.5,27.0
21346,4177,100237,9.2,16.5,25.3,18.9
21347,485,109013,5.0,16.4,43.4,35.5
21348,2917,77582,8.6,11.8,46.2,18.7
21349,2987,139824,8.2,22.9,28.2,24.4
21350,2819,107694,5.4,7.6,49.0,22.9
21351,359,108518,13.0,12.8,45.1,28.2
21352,4588,100182,8.2,10.2,25.0,36.1
21353,699,60371,6.7,23.6,37.2,16.8
21354,3355,27480,4.6,7.9,26.9,20.5
21355,1139,34038,4.1,14.4,33.9,22.5
21356,4148,49782,14.5,5.8,35.3,40.0
21357,855,88444,14.9,20.6,40.1,22.9
21358,3677,84837,13.8,18.2,38.4,38.5
21359,3257,110050,8.5,21.9,30.6,18.4
21360,2858,34421,12.7,10.9,36.0,20.5
21361,576,74098,13.0,16.1,22.3,19.8
21362,1699,113394,6.6,24.2,36.8,20.3
21363,2459,111611,10.0,10.1,49.3,25.3
21364,1361,48052,14.5,23.1,36.9,21.4
21365,1682,93332,6.4,24.0,46.1,30.6
21366,2938,58895,11.0,12.6,46.1,21.9
21367,4925,97038,11.0,11.6,48.7,30.5
21368,3670,136443,8.4,10.7,22.1,17.0
21369,1598,139028,8.9,21.9,39.2,18.6
21370,848,70610,8.5,18.7,47.5,28.0
21371,4911,149082,9.3,9.2,43.7,27.0
21372,2486,133901,4.8,22.1,33.4,39.2
21373,630,26287,12.5,8.8,28.1,38.7
21374,4887,111770,10.9,14.8,30.4,22.6
21375,2309,50124,14.7,7.3,23.7,35.8
21376,4163,45329,5.9,18.0,26.3,15.4
21377,3968,136968,4.8,18.2,41.4,35.6
21378,1208,61697,7.1,12.2,25.2,26.6
21379,589,141075,9.1,7.1,45.0,32.8
21380,104,83617,5.5,15.9,27.6,27.8
21381,175,87583,8.5,23.4,32.2,36.4
21382,2828,126567,10.7,20.8,29.0,27.9
21383,572,50382,3.7,16.5,29.8,22.2
21384,3309,92463,12.1,6.5,44.3,38.3
21385,1481,118245,14.3,18.1,41.7,18.8
21386,937,54905,6.2,11.9,31.6,27.0
21387,702,114894,12.3,19.8,30.8,18.1
21388,1286,45365,8.0,5.8,40.1,17.5
21389,1581,133595,11.0,14.6,40.7,16.5
21390,3372,43129,11.9,12.1,21.4,22.0
21391,331,53984,6.5,5.3,26.5,34.1
21392,427,143676,12.4,14.4,37.5,32.6
21393,1049,71358,4.3,8.0,37.6,35.5
21394,1986,103211,14.8,5.4,25.8,22.4
21395,4195,140913,7.0,17.3,22.0,27.1
21396,2397,49490,5.7,24.7,49.4,30.8
21397,1407,80434,4.7,18.5,23.8,23.5
21398,297,30971,12.7,22.6,46.2,23.4
21399,4611,43450,10.0,7.5,30.5,20.4
21400,2879,39656,14.4,10.9,45.6,28.0
21401,3436,66054,10.8,20.4,38.8,38.0
21402,1438,123433,7.1,8.6,21.5,17.1
21403,1791,32272,13.0,16.9,47.3,39.3
21404,315,64856,6.4,14.4,43.1,37.4
21405,1749,93804,6.5,17.1,33.9,24.8
21406,2962,51529,3.3,24.3,37.8,15.8
21407,709,133803,6.0,20.3,29.9,15.6
21408,2658,58754,6.1,24.8,24.4,38.8
21409,1017,60878,6.6,7.4,21.7,30.2
21410,4352,44956,7.4,14.3,36.2,32.3
21411,261,83160,9.9,9.9,25.4,22.8
21412,4237,48682,5.6,18.3,30.6,36.4
21413,2911,121409,10.6,5.3,29.1,19.7
21414,3521,60368,4.6,22.9,31.3,32.5
21415,4315,73448,14.2,17.0,25.1,18.5
21416,1198,59937,3.3,18.4,43.5,38.8
21417,2821,43163,13.9,20.9,42.0,37.1
21418,2808,42140,9.6,19.9,44.6,36.7
21419,222,58935,11.5,18.7,34.6,39.9
21420,2800,48737,6.6,24.0,41.1,20.8
21421,3353,60362,5.1,9.7,24.0,37.9
21422,3161,112250,14.4,6.9,37.7,32.3
21423,4061,138039,8.3,17.6,48.0,35.3
21424,888,28104,8.8,6.3,29.2,25.2
21425,356,130630,14.8,16.1,38.4,34.2
21426,4125,58173,7.0,19.0,26.6,32.8
21427,3754,149732,4.2,18.5,29.0,33.5
21428,3351,27411,10.0,11.8,48.6,23.5
21429,3689,52603,9.7,18.6,22.7,21.5
21430,4875,122983,12.3,11.7,43.1,37.1
21431,707,86431,14.5,21.1,46.2,25.2
21432,4526,115274,6.7,22.4,38.0,35.2
21433,4027,101539,11.7,18.3,20.5,32.4
21434,2252,37838,8.2,17.5,42.8,19.6
21435,646,98858,12.4,10.8,32.0,19.3
21436,4988,110087,5.0,14.3,43.0,33.9
21437,2004,76852,9.0,9.6,23.8,39.7
21438,1782,134551,3.9,19.1,38.6,38.2
21439,588,101045,9.7,18.0,31.2,20.0
21440,1922,129104,5.0,7.2,20.4,22.3
21441,3221,68911,14.5,23.0,35.9,37.5
21442,3874,81686,9.7,24.8,37.8,37.1
21443,3172,62650,9.4,7.8,47.8,18.4
21444,3552,117524,14.7,10.5,47.7,18.2
21445,749,59701,9.0,21.4,41.0,21.7
21446,747,147826,11.1,12.9,31.4,34.4
21447,480,110425,3.6,6.2,20.9,35.0
21448,2166,142820,11.5,23.2,41.5,25.8
21449,1963,93515,4.3,15.5,32.0,32.1
21450,2390,91882,12.4,5.6,29.3,19.4
21451,4324,102528,13.5,13.7,30.2,17.7
21452,1299,93172,6.8,21.7,22.4,37.2
21453,4604,55927,13.5,12.9,25.7,32.6
21454,4987,88835,8.8,7.6,41.3,32.2
21455,3090,49620,9.9,5.8,30.5,17.5
21456,1207,25346,7.9,20.6,21.6,34.5
21457,3547,70769,8.7,15.2,28.9,23.6
21458,321,45177,13.9,11.4,46.6,37.4
21459,1539,41199,14.4,21.5,46.9,25.5
21460,717,37934,8.4,7.3,42.6,19.6
21461,2670,133912,9.2,8.3,22.6,23.0
21462,2855,89021,4.4,12.8,47.7,16.0
21463,2890,54029,6.9,5.8,46.7,35.3
21464,4042,142230,9.2,22.1,24.2,28.8
21465,3409,95536,5.4,14.2,32.5,31.2
21466,4154,66019,9.9,16.9,35.5,17.3
21467,324,43729,11.2,5.9,20.0,27.1
21468,2341,137698,10.8,22.3,28.8,31.5
21469,4252,106319,8.3,24.4,28.3,28.0
21470,3796,127630,12.2,22.8,36.0,16.4
21471,3450,142532,6.8,18.7,20.2,26.2
21472,3927,94302,8.6,20.8,33.5,21.9
21473,1503,123751,6.2,22.0,29.9,24.4
21474,4312,56332,10.2,9.3,36.7,22.2
21475,509,131097,8.3,7.9,31.2,22.1
21476,2016,60183,5.6,9.1,25.2,34.3
21477,3538,127382,6.7,22.8,42.9,21.3
21478,4167,70609,6.4,11.7,23.2,40.0
21479,2959,62916,13.9,8.1,37.0,38.8
21480,2083,28035,9.3,25.0,24.8,25.5
21481,2151,92860,10.8,8.4,44.0,15.7
21482,3801,113672,14.2,7.3,34.2,25.7
21483,122,121958,5.2,21.7,40.8,23.9
21484,3068,55074,14.2,21.9,27.8,19.4
21485,844,111846,9.5,16.0,22.5,32.6
21486,701,86401,13.3,10.5,30.5,20.6
21487,3135,49613,5.0,11.2,32.8,23.4
21488,1942,83574,6.3,11.1,42.7,29.5
21489,2774,30825,5.3,22.3,28.1,28.8
21490,4276,65587,10.8,5.3,47.5,25.7
21491,2762,66248,4.7,19.2,47.6,34.3
21492,582,114038,12.5,24.1,30.2,23.4
21493,4136,112532,6.0,20.0,26.9,37.1
21494,2739,65704,6.1,14.8,42.9,26.5
21495,3411,87688,6.4,6.6,34.3,18.2
21496,4228,129899,12.0,5.6,34.9,21.4
21497,4475,39363,14.1,9.2,43.7,20.6
21498,3925,37989,13.9,17.2,32.9,38.0
21499,2299,72860,4.2,14.1,35.0,27.8
21500,1782,84725,6.1,17.0,43.2,32.5
21501,4896,63260,11.1,6.7,26.9,37.2
21502,3708,39138,10.4,21.6,47.7,29.3
21503,1118,64472,7.2,18.6,38.5,16.1
21504,4860,114388,13.4,17.8,39.7,16.6
21505,3070,123507,4.6,8.5,48.8,19.1
21506,1411,129826,10.7,15.9,22.1,23.8
21507,1518,122157,6.3,10.1,27.0,20.3
21508,2600,46618,9.3,23.7,39.1,16.9
21509,2767,116155,7.6,14.3,23.8,24.9
21510,1486,71063,14.8,11.1,32.0,37.2
21511,1244,43004,8.8,24.0,38.2,33.4
21512,2163,76595,14.7,9.1,24.5,29.0
21513,4934,45220,6.1,14.9,31.1,34.6
21514,1646,142811,12.2,8.4,36.1,23.2
21515,2245,77883,11.6,6.9,42.3,38.1
21516,2263,126561,13.2,6.0,21.4,27.8
21517,3112,54024,11.3,5.3,25.2,28.0
21518,4544,42521,11.2,19.2,30.7,23.8
21519,4427,35753,10.9,12.8,21.9,29.1
21520,3282,99273,14.8,23.4,35.3,38.3
21521,3523,70337,5.7,17.5,45.1,17.7
21522,4101,115784,3.4,21.1,37.5,25.7
21523,3659,147025,11.1,10.7,47.8,30.3
21524,1656,56325,5.1,9.3,36.1,23.1
21525,2786,50335,11.2,13.9,36.1,33.7
21526,2432,34536,6.8,21.5,44.7,18.3
21527,1756,56085,3.5,14.6,48.8,32.2
21528,644,58287,12.2,16.0,46.9,25.7
21529,491,33000,3.6,12.2,24.9,15.3
21530,2088,111125,5.7,16.8,49.9,39.7
21531,4185,105777,7.0,15.1,30.6,23.5
21532,396,53191,4.6,14.2,30.0,27.0
21533,1186,122842,14.0,16.0,41.6,16.9
21534,4465,120160,10.5,13.4,34.6,30.1
21535,3361,37967,13.5,20.7,22.7,15.7
21536,4705,149481,11.2,6.4,45.0,27.4
21537,1216,69574,14.9,12.1,45.9,23.2
21538,1176,38246,9.3,20.1,45.3,19.7
21539,595,97003,3.6,12.3,36.4,22.1
21540,3095,129375,4.9,14.4,28.9,35.3
21541,193,39347,10.1,12.8,45.6,40.0
21542,4820,92358,7.2,12.0,46.9,19.9
21543,4424,108944,4.4,16.0,47.6,36.0
21544,820,40382,5.9,8.3,40.3,32.1
21545,4462,91720,8.7,13.7,36.1,24.1
21546,4476,105135,9.2,20.1,20.1,26.2
21547,4126,107299,14.2,5.2,23.7,39.2
21548,4155,123032,4.1,17.1,34.6,24.8
21549,1206,141815,7.3,24.6,41.7,33.5
21550,4032,149174,9.1,13.1,21.5,36.2
21551,3822,105296,4.4,15.8,36.2,29.9
21552,1471,33807,11.3,7.8,33.7,30.0
21553,522,58203,9.2,19.1,24.3,27.7
21554,2105,62785,8.5,13.4,32.5,38.6
21555,4649,77301,10.9,20.4,30.7,37.6
21556,4702,92083,6.5,7.5,44.5,36.4
21557,4511,79042,7.1,6.5,25.9,35.4
21558,863,50710,5.0,10.6,49.5,30.5
21559,3468,89478,9.3,8.5,47.1,34.7
21560,997,66411,7.5,21.3,42.0,32.9
21561,1052,40773,6.1,20.2,44.0,38.6
21562,3022,94891,4.5,24.3,22.9,22.4
21563,4579,105693,3.3,6.3,43.1,26.8
21564,3297,40710,5.3,10.7,26.0,26.8
21565,4298,147785,6.0,24.4,46.5,39.1
21566,999,81003,8.8,7.1,32.0,35.8
21567,4123,56571,5.9,14.8,40.6,16.8
21568,4305,120415,12.8,18.1,43.2,23.6
21569,3741,113238,8.7,9.6,35.3,20.7
21570,3643,25711,10.5,20.5,32.7,36.8
21571,3741,145507,5.5,22.0,32.6,38.4
21572,4865,69649,8.0,13.0,46.1,21.1
21573,3190,149858,10.2,19.1,49.3,15.1
21574,4579,46889,6.7,15.6,41.1,33.2
21575,861,56304,7.0,18.6,33.9,23.9
21576,2507,32439,12.7,14.0,27.1,32.3
21577,985,118909,13.0,5.7,35.2,30.4
21578,2743,137825,9.4,11.5,24.0,15.2
21579,3343,117811,13.8,10.9,46.6,30.8
21580,1335,129324,11.8,23.5,45.0,31.7
21581,3033,66126,3.7,13.8,43.3,15.0
21582,1568,64054,9.7,23.1,23.6,37.3
21583,109,29588,11.4,5.1,35.7,30.3
21584,891,109039,9.5,17.6,33.5,39.2
21585,1762,32511,13.0,14.1,26.9,34.8
21586,843,84890,6.6,5.9,39.9,20.1
21587,2528,47674,3.8,14.4,47.3,30.5
21588,3593,81820,10.6,12.7,37.2,15.6
21589,4646,128761,11.8,9.3,47.5,22.3
21590,1216,124412,12.2,6.6,45.3,30.5
21591,2541,75992,3.1,20.8,32.5,15.6
21592,1454,101666,11.1,17.2,21.5,23.8
21593,2580,44238,3.2,16.8,33.6,34.2
21594,3101,89333,12.3,23.1,33.7,33.6
21595,1286,110134,11.4,5.2,31.3,15.3
21596,4187,83234,9.8,15.8,26.7,22.0
21597,2931,67294,9.1,24.1,34.8,18.9
21598,3761,110360,11.6,14.0,42.7,37.3
21599,1848,96362,3.7,14.4,35.3,16.2
21600,2963,59487,13.0,6.4,30.0,39.1
21601,1214,93396,5.4,19.1,23.9,36.6
21602,3364,66930,8.7,20.2,40.2,35.6
21603,3190,69472,8.8,7.8,46.0,15.0
21604,1163,90602,12.3,17.8,35.2,16.2
21605,3848,49285,5.3,12.5,24.0,35.9
21606,4645,45229,6.6,16.3,26.9,27.4
21607,2832,50413,11.0,18.5,41.3,36.5
21608,1972,42310,8.0,7.0,24.1,34.5
21609,4820,94141,6.6,11.0,35.3,31.4
21610,2069,140028,10.5,21.8,20.9,17.2
21611,984,143437,4.0,8.4,28.9,35.0
21612,4063,139789,12.5,18.0,25.4,17.5
21613,3778,102113,9.3,21.7,33.0,35.0
21614,418,49517,5.5,17.5,39.7,15.7
21615,3916,139588,7.9,20.7,31.2,26.5
21616,3817,103775,4.6,14.8,40.1,34.7
21617,3295,124437,10.4,22.7,34.3,15.5
21618,1474,46386,11.0,18.5,42.9,29.3
21619,587,137047,7.9,11.8,24.1,38.9
21620,550,51965,7.1,15.4,39.2,32.6
21621,452,42211,13.2,17.9,46.2,37.1
21622,2040,87642,9.9,20.8,47.2,17.9
21623,2467,101454,11.0,8.4,47.1,25.6
21624,3336,84525,4.5,24.8,47.5,30.0
21625,347,128453,11.6,8.0,46.6,16.9
21626,3603,81170,8.3,15.9,43.3,17.2
21627,667,139136,7.4,5.3,25.9,24.1
21628,783,95627,14.2,13.8,35.1,35.0
21629,743,140072,3.6,5.1,28.2,28.1
21630,578,82941,5.3,6.4,30.3,25.0
21631,2860,123312,7.5,16.0,46.7,35.3
21632,4563,90452,6.9,14.1,48.6,17.2
21633,4552,75465,9.1,6.3,23.3,28.2
21634,1468,38263,7.8,23.6,34.4,30.0
21635,2326,91514,12.5,12.0,29.8,29.3
21636,3596,88111,12.2,19.9,29.7,20.0
21637,3712,45107,12.3,24.3,37.3,37.5
21638,4107,109010,7.4,23.2,34.2,24.8
21639,1942,36368,7.9,18.7,49.9,38.6
21640,3477,116959,11.6,5.4,41.2,19.6
21641,2514,110022,4.5,17.8,49.3,21.4
21642,1159,45137,13.2,6.7,23.4,19.0
21643,1744,127048,9.5,13.5,37.2,39.3
21644,1911,31930,13.2,23.3,49.2,16.6
21645,2293,59556,12.5,7.4,29.9,26.6
21646,2527,108162,7.5,19.1,35.6,26.7
21647,267,35199,4.2,10.7,42.3,25.0
21648,4282,66072,14.0,8.2,43.3,31.4
21649,253,72835,7.1,9.8,45.8,35.4
21650,2644,61534,7.5,13.1,42.3,17.9
21651,3968,77483,13.9,21.1,49.4,18.3
21652,414,31155,14.0,15.3,42.3,21.2
21653,822,36734,6.2,12.0,21.7,39.7
21654,3731,91899,4.1,8.5,41.8,36.1
21655,3445,36111,3.0,10.1,31.1,17.0
21656,2911,119107,8.3,23.9,35.1,36.1
21657,2409,68253,9.8,9.4,33.1,38.8
21658,2601,73377,6.2,11.5,37.2,30.4
21659,3433,64420,6.1,14.8,46.7,32.1
21660,2123,126679,7.3,14.0,25.3,29.5
21661,449,37151,6.2,11.1,43.6,22.1
21662,923,41251,13.3,5.3,48.8,16.1
21663,537,96168,10.7,21.5,40.4,17.1
21664,268,28432,12.9,6.5,42.2,37.3
21665,3919,41074,13.3,20.8,31.5,26.6
21666,3514,121299,8.2,11.1,35.3,15.1
21667,3401,63206,8.7,23.2,42.1,30.7
21668,4218,39942,14.7,14.9,36.1,27.5
21669,3135,106189,12.8,5.2,20.9,17.5
21670,4476,48036,12.6,15.4,38.8,31.2
21671,3690,130992,10.0,23.2,48.6,36.4
21672,2869,30893,8.5,5.8,41.3,38.8
21673,2400,42733,13.7,14.2,46.8,34.7
21674,4599,120484,12.7,19.0,26.3,17.4
21675,2280,90843,9.2,6.3,35.4,24.4
21676,3445,34538,6.2,9.7,33.0,32.5
21677,2765,38919,4.8,5.7,39.2,30.3
21678,331,115978,9.6,16.1,24.3,27.9
21679,2692,81207,6.6,21.3,33.1,36.8
21680,4274,32809,6.2,12.1,40.9,37.4
21681,1158,88523,4.3,7.2,35.8,15.4
21682,2642,129040,3.4,15.5,23.7,20.2
21683,1233,70766,12.4,22.3,36.1,26.7
21684,3746,54986,4.3,16.8,42.1,18.9
21685,2475,131359,13.7,9.4,39.9,24.0
21686,3980,49093,5.6,9.3,43.6,25.7
21687,2837,56660,12.1,11.8,30.4,24.9
21688,2531,65877,12.9,6.7,43.4,29.4
21689,1487,137220,12.5,15.8,38.0,24.2
21690,3403,67472,13.5,24.4,42.2,29.4
21691,1537,105832,7.1,21.1,33.7,34.9
21692,3465,27283,14.8,15.9,25.8,37.6
21693,4742,130856,6.4,23.4,49.7,34.3
21694,1829,56080,14.2,16.5,44.3,20.5
21695,2539,135520,8.2,21.0,42.9,36.4
21696,3273,49518,3.7,8.7,47.6,33.2
21697,4007,45162,12.4,8.9,49.2,38.8
21698,1416,145063,12.4,22.3,31.2,35.4
21699,784,50443,5.4,9.6,22.6,21.8
21700,2688,26382,12.9,16.1,40.9,15.5
21701,3643,110534,4.9,9.3,45.9,23.9
21702,3187,149952,4.8,17.1,40.7,18.1
21703,1775,117974,12.7,14.1,36.7,25.7
21704,2213,114015,6.5,21.4,36.4,31.3
21705,1057,99711,3.9,20.4,24.2,26.1
21706,3643,140712,14.5,9.7,26.4,29.4
21707,3194,84749,9.7,15.2,25.0,29.3
21708,4897,49693,8.4,24.6,32.2,27.0
21709,2907,60294,9.0,15.5,35.9,30.0
21710,920,72780,11.0,13.8,35.0,22.3
21711,987,146290,13.3,5.9,28.5,39.8
21712,3828,84504,11.1,16.6,25.8,25.8
21713,4093,116330,11.9,23.9,37.9,34.9
21714,3184,114739,5.2,23.1,29.8,34.6
21715,975,107963,7.6,19.2,22.8,24.3
21716,4361,57029,10.0,11.8,37.9,20.2
21717,4096,109425,10.4,19.8,43.7,27.5
21718,656,69774,6.2,16.1,21.7,24.3
21719,2314,102247,14.7,16.1,30.0,26.8
21720,808,49142,4.4,21.4,25.8,38.2
21721,817,125991,4.3,9.7,40.9,29.8
21722,3765,93692,5.7,16.6,46.5,30.4
21723,2244,107495,12.0,17.0,25.4,31.2
21724,2119,52921,3.4,23.5,47.8,15.2
21725,3879,36039,14.9,5.5,28.4,33.8
21726,390,123706,14.9,14.6,25.7,27.1
21727,2283,98980,4.9,10.3,49.3,32.0
21728,3979,26629,7.8,21.7,43.3,25.0
21729,3036,49352,5.4,11.0,30.7,15.1
21730,2514,138597,7.9,10.6,37.1,29.2
21731,2395,126013,9.4,18.5,36.4,25.7
21732,2913,73492,12.9,10.7,24.1,31.5
21733,1337,136260,3.4,13.1,48.2,24.2
21734,2217,46207,14.8,5.7,37.1,28.6
21735,4941,36523,14.3,12.1,42.0,21.4
21736,3143,55129,9.8,19.1,43.9,31.7
21737,3187,94579,8.8,16.0,37.0,19.4
21738,3658,60427,9.6,7.8,30.2,34.5
21739,798,95777,3.2,21.4,36.2,18.4
21740,2953,41003,11.9,11.7,49.3,22.9
21741,3908,71596,9.0,22.6,44.1,21.7
21742,4719,132474,6.4,21.8,50.0,29.5
21743,1945,28816,8.5,7.9,24.2,25.1
21744,4114,44110,6.5,23.2,23.0,29.7
21745,3282,91104,11.4,6.5,41.2,20.2
21746,563,70598,10.4,13.3,39.9,22.1
21747,3960,86958,7.7,8.4,29.5,26.3
21748,550,88499,6.8,7.4,33.1,24.7
21749,2015,29105,13.5,7.3,25.5,20.2
21750,1023,135748,11.2,5.0,31.3,16.0
21751,3722,126076,11.6,20.8,47.9,33.3
21752,415,135732,10.4,10.2,30.9,15.2
21753,4866,94590,3.9,5.2,26.2,28.0
21754,4893,117798,3.7,9.4,27.9,27.0
21755,1476,114797,8.2,6.1,35.1,36.8
21756,2915,45382,14.2,5.9,34.3,32.3
21757,1362,123440,9.3,20.9,22.9,15.5
21758,1227,46170,13.5,5.3,23.3,17.5
21759,3025,55295,4.2,22.3,27.2,33.1
21760,1152,116535,11.7,9.0,41.9,20.7
21761,4284,121698,5.9,24.1,33.5,18.2
21762,2522,75617,9.3,20.2,23.6,24.1
21763,3568,62539,6.5,9.9,40.4,38.6
21764,4559,143520,11.5,10.9,20.4,24.7
21765,4121,42920,7.8,10.5,37.9,30.9
21766,4509,60092,8.5,9.4,30.4,21.7
21767,647,135251,5.9,9.9,21.5,34.4
21768,4991,67339,6.4,17.0,23.7,24.4
21769,3623,99660,5.2,18.1,42.5,36.2
21770,1629,37037,9.6,9.2,27.4,33.5
21771,206,139317,4.7,22.0,28.2,17.8
21772,956,97796,6.2,20.4,34.6,21.1
21773,3084,64552,9.4,14.8,24.7,21.9
21774,4486,130607,6.3,8.0,49.1,22.6
21775,4812,39446,10.1,13.0,31.4,34.2
21776,1350,99795,3.2,12.7,33.4,23.4
21777,1711,52514,14.7,23.0,22.2,28.8
21778,1890,107130,11.8,22.3,36.7,35.7
21779,967,35582,9.0,5.7,43.9,16.9
21780,2869,81678,14.1,5.1,32.6,22.4
21781,4353,129808,13.4,20.5,25.0,39.2
21782,427,73458,7.4,7.2,20.8,37.0
21783,3916,146242,4.4,9.0,30.4,34.8
21784,3248,117918,6.0,23.9,45.8,20.3
21785,3481,136099,5.5,12.2,23.0,35.8
21786,2474,115343,12.0,21.8,48.7,39.0
21787,2655,42187,9.6,8.3,46.2,30.9
21788,1230,83537,13.2,18.6,21.2,17.4
21789,4436,85819,8.9,17.5,22.5,38.9
21790,2582,148113,12.2,19.7,33.4,15.0
21791,3199,109487,6.9,10.8,22.4,32.7
21792,2851,43531,10.2,7.7,48.6,27.4
21793,3420,64164,10.7,6.5,20.7,25.7
21794,1656,84699,12.1,18.6,48.3,36.8
21795,3643,105665,12.6,18.3,39.4,23.9
21796,4608,101578,6.3,5.4,36.4,18.3
21797,668,92259,7.6,17.0,39.6,19.9
21798,1754,75298,5.5,7.9,23.8,21.4
21799,3336,131627,12.0,5.8,42.5,25.9
21800,3219,106131,6.2,15.4,27.9,20.7
21801,3833,113284,7.7,9.5,43.3,17.6
21802,3329,133605,12.6,15.8,44.8,19.1
21803,250,115943,7.1,19.3,33.0,19.1
21804,2372,53337,6.5,23.5,33.7,38.5
21805,4451,140419,10.8,11.8,26.5,23.7
21806,2208,99130,14.7,13.5,37.5,26.5
21807,1895,113234,3.8,8.3,22.5,35.3
21808,2527,63363,13.0,19.4,28.8,28.1
21809,3614,100345,4.5,21.5,25.0,18.8
21810,448,119221,7.1,19.1,46.6,34.9
21811,2178,74130,8.0,13.9,41.0,32.1
21812,496,25269,11.6,16.2,42.6,38.9
21813,3076,103901,14.1,9.4,43.7,21.6
21814,2709,81732,4.2,19.7,24.1,19.0
21815,1258,108074,11.9,18.2,46.2,30.8
21816,245,139273,6.9,23.5,39.5,18.8
21817,2326,146544,13.8,16.4,26.0,35.1
21818,363,81167,6.3,20.0,48.1,26.8
21819,4399,121004,11.3,15.0,33.1,39.3
21820,3201,49284,5.0,21.7,30.8,19.3
21821,2206,57744,14.5,16.9,28.5,34.0
21822,3180,47020,3.1,14.3,39.2,20.9
21823,1087,31772,5.8,7.9,33.5,23.8
21824,1447,125652,11.1,21.1,25.2,26.4
21825,1460,76903,13.2,21.2,43.1,22.0
21826,2938,133479,14.9,11.3,24.7,33.7
21827,1826,63826,5.1,13.9,31.8,23.9
21828,2389,95058,6.7,13.3,37.0,25.3
21829,1007,27163,13.7,11.8,21.4,28.9
21830,1283,76435,3.4,14.9,41.0,29.9
21831,2924,137178,11.8,15.1,22.2,30.5
21832,1358,80308,8.1,6.6,21.0,31.3
21833,298,106113,11.3,10.2,33.1,28.8
21834,1156,29163,9.3,6.1,34.1,28.9
21835,2555,68750,10.5,19.5,29.7,29.3
21836,3465,40172,11.0,19.4,32.1,38.4
21837,1360,62254,10.6,10.8,22.5,19.5
21838,4078,84495,11.0,16.6,38.6,29.4
21839,2935,104831,9.8,13.6,42.4,39.8
21840,1413,104273,11.6,8.1,26.3,38.8
21841,2002,35853,12.3,18.4,25.4,34.6
21842,4075,83116,12.5,20.5,21.1,22.4
21843,677,67926,13.2,11.7,34.1,34.7
21844,4530,117463,6.8,15.2,40.7,39.7
21845,1120,109346,11.9,8.6,41.5,36.3
21846,3753,41097,14.4,6.2,21.0,21.0
21847,3944,89859,7.4,10.3,49.1,26.7
21848,3673,77398,12.3,21.4,49.5,32.0
21849,2393,112431,6.5,20.4,44.8,16.9
21850,710,143164,5.1,9.7,40.6,38.7
21851,428,61951,8.4,6.3,31.0,23.6
21852,646,52253,12.7,21.6,31.7,27.8
21853,438,129215,6.7,17.4,47.2,30.5
21854,3281,104500,6.5,6.8,28.3,20.5
21855,3141,103448,6.3,19.2,46.3,22.2
21856,906,88374,5.6,15.4,24.5,23.8
21857,1133,128512,10.3,7.8,29.8,33.3
21858,3373,65946,5.9,5.4,32.7,35.2
21859,4087,101652,14.2,21.8,38.6,33.7
21860,3433,61660,7.2,10.7,42.3,37.0
21861,2840,76931,9.5,15.9,24.1,15.5
21862,4625,136590,7.9,8.0,32.0,21.0
21863,1796,97135,14.6,18.6,31.2,32.9
21864,3750,33646,8.1,6.1,29.0,30.3
21865,2182,77786,9.8,21.7,33.5,39.0
21866,2098,48038,12.2,16.3,41.9,22.8
21867,4752,44630,5.1,7.0,36.7,22.2
21868,1785,103758,3.4,16.1,35.1,39.3
21869,4686,29304,8.5,13.4,35.5,33.2
21870,1703,81948,9.6,10.5,41.3,31.3
21871,4449,123225,6.4,18.5,36.7,28.7
21872,4212,128736,8.6,21.2,41.3,19.5
21873,360,126154,10.4,7.3,35.1,35.5
21874,3896,47007,14.7,10.5,40.8,28.9
21875,2875,141821,10.2,8.2,45.5,24.3
21876,600,134833,8.4,14.1,22.4,20.0
21877,1115,79491,3.3,5.1,42.6,15.9
21878,2433,39630,6.7,18.9,44.4,39.4
21879,2154,59489,7.3,5.8,42.4,31.4
21880,4063,108946,8.7,8.7,26.9,34.5
21881,3774,80801,12.4,22.0,23.5,34.2
21882,4155,72068,12.3,21.4,47.5,18.8
21883,2806,140874,13.1,17.4,30.2,39.5
21884,2199,42534,6.5,19.3,25.5,37.3
21885,2665,78364,7.2,16.1,40.3,31.9
21886,3117,59197,4.8,12.8,46.0,31.3
21887,208,91184,13.3,9.8,49.6,26.3
21888,3522,82087,10.8,23.2,36.3,31.3
21889,165,58123,3.9,23.0,46.4,28.6
21890,3181,27823,6.6,22.9,34.5,20.1
21891,4397,33157,4.8,23.2,36.2,28.2
21892,3048,144806,14.6,20.3,37.0,34.4
21893,313,40581,6.9,22.9,46.2,17.7
21894,4522,130847,9.0,22.4,27.2,29.9
21895,1140,52961,6.8,10.3,42.4,35.7
21896,4718,135430,8.7,21.9,30.1,22.5
21897,1087,63037,15.0,16.2,22.9,24.0
21898,3295,47763,6.4,15.4,49.3,33.2
21899,603,94470,6.4,7.5,47.8,22.9
21900,855,83535,7.5,22.0,35.2,20.1
21901,1441,46998,5.0,11.4,24.6,19.0
21902,2688,32085,11.9,9.2,45.9,31.5
21903,1481,86508,7.6,21.6,32.1,21.8
21904,3087,71800,10.0,5.5,35.4,27.3
21905,2944,107186,10.9,9.0,49.7,36.1
21906,2619,97853,3.4,14.8,34.0,36.2
21907,3826,120022,10.7,22.8,24.4,39.2
21908,1987,43264,9.4,13.7,39.9,30.9
21909,1423,108468,4.0,8.4,36.5,33.2
21910,3909,58149,4.5,14.8,25.4,36.8
21911,3847,59403,8.3,17.6,25.6,33.4
21912,2231,86813,7.2,22.5,47.6,31.6
21913,2524,83028,8.2,21.1,21.2,21.1
21914,3484,136097,10.6,20.6,38.7,27.5
21915,2351,35476,4.9,14.8,43.7,35.0
21916,1108,69618,10.9,23.2,31.2,21.5
21917,1417,84716,12.8,22.6,24.1,19.0
21918,3316,90400,3.0,20.2,47.6,27.5
21919,4734,32417,7.4,20.9,27.8,36.6
21920,116,93173,6.3,23.1,25.4,34.6
21921,4770,72893,8.2,11.9,21.9,18.4
21922,1902,30570,10.4,24.1,46.8,21.3
21923,2723,111769,5.3,7.6,36.2,38.2
21924,229,63818,4.6,22.6,31.7,37.0
21925,1573,141639,11.7,9.5,43.1,36.5
21926,1049,51021,11.2,16.1,35.8,21.2
21927,4096,47329,8.5,16.5,29.1,30.4
21928,1168,57679,9.0,23.7,31.6,26.4
21929,4411,87679,6.2,10.4,42.8,32.1
21930,1723,74172,7.0,13.4,28.0,35.0
21931,2995,103128,6.8,7.9,36.1,23.1
21932,2836,118536,11.7,15.9,46.0,16.2
21933,2412,37891,9.7,12.8,46.3,18.1
21934,2046,138446,11.8,13.9,46.8,36.2
21935,716,124313,10.1,6.4,42.9,32.7
21936,1969,70500,9.5,21.7,35.3,38.3
21937,400,32779,6.8,12.1,35.0,35.1
21938,1084,72369,7.7,17.7,48.7,24.5
21939,3791,64908,13.6,17.6,43.1,28.3
21940,4601,79439,9.9,17.7,26.4,28.3
21941,3526,83425,9.3,9.7,29.9,17.5
21942,260,44032,3.6,7.1,29.9,27.5
21943,125,88148,11.1,6.4,43.2,18.1
21944,182,98360,11.2,16.4,34.0,23.1
21945,272,39968,11.3,6.9,41.9,39.0
21946,1098,79004,4.1,13.0,21.3,19.9
21947,3241,70379,6.6,22.5,40.0,21.9
21948,2982,128689,7.5,6.5,29.5,20.1
21949,4201,74012,12.9,18.0,26.6,29.4
21950,2943,54757,14.8,13.6,39.9,36.6
21951,4720,72192,8.0,22.2,23.1,34.3
21952,2210,105553,9.7,19.9,39.9,35.5
21953,3184,53332,3.1,7.4,49.8,18.9
21954,2145,87539,3.1,10.8,47.5,34.1
21955,860,76604,3.9,17.7,42.9,18.3
21956,304,31508,11.6,8.4,30.2,23.9
21957,3202,86338,5.1,21.0,29.0,18.1
21958,2135,69927,12.1,9.9,49.0,39.1
21959,1652,36933,8.2,21.6,23.0,22.3
21960,924,37105,13.2,10.4,26.3,21.9
21961,3056,69756,13.4,9.3,44.8,38.4
21962,3848,49960,13.6,23.8,34.9,35.9
21963,2545,78256,9.5,17.7,47.1,26.5
21964,3996,68522,12.5,15.8,31.1,21.9
21965,938,32536,10.9,6.0,29.2,22.5
21966,4795,47836,5.2,10.6,37.8,20.2
21967,3783,27217,7.6,7.5,40.6,29.7
21968,2061,107066,14.5,8.2,40.0,18.0
21969,1037,53165,12.3,10.3,27.6,18.2
21970,3031,108846,6.2,7.7,45.4,19.3
21971,524,94290,6.4,23.0,33.8,17.2
21972,3410,66039,6.1,6.7,22.5,32.2
21973,3151,54475,6.9,22.2,36.5,16.0
21974,3005,97131,14.1,14.6,28.6,18.0
21975,2237,118649,8.2,8.1,37.7,31.5
21976,4146,149639,7.4,15.5,25.6,36.8
21977,3310,42361,5.9,22.2,44.8,21.1
21978,2794,144590,13.7,22.8,25.2,37.7
21979,3695,38866,14.5,12.1,32.6,20.4
21980,1367,129356,6.9,18.4,21.1,34.5
21981,3676,44188,10.4,6.3,39.4,34.3
21982,521,81731,14.5,15.0,22.8,26.4
21983,3366,83929,9.0,9.5,41.7,15.9
21984,1757,29390,8.6,11.0,40.1,29.7
21985,2200,99881,9.3,14.3,32.5,22.2
21986,4039,31012,3.4,23.3,34.7,31.6
21987,784,96419,6.6,21.5,45.1,27.6
21988,2326,79436,11.4,12.6,27.7,22.7
21989,4488,132108,14.6,14.6,39.1,25.6
21990,2522,52506,9.8,22.5,37.2,27.1
21991,1177,133306,5.3,6.6,41.8,20.6
21992,4085,110498,8.1,20.5,32.1,27.5
21993,3940,45548,8.9,8.4,46.4,39.1
21994,3416,29651,4.8,10.6,27.1,33.8
21995,2943,93492,7.0,9.4,44.1,35.6
21996,3539,129085,8.3,16.0,38.1,15.3
21997,4211,54171,6.1,9.6,44.0,29.3
21998,4371,126510,7.2,14.1,48.9,22.6
21999,2003,74025,6.3,5.5,20.1,32.8
22000,4324,140517,10.4,11.3,20.9,28.9
22001,3394,127901,9.9,19.2,20.0,34.7
22002,525,132469,9.6,13.7,29.4,19.1
22003,2501,118528,4.2,21.5,31.8,38.8
22004,849,148609,5.2,14.2,31.2,27.2
22005,4939,116012,4.3,22.5,21.5,19.0
22006,4674,91195,3.8,12.9,47.1,31.7
22007,143,32805,6.0,12.2,23.9,36.1
22008,1659,91296,5.3,10.1,36.2,35.9
22009,4294,121309,11.7,14.2,47.2,26.7
22010,3568,131827,11.4,21.6,36.2,33.2
22011,4051,58726,5.4,19.3,31.1,34.7
22012,4366,118603,5.0,8.5,41.1,20.5
22013,247,67718,4.7,23.5,49.9,39.7
22014,2270,63608,6.8,13.9,38.1,20.2
22015,211,146487,6.5,9.4,39.4,18.2
22016,4263,29408,3.3,23.8,25.4,35.0
22017,927,92391,9.8,13.8,27.9,37.4
22018,1852,118321,13.8,8.5,43.8,26.3
22019,3039,107274,9.5,21.5,42.5,29.4
22020,3828,96157,3.8,15.0,27.2,16.7
22021,3716,125576,10.2,8.9,35.2,25.9
22022,3823,87053,8.8,18.6,46.4,31.9
22023,2377,78346,13.9,24.6,25.4,37.2
22024,259,137946,7.4,6.7,41.7,23.3
22025,3465,128194,12.0,13.7,30.4,28.5
22026,2333,117550,3.5,15.3,22.0,16.7
22027,1113,93698,11.7,18.2,28.4,19.0
22028,651,110800,3.5,9.6,32.6,18.4
22029,1275,129821,7.1,8.7,42.3,31.2
22030,1263,98931,14.4,19.8,23.8,30.1
22031,1408,78117,11.4,18.4,45.7,23.7
22032,1592,84117,14.1,9.9,29.7,28.7
22033,1341,91144,9.0,6.1,24.5,33.7
22034,4631,52256,10.3,21.0,31.1,30.9
22035,4927,33076,9.2,18.6,47.8,15.2
22036,1877,58908,8.7,22.6,36.9,19.2
22037,159,37353,9.9,6.4,30.5,31.1
22038,1733,117290,3.5,14.8,32.9,38.4
22039,2551,95410,5.2,8.2,42.1,37.5
22040,435,95532,5.6,18.5,21.3,20.2
22041,930,111843,7.6,10.0,48.5,20.5
22042,1692,71465,8.2,10.3,45.0,19.6
22043,4480,33173,11.9,19.3,46.6,27.9
22044,1059,64003,5.0,21.5,40.0,33.8
22045,4266,30196,9.8,23.2,37.7,35.4
22046,1221,32917,6.3,6.6,30.3,39.9
22047,2323,73379,9.2,21.1,29.0,28.6
22048,3916,91274,10.5,24.4,22.7,15.2
22049,1198,104719,10.0,6.0,21.0,18.7
22050,242,114407,5.6,23.2,21.6,31.1
22051,3078,35892,11.5,24.1,25.4,33.0
22052,1146,88541,10.8,8.8,24.9,32.1
22053,1168,61491,14.2,11.2,43.6,33.2
22054,4287,25657,10.6,11.0,23.2,37.7
22055,3440,114232,11.6,24.0,43.0,29.7
22056,4873,109646,12.7,5.3,33.2,31.3
22057,3535,99837,4.3,16.1,48.8,36.0
22058,3879,77364,11.4,16.6,38.1,26.0
22059,4577,47572,6.8,18.0,36.7,25.2
22060,1065,120871,12.9,9.5,39.3,24.4
22061,1279,49421,8.8,14.5,34.8,29.1
22062,2534,27164,10.0,13.3,37.1,16.2
22063,600,131642,6.1,13.2,41.2,38.3
22064,4654,135551,10.8,11.7,45.3,22.2
22065,149,130106,3.4,23.9,47.7,23.7
22066,1069,79292,12.0,18.0,40.6,39.5
22067,1087,95167,5.0,20.2,47.5,37.5
22068,4727,126533,5.7,11.4,36.3,35.8
22069,1215,87939,3.0,5.0,27.1,39.6
22070,4032,144855,6.8,24.0,30.2,28.0
22071,1579,45898,7.7,22.5,45.9,24.2
22072,4534,128533,5.8,14.2,39.3,17.8
22073,3224,56732,5.8,12.7,28.4,33.3
22074,3667,87437,13.7,13.9,37.3,24.8
22075,1758,143288,6.9,10.4,39.9,29.3
22076,1976,118487,11.7,17.3,49.9,19.3
22077,2151,113545,5.8,24.5,35.2,21.0
22078,4476,69598,12.7,6.3,47.0,27.7
22079,2915,138800,11.1,20.8,30.2,33.3
22080,1070,30196,12.1,6.2,39.1,23.5
22081,307,142005,8.3,22.2,43.8,38.8
22082,359,58689,13.6,7.9,47.9,34.3
22083,4458,111707,7.5,14.9,34.5,20.3
22084,882,87548,10.2,15.2,45.7,31.9
22085,604,120019,10.7,17.6,35.7,29.3
22086,1673,53115,14.4,17.1,39.4,24.7
22087,4398,112690,4.6,19.0,27.2,23.8
22088,1859,143578,4.6,22.0,44.7,33.4
22089,3894,131153,8.5,5.7,49.1,24.8
22090,3690,78489,14.0,19.8,43.3,33.7
22091,4240,110949,3.3,6.0,28.1,23.8
22092,1501,126282,6.3,20.9,22.2,29.0
22093,888,34279,6.4,20.9,21.8,20.8
22094,3429,118278,6.7,8.8,41.5,18.8
22095,2944,63545,3.3,9.2,43.6,28.0
22096,4085,47925,12.9,6.6,40.0,19.1
22097,4112,48415,3.1,9.8,40.1,35.3
22098,2192,92632,8.7,15.0,47.6,34.6
22099,3067,30572,3.7,12.8,33.4,34.3
22100,1169,109112,12.6,9.5,34.8,29.8
22101,1775,140604,12.0,17.4,27.3,15.5
22102,2712,103221,11.7,15.5,50.0,24.6
22103,4496,54442,11.8,7.5,48.3,33.0
22104,387,111686,14.3,11.4,27.0,35.0
22105,885,55424,8.0,23.8,26.8,19.1
22106,2416,128726,13.3,18.5,43.2,22.6
22107,2938,115539,5.2,24.0,25.6,28.7
22108,3737,44472,8.4,14.1,26.1,36.5
22109,2728,94712,3.1,5.4,45.7,16.2
22110,1365,100959,6.4,20.8,37.8,38.9
22111,3083,64378,8.5,6.9,28.4,37.3
22112,3115,130542,13.9,23.9,32.1,20.6
22113,170,47617,6.8,11.1,25.1,19.4
22114,2560,83052,11.1,18.2,37.8,28.3
22115,711,89129,13.0,21.9,24.7,35.8
22116,3623,45047,6.9,14.2,29.6,30.2
22117,3802,125285,5.0,13.6,49.1,23.6
22118,2676,141076,10.1,8.7,37.0,21.4
22119,290,82546,6.4,19.6,30.4,32.8
22120,1847,77454,10.8,11.8,47.8,24.3
22121,2225,54270,4.6,17.6,31.1,38.2
22122,1728,73866,4.8,9.9,41.8,32.1
22123,3472,78253,11.1,19.8,29.9,29.2
22124,3096,68364,14.7,18.9,29.1,15.2
22125,116,135016,6.0,5.2,34.2,39.7
22126,1697,139400,11.6,7.0,36.7,21.2
22127,1166,28217,9.4,6.6,32.9,28.0
22128,3239,100830,13.1,5.7,45.0,22.3
22129,3551,30816,7.7,6.2,40.8,15.6
22130,2359,66106,14.7,11.5,48.9,20.1
22131,2350,62449,4.0,20.3,31.5,37.8
22132,2873,148859,14.8,15.7,36.2,23.7
22133,4304,90162,13.2,7.1,46.0,18.5
22134,383,115847,13.4,6.0,28.2,16.9
22135,3088,122511,13.1,7.1,42.5,26.4
22136,4932,106363,13.3,12.5,37.7,19.3
22137,702,115806,12.8,11.1,37.8,26.9
22138,1463,71175,13.8,19.2,27.9,23.0
22139,3452,32658,8.5,17.5,28.1,17.0
22140,4175,96588,14.3,22.5,47.9,23.1
22141,4686,91389,7.6,24.0,21.2,29.0
22142,900,90783,11.7,5.0,36.3,34.7
22143,859,71604,11.5,9.6,40.7,15.1
22144,1593,105965,12.9,6.6,25.4,25.3
22145,4900,47876,11.9,11.1,36.0,19.1
22146,4034,62305,3.4,16.9,47.1,29.1
22147,914,101031,11.9,10.3,44.3,17.3
22148,4998,67369,3.3,8.8,46.4,24.5
22149,472,117664,9.4,12.7,32.5,31.2
22150,3098,102499,13.1,5.4,38.5,27.1
22151,2991,92999,13.0,24.5,25.6,19.9
22152,3891,39654,13.1,24.3,45.9,25.7
22153,3419,143425,10.2,7.7,24.6,16.5
22154,2289,99713,5.2,8.8,23.6,32.2
22155,2549,87437,9.1,16.3,44.4,34.7
22156,4067,79933,9.2,11.2,30.7,15.1
22157,922,97009,6.9,5.2,42.1,33.5
22158,321,89643,8.1,6.1,49.2,23.3
22159,4037,130615,13.5,18.5,30.3,18.7
22160,1487,46750,9.2,9.2,48.4,24.9
22161,3988,93670,11.5,15.8,27.8,25.4
22162,2260,73809,8.9,10.5,43.2,26.0
22163,3370,94536,10.4,15.5,36.7,26.0
22164,2025,84276,4.1,25.0,43.2,29.9
22165,4793,41173,14.2,18.8,27.2,16.6
22166,3051,32670,8.2,11.9,43.5,21.8
22167,4680,147091,12.0,24.3,41.7,38.3
22168,4093,100148,11.0,5.7,23.1,15.9
22169,2698,46280,12.6,8.4,38.7,34.1
22170,1766,74274,3.4,15.0,31.6,22.4
22171,3181,76469,14.2,10.8,46.2,28.9
22172,3985,145839,13.0,19.4,30.0,15.2
22173,4857,48257,13.0,5.7,41.3,21.1
22174,2214,146173,8.6,10.5,37.8,35.2
22175,2852,66645,12.6,22.1,38.5,35.9
22176,3268,92197,9.9,13.0,24.1,26.8
22177,1654,84264,9.0,9.1,27.2,37.6
22178,1180,32482,12.4,15.4,39.4,20.6
22179,4034,44259,10.5,12.3,21.1,16.7
22180,187,85976,3.9,10.6,46.9,38.8
22181,2800,119543,6.8,22.0,41.6,29.5
22182,2803,113811,10.5,22.0,22.3,27.9
22183,3059,120068,13.8,13.4,37.5,22.9
22184,2518,102628,14.2,17.1,49.9,22.1
22185,2522,88743,13.1,19.4,22.6,18.6
22186,4247,59931,6.1,19.1,20.7,30.5
22187,1847,44222,8.7,11.7,30.8,16.2
22188,140,110380,8.2,18.2,34.2,32.5
22189,2238,65020,8.3,23.4,36.7,35.0
22190,138,131103,3.6,6.1,33.6,24.8
22191,3184,84263,5.1,6.5,39.4,36.1
22192,3779,149977,4.8,22.1,43.3,28.9
22193,2251,104011,10.4,17.0,21.8,29.4
22194,4037,149051,7.9,5.5,32.6,16.4
22195,2190,123858,6.9,20.3,24.4,31.3
22196,308,36399,8.3,7.1,39.6,21.8
22197,699,65693,6.9,21.8,40.2,25.9
22198,704,118401,12.1,14.7,44.5,19.1
22199,2623,94544,5.0,10.8,45.6,18.8
22200,3809,78753,3.7,17.4,49.9,23.2
22201,2256,26816,10.8,8.5,22.0,29.4
22202,313,98075,5.8,15.8,45.6,31.3
22203,1676,72337,10.7,14.8,48.0,29.4
22204,2918,89262,3.7,9.8,48.2,17.3
22205,2224,106010,6.0,18.4,21.1,29.7
22206,368,149757,4.8,12.0,39.8,38.9
22207,2508,74340,6.5,22.0,45.8,37.3
22208,2677,75592,6.9,6.7,25.6,26.7
22209,4878,58988,8.9,20.4,37.3,34.8
22210,4357,142285,9.2,13.8,33.8,26.5
22211,4660,113587,10.6,11.2,25.5,19.8
22212,922,38947,7.0,23.8,31.7,34.7
22213,3735,88019,9.4,9.0,29.1,22.2
22214,2695,134364,14.9,13.5,45.5,18.3
22215,4053,35253,5.5,14.3,42.0,22.3
22216,3931,54638,4.8,11.0,20.2,23.8
22217,2199,126211,13.1,6.8,36.7,20.9
22218,4683,145371,7.9,23.1,21.0,37.6
22219,3702,40604,13.2,22.9,47.7,22.9
22220,3567,59483,8.1,17.6,21.2,34.6
22221,750,106197,3.3,11.5,25.5,39.9
22222,1734,135031,7.5,17.6,26.1,25.7
22223,4914,39248,10.3,24.3,44.1,26.2
22224,1267,65577,8.4,22.7,34.0,19.8
22225,4176,121688,8.5,8.3,25.0,34.0
22226,298,63878,15.0,21.3,24.1,24.4
22227,1455,107531,9.5,21.0,31.3,33.1
22228,3605,101237,11.4,23.3,37.0,16.6
22229,902,52501,11.7,6.0,43.9,30.9
22230,800,123587,3.0,20.3,43.3,20.3
22231,602,27670,9.6,15.9,21.2,24.9
22232,4664,86438,14.6,15.8,39.5,28.1
22233,2513,40135,12.0,12.0,20.5,35.2
22234,4819,116739,7.1,20.7,37.1,36.7
22235,3067,75763,7.4,13.5,25.3,37.0
22236,2970,83060,6.6,12.2,45.8,34.8
22237,4858,70589,10.6,24.2,31.5,29.2
22238,4946,66641,4.2,14.3,45.2,20.8
22239,3567,102167,6.5,20.9,47.4,15.4
22240,1518,64932,9.0,7.8,32.0,28.6
22241,1198,106052,9.4,19.8,37.8,37.3
22242,3269,56453,10.3,18.4,48.0,33.5
22243,482,130934,12.6,15.2,27.4,39.6
22244,4040,71659,5.0,7.7,22.7,23.7
22245,1493,62024,5.7,7.4,35.5,25.4
22246,3427,111189,13.5,18.5,36.5,32.0
22247,1752,138544,13.0,22.1,33.0,35.3
22248,4371,141210,12.9,16.3,49.1,32.7
22249,4423,106445,5.5,14.2,32.6,26.6
22250,2494,50935,3.7,15.4,36.7,28.5
22251,2138,92609,9.3,8.1,21.8,22.6
22252,2085,141477,13.4,6.0,21.3,30.9
22253,1362,53151,5.9,21.6,37.5,19.5
22254,1811,61138,13.9,21.9,47.5,35.9
22255,449,93020,4.7,20.1,44.7,32.9
22256,4126,133314,6.6,20.4,36.9,30.0
22257,540,64670,6.6,9.3,35.0,22.9
22258,2908,141746,4.8,7.2,42.9,19.5
22259,2662,65173,13.5,8.2,20.1,18.6
22260,3252,125970,8.0,17.8,31.9,32.1
22261,1484,141121,5.3,12.9,22.9,30.6
22262,387,52981,4.8,5.3,34.6,16.7
22263,2155,28384,8.1,24.0,43.2,26.0
22264,1097,85416,3.2,9.6,34.4,23.0
22265,2433,107442,4.5,5.1,29.0,21.6
22266,1522,43077,3.0,12.7,34.0,16.5
22267,173,94719,3.3,9.3,30.6,28.1
22268,1562,117401,15.0,12.4,24.9,38.8
22269,3294,105880,8.4,23.8,42.7,17.8
22270,2305,149035,11.7,17.4,26.0,31.6
22271,529,123901,11.8,17.9,44.9,35.6
22272,1571,121254,13.6,22.7,39.4,23.8
22273,3581,133141,4.2,7.3,44.5,39.1
22274,3280,32495,9.3,7.0,24.1,18.8
22275,1830,117270,6.9,22.1,31.7,21.9
22276,135,90231,9.6,8.2,23.9,23.5
22277,1120,109256,7.0,19.7,20.0,24.0
22278,2097,80369,5.2,9.2,42.7,37.5
22279,2860,149737,11.1,14.5,49.3,15.0
22280,3217,90272,3.5,12.7,39.3,17.6
22281,2635,55827,13.7,7.1,23.3,22.0
22282,4814,49067,4.8,18.4,47.5,16.2
22283,4365,108634,10.4,22.1,39.7,29.9
22284,245,118850,12.1,7.0,45.7,16.4
22285,4615,38088,3.9,12.2,40.0,22.2
22286,4768,35976,13.8,5.6,34.8,31.7
22287,1126,93712,7.3,9.7,22.3,26.0
22288,3765,57125,15.0,10.2,22.4,21.2
22289,1386,120827,3.8,21.3,49.2,35.5
22290,2946,137716,11.6,20.0,23.4,21.9
22291,420,115314,4.9,21.6,41.5,20.2
22292,4195,60666,7.8,6.6,27.9,32.6
22293,2393,53148,8.3,7.7,49.1,35.6
22294,1712,108184,7.9,11.1,35.2,21.1
22295,576,97479,7.1,19.9,29.2,18.8
22296,3264,31850,12.2,5.5,29.3,28.6
22297,1926,139035,12.8,8.0,33.0,25.3
22298,882,73332,7.0,15.0,20.4,37.3
22299,4728,133955,8.8,5.5,30.5,22.3
22300,2047,116349,8.1,7.1,25.6,32.6
22301,3431,56160,10.1,11.4,49.5,39.0
22302,4774,26554,4.8,9.8,29.8,29.3
22303,1693,135238,12.7,12.2,25.1,20.8
22304,1847,81531,12.6,20.1,49.2,27.3
22305,2133,82396,10.1,9.3,23.2,35.0
22306,356,85926,12.0,17.5,40.9,31.1
22307,3091,118271,14.9,22.6,23.1,28.6
22308,1517,91207,14.1,11.1,20.3,15.3
22309,4214,86448,10.3,6.0,43.3,32.8
22310,209,148570,9.1,17.6,21.3,35.6
22311,2652,131578,9.4,19.3,32.6,20.0
22312,1157,120256,8.6,14.5,41.7,30.4
22313,4450,103048,8.8,13.6,40.5,21.6
22314,4833,143256,11.8,19.9,20.8,16.0
22315,2142,68437,14.9,13.3,20.8,33.4
22316,2281,59219,3.5,5.1,30.9,30.6
22317,4592,112233,5.8,22.8,46.2,34.0
22318,3658,95773,5.5,10.1,47.0,20.4
22319,1721,146666,13.0,17.2,34.6,39.0
22320,3758,81190,8.0,16.1,24.9,34.9
22321,2794,80195,9.3,15.3,42.3,24.5
22322,3984,51596,8.6,9.9,29.7,31.0
22323,4880,48522,13.2,19.8,49.3,33.7
22324,3384,68085,9.0,9.9,43.4,21.4
22325,2266,50751,11.0,23.8,22.9,19.0
22326,3986,140767,3.2,16.2,43.6,33.3
22327,4497,131289,10.8,20.4,45.3,28.1
22328,4422,117516,5.9,19.9,31.8,37.2
22329,4551,34474,13.4,24.4,23.8,16.7
22330,4896,25534,12.0,15.6,35.7,38.9
22331,3492,138313,4.3,6.1,42.7,22.6
22332,2370,37040,4.2,6.8,49.9,32.4
22333,3811,65529,6.5,12.2,47.2,15.8
22334,1686,29666,4.5,12.2,47.5,15.2
22335,1314,62441,11.9,9.3,42.4,37.7
22336,1745,133949,14.8,23.5,43.3,25.2
22337,1450,92698,10.9,14.5,30.9,17.9
22338,3298,133322,6.0,23.1,23.8,33.6
22339,464,61766,9.8,6.1,49.9,21.4
22340,4039,146305,12.7,12.0,20.7,39.1
22341,4714,138393,14.5,12.2,35.7,25.8
22342,3299,48885,3.1,5.8,39.7,16.1
22343,1726,61460,9.3,18.0,35.1,25.3
22344,3301,51415,8.4,7.8,35.3,27.6
22345,1745,130780,8.0,11.9,34.2,27.2
22346,1081,127363,9.0,24.6,37.6,37.6
22347,2495,66290,7.8,23.6,34.0,37.2
22348,2136,79815,7.1,10.2,37.1,35.6
22349,3652,85116,4.4,11.3,22.3,17.2
22350,1021,71038,9.0,15.8,31.8,38.5
22351,3846,124831,12.9,10.7,48.6,22.0
22352,3758,135679,4.3,19.5,36.3,16.2
22353,3882,130355,11.9,16.3,49.0,39.9
22354,4095,74725,6.2,14.5,30.6,16.6
22355,4556,63914,7.6,24.1,22.0,16.5
22356,4377,65318,14.9,9.3,20.6,35.1
22357,1574,126999,11.1,22.2,47.1,16.8
22358,4758,123827,11.6,19.5,28.8,26.5
22359,4509,120796,10.2,9.0,27.9,32.6
22360,2168,67131,6.9,8.7,47.0,23.3
22361,3867,68513,11.1,16.6,25.0,31.6
22362,2952,70139,8.5,6.6,33.1,38.9
22363,502,67381,13.0,14.6,48.5,39.9
22364,1247,35423,9.9,11.7,39.1,27.5
22365,712,27216,12.3,22.0,48.9,34.0
22366,1976,57304,13.2,16.9,27.2,31.4
22367,1713,133651,12.9,17.8,28.6,37.9
22368,3117,96872,7.8,11.5,40.3,38.3
22369,4888,132347,7.4,9.3,49.8,29.4
22370,1834,40573,13.4,15.7,40.4,22.6
22371,3648,112399,4.7,23.9,41.7,18.1
22372,3019,136710,6.4,16.9,25.5,23.9
22373,2250,49094,4.5,5.4,44.5,32.4
22374,2480,99907,3.5,24.3,41.5,25.0
22375,1910,61363,10.4,21.7,34.0,15.5
22376,3301,45751,13.8,22.7,37.1,29.9
22377,852,80008,4.6,14.1,38.7,25.3
22378,2572,35051,12.5,22.9,22.4,21.3
22379,1441,79153,7.6,10.2,49.1,23.6
22380,604,25737,10.4,21.0,38.3,32.3
22381,3582,134308,12.2,17.3,36.7,15.9
22382,2069,101520,11.5,24.1,36.2,24.8
22383,4149,44202,4.6,10.9,49.4,16.9
22384,4247,38086,4.4,7.5,47.3,32.9
22385,3737,136795,14.1,19.3,27.5,39.8
22386,2522,128646,4.0,24.7,21.0,24.4
22387,4584,109083,5.6,7.9,42.9,36.5
22388,773,103784,8.3,7.0,26.8,36.8
22389,692,109996,12.9,13.6,24.3,32.8
22390,2879,113836,10.2,19.4,50.0,18.0
22391,3768,53737,9.9,16.9,32.1,33.8
22392,2652,66486,11.3,23.8,42.3,25.6
22393,4278,58216,12.6,21.2,29.5,33.7
22394,3238,69180,5.8,16.5,20.8,22.6
22395,4609,39436,3.2,12.2,26.9,38.4
22396,2600,74094,4.5,21.7,22.2,16.4
22397,2893,48818,5.0,14.8,23.7,39.1
22398,4393,97409,3.5,22.5,43.9,23.5
22399,1812,97233,12.0,17.0,47.8,19.9
22400,2445,29161,13.6,19.1,48.9,29.9
22401,399,131300,11.5,5.9,32.0,28.1
22402,4324,35043,5.3,24.8,28.5,36.5
22403,2006,147765,10.3,20.1,43.8,35.1
22404,2585,90655,9.2,16.6,34.0,29.5
22405,306,39580,12.8,15.6,44.7,26.6
22406,393,78636,14.3,17.0,45.3,40.0
22407,1973,37574,11.9,5.9,48.9,20.5
22408,3858,56791,9.2,12.3,30.1,35.3
22409,2188,109767,9.1,6.8,28.3,23.3
22410,1872,75942,12.7,8.5,36.3,27.5
22411,2963,136009,4.5,11.7,34.6,16.3
22412,4821,142705,4.8,18.5,48.5,19.7
22413,4473,74502,7.1,23.6,29.9,22.0
22414,3526,35394,12.0,24.7,41.8,19.3
22415,628,145145,3.8,20.0,30.8,17.7
22416,2233,118444,7.1,10.4,20.5,33.3
22417,2024,133048,6.8,11.4,22.1,31.2
22418,4888,27250,8.8,11.1,24.4,29.6
22419,1460,46444,8.6,21.8,32.2,24.4
22420,962,71964,11.6,20.5,40.6,15.7
22421,3316,47967,10.5,6.3,31.3,21.4
22422,2462,44621,13.8,14.9,44.4,25.6
22423,4420,113442,5.2,17.8,48.2,29.4
22424,3594,135005,8.2,5.3,47.8,27.8
22425,2067,49623,7.8,16.9,20.8,23.6
22426,167,117388,4.4,23.8,20.6,17.9
22427,1742,86140,5.0,5.9,42.9,18.5
22428,1120,79999,7.0,8.4,38.7,33.5
22429,3243,71045,11.8,7.1,29.2,22.5
22430,1570,121207,4.8,12.4,47.4,35.0
22431,1482,71896,6.2,12.4,21.4,32.9
22432,3030,40016,11.1,24.1,27.6,20.0
22433,1436,105917,10.2,21.0,28.0,36.9
22434,3266,135520,4.3,17.7,23.1,17.7
22435,1342,41321,14.3,17.8,36.9,27.1
22436,1805,128698,4.8,18.3,24.6,30.9
22437,3299,36376,3.7,8.4,39.8,34.8
22438,2694,43276,6.7,12.1,40.5,17.0
22439,4037,107817,3.3,17.9,39.4,31.5
22440,1779,59506,3.4,5.7,42.3,33.8
22441,1415,104392,9.9,14.8,49.8,35.8
22442,4926,50544,13.7,21.7,44.2,17.8
22443,667,101730,7.8,15.9,33.8,30.7
22444,2804,85504,6.6,22.3,28.7,22.4
22445,2551,70701,14.0,19.9,26.5,34.2
22446,1848,143794,3.7,15.8,45.3,15.8
22447,4791,134594,8.7,12.5,43.5,37.7
22448,747,60271,6.0,18.1,23.3,20.1
22449,2293,47444,7.6,14.9,48.3,27.9
22450,2908,112070,7.9,24.9,35.9,30.9
22451,224,113666,9.5,17.2,23.5,34.5
22452,1637,34662,8.4,10.0,49.0,25.5
22453,4675,77651,14.9,24.3,32.5,25.0
22454,4907,135248,3.3,10.7,34.2,36.9
22455,2070,102358,12.1,22.8,40.8,40.0
22456,2862,38252,3.6,14.8,30.4,37.2
22457,1917,52214,8.2,19.1,21.2,20.7
22458,914,60329,5.4,9.0,40.0,27.3
22459,3201,127798,14.3,16.2,30.8,18.6
22460,4251,41350,11.7,9.0,38.9,33.8
22461,1754,44987,8.6,9.8,43.0,30.6
22462,231,74538,14.4,8.2,21.0,24.0
22463,330,31761,11.7,14.0,39.4,36.3
22464,494,49358,14.4,15.3,44.8,19.8
22465,3673,79601,11.5,10.3,20.4,25.2
22466,1081,115249,3.9,17.3,29.7,20.4
22467,1032,28751,10.4,10.4,40.7,36.0
22468,1509,126004,14.8,15.4,45.2,35.6
22469,3055,30844,5.6,18.7,40.8,24.8
22470,4728,54153,12.5,6.2,44.9,17.3
22471,4750,33491,5.2,22.2,45.5,32.6
22472,2841,41415,8.4,12.2,43.8,34.3
22473,3038,142192,4.0,15.3,29.6,39.8
22474,3520,33733,7.1,13.9,27.2,19.1
22475,2604,143144,12.3,24.0,34.4,17.9
22476,3133,55516,3.5,8.8,37.2,28.4
22477,4079,149971,6.8,17.5,20.9,20.8
22478,3923,74698,10.6,21.6,47.2,17.2
22479,4580,140671,14.4,13.6,31.2,19.8
22480,811,39759,5.9,11.7,24.8,23.8
22481,3076,111060,5.1,7.2,26.3,23.5
22482,1571,137571,5.4,19.4,29.3,39.2
22483,3799,49955,5.8,20.7,30.8,26.1
22484,3286,140184,10.7,11.3,47.4,34.7
22485,4849,108835,15.0,20.5,30.6,17.6
22486,1242,79206,9.3,7.0,27.0,15.0
22487,4081,51761,6.3,13.6,31.6,17.0
22488,2668,49110,12.0,10.5,25.3,35.6
22489,1708,37695,4.9,10.5,34.6,16.2
22490,4733,115296,3.4,23.6,47.9,39.8
22491,3922,140176,10.3,20.5,42.4,24.0
22492,1997,100793,5.5,20.3,46.7,26.9
22493,2292,75872,7.8,14.9,49.3,35.3
22494,4172,136687,5.8,17.4,31.5,39.2
22495,1191,130082,14.0,20.7,25.4,24.7
22496,799,90453,7.1,10.3,39.6,29.8
22497,4192,57938,8.4,10.8,40.1,30.9
22498,2001,56820,5.8,22.7,39.3,21.2
22499,2278,33591,4.0,9.6,43.0,31.7
22500,832,73013,9.2,18.6,26.1,39.1
22501,612,36784,13.4,23.4,20.4,21.4
22502,2787,89712,7.2,24.0,35.0,25.9
22503,4196,137370,12.4,11.1,24.4,37.0
22504,3856,53228,3.4,24.0,20.8,32.9
22505,531,148118,5.8,7.8,33.8,29.4
22506,4594,108260,4.6,9.9,40.4,18.6
22507,907,87986,7.8,13.0,36.1,35.7
22508,1379,49466,13.7,20.2,20.9,38.7
22509,2321,127719,7.5,6.8,25.8,24.1
22510,954,36813,10.2,9.4,32.9,29.9
22511,3312,117687,13.8,14.5,44.5,18.4
22512,2686,31620,7.3,6.5,28.9,37.6
22513,4940,50924,7.4,12.1,45.7,17.5
22514,2868,137081,4.1,17.3,45.1,25.2
22515,4438,98458,7.2,20.5,38.7,28.4
22516,3440,79006,12.0,15.0,45.4,18.0
22517,3328,59857,13.1,14.0,39.7,36.5
22518,1719,123537,11.7,11.6,25.7,35.7
22519,375,41939,3.1,12.4,20.4,19.3
22520,4203,117596,4.4,15.8,37.9,16.3
22521,3963,100682,11.8,12.9,26.2,30.0
22522,814,144459,14.3,11.3,38.3,38.7
22523,2180,127037,11.3,17.5,26.5,23.1
22524,909,87743,5.7,24.9,23.8,36.4
22525,3826,93811,4.3,10.9,32.6,22.8
22526,4078,40078,13.5,7.4,42.5,34.1
22527,961,144691,4.2,7.9,27.1,29.8
22528,136,83146,4.8,17.1,45.2,21.9
22529,3911,130777,10.2,16.1,46.8,39.6
22530,2181,62714,5.3,7.1,27.7,36.6
22531,554,140684,5.7,13.2,27.8,19.3
22532,4639,25845,4.7,22.1,30.7,28.0
22533,3408,55678,14.3,14.6,41.4,37.7
22534,4407,31653,4.5,20.6,23.7,38.0
22535,3311,91855,14.2,5.9,43.8,25.4
22536,2755,111037,6.9,14.8,35.5,29.6
22537,1081,67670,12.9,21.5,37.9,30.6
22538,4491,46487,14.4,17.0,44.4,29.3
22539,251,104868,9.2,7.3,23.0,32.2
22540,3394,49817,12.2,22.7,46.0,15.4
22541,699,93426,6.2,8.7,48.3,28.3
22542,1422,60393,7.6,19.2,40.6,29.7
22543,1611,30513,9.6,6.4,43.1,32.6
22544,2358,85842,13.2,15.8,23.8,30.8
22545,331,33644,10.4,11.0,35.5,19.5
22546,2842,121762,3.3,24.5,27.5,24.3
22547,4562,59397,6.7,23.0,43.8,25.5
22548,4676,133756,13.4,13.8,43.8,31.8
22549,671,143000,5.9,22.1,31.4,31.6
22550,1302,48520,7.4,9.8,41.4,33.0
22551,1607,72512,7.7,15.4,35.6,30.3
22552,1712,78869,4.9,21.6,35.4,24.9
22553,3666,58326,7.2,18.7,40.0,21.5
22554,4140,65838,12.8,14.0,37.6,19.4
22555,1670,87311,13.2,15.7,25.0,23.8
22556,1139,68675,10.0,10.8,38.7,24.0
22557,1525,89079,11.1,16.3,32.9,31.5
22558,4181,91604,9.4,7.7,33.5,22.0
22559,270,147724,3.5,20.1,43.9,18.9
22560,288,68714,11.4,24.9,42.5,39.4
22561,4981,67220,15.0,6.0,41.6,15.9
22562,4778,35962,5.7,20.9,45.1,38.5
22563,699,90106,14.8,21.8,26.0,25.5
22564,4117,106008,15.0,5.7,35.0,29.0
22565,3432,129202,4.7,16.7,48.8,34.9
22566,3676,111522,14.1,22.9,23.0,37.5
22567,2489,98346,11.1,16.4,48.1,40.0
22568,1053,98532,8.6,16.8,24.3,31.0
22569,1725,41833,7.1,24.9,21.2,30.9
22570,1970,94175,10.6,23.0,25.8,19.4
22571,4361,26913,13.1,17.7,33.5,27.6
22572,2124,68757,3.4,15.3,28.1,33.4
22573,4429,127937,9.4,8.8,33.6,39.1
22574,740,145661,10.8,21.9,34.1,15.9
22575,1927,82076,3.3,10.7,49.8,35.4
22576,4802,95864,13.7,5.1,36.6,35.4
22577,639,63177,14.4,6.1,43.1,25.8
22578,2465,76697,10.3,8.9,22.8,25.0
22579,4538,118366,4.4,21.3,38.1,38.8
22580,3601,147574,14.2,24.5,28.3,24.4
22581,4047,128115,12.7,19.3,27.9,16.4
22582,3126,86839,3.3,8.3,49.8,36.7
22583,4832,95863,9.9,22.3,29.4,37.3
22584,3637,55118,4.4,21.2,46.1,28.5
22585,4274,61229,4.7,22.0,33.8,37.6
22586,2596,32533,5.3,8.6,31.4,31.1
22587,4386,89071,7.8,15.3,24.2,18.4
22588,4839,91995,13.5,17.5,39.9,19.2
22589,2189,148800,3.4,18.6,36.0,26.5
22590,3421,89823,11.3,18.7,38.6,27.4
22591,3681,113402,14.6,5.3,45.0,27.4
22592,2649,69178,10.7,24.2,43.9,38.8
22593,1316,137635,12.8,16.6,23.0,27.5
22594,4985,55411,13.8,8.9,21.4,31.7
22595,4078,41840,11.6,20.3,35.8,36.2
22596,841,33168,10.9,6.1,23.7,35.6
22597,4285,84228,3.2,8.3,49.2,32.2
22598,1814,63298,9.2,12.9,40.0,38.9
22599,4144,91180,8.6,16.3,46.3,22.9
22600,747,101057,9.3,13.4,20.8,37.2
22601,2897,37701,8.2,11.1,33.7,22.8
22602,918,145397,13.9,19.7,33.8,28.9
22603,342,97800,13.7,5.1,27.3,19.1
22604,4414,51786,4.5,18.6,22.6,33.6
22605,4204,46322,9.4,24.0,28.4,30.7
22606,4625,71516,14.5,8.0,40.5,38.3
22607,3977,81515,10.2,22.1,21.0,25.4
22608,112,96283,12.6,8.7,35.0,26.8
22609,3117,111176,7.5,13.4,33.3,16.8
22610,789,111270,7.5,24.5,27.9,33.4
22611,3238,116205,6.9,20.7,28.9,39.2
22612,3840,93297,3.3,12.2,26.5,36.1
22613,776,84386,14.1,12.0,39.4,32.4
22614,3674,82379,7.2,11.4,34.1,36.6
22615,4403,89816,7.4,12.3,43.3,23.3
22616,1423,113793,12.1,24.5,41.1,28.6
22617,2965,39301,9.3,11.8,36.6,17.8
22618,1102,140157,7.3,13.9,49.1,24.5
22619,2602,99036,13.6,9.2,31.8,21.1
22620,1865,96553,12.9,17.8,46.3,16.1
22621,1653,148360,14.7,21.7,34.3,17.3
22622,2391,112878,10.7,10.7,26.7,39.9
22623,2085,97383,11.3,9.3,39.1,38.3
22624,4966,99516,6.9,14.0,34.8,33.0
22625,337,41674,4.2,18.7,30.2,26.4
22626,3417,123733,4.3,13.1,45.4,24.9
22627,2492,25597,10.8,8.0,22.0,31.9
22628,3655,131354,4.4,8.6,29.7,21.0
22629,1684,62295,13.9,10.8,41.9,21.8
22630,1407,59325,11.4,21.7,25.4,37.5
22631,2185,113709,5.7,15.2,34.9,17.4
22632,1919,78752,6.4,16.8,30.9,16.9
22633,131,114975,11.5,9.0,29.9,26.1
22634,391,58440,12.9,18.1,32.4,25.4
22635,3786,126158,13.1,21.8,36.2,25.3
22636,4487,42962,10.2,9.0,29.2,26.5
22637,1742,108352,4.9,6.2,32.1,23.0
22638,677,128825,12.8,18.3,38.7,20.3
22639,4009,33232,12.5,21.3,29.9,16.9
22640,1323,29479,13.0,18.7,46.1,18.9
22641,4176,109853,4.9,13.6,44.1,15.8
22642,2752,108234,11.2,18.1,24.3,23.8
22643,546,75967,14.5,24.9,45.4,15.6
22644,3519,62046,6.1,17.5,25.4,22.7
22645,4473,113827,11.6,15.6,23.5,20.3
22646,3141,125199,6.1,15.8,49.3,31.8
22647,2679,75215,6.7,14.4,36.5,31.2
22648,1522,71678,8.8,18.8,46.1,25.9
22649,2709,36488,13.7,21.9,27.4,33.0
22650,3181,30404,3.5,19.4,48.3,23.9
22651,158,148017,14.9,9.5,47.0,18.8
22652,3259,131830,12.3,12.3,36.1,16.0
22653,558,37425,7.3,16.8,45.3,16.1
22654,203,96129,7.2,24.9,31.5,28.5
22655,888,70543,8.8,6.4,38.1,35.5
22656,841,87015,13.5,8.8,40.0,30.1
22657,3506,93212,3.2,20.5,45.4,23.5
22658,1672,115012,9.6,8.8,39.6,28.3
22659,2801,83977,3.7,18.5,49.4,36.6
22660,4750,30265,4.4,24.9,20.4,35.8
22661,4823,120105,11.3,17.8,45.0,30.8
22662,3512,72512,5.8,14.6,29.0,30.9
22663,3076,133029,3.5,21.7,23.4,26.7
22664,2234,108028,5.0,20.4,26.4,39.9
22665,527,141274,5.5,19.2,43.9,32.8
22666,2044,81926,12.2,7.3,32.0,28.4
22667,1371,61629,10.5,17.6,39.9,37.5
22668,4681,112048,11.8,5.3,39.7,19.8
22669,4799,95490,7.4,6.1,30.4,16.9
22670,511,91648,4.4,5.8,35.9,17.8
22671,2031,91648,12.7,7.2,35.2,38.6
22672,2595,133762,4.7,13.6,33.0,16.0
22673,346,142577,7.6,23.9,27.4,30.4
22674,2917,41733,6.1,6.5,33.8,36.7
22675,2271,61730,6.6,19.4,22.2,27.6
22676,3431,108843,10.2,15.1,41.3,21.4
22677,3024,135996,5.0,10.5,34.8,34.3
22678,2160,114979,8.4,11.3,43.9,38.8
22679,3434,147653,10.7,5.5,26.6,18.5
22680,4995,48712,13.4,19.0,32.0,33.3
22681,1044,90578,7.5,7.0,47.6,33.7
22682,2347,135041,6.8,5.7,35.7,30.7
22683,1362,96413,7.4,14.4,47.4,22.6
22684,275,51881,9.0,14.5,31.9,17.9
22685,1152,96510,6.8,18.1,47.9,15.9
22686,2824,40518,6.0,19.1,34.8,33.3
22687,2682,40491,7.5,15.2,25.9,30.5
22688,1417,73686,12.3,19.2,35.3,22.8
22689,4672,140539,6.0,10.0,40.0,21.0
22690,3467,57344,13.1,7.9,41.1,27.8
22691,1774,103892,6.4,23.6,35.4,15.3
22692,433,134888,10.2,12.5,35.1,27.7
22693,1364,71069,14.7,6.8,27.1,26.8
22694,3277,71273,14.4,21.5,22.3,23.7
22695,3045,120749,8.2,17.3,21.7,21.4
22696,4880,75438,3.8,16.8,31.5,20.5
22697,4756,84826,13.8,7.7,28.4,22.4
22698,4318,143467,4.5,20.1,46.9,24.6
22699,2765,103353,14.1,9.1,21.2,28.2
22700,515,80158,11.8,5.8,44.6,37.0
22701,807,36560,14.2,8.2,35.3,15.5
22702,2784,106396,11.0,19.0,43.8,16.8
22703,3466,143378,14.9,20.8,24.6,36.8
22704,3603,84460,8.6,9.9,47.0,30.7
22705,4542,75200,7.0,11.3,30.5,15.7
22706,2659,76767,7.7,8.3,49.3,33.4
22707,4071,41896,7.2,14.1,42.9,32.8
22708,4730,47497,7.8,9.4,45.4,25.4
22709,3057,107102,13.6,24.7,21.0,35.8
22710,1829,106794,10.1,20.3,20.2,24.9
22711,2001,59869,11.7,16.9,25.6,18.5
22712,4859,132600,6.5,19.4,41.0,20.9
22713,1141,107079,14.9,8.3,38.3,20.7
22714,126,121215,6.4,19.9,43.8,34.9
22715,2683,69417,4.9,11.9,44.0,15.4
22716,1152,30568,12.3,14.4,44.8,34.1
22717,1774,132233,13.1,22.7,49.8,34.0
22718,3155,68271,7.7,23.9,39.3,38.0
22719,1758,44052,9.5,20.4,35.2,39.8
22720,4835,69013,8.0,20.4,31.3,28.0
22721,4051,126684,6.5,19.9,49.0,30.7
22722,3288,44499,12.8,17.5,39.5,26.0
22723,1841,115312,12.1,8.9,41.3,19.5
22724,4187,26307,8.8,16.8,42.0,25.6
22725,4237,100922,8.5,6.1,28.5,19.3
22726,3331,46943,5.2,5.6,41.6,31.5
22727,1814,102203,10.6,21.8,26.9,37.9
22728,3296,111726,14.1,15.8,35.6,22.4
22729,3431,100497,11.6,5.3,24.1,25.2
22730,3447,110175,9.1,10.5,35.8,22.4
22731,2086,60362,3.5,18.7,46.9,20.2
22732,3644,149818,14.2,23.8,31.1,20.9
22733,801,42616,6.7,21.9,33.4,35.1
22734,1554,29967,6.6,13.9,38.5,40.0
22735,3886,66534,8.6,10.7,50.0,22.6
22736,2571,41465,8.1,11.2,47.7,21.9
22737,4360,82606,14.5,19.7,32.3,34.2
22738,3144,138702,5.0,21.1,49.5,30.4
22739,3983,131781,11.3,12.3,42.4,37.4
22740,3040,147902,4.3,17.5,23.2,37.1
22741,1920,102718,6.3,19.9,49.5,31.2
22742,2902,44929,11.7,21.9,41.1,15.1
22743,3895,137623,12.6,17.8,39.2,25.6
22744,2563,47830,8.6,22.3,49.0,34.5
22745,3471,111221,12.5,10.6,35.3,19.7
22746,435,75607,14.2,19.0,25.7,25.6
22747,2024,41478,14.2,13.0,28.5,30.7
22748,3960,142210,7.1,23.6,37.5,18.5
22749,2888,90086,6.7,9.4,26.7,28.4
22750,4225,120607,11.7,20.7,28.3,18.0
22751,3706,123440,10.8,23.6,47.5,37.4
22752,1640,76189,7.7,18.6,32.2,28.6
22753,674,40988,5.7,20.8,43.7,18.2
22754,320,121958,10.4,22.7,33.7,33.8
22755,2113,35441,8.2,11.2,38.3,30.5
22756,2741,120150,4.6,7.5,49.2,30.3
22757,853,40609,10.7,23.7,20.5,37.3
22758,1120,28670,11.4,5.8,22.2,29.0
22759,1588,100073,7.4,14.7,28.3,39.4
22760,2061,46028,13.0,11.4,35.1,21.7
22761,3583,76836,3.9,16.1,48.9,27.9
22762,537,99727,9.0,24.8,31.4,33.2
22763,578,138637,14.5,5.9,32.7,26.4
22764,882,118349,5.3,20.4,39.5,38.5
22765,4267,34216,5.1,5.5,49.4,23.8
22766,4777,39255,7.5,10.2,28.0,28.7
22767,319,46841,6.2,19.1,38.9,18.1
22768,1127,37578,5.7,10.5,43.2,27.5
22769,389,45550,14.4,17.2,26.0,19.2
22770,479,94739,7.1,24.3,26.2,33.3
22771,4073,73617,3.7,22.5,38.4,34.5
22772,2951,142333,13.8,21.7,43.4,23.9
22773,1478,87644,8.4,8.9,31.0,21.2
22774,2058,142784,11.8,10.4,45.7,17.7
22775,2227,59601,7.4,20.8,33.5,25.1
22776,165,30384,14.2,19.6,34.5,22.1
22777,2283,139586,6.5,10.8,30.6,22.7
22778,4594,125554,11.0,13.6,26.9,39.7
22779,3874,110554,12.9,18.0,27.4,26.3
22780,4542,116610,5.9,15.5,41.1,24.9
22781,4019,96655,12.6,14.1,32.7,18.7
22782,877,87683,12.5,7.0,28.4,15.2
22783,2666,107488,14.6,13.7,35.2,38.0
22784,2003,128505,14.1,24.8,21.0,18.2
22785,2861,53835,7.7,11.8,35.4,38.4
22786,3951,46409,10.1,18.9,37.8,29.5
22787,178,42676,14.1,15.1,48.1,22.0
22788,1681,54878,3.1,20.9,40.7,16.8
22789,2262,88405,10.5,20.0,33.7,28.0
22790,1085,29275,5.6,23.9,36.6,38.5
22791,1585,123269,11.9,18.0,49.5,31.4
22792,2720,32963,12.6,24.0,24.7,17.0
22793,1064,93181,11.6,5.8,39.8,39.0
22794,2647,131967,15.0,13.1,42.0,20.7
22795,928,98373,8.8,18.5,31.7,25.0
22796,3273,105940,9.7,14.6,28.1,29.0
22797,2773,85965,7.9,23.6,28.9,16.4
22798,1818,115643,14.7,7.8,31.1,34.0
22799,2532,133485,14.1,14.6,26.7,20.5
22800,1328,74760,14.8,22.1,31.7,39.8
22801,2510,121686,14.8,20.1,42.7,18.3
22802,3878,98061,13.7,20.8,37.9,28.9
22803,1940,67042,14.2,14.2,42.5,35.7
22804,597,83318,4.4,11.8,48.6,25.0
22805,636,50550,5.1,15.1,27.4,34.8
22806,3405,62087,13.6,9.0,29.9,33.6
22807,1264,31953,11.7,17.8,29.6,35.1
22808,2071,119266,13.5,20.7,40.3,32.6
22809,3627,128431,12.2,6.4,32.2,31.3
22810,399,141195,4.7,17.0,28.4,27.2
22811,2486,46304,14.0,16.5,38.9,20.2
22812,4498,119613,12.3,10.3,47.3,23.6
22813,4063,140301,9.8,24.9,29.1,21.1
22814,4787,63739,9.4,15.0,41.2,33.2
22815,4271,118655,9.9,22.8,32.4,27.2
22816,3959,131879,7.7,8.8,46.7,24.0
22817,1013,49987,12.6,20.0,37.3,33.2
22818,4975,143064,13.9,6.6,31.8,30.6
22819,3795,31038,6.0,6.4,43.9,28.2
22820,1020,27775,3.5,8.8,35.6,15.4
22821,1623,32477,5.4,19.7,40.1,37.5
22822,1849,96910,12.1,24.9,40.9,31.6
22823,3717,92819,13.4,21.2,48.1,24.0
22824,2800,42046,7.2,13.5,22.1,39.7
22825,1105,104427,4.8,17.9,34.1,23.8
22826,1801,45525,13.3,14.5,37.0,31.8
22827,3402,143723,5.6,9.9,47.4,17.5
22828,903,66181,5.9,17.3,23.2,35.8
22829,3466,25751,4.1,15.6,27.1,32.8
22830,2992,39491,13.9,15.8,48.1,19.9
22831,3598,52742,6.9,6.3,34.5,31.8
22832,3262,73736,5.1,7.4,39.9,18.7
22833,214,87257,14.4,15.0,36.6,39.9
22834,3429,126458,7.0,12.2,47.0,16.9
22835,4568,75420,12.0,13.5,22.7,27.1
22836,2237,130022,5.8,12.8,21.5,38.7
22837,4952,78257,11.7,19.2,33.7,31.3
22838,130,68096,5.8,8.6,47.0,23.3
22839,1905,114764,10.7,23.8,38.0,31.1
22840,3669,56628,8.3,14.4,41.0,33.3
22841,1536,109293,12.6,11.8,46.7,27.1
22842,4885,101061,11.8,5.4,24.4,22.9
22843,3528,49790,14.2,12.1,38.7,39.6
22844,556,140683,7.5,17.5,25.4,26.8
22845,548,100599,12.1,20.9,43.6,19.7
22846,167,54767,14.6,19.6,43.0,33.5
22847,4189,30327,7.0,16.5,22.4,23.0
22848,1962,142898,6.5,13.7,48.3,19.9
22849,1902,123037,12.2,15.5,31.9,29.9
22850,4662,134946,8.3,24.2,23.6,21.1
22851,3531,124968,7.8,24.3,27.1,25.7
22852,227,83325,9.5,21.1,47.2,30.5
22853,4928,74553,14.2,8.3,34.7,30.7
22854,3925,132107,4.0,23.7,40.3,22.1
22855,1367,146354,8.6,18.0,33.5,28.8
22856,4110,88827,4.3,14.6,23.0,22.0
22857,1142,82225,13.6,16.2,39.5,32.0
22858,3838,138839,4.6,14.5,50.0,26.1
22859,467,83249,4.1,14.6,35.5,18.0
22860,2704,37644,14.6,13.6,26.6,21.1
22861,2740,56097,9.8,22.9,28.2,35.7
22862,158,104163,12.9,14.1,27.4,27.7
22863,4356,117017,8.6,9.4,48.3,17.4
22864,202,131133,8.2,9.6,48.6,22.5
22865,4607,121330,13.9,7.6,28.6,28.5
22866,885,120330,14.9,16.1,20.2,32.7
22867,4378,56630,10.4,11.5,29.5,25.0
22868,4045,146845,14.0,16.5,37.0,33.2
22869,2546,96410,13.4,23.6,44.6,29.0
22870,1056,26106,9.5,24.1,32.5,35.1
22871,2802,137420,14.3,11.1,34.5,33.2
22872,536,104429,5.5,9.4,23.8,26.7
22873,2465,33419,13.6,6.1,37.2,31.7
22874,4801,122963,6.7,10.5,38.5,36.5
22875,596,141676,3.4,15.1,24.1,39.9
22876,1466,141866,12.4,17.1,29.5,15.4
22877,2965,81329,14.2,7.0,28.6,19.2
22878,1951,65908,5.6,9.9,46.5,36.2
22879,1122,63787,9.4,5.8,37.2,21.7
22880,3230,79839,12.0,20.5,41.2,21.0
22881,2944,46024,7.0,10.4,32.3,25.8
22882,1589,115355,4.8,16.4,31.7,38.1
22883,2434,132745,7.7,14.2,29.4,19.6
22884,4532,47755,8.5,14.5,27.5,21.8
22885,3489,80540,11.9,18.3,48.9,35.9
22886,302,140131,5.4,13.2,33.0,34.7
22887,330,123196,12.8,10.0,30.3,30.8
22888,3734,66574,9.0,13.2,30.8,33.8
22889,3228,53356,13.8,21.5,30.9,21.9
22890,2791,138526,9.8,16.2,25.3,31.5
22891,3591,129236,8.4,24.5,26.1,29.4
22892,3062,140512,6.4,20.7,40.0,35.4
22893,2427,102260,4.3,21.5,20.4,15.5
22894,4661,34127,7.5,20.7,41.9,15.9
22895,2884,67704,8.0,13.8,25.2,28.2
22896,903,103205,9.8,21.1,43.6,35.6
22897,4461,122471,13.3,17.6,30.3,28.9
22898,3823,35878,8.6,9.5,24.1,24.0
22899,3001,66481,6.8,6.9,42.8,32.3
22900,275,128241,13.5,15.0,33.7,30.5
22901,1544,88041,11.8,16.7,25.2,15.8
22902,4103,90381,6.7,12.0,38.3,21.3
22903,3632,125180,5.0,17.6,38.1,18.5
22904,4449,127336,6.5,8.0,38.8,34.6
22905,1643,27205,4.5,21.1,28.3,26.2
22906,2254,89767,13.8,13.0,20.1,16.1
22907,2205,49401,10.3,19.5,42.6,34.2
22908,3513,58314,13.4,22.1,20.4,33.5
22909,3461,68513,12.8,9.8,29.2,25.1
22910,4279,115278,4.8,15.9,29.4,15.0
22911,1240,92605,8.3,7.5,26.9,16.3
22912,4907,80362,14.7,5.9,31.0,21.5
22913,1861,81005,5.8,5.8,43.0,38.5
22914,2040,121867,3.6,24.0,43.3,15.4
22915,1906,54519,7.2,5.9,23.8,25.5
22916,3273,139370,9.1,17.1,44.0,17.7
22917,756,106507,3.7,6.1,23.8,29.6
22918,2603,113650,8.1,19.3,43.9,35.8
22919,758,77087,6.0,14.8,29.7,19.5
22920,2938,57784,5.5,9.2,21.8,24.5
22921,4336,117818,6.2,17.1,48.2,22.9
22922,2553,27809,4.3,11.7,40.2,23.3
22923,1154,135846,3.9,8.0,33.2,33.1
22924,3141,118371,10.2,19.8,23.9,17.7
22925,4103,33519,14.4,12.6,21.7,28.0
22926,2438,143139,12.7,14.4,41.9,17.8
22927,210,67957,13.0,5.8,48.2,36.6
22928,1818,49921,11.8,16.3,46.5,29.3
22929,4391,88727,14.5,15.3,34.5,29.7
22930,225,128896,14.4,20.0,28.9,35.6
22931,361,92890,12.3,14.6,24.3,22.6
22932,3034,37463,11.6,21.9,29.7,37.6
22933,2302,39648,6.7,12.0,44.4,18.7
22934,1704,105777,4.1,19.9,41.7,34.9
22935,4303,132039,4.1,9.8,48.2,24.4
22936,2182,84726,11.8,22.3,25.7,17.4
22937,4042,110370,3.3,12.0,25.0,29.5
22938,754,45089,12.8,19.7,37.7,32.4
22939,2563,72939,7.4,21.1,41.0,35.4
22940,384,65475,5.3,8.3,30.7,16.7
22941,2665,130347,7.9,21.0,38.8,15.2
22942,3901,27748,11.4,10.8,43.0,19.1
22943,126,67316,6.3,16.9,41.4,24.3
22944,2374,112179,5.1,15.4,26.4,27.8
22945,3967,141494,11.9,16.7,37.4,15.1
22946,4072,120516,13.6,20.8,36.4,21.0
22947,1691,67326,10.0,21.6,38.2,22.7
22948,3481,96948,9.3,10.0,33.4,23.0
22949,1228,117965,12.1,8.8,37.2,27.0
22950,4213,98913,11.8,6.7,32.1,17.4
22951,2236,143893,3.1,19.1,45.4,34.1
22952,256,50342,6.4,14.5,27.8,24.9
22953,1389,82378,14.2,8.0,22.8,22.4
22954,2281,65871,14.5,14.7,25.7,16.3
22955,2611,127219,9.1,24.7,40.7,26.7
22956,1871,95877,9.7,16.2,29.1,38.1
22957,1255,83989,3.0,22.4,27.8,24.5
22958,2888,65708,11.1,6.8,28.0,35.4
22959,3076,53161,5.5,23.0,22.1,24.7
22960,3599,129169,4.5,16.2,48.6,37.7
22961,3013,42181,6.7,15.8,30.4,22.5
22962,303,48650,11.0,7.8,39.3,21.7
22963,1922,146462,8.2,14.1,41.8,35.1
22964,1459,86449,7.2,14.7,31.3,27.9
22965,2644,110576,11.7,7.8,46.2,33.8
22966,541,47736,12.8,11.7,41.4,38.3
22967,1415,100387,13.4,22.6,21.8,19.5
22968,4137,57805,8.3,5.7,44.6,23.8
22969,1248,125282,11.6,15.5,26.6,22.1
22970,1298,39429,13.6,20.6,31.9,23.7
22971,3016,40592,13.9,24.4,49.7,17.9
22972,3985,83230,8.9,18.2,27.8,21.3
22973,4275,87626,7.3,5.8,48.0,25.9
22974,2959,122094,13.8,19.4,43.3,18.0
22975,3062,89139,6.1,19.6,41.7,37.3
22976,1467,121497,12.6,15.7,49.7,35.9
22977,4765,68689,13.9,12.6,46.9,27.8
22978,3009,129545,11.9,13.8,45.5,16.5
22979,2316,57688,11.2,23.9,21.6,19.9
22980,3505,93990,3.6,22.7,31.4,35.4
22981,3159,127978,5.4,10.7,30.1,32.4
22982,2383,126664,11.0,6.5,22.1,35.7
22983,4594,85007,12.4,19.9,23.5,16.1
22984,920,111156,3.8,15.7,40.5,22.5
22985,3160,127602,3.2,17.8,44.3,21.2
22986,2624,71567,6.7,23.9,38.5,31.7
22987,2732,28475,10.7,23.9,43.4,19.3
22988,2762,129864,9.1,21.6,38.1,16.6
22989,2925,77529,3.1,10.3,41.4,34.1
22990,4553,46425,4.8,21.0,41.7,29.7
22991,3229,109104,12.0,21.9,44.3,24.9
22992,4114,70830,6.6,5.0,29.4,25.9
22993,4716,79152,4.4,13.2,43.7,26.2
22994,4588,70673,3.6,11.3,35.0,25.0
22995,1766,120129,13.2,21.9,48.9,20.5
22996,3500,130601,8.7,7.2,24.9,36.8
22997,3682,137388,9.0,17.4,49.6,16.6
22998,2300,52248,3.7,15.2,22.7,25.8
22999,992,40169,8.9,23.5,37.9,25.9
23000,4050,140827,10.7,14.5,40.5,21.2
23001,1083,94769,4.5,6.5,47.0,34.8
23002,682,27462,13.8,22.8,42.8,26.1
23003,4215,44616,12.4,17.0,22.9,20.9
23004,2740,68627,12.6,18.4,38.5,31.4
23005,2073,115359,9.4,19.4,41.0,18.9
23006,3517,49430,7.0,21.6,26.1,22.9
23007,4214,56877,10.7,19.8,39.7,39.4
23008,2515,140213,5.7,10.1,22.7,37.1
23009,988,120821,4.6,24.2,24.2,31.8
23010,1983,57014,9.5,7.9,30.9,21.3
23011,4921,78472,8.7,13.3,25.9,32.0
23012,3922,149024,4.8,15.6,20.1,24.3
23013,246,111750,9.4,6.1,38.6,19.6
23014,1816,54392,9.6,7.5,33.9,21.1
23015,2577,131410,13.5,8.8,26.7,21.3
23016,1563,123766,12.1,22.4,26.4,21.5
23017,2345,44347,5.6,17.0,37.8,20.4
23018,1410,146071,12.8,7.0,23.2,38.1
23019,4760,135612,14.6,19.7,27.5,27.6
23020,468,88935,11.6,14.1,21.2,22.1
23021,1363,96452,12.4,8.2,43.0,33.3
23022,2949,100706,6.2,16.2,49.3,40.0
23023,2847,143088,14.9,12.7,28.0,15.3
23024,2665,103271,5.1,18.0,33.9,31.9
23025,1918,57348,12.0,24.6,33.1,30.8
23026,1987,51539,7.7,19.6,36.2,30.2
23027,3883,37542,7.3,15.2,31.3,22.4
23028,159,149065,6.4,17.3,24.0,20.6
23029,644,123606,8.3,20.5,27.4,27.0
23030,3164,47267,12.5,9.6,43.9,36.1
23031,1330,25776,14.3,7.7,37.9,29.7
23032,658,69219,8.0,16.5,22.1,16.8
23033,1612,25623,10.8,19.9,26.5,32.4
23034,769,87493,12.5,13.4,32.0,33.5
23035,357,124763,4.2,8.9,39.4,27.4
23036,1170,44770,14.5,17.8,43.5,37.4
23037,1150,130334,5.5,18.5,37.5,20.0
23038,4138,39723,14.0,20.8,47.0,33.8
23039,4122,62543,14.8,16.7,44.2,24.6
23040,244,115591,4.2,12.3,34.3,30.2
23041,2734,56327,13.7,9.4,41.9,22.5
23042,2669,86574,10.7,5.8,24.8,29.0
23043,900,58829,12.8,13.0,30.4,20.6
23044,1585,58055,4.3,20.4,20.6,20.0
23045,3848,54764,13.0,20.1,42.3,24.8
23046,2529,138385,10.5,23.8,47.9,27.0
23047,2923,114154,9.1,5.4,31.3,34.4
23048,772,77791,9.7,8.5,29.3,38.6
23049,4074,65723,11.9,18.2,28.0,15.9
23050,3589,47719,6.6,15.8,20.0,26.8
23051,4522,124447,14.3,19.4,29.2,21.7
23052,1514,129848,6.7,12.8,20.5,26.3
23053,3468,100151,13.5,12.1,36.8,24.1
23054,4825,40882,3.1,19.0,40.5,23.1
23055,3994,103732,14.0,13.2,30.7,36.0
23056,3946,132153,13.2,10.2,32.1,37.7
23057,2128,77237,4.5,11.0,29.5,37.7
23058,1294,131017,11.8,9.4,28.0,24.0
23059,2124,149619,7.5,5.2,29.7,20.4
23060,1457,104445,8.8,18.8,36.9,35.4
23061,2910,52092,3.8,19.7,36.8,32.9
23062,668,144676,5.6,20.8,42.1,35.6
23063,2045,141889,14.4,8.6,24.0,39.0
23064,446,46673,8.0,23.3,48.8,16.6
23065,507,66638,3.3,11.6,35.7,25.1
23066,4328,44841,9.2,22.9,45.4,38.2
23067,3853,60512,14.9,10.4,21.8,36.5
23068,713,43737,7.0,5.8,30.8,18.4
23069,205,108568,4.7,15.4,41.9,29.4
23070,2318,124983,10.7,15.6,22.9,39.8
23071,3899,57061,14.0,23.0,25.0,30.6
23072,4457,39689,13.3,18.4,37.2,19.4
23073,4013,62770,10.9,21.5,34.7,30.7
23074,593,112250,5.2,22.1,31.9,35.7
23075,3968,28966,12.4,14.8,24.9,15.5
23076,4485,122053,12.9,23.2,20.3,29.7
23077,3434,76893,13.2,19.5,20.2,18.5
23078,4020,71534,7.8,7.2,38.3,22.0
23079,1968,88130,7.9,10.0,32.9,35.9
23080,1538,107773,4.9,7.1,43.5,30.9
23081,1452,96871,12.3,16.7,30.2,32.5
23082,144,132088,11.8,9.5,20.0,17.6
23083,2480,44790,4.2,23.8,35.2,22.0
23084,4660,77104,3.2,22.9,33.5,17.8
23085,299,139507,14.4,20.9,25.9,29.0
23086,4524,79215,3.2,22.6,49.8,19.0
23087,2387,116131,10.5,21.9,23.4,15.7
23088,4993,38185,8.4,8.5,31.6,28.5
23089,4897,100312,12.3,6.8,35.9,32.2
23090,2730,128215,4.1,19.0,30.3,23.4
23091,2868,35806,11.2,11.8,30.9,39.7
23092,2507,43255,10.4,17.5,47.0,24.3
23093,3891,148970,13.2,17.7,32.2,32.8
23094,3393,42010,9.2,22.2,33.7,27.4
23095,2946,127511,11.7,8.2,34.9,34.2
23096,3411,29766,8.3,22.7,38.0,37.7
23097,2651,118290,14.8,11.5,31.3,35.5
23098,1537,33217,9.7,22.8,47.9,32.5
23099,226,60816,12.0,9.1,22.4,32.5
23100,1720,66581,4.1,8.2,27.2,30.8
23101,3419,136681,8.6,17.3,48.8,33.1
23102,581,118597,3.8,23.1,27.2,38.6
23103,4478,99444,4.5,14.7,45.7,24.6
23104,2221,76812,9.1,6.6,41.1,21.7
23105,3235,98203,7.2,22.4,44.6,17.2
23106,2920,75893,8.5,15.0,40.1,36.3
23107,2471,142760,9.0,15.1,32.5,18.5
23108,338,65671,4.9,9.3,49.4,20.2
23109,1520,130029,7.4,9.0,20.2,38.4
23110,440,45117,13.3,17.2,36.5,37.4
23111,3450,56178,13.3,13.6,30.2,39.2
23112,3093,95000,8.9,8.0,37.2,21.8
23113,1586,85118,12.0,24.5,48.1,28.4
23114,4657,26845,12.0,5.9,49.0,23.2
23115,4175,102965,3.5,5.9,29.5,34.9
23116,4993,131509,10.3,24.6,48.1,22.3
23117,832,49019,12.7,9.4,49.6,39.5
23118,3578,126062,10.1,5.3,34.4,19.6
23119,261,107450,9.5,13.0,24.0,39.6
23120,2595,81729,9.4,9.4,49.1,25.7
23121,231,105698,9.1,21.1,46.9,20.2
23122,1957,81469,12.3,10.1,39.7,27.0
23123,1342,114861,10.7,21.3,20.8,37.5
23124,3588,44262,5.6,15.6,30.7,29.6
23125,771,28404,8.2,21.1,24.6,25.6
23126,604,89585,9.3,17.3,25.7,20.7
23127,2256,115549,8.0,20.1,40.6,26.0
23128,1361,74534,5.9,14.2,31.7,23.8
23129,392,79162,4.5,13.4,30.2,25.4
23130,3750,73478,4.4,14.1,34.0,21.5
23131,4382,67249,6.6,19.9,24.8,31.7
23132,1159,117964,7.8,13.8,33.2,35.3
23133,2403,30068,11.2,10.8,48.1,16.0
23134,2895,71736,14.8,21.2,43.9,29.1
23135,1301,35229,13.8,13.3,21.3,26.8
23136,3413,114014,12.8,13.9,32.9,18.6
23137,2188,102444,12.8,6.6,45.8,20.8
23138,3528,68412,10.2,12.3,27.5,23.3
23139,2260,114084,6.0,21.5,45.2,28.3
23140,818,115997,8.7,18.4,37.7,19.2
23141,1946,69454,4.7,7.6,20.3,37.3
23142,977,137275,9.8,14.4,46.5,25.6
23143,3367,93550,3.3,23.5,46.9,35.6
23144,4597,143670,5.3,9.6,44.8,26.6
23145,163,61942,11.5,21.5,35.8,39.0
23146,2799,115420,6.3,16.3,41.9,35.9
23147,3033,83070,8.0,12.1,23.9,37.6
23148,472,93640,13.0,24.4,45.8,21.7
23149,4127,44321,3.5,19.4,48.5,35.4
23150,405,39017,3.3,11.3,29.9,32.0
23151,2614,67673,5.7,8.9,27.8,28.0
23152,1031,102599,11.2,22.6,27.4,28.3
23153,2090,139118,5.8,16.8,30.1,27.0
23154,3756,140400,13.4,5.7,22.4,24.4
23155,1515,107870,7.2,13.6,43.8,36.4
23156,461,75587,6.4,13.9,29.7,19.0
23157,2868,29565,5.8,20.5,22.4,39.0
23158,815,124842,9.9,9.8,49.7,24.9
23159,1745,134108,13.3,14.2,26.4,25.4
23160,642,103761,7.9,6.6,44.6,30.2
23161,1647,49321,6.0,7.5,34.8,19.8
23162,2341,141856,8.1,20.9,31.3,17.2
23163,751,84541,13.9,15.5,40.0,38.0
23164,1150,76352,7.0,12.7,45.9,34.9
23165,4842,55623,10.9,10.3,21.7,18.6
23166,1952,52627,7.0,24.3,21.3,32.3
23167,3101,75822,11.1,14.4,49.5,37.1
23168,3184,70629,13.6,16.3,28.0,38.0
23169,2196,118246,10.2,24.7,21.6,35.4
23170,902,110284,14.4,20.1,29.9,28.1
23171,2754,109035,10.2,12.6,25.4,20.7
23172,1780,66184,14.7,16.1,33.6,20.3
23173,1707,25846,11.7,12.9,46.4,28.0
23174,3622,57392,10.8,16.1,46.9,27.7
23175,2157,146389,13.0,17.9,29.4,24.4
23176,2821,122886,3.1,24.5,34.3,16.0
23177,4921,89801,6.1,19.6,36.2,31.5
23178,2663,138515,5.6,18.9,27.6,24.6
23179,3712,105118,4.3,6.9,25.0,26.6
23180,302,79587,14.3,11.4,34.3,39.5
23181,1041,127373,4.6,10.6,32.2,29.7
23182,688,142644,6.2,7.0,47.0,36.4
23183,670,78539,7.0,22.4,45.4,26.4
23184,3104,49031,10.5,21.3,39.9,38.5
23185,295,117373,12.2,20.8,28.5,17.1
23186,1445,31911,10.3,8.5,31.2,27.4
23187,517,67543,12.0,17.0,25.3,17.3
23188,1742,146436,7.8,15.5,28.1,36.2
23189,1465,140658,14.9,17.3,49.5,32.7
23190,108,147373,5.0,20.7,36.5,16.6
23191,631,119084,7.8,6.9,44.5,36.2
23192,4344,75368,13.0,8.8,28.2,25.3
23193,1652,112026,6.0,10.6,32.3,17.0
23194,1135,149518,12.0,14.4,37.9,22.1
23195,4671,145241,7.4,16.7,21.5,37.3
23196,1717,117233,5.1,11.1,47.0,37.2
23197,3816,48625,7.8,7.2,45.4,16.2
23198,1176,103448,12.4,15.1,49.4,24.3
23199,4401,142399,4.3,6.2,31.6,31.0
23200,4115,100014,9.2,12.3,23.7,36.9
23201,3062,85501,11.9,5.9,40.4,35.4
23202,4940,57825,12.0,9.4,23.9,27.6
23203,1012,100412,7.7,7.2,29.3,19.2
23204,4249,130173,8.6,13.9,26.5,18.1
23205,4170,85832,13.3,9.7,39.1,20.2
23206,3661,106707,5.5,6.1,39.4,24.2
23207,443,26304,14.9,11.0,29.9,20.5
23208,1292,75782,8.0,22.9,42.3,30.5
23209,2032,78232,6.3,21.8,43.5,36.8
23210,802,111223,3.0,22.7,40.6,27.5
23211,1998,31003,4.5,12.8,21.7,25.6
23212,3693,149046,12.1,22.6,24.4,16.0
23213,298,41796,10.8,24.0,31.4,36.1
23214,3332,75770,6.0,24.2,33.1,39.1
23215,2922,144859,14.1,7.5,29.8,35.8
23216,4584,95672,13.0,21.5,36.7,39.1
23217,573,27777,6.2,11.7,29.0,37.0
23218,4960,91275,7.0,14.0,32.5,20.4
23219,1754,79051,5.2,18.1,20.6,31.5
23220,691,119626,10.7,20.2,30.6,28.3
23221,1948,139087,11.4,23.0,40.8,19.9
23222,3141,140606,7.8,24.2,35.1,36.0
23223,267,51824,11.8,20.4,41.7,36.8
23224,4479,65353,14.9,9.8,38.3,20.4
23225,3370,71521,10.3,15.2,49.4,28.6
23226,4107,53658,10.8,11.9,28.1,16.2
23227,4110,96157,7.5,22.3,23.2,20.5
23228,3948,56825,3.1,14.9,24.0,27.1
23229,2281,49191,14.4,22.1,28.1,38.8
23230,1754,37367,12.3,24.5,37.3,25.5
23231,4317,113252,11.3,10.8,43.2,18.1
23232,932,26503,3.4,5.6,21.1,20.6
23233,1121,77379,12.1,9.3,49.0,30.7
23234,2093,25827,11.0,17.8,30.6,38.2
23235,3592,44615,9.8,21.2,44.7,36.7
23236,994,105625,10.5,20.0,40.1,36.1
23237,1615,77025,14.0,21.1,37.8,16.0
23238,3770,34809,3.1,23.5,22.6,29.7
23239,388,103891,4.9,9.5,46.9,26.6
23240,1176,149065,13.7,6.0,31.3,28.7
23241,1471,112772,3.1,11.6,46.8,15.0
23242,1174,133180,13.8,22.1,25.7,27.3
23243,3059,38947,3.4,19.6,49.0,38.9
23244,139,115621,12.4,5.7,38.7,25.9
23245,4374,30632,13.7,8.1,45.1,24.2
23246,3722,33886,10.4,23.6,35.1,39.6
23247,282,142967,10.7,14.9,37.9,31.0
23248,1859,45400,3.6,17.8,29.6,24.7
23249,1869,54792,5.5,6.9,42.3,28.2
23250,4900,141756,13.8,16.5,47.1,23.1
23251,596,139678,12.9,21.9,41.5,30.5
23252,696,120586,3.7,23.0,34.1,32.3
23253,2608,88414,12.8,14.0,45.1,30.1
23254,3926,47008,8.1,16.7,35.0,22.6
23255,4669,106818,9.7,19.6,33.2,35.6
23256,784,30523,4.3,13.0,39.9,36.7
23257,418,34438,7.8,10.8,26.9,32.4
23258,3726,131895,8.2,6.8,34.3,17.0
23259,1535,139125,11.0,8.9,21.2,22.9
23260,2503,43991,10.9,24.7,49.5,27.8
23261,2764,73159,9.6,22.4,48.8,37.3
23262,4424,57759,3.4,11.9,49.6,22.1
23263,828,86928,4.9,21.6,46.4,22.7
23264,1387,90823,4.9,20.3,47.0,17.3
23265,4101,40796,13.7,24.4,22.6,32.7
23266,660,141091,13.8,5.8,26.4,29.6
23267,1475,95068,12.7,16.6,40.0,38.4
23268,1565,68137,5.1,19.0,26.1,39.7
23269,2606,58208,13.1,21.6,21.5,17.5
23270,3986,46996,5.3,21.1,32.3,22.1
23271,124,29885,9.7,10.5,47.9,20.6
23272,1254,112012,11.8,19.1,49.9,30.5
23273,4565,124572,3.6,21.2,34.6,20.6
23274,1559,146907,10.2,15.3,38.3,38.4
23275,4806,31864,6.0,15.0,30.4,31.2
23276,1320,81159,9.0,13.8,28.5,27.2
23277,2256,39565,7.6,9.2,47.9,31.7
23278,3391,117624,11.2,21.7,41.6,39.6
23279,819,90721,8.9,15.0,26.6,26.3
23280,1205,111177,6.6,7.7,27.4,23.5
23281,3869,118382,13.9,23.3,41.6,23.3
23282,2579,41348,14.5,21.9,31.9,21.4
23283,2020,133944,12.6,13.5,34.8,26.3
23284,3179,61311,10.0,20.6,44.3,31.7
23285,4831,132975,13.6,8.3,40.6,38.8
23286,3269,62654,10.2,24.4,48.4,22.6
23287,3272,118174,4.8,6.7,44.9,23.9
23288,3430,127944,3.2,22.6,27.9,39.2
23289,4551,52154,11.7,25.0,36.6,16.5
23290,2158,124448,12.0,10.8,27.9,39.6
23291,3421,45548,14.1,21.2,29.4,23.9
23292,1970,56012,12.9,23.3,42.3,30.4
23293,3721,88190,10.7,24.1,31.5,22.6
23294,1245,91170,5.3,19.4,34.4,25.3
23295,4091,32577,10.1,17.4,40.1,20.5
23296,3473,42687,8.2,7.1,32.4,18.8
23297,224,136157,5.8,14.4,33.0,39.3
23298,411,107452,12.6,12.9,30.4,30.1
23299,874,120840,4.8,5.4,33.6,17.1
23300,3020,84225,10.6,10.7,43.7,22.3
23301,1931,44081,10.3,19.9,37.8,35.2
23302,793,136145,6.6,11.1,22.0,27.6
23303,1476,55620,8.2,5.7,23.0,32.9
23304,1089,91488,4.4,20.4,20.4,17.1
23305,2946,60573,3.3,21.2,26.1,24.7
23306,1852,114506,3.2,5.5,26.7,37.6
23307,3059,72131,5.1,21.7,22.2,26.8
23308,2553,148449,13.4,20.9,40.7,21.3
23309,3143,130086,9.3,17.4,41.0,16.0
23310,1816,119635,4.4,5.9,35.9,28.0
23311,1726,117934,13.9,23.9,39.4,32.5
23312,3188,134711,9.8,7.0,46.7,26.0
23313,3431,50555,3.3,19.4,27.0,18.3
23314,4128,128516,12.2,20.3,33.6,28.0
23315,989,29130,8.7,23.9,32.3,26.1
23316,1478,90115,9.4,24.0,44.7,36.0
23317,4684,49326,10.4,10.6,29.2,35.7
23318,4375,77693,4.1,9.6,31.2,23.9
23319,1807,68533,14.4,13.2,25.8,25.3
23320,2464,28386,6.1,23.7,20.9,20.2
23321,331,68837,10.5,19.5,46.7,21.7
23322,1912,67697,13.3,23.2,44.2,35.2
23323,1712,51999,7.0,9.4,43.9,38.6
23324,4526,134377,10.5,6.4,27.9,36.0
23325,4756,41149,14.9,5.5,24.1,22.6
23326,3096,85047,13.2,6.4,38.0,30.6
23327,347,122122,12.4,21.8,34.2,28.1
23328,4478,103830,8.3,22.4,27.4,29.5
23329,2179,35727,8.4,23.3,43.3,18.9
23330,3841,96626,8.8,13.2,24.4,36.8
23331,4725,96031,11.3,14.3,44.7,28.3
23332,4576,147346,4.7,8.8,48.1,26.0
23333,162,76552,13.3,13.8,42.3,28.6
23334,4323,119561,3.2,8.1,40.2,33.1
23335,1651,37147,5.0,17.4,30.5,29.4
23336,3105,94088,8.8,5.3,25.1,32.1
23337,3422,42362,6.0,13.6,26.6,17.3
23338,394,64315,7.4,24.7,30.5,22.5
23339,4374,112433,7.0,24.9,33.7,28.0
23340,4424,49978,6.2,20.5,47.3,33.1
23341,982,35996,7.6,11.0,33.0,30.5
23342,493,42898,9.1,9.0,47.3,16.9
23343,2839,100275,8.7,5.7,27.2,37.6
23344,3567,41777,12.7,13.4,44.4,27.7
23345,4267,142318,6.7,14.2,39.1,35.4
23346,4513,145503,6.4,6.6,25.9,39.1
23347,4070,139791,9.1,22.4,23.8,18.5
23348,4790,38297,3.6,18.0,20.1,31.7
23349,4574,92279,4.3,12.6,30.2,28.9
23350,4331,38536,12.6,22.1,27.5,18.7
23351,2877,95972,8.9,13.2,48.4,25.8
23352,3792,55589,3.8,22.0,42.3,17.0
23353,1501,25421,8.3,14.9,22.6,18.1
23354,1005,129720,7.8,17.7,41.6,16.7
23355,629,80349,6.0,7.2,27.9,30.3
23356,4718,79444,7.5,10.2,43.8,31.0
23357,3821,72350,5.3,18.0,33.7,28.5
23358,486,31808,8.4,13.2,26.5,31.5
23359,2721,62481,7.9,7.7,45.2,35.7
23360,672,126481,10.3,8.1,48.8,20.6
23361,743,61544,14.3,19.2,34.7,33.2
23362,4171,111310,5.2,18.7,32.3,18.1
23363,1392,148155,8.0,19.4,39.5,29.8
23364,3695,113648,9.7,19.4,27.3,35.3
23365,4742,114130,9.6,24.2,48.1,39.6
23366,2585,139547,10.9,24.4,39.3,28.8
23367,654,115305,6.2,13.7,42.1,17.2
23368,2258,103134,10.6,20.5,43.6,25.8
23369,3493,119827,5.4,19.7,44.0,26.0
23370,2674,140814,4.5,8.5,42.4,27.6
23371,2324,53594,13.0,20.6,28.5,31.0
23372,3709,39980,8.7,21.9,39.9,35.7
23373,4819,74401,7.8,5.8,38.2,38.2
23374,2088,134963,14.1,15.5,47.5,36.1
23375,1043,117941,11.5,10.0,42.3,31.8
23376,4668,62819,11.1,23.7,36.8,17.1
23377,1093,90126,5.3,6.7,47.7,20.2
23378,3559,63879,5.5,18.2,45.9,37.8
23379,1221,29391,8.8,18.0,28.8,30.8
23380,3546,115349,10.8,7.4,47.7,36.2
23381,4365,131091,7.7,20.3,33.9,30.0
23382,155,110640,3.8,10.4,28.2,34.4
23383,1856,45393,11.2,18.8,25.1,34.3
23384,757,95441,12.3,10.0,40.5,36.6
23385,359,125640,14.3,12.8,39.3,17.2
23386,4836,76736,7.9,11.6,38.0,37.7
23387,2709,75917,6.1,17.1,44.8,39.9
23388,4009,127221,14.1,17.4,49.5,20.7
23389,503,90526,11.6,15.4,24.0,31.1
23390,894,88743,3.8,8.0,44.8,16.3
23391,1661,136112,10.0,17.9,41.6,36.4
23392,1283,83486,3.3,9.8,33.8,17.9
23393,2741,91650,5.7,13.6,30.4,20.9
23394,2764,117331,3.9,24.7,38.7,29.8
23395,4909,38010,5.5,21.9,41.7,40.0
23396,3707,129344,8.9,10.5,34.9,36.6
23397,2057,75291,6.6,9.4,27.6,36.6
23398,2193,32967,4.1,16.4,41.6,33.6
23399,1852,112573,8.8,6.7,23.8,32.5
23400,3662,146180,11.5,14.6,25.8,20.1
23401,1794,144350,3.6,14.1,38.0,31.4
23402,955,136067,13.6,24.9,33.5,17.6
23403,1395,143204,10.8,5.6,38.2,25.8
23404,4855,137747,9.2,22.5,44.3,33.8
23405,3721,67936,7.8,23.7,43.9,31.2
23406,4306,72692,7.7,18.0,37.5,32.1
23407,1138,133092,7.0,15.8,45.9,17.7
23408,4696,58913,4.4,7.9,29.8,25.3
23409,4613,92163,4.0,18.7,35.8,38.1
23410,4470,35050,6.7,19.9,39.4,36.7
23411,3547,140933,11.0,18.8,33.4,31.6
23412,3532,100210,6.5,6.6,47.6,30.0
23413,3848,112681,12.7,20.7,49.5,16.1
23414,2341,83865,7.6,9.6,20.2,33.7
23415,3630,140057,10.6,10.2,44.4,27.2
23416,4994,39264,8.2,12.8,49.9,23.5
23417,2063,79007,9.0,18.2,46.0,22.1
23418,3115,118304,6.0,16.3,46.5,24.6
23419,3667,112240,9.2,19.1,46.3,39.7
23420,3970,142920,4.3,18.2,22.4,17.8
23421,4964,141473,7.6,19.0,25.1,17.4
23422,1584,56961,8.4,11.0,30.3,20.2
23423,4334,74726,11.4,18.7,26.3,31.5
23424,2439,40759,7.8,20.9,36.1,20.9
23425,434,139392,11.0,6.1,27.8,38.8
23426,1958,30504,5.1,23.8,24.9,17.2
23427,1307,131324,3.3,6.0,25.6,22.2
23428,1024,121319,9.1,20.1,42.3,29.0
23429,3045,88699,8.7,17.9,25.4,32.2
23430,4539,143391,11.0,11.4,34.9,32.8
23431,4852,72172,6.8,14.6,46.8,22.3
23432,3685,120355,3.4,23.4,36.3,22.7
23433,4456,86816,11.7,22.1,25.9,34.9
23434,4127,89807,14.3,12.3,32.7,35.0
23435,4364,46861,7.7,12.8,41.1,26.5
23436,4855,90152,10.3,9.3,35.7,39.1
23437,4395,125876,9.5,13.4,43.0,17.5
23438,4777,47289,9.8,18.1,22.9,27.1
23439,4761,76267,13.4,14.0,30.2,27.5
23440,3942,149782,11.8,19.5,24.8,26.9
23441,2498,114357,12.2,21.1,48.1,27.0
23442,127,37271,4.1,11.4,26.6,30.7
23443,4050,132652,4.8,18.2,44.0,15.7
23444,1998,140773,11.0,15.9,25.7,37.5
23445,4827,82504,9.5,7.1,46.9,18.2
23446,2527,97729,12.3,10.8,22.7,33.7
23447,1725,66718,4.1,7.4,29.0,36.2
23448,2675,126052,9.8,21.1,24.0,28.0
23449,2136,57707,8.8,19.0,29.7,17.4
23450,1410,128709,13.3,21.1,35.6,15.5
23451,3455,73573,5.2,17.8,49.1,28.3
23452,3820,34021,7.2,15.4,29.5,15.6
23453,2374,34040,4.8,14.5,27.5,35.1
23454,2174,98435,8.4,11.7,39.2,24.1
23455,188,130285,13.6,22.5,29.8,15.4
23456,3904,51552,11.0,14.3,29.6,25.5
23457,221,29344,11.9,9.3,48.8,30.8
23458,132,103938,4.1,19.9,26.5,38.4
23459,4798,32203,8.4,11.7,23.7,16.3
23460,795,103854,13.1,9.5,47.2,18.4
23461,3941,133025,13.0,20.8,39.0,30.1
23462,624,30440,14.9,13.9,39.3,24.3
23463,346,68209,9.3,9.1,40.9,23.9
23464,4026,27892,3.0,18.4,32.1,20.5
23465,3201,110544,13.8,21.3,35.6,28.6
23466,2196,31687,14.5,13.0,42.8,31.4
23467,2062,149557,14.1,9.7,36.7,21.8
23468,3059,48807,12.3,5.5,37.8,36.5
23469,2327,129608,5.5,22.4,48.4,29.8
23470,1493,105925,4.7,14.0,32.3,33.6
23471,2007,55152,11.4,22.8,29.2,17.2
23472,2123,143793,4.7,19.1,23.2,15.2
23473,4933,127758,14.4,14.9,22.9,26.0
23474,2578,50875,8.3,19.0,33.2,20.3
23475,4559,121088,3.4,11.2,29.4,31.0
23476,1081,59939,4.8,8.9,35.6,33.8
23477,3323,148509,6.5,8.0,21.7,25.3
23478,326,53939,11.4,23.3,40.5,32.2
23479,1366,33469,11.8,19.9,20.1,25.9
23480,2157,107943,5.6,23.7,20.3,36.8
23481,2351,86515,10.8,20.3,23.0,25.8
23482,3041,95157,3.4,12.7,20.8,20.8
23483,256,103441,4.2,23.8,28.7,26.0
23484,2173,116311,9.4,16.8,45.7,24.0
23485,4163,108637,11.4,23.7,24.5,37.7
23486,860,81355,14.0,9.2,44.8,18.2
23487,873,76132,8.3,12.5,36.6,18.2
23488,1652,141278,4.4,12.5,23.9,29.7
23489,1057,123573,14.1,5.1,46.9,33.1
23490,353,78249,8.2,18.8,35.5,36.5
23491,1669,87719,9.0,23.0,37.1,23.2
23492,3318,137129,13.3,23.4,36.4,28.1
23493,4313,44004,10.0,20.9,45.5,21.2
23494,3336,116498,6.6,10.1,44.2,23.5
23495,4745,95762,9.5,12.7,23.1,36.1
23496,907,30253,10.5,11.6,38.6,18.2
23497,1881,137024,13.7,14.0,49.1,15.5
23498,1321,137066,5.8,14.1,40.2,22.7
23499,3763,33726,9.7,22.8,45.7,26.2
23500,3300,83952,14.0,7.1,26.4,27.6
23501,979,125702,3.5,20.1,40.1,34.9
23502,100,114115,5.3,16.5,40.2,36.9
23503,266,111552,7.2,18.8,22.8,33.6
23504,2163,85258,11.1,22.9,31.5,17.9
23505,2804,65000,13.1,23.8,31.9,15.4
23506,211,71273,5.4,5.2,42.4,37.9
23507,3539,122486,6.0,22.1,36.8,35.9
23508,1225,73426,12.9,8.6,25.1,15.2
23509,2741,54735,4.8,8.1,30.3,19.2
23510,1529,131959,6.1,23.2,21.2,37.2
23511,2143,90558,11.8,23.8,30.3,39.0
23512,4702,66648,5.0,12.9,21.0,16.1
23513,1734,57519,12.9,6.2,49.5,34.9
23514,770,26286,8.9,21.3,43.9,15.7
23515,3211,94396,8.4,21.9,48.8,35.3
23516,1790,100810,4.6,9.2,33.4,15.4
23517,4057,35726,11.2,24.7,31.0,34.1
23518,1064,86540,13.6,20.7,49.4,17.3
23519,380,140424,11.3,13.9,45.7,34.7
23520,4546,146572,6.8,14.1,40.8,35.9
23521,2066,119818,11.4,11.8,30.8,33.6
23522,2908,120313,9.1,19.9,27.3,31.2
23523,2064,50916,13.2,17.4,34.8,35.3
23524,4923,104826,8.5,20.6,27.0,22.6
23525,3490,27377,5.8,15.7,25.3,21.1
23526,922,49771,4.2,6.0,29.6,19.0
23527,1537,117573,6.4,22.5,23.4,21.9
23528,2161,74004,9.8,14.0,34.9,22.5
23529,3965,79780,5.0,19.6,44.2,37.0
23530,4394,100232,3.5,10.0,48.4,20.7
23531,4873,76267,8.4,10.1,32.6,33.4
23532,4136,137008,7.2,12.3,48.9,25.6
23533,1564,128696,8.0,11.9,41.2,32.6
23534,177,46802,8.4,10.6,21.8,35.8
23535,2259,109838,12.2,11.4,32.6,25.2
23536,4730,147711,14.5,7.8,48.8,17.4
23537,3287,69984,6.1,5.3,27.4,38.2
23538,1265,50446,14.3,24.5,22.7,16.9
23539,889,55860,5.7,6.5,28.7,33.1
23540,1663,115296,12.1,12.1,38.1,38.6
23541,1422,100417,11.2,21.7,44.7,21.8
23542,1602,108132,3.6,5.1,34.6,18.9
23543,1591,36837,11.7,20.6,38.8,22.2
23544,1759,87482,13.8,13.4,46.7,15.7
23545,1415,63992,14.2,9.3,38.8,37.9
23546,3162,33689,11.2,8.0,35.9,21.6
23547,224,26565,12.4,21.7,21.7,28.1
23548,3162,149542,3.9,10.7,40.0,16.8
23549,618,49793,4.9,14.5,36.4,34.3
23550,2170,29620,6.1,12.2,44.9,26.0
23551,4357,90200,9.4,22.4,35.8,24.4
23552,2776,50937,7.6,7.9,28.5,24.9
23553,2653,135712,10.9,24.7,25.3,38.9
23554,4035,146300,8.3,5.4,40.6,17.8
23555,1144,147227,12.3,9.0,33.6,38.2
23556,1887,108425,11.6,14.5,39.7,29.0
23557,3635,113242,12.0,8.5,44.9,29.3
23558,4678,84400,12.9,10.0,29.7,22.4
23559,2066,70277,13.0,24.7,38.9,23.9
23560,2456,50372,12.4,17.2,47.9,31.7
23561,2350,29956,3.8,5.9,26.3,23.6
23562,3587,130069,10.5,14.5,45.7,30.3
23563,241,86394,3.2,16.6,25.5,31.6
23564,1103,36911,11.9,11.6,30.8,15.8
23565,2254,138771,3.7,22.8,32.9,31.6
23566,2114,106232,14.8,21.2,38.0,16.6
23567,4724,76403,10.4,13.1,25.3,33.5
23568,3708,31670,5.2,20.1,34.7,34.2
23569,1068,84844,8.6,15.6,48.3,18.6
23570,4025,88137,12.9,21.3,30.1,30.1
23571,4058,123227,5.2,14.8,26.7,18.5
23572,2835,48473,9.4,7.2,21.4,36.5
23573,904,72298,3.0,11.2,41.2,27.2
23574,1434,133804,12.5,17.5,35.1,22.5
23575,4084,46345,5.3,24.2,35.8,34.4
23576,767,50608,7.6,22.6,49.3,39.7
23577,484,136831,9.4,21.8,27.4,37.1
23578,3224,69804,4.7,15.9,45.1,34.8
23579,1708,136514,14.1,8.7,25.2,23.9
23580,3354,126488,8.6,5.4,33.7,37.6
23581,3540,129052,5.8,12.0,39.6,31.2
23582,2848,131835,11.8,20.4,45.5,22.6
23583,112,35286,13.7,10.0,41.7,15.1
23584,3107,128229,14.0,10.8,38.8,15.8
23585,2307,103636,8.2,7.4,20.5,20.8
23586,4267,41872,7.3,19.2,36.8,15.9
23587,2245,67305,14.2,10.7,31.0,15.0
23588,1965,66750,3.6,17.6,49.0,21.3
23589,200,114185,12.0,15.5,29.8,26.7
23590,4179,69476,5.1,24.9,23.1,16.3
23591,4476,70148,8.6,23.9,24.3,20.1
23592,1412,116946,14.4,12.9,40.7,15.6
23593,2896,145059,10.0,21.0,32.4,21.0
23594,4804,140874,9.3,13.1,31.9,26.2
23595,549,128581,3.7,10.4,31.4,37.9
23596,3539,113642,6.3,5.3,48.8,30.6
23597,3601,102961,3.0,19.4,24.3,36.7
23598,3267,118567,13.5,10.6,45.3,30.0
23599,220,78559,10.7,14.6,45.7,30.0
23600,3537,96969,4.4,8.3,39.8,22.5
23601,3956,104936,7.4,6.3,27.9,20.4
23602,1175,98477,12.7,19.9,38.6,36.2
23603,4513,110189,4.7,10.9,22.1,35.0
23604,2822,141394,5.8,10.1,48.0,31.3
23605,801,44983,9.5,10.2,40.0,21.0
23606,3448,140390,4.7,7.1,24.3,36.9
23607,3768,71016,7.6,5.6,43.4,38.1
23608,3365,41260,14.8,8.7,29.4,39.8
23609,120,112576,9.5,21.0,21.2,33.7
23610,2546,59041,11.4,24.6,26.9,20.8
23611,2349,91074,11.0,15.3,39.5,34.6
23612,2613,69713,5.5,21.1,39.6,25.0
23613,3322,94748,13.2,10.1,48.7,32.2
23614,1282,109859,4.5,18.7,31.3,39.3
23615,2457,52190,14.1,22.8,43.4,20.8
23616,2651,123789,5.6,17.3,34.5,23.5
23617,2173,42770,14.5,19.0,42.4,33.6
23618,165,75201,12.6,7.0,35.1,16.9
23619,4458,124087,5.1,12.1,34.0,20.3
23620,571,36251,4.9,5.6,31.5,26.6
23621,2314,126228,4.0,8.3,21.1,28.0
23622,3325,148499,6.0,11.0,45.3,17.9
23623,442,147865,10.9,24.1,38.9,38.4
23624,817,114689,9.2,5.8,34.4,30.8
23625,2560,112532,10.4,14.0,36.5,29.9
23626,3836,57155,3.4,20.4,25.9,20.5
23627,3355,87939,4.0,15.1,48.6,31.8
23628,3365,119621,11.3,16.7,28.1,19.3
23629,4189,33061,13.2,23.7,20.0,29.5
23630,2630,65057,7.3,18.0,37.9,39.8
23631,3732,126836,5.0,20.2,44.7,22.4
23632,1155,49408,6.7,5.8,38.9,29.4
23633,114,127828,7.9,20.9,28.5,15.1
23634,3489,43188,10.6,13.4,32.5,36.7
23635,3414,47779,7.9,5.4,41.2,35.9
23636,116,116210,13.8,22.0,40.5,39.8
23637,2681,49687,7.8,24.1,33.8,29.9
23638,1879,49214,5.2,17.1,20.2,21.8
23639,2049,91505,6.0,22.8,36.8,37.5
23640,180,108553,8.6,8.9,33.2,35.3
23641,3179,131855,12.4,17.1,29.4,17.3
23642,1118,46246,13.4,14.0,41.6,35.1
23643,879,58686,5.2,5.7,31.9,16.9
23644,1924,41551,3.0,17.5,36.4,29.1
23645,3964,44705,13.4,16.5,25.2,21.2
23646,2569,119015,5.7,5.9,24.2,39.4
23647,2613,85149,12.9,9.2,34.1,22.9
23648,2230,117372,9.6,10.8,24.4,21.4
23649,424,40802,7.8,8.9,47.7,25.4
23650,3590,88391,4.8,18.0,36.0,38.3
23651,776,149749,11.1,15.6,36.6,26.8
23652,2111,36031,12.8,12.3,40.8,22.2
23653,4988,80341,8.5,13.7,35.3,37.6
23654,3716,46521,8.4,24.3,38.9,37.4
23655,3233,111894,12.1,7.2,27.5,28.9
23656,2804,50333,9.0,8.7,26.6,15.4
23657,1294,136965,12.4,15.8,21.9,19.2
23658,3175,89731,3.6,24.6,33.7,29.2
23659,1004,62551,13.3,19.8,33.0,21.0
23660,4697,62261,6.1,21.4,47.1,29.0
23661,4994,135313,5.0,19.7,24.0,17.1
23662,3004,26973,3.4,6.6,38.7,28.7
23663,3400,35900,13.0,10.9,27.4,28.8
23664,1223,74249,3.7,15.8,44.2,37.1
23665,4416,44460,14.5,6.2,24.6,25.9
23666,3157,117031,9.8,13.0,22.2,30.3
23667,2370,27206,11.4,9.2,30.5,18.9
23668,2824,82282,11.7,18.0,43.6,36.9
23669,2358,90622,6.5,7.0,26.2,22.1
23670,3962,34958,12.7,20.7,28.6,35.3
23671,1030,36383,14.4,16.4,39.5,39.6
23672,3746,129619,7.4,12.5,30.6,29.3
23673,4457,143335,13.0,7.8,39.3,17.7
23674,1371,94213,12.3,18.4,41.9,23.9
23675,3912,50257,10.1,21.8,27.3,29.2
23676,897,105106,7.4,22.0,33.4,25.7
23677,3234,98181,8.0,7.6,27.8,33.6
23678,3563,70176,6.7,24.6,41.7,39.0
23679,2687,103320,8.1,11.4,35.3,19.2
23680,516,52045,14.9,9.8,22.1,29.0
23681,4233,33326,7.4,12.4,42.5,22.8
23682,2455,53986,11.0,13.5,43.7,23.3
23683,997,129516,6.8,16.7,28.4,24.3
23684,152,35437,8.6,16.0,38.8,28.9
23685,705,130264,4.0,8.4,48.4,20.0
23686,3777,77941,12.2,10.6,30.4,38.6
23687,4647,119218,10.9,19.8,46.1,33.1
23688,560,38156,7.2,9.3,48.8,17.0
23689,874,52777,9.3,18.9,34.7,23.6
23690,4130,50310,13.5,20.1,27.1,30.7
23691,3427,140821,3.5,20.1,24.6,38.1
23692,3422,142786,14.2,19.8,35.0,26.3
23693,2794,44855,8.6,10.2,47.0,22.6
23694,3618,95975,13.3,13.4,39.7,29.3
23695,584,61033,13.3,14.4,43.1,21.1
23696,4287,92504,3.7,24.0,33.3,21.9
23697,1287,130817,12.4,11.6,29.5,29.7
23698,3827,86455,11.8,23.8,49.3,19.4
23699,4096,77296,3.5,22.5,26.3,20.4
23700,3092,130395,14.3,20.3,48.1,35.3
23701,1809,104475,10.6,18.7,46.6,28.2
23702,2089,58992,5.0,14.9,23.6,19.3
23703,4373,65580,4.5,7.4,28.8,16.8
23704,4445,58955,9.7,14.7,45.1,15.0
23705,4960,139694,3.7,5.5,29.2,15.3
23706,3738,125412,5.0,14.8,36.7,33.9
23707,2814,106247,14.4,17.6,37.1,25.2
23708,4286,111940,11.9,13.0,41.8,17.9
23709,438,52108,10.4,7.5,48.3,26.5
23710,1761,54303,5.5,18.9,20.5,37.8
23711,4364,85866,5.6,21.8,48.0,25.0
23712,3794,83781,8.3,17.8,45.0,15.6
23713,4975,75087,12.0,16.6,23.6,20.3
23714,269,48582,3.0,13.5,40.3,30.3
23715,4333,115671,3.5,18.4,40.2,21.0
23716,3199,70146,13.4,11.3,28.3,38.6
23717,4714,63405,12.8,16.6,43.2,36.3
23718,3112,50021,11.3,11.7,46.2,32.8
23719,2710,26308,9.0,17.3,27.4,22.0
23720,2573,124720,4.7,14.3,44.9,17.1
23721,3861,144733,4.2,9.6,42.8,34.7
23722,2788,90107,13.9,10.4,22.3,20.0
23723,4904,43289,7.6,19.5,40.6,34.9
23724,1390,134706,11.3,8.4,24.8,35.2
23725,2135,121018,8.5,10.8,26.0,33.6
23726,206,82673,11.8,19.5,23.4,17.2
23727,2707,114220,5.3,5.6,41.8,22.6
23728,2285,32782,8.8,5.1,48.2,17.2
23729,1788,129406,7.5,12.9,28.7,29.8
23730,105,143085,5.9,24.0,35.1,35.2
23731,622,45062,10.2,5.9,34.9,32.7
23732,3443,51129,9.4,22.9,20.2,36.9
23733,3995,54716,8.9,16.3,29.3,15.1
23734,165,96566,10.1,7.0,26.5,40.0
23735,3510,126306,4.7,21.6,20.2,17.8
23736,3081,146310,7.4,5.9,24.1,16.3
23737,4693,135025,6.9,15.3,36.9,28.9
23738,2915,125869,12.2,17.4,40.8,18.4
23739,2117,27583,3.4,18.6,50.0,16.7
23740,1842,68232,6.4,9.7,41.2,19.4
23741,3609,101347,14.0,10.4,22.7,28.6
23742,4181,137411,6.6,22.0,33.3,34.7
23743,3634,47235,4.8,12.1,40.0,28.1
23744,2882,48881,12.1,15.5,34.8,19.8
23745,462,141502,3.6,13.9,29.4,30.1
23746,3381,94454,8.1,8.6,21.7,20.3
23747,1734,38869,13.3,13.1,32.2,32.8
23748,624,31511,14.4,5.9,30.2,20.1
23749,1822,39116,6.0,8.0,45.8,21.5
23750,519,60981,6.6,21.7,25.1,36.8
23751,4328,94423,9.8,23.5,49.0,15.3
23752,3964,81909,5.7,5.4,45.1,37.6
23753,1167,91758,4.8,11.4,27.8,35.4
23754,1500,136614,8.1,23.7,21.0,37.5
23755,1519,96282,3.9,19.4,34.1,18.6
23756,3233,110027,13.7,5.2,39.4,20.2
23757,3736,109433,7.0,7.2,29.2,19.0
23758,4102,86877,7.0,19.7,20.4,21.7
23759,729,46236,12.5,18.6,48.6,19.0
23760,4516,136182,7.1,22.5,30.2,32.0
23761,1934,144664,12.1,20.1,48.0,39.6
23762,4231,39432,5.2,23.9,29.6,31.7
23763,2453,84895,9.3,15.9,39.2,38.3
23764,3155,53014,12.2,10.3,37.7,26.2
23765,3040,106711,8.4,7.6,44.4,15.2
23766,111,95519,3.9,5.1,47.3,25.8
23767,2230,100925,11.8,7.5,33.8,31.0
23768,3203,111058,8.9,17.0,32.8,16.8
23769,1531,42704,6.8,13.1,44.1,37.4
23770,3257,70968,14.9,20.8,24.0,16.5
23771,1534,43750,13.5,11.6,27.8,32.0
23772,1056,144001,3.5,12.1,23.6,19.8
23773,3958,86134,10.1,17.3,29.0,24.8
23774,4908,93071,7.3,23.7,36.3,20.2
23775,3734,113209,3.4,16.8,40.6,16.1
23776,4003,76527,3.1,9.6,28.2,31.0
23777,340,142301,10.0,12.8,41.0,16.5
23778,2055,102942,6.8,23.5,32.5,23.0
23779,2112,123034,11.4,21.1,42.3,25.2
23780,4165,38453,8.5,5.7,36.1,20.4
23781,2903,111305,12.2,10.1,46.0,31.3
23782,4003,84006,12.8,17.1,45.5,29.4
23783,1124,123528,10.9,19.8,32.8,30.7
23784,700,54565,8.0,7.4,44.2,29.2
23785,2429,130700,14.9,15.3,37.3,37.5
23786,2798,93336,6.7,16.2,27.2,36.8
23787,4794,26280,9.2,7.4,23.5,25.0
23788,3126,88663,9.2,13.8,21.4,23.2
23789,1242,139018,8.1,5.1,27.5,38.0
23790,1111,123825,4.5,19.0,22.5,25.2
23791,1203,108538,7.2,6.5,25.6,21.1
23792,1746,54834,5.6,7.9,32.7,29.9
23793,1800,86558,13.8,20.8,24.7,29.6
23794,318,81958,10.9,13.3,41.9,16.0
23795,3688,102410,6.5,18.9,20.4,30.1
23796,826,42985,9.8,18.1,47.8,38.4
23797,4713,27306,13.2,8.0,31.5,22.3
23798,911,32822,14.2,8.4,23.2,19.0
23799,4809,136162,3.9,18.2,20.3,24.4
23800,4621,53403,12.4,9.8,47.5,15.8
23801,1683,137488,14.6,13.8,33.8,21.1
23802,4137,83559,8.6,21.4,46.1,16.2
23803,982,25942,14.9,10.5,36.3,32.4
23804,531,61699,14.5,11.9,23.6,21.0
23805,4134,132649,10.9,11.3,39.5,31.1
23806,1047,51781,13.2,19.9,42.1,35.8
23807,4007,61517,6.6,11.4,35.8,29.1
23808,1767,115372,14.0,12.7,28.4,35.4
23809,3082,148269,10.1,16.1,45.0,38.0
23810,2639,95276,9.1,15.2,22.8,19.6
23811,2213,41373,13.0,10.5,36.1,21.3
23812,490,73651,13.7,17.2,45.1,15.8
23813,182,37419,11.4,12.1,31.9,23.2
23814,1102,107327,3.3,14.2,32.0,15.4
23815,580,76195,10.2,12.5,28.6,26.9
23816,876,95808,12.9,20.7,30.9,34.9
23817,4189,105153,9.5,15.8,30.2,25.2
23818,1854,99294,14.2,24.8,30.9,32.4
23819,1348,105639,13.8,14.9,22.3,20.8
23820,1236,79909,9.4,22.8,29.6,22.2
23821,2799,72149,7.8,16.5,48.3,33.6
23822,3356,37973,3.7,22.9,31.4,26.5
23823,1635,69330,10.6,18.3,48.0,16.9
23824,3344,59747,6.2,7.4,21.1,16.5
23825,622,117064,11.0,6.9,39.1,29.2
23826,1794,47548,12.6,20.3,31.8,19.2
23827,2352,117118,7.9,18.7,30.4,21.0
23828,4937,45222,3.2,14.0,37.2,37.3
23829,3709,130444,13.4,13.6,23.4,32.8
23830,377,38476,9.6,18.2,41.9,16.4
23831,247,92851,6.8,16.1,44.7,26.9
23832,4973,131596,10.6,9.1,21.2,33.4
23833,4614,29756,11.1,22.5,24.6,28.6
23834,2685,64564,4.8,19.1,23.5,23.1
23835,3754,104850,10.8,18.0,48.2,16.9
23836,3720,69404,6.4,14.5,40.7,35.4
23837,2539,90568,12.6,23.9,28.6,23.7
23838,1039,78483,14.3,5.2,22.9,23.0
23839,3809,39533,4.2,19.0,40.0,27.4
23840,4437,81042,14.0,24.7,22.7,20.8
23841,1323,99059,13.8,16.8,47.7,19.4
23842,3463,143204,7.1,16.9,27.9,19.6
23843,3123,111501,3.3,20.9,28.0,37.7
23844,1917,94751,11.0,5.5,33.8,29.2
23845,3472,41541,7.1,7.3,48.3,39.6
23846,783,85452,5.3,21.9,31.7,26.1
23847,1332,46329,4.3,18.1,30.3,17.2
23848,3485,143316,5.4,24.7,37.5,38.4
23849,716,77934,5.8,13.1,49.3,24.8
23850,2173,77973,12.5,13.9,27.3,17.4
23851,3010,44072,12.4,18.3,46.0,29.4
23852,2117,50268,8.9,8.6,34.9,26.5
23853,4323,148931,9.6,10.8,43.6,19.3
23854,4608,128348,14.0,22.2,31.1,35.1
23855,2284,53459,13.9,21.1,33.5,16.1
23856,1457,122009,12.9,16.4,31.7,29.7
23857,4766,68882,7.5,12.2,35.4,21.2
23858,3163,89755,7.4,17.7,24.8,33.6
23859,2568,32846,13.7,8.5,44.8,29.4
23860,4020,63153,14.1,13.7,31.7,18.5
23861,4336,125402,12.6,15.1,29.9,18.6
23862,2039,76308,12.1,14.2,45.1,38.1
23863,3956,30454,9.7,13.4,26.5,36.6
23864,150,115245,7.1,12.5,41.8,30.2
23865,3076,143438,5.9,16.6,30.2,39.0
23866,1460,121236,4.7,12.2,37.1,21.5
23867,3836,59895,11.7,16.8,35.5,19.4
23868,3902,54678,12.3,15.4,37.4,39.7
23869,3902,125689,7.3,12.1,37.5,33.8
23870,465,122890,3.1,20.7,40.6,16.8
23871,3055,136023,14.3,5.9,34.0,26.7
23872,3145,139328,8.2,10.4,34.8,28.8
23873,2103,79752,14.7,14.9,42.8,23.8
23874,3001,81183,11.1,23.3,26.3,36.3
23875,357,147144,4.5,6.4,43.4,38.2
23876,3559,32762,6.9,16.7,20.3,24.7
23877,144,45581,10.9,8.4,37.3,15.8
23878,368,29426,10.8,5.2,33.1,35.3
23879,1434,119583,5.8,22.3,39.0,15.4
23880,771,141966,5.1,22.5,34.7,35.7
23881,3738,92010,6.3,10.5,43.7,27.7
23882,334,38051,12.4,22.2,25.9,26.6
23883,3307,30989,5.9,12.5,28.1,24.2
23884,2500,130792,11.4,5.9,37.3,34.5
23885,1517,86863,13.4,9.5,27.1,34.5
23886,4470,34240,7.7,18.0,48.3,38.1
23887,3354,89056,3.1,9.1,45.8,36.1
23888,539,74567,4.7,16.5,42.8,31.9
23889,750,120331,6.7,8.7,42.6,19.5
23890,133,63275,5.3,9.2,39.4,15.0
23891,2852,141854,6.5,18.5,42.0,26.2
23892,3132,30782,9.5,22.4,21.0,29.6
23893,1210,71671,3.3,20.0,37.4,22.9
23894,3381,109298,3.8,6.2,27.9,33.7
23895,561,50237,13.3,23.5,22.9,25.1
23896,421,37646,9.3,8.2,49.2,32.7
23897,4610,97829,14.2,19.5,48.4,33.5
23898,1974,74440,3.0,19.6,47.2,20.9
23899,3139,125904,3.0,14.0,39.4,32.0
23900,2337,108645,11.9,16.3,20.1,38.5
23901,4121,39332,8.7,6.9,28.9,23.8
23902,1356,129357,14.0,24.5,20.5,24.6
23903,2539,56159,12.4,6.3,29.9,16.6
23904,4109,82918,9.0,23.2,28.9,38.0
23905,3340,58484,8.7,10.0,37.2,35.5
23906,4363,110332,12.7,12.8,24.3,27.3
23907,3402,95859,12.6,20.2,29.7,23.2
23908,2811,53598,6.3,22.6,46.9,24.2
23909,1509,136794,11.1,18.9,26.9,17.6
23910,2528,76545,10.7,7.4,34.8,16.3
23911,1932,111000,13.3,12.0,23.6,37.3
23912,2124,36254,13.4,17.2,42.6,36.3
23913,3446,75164,6.2,24.7,22.4,39.1
23914,4031,56552,13.6,13.1,25.0,31.4
23915,3011,145936,14.1,11.1,49.6,30.5
23916,4345,60128,4.3,10.6,28.9,26.2
23917,3313,117245,9.9,22.1,20.3,24.9
23918,2263,92482,8.2,8.4,27.1,21.8
23919,1552,28512,7.8,17.9,32.9,35.4
23920,2853,98654,11.5,22.0,34.1,15.4
23921,3001,145287,4.6,22.1,32.2,26.2
23922,3171,91887,12.8,7.6,24.1,21.4
23923,4146,73378,3.3,20.9,25.6,29.8
23924,405,138121,9.9,23.4,40.0,24.3
23925,1484,44459,5.7,20.7,49.2,34.0
23926,3467,45288,11.0,19.0,42.5,20.4
23927,1674,147548,9.3,15.3,43.1,22.6
23928,972,35539,15.0,20.4,33.1,23.7
23929,268,107447,13.3,16.5,30.8,30.5
23930,1703,35845,7.0,13.2,44.0,29.8
23931,1130,71870,9.3,14.9,40.8,37.6
23932,1834,101702,6.8,18.1,33.4,15.7
23933,4542,38467,11.7,16.2,42.7,25.0
23934,3767,106329,8.1,18.4,22.1,15.0
23935,4930,71436,4.4,24.6,22.0,30.1
23936,1376,47031,10.9,10.2,41.3,22.9
23937,642,112080,3.1,24.9,49.4,16.0
23938,454,85040,6.6,6.1,24.8,30.5
23939,4908,132777,13.9,17.2,48.5,36.4
23940,4136,128789,4.1,23.7,49.1,36.3
23941,3539,120297,9.1,7.0,22.9,35.2
23942,683,71943,12.5,24.8,33.6,26.0
23943,610,93815,13.9,23.4,33.1,15.4
23944,1046,147098,9.7,22.1,26.4,30.2
23945,3573,48116,4.8,15.5,33.2,38.0
23946,1298,78168,14.3,9.3,45.1,22.9
23947,2971,38018,12.0,6.8,47.5,15.4
23948,4095,40740,7.7,6.3,30.0,24.9
23949,4021,134790,6.3,16.8,26.6,39.8
23950,4273,45320,3.6,19.0,35.7,29.9
23951,4635,58812,5.3,9.4,28.9,33.4
23952,3403,105018,12.3,14.8,36.1,30.5
23953,2547,28439,4.3,15.6,38.7,24.7
23954,3384,41696,4.6,22.9,43.9,23.1
23955,1316,40948,5.4,7.5,39.6,31.5
23956,1390,131811,7.7,21.0,36.0,29.3
23957,4321,133946,5.3,20.4,40.2,34.7
23958,601,92426,13.9,18.6,26.7,30.0
23959,2971,104295,6.1,10.0,48.0,21.5
23960,486,85962,14.0,6.0,39.5,16.9
23961,511,111141,14.8,20.7,45.4,23.6
23962,2106,37192,12.1,16.2,26.5,29.1
23963,2247,48362,3.1,17.6,40.5,17.9
23964,3968,50071,5.9,22.0,20.7,33.3
23965,1438,148860,6.2,7.6,24.4,33.3
23966,452,78991,9.5,9.1,24.1,19.6
23967,3288,78947,4.9,13.4,46.6,37.2
23968,1402,92564,3.9,12.1,33.9,35.0
23969,946,51668,5.1,24.0,40.4,31.5
23970,625,106226,6.9,11.4,49.2,19.8
23971,2624,136555,3.6,23.0,46.2,24.3
23972,1978,120118,5.3,15.6,38.3,23.6
23973,4205,27907,5.0,6.9,27.7,26.5
23974,3730,123275,12.3,18.5,24.7,33.2
23975,3909,93679,5.0,19.9,40.5,21.4
23976,2919,99455,12.5,8.3,30.2,37.3
23977,3007,112310,9.1,13.4,32.7,23.6
23978,3177,32574,12.1,8.0,40.3,39.5
23979,3930,132963,8.4,8.5,44.1,17.9
23980,1158,34306,13.8,18.8,36.7,30.7
23981,2589,92213,6.3,14.9,45.7,35.3
23982,3748,59811,12.2,5.6,45.3,29.7
23983,3364,32681,5.0,23.7,36.6,30.2
23984,3701,119076,13.6,18.8,22.5,31.1
23985,2393,56714,3.3,6.1,40.6,34.0
23986,774,93650,8.5,19.4,31.3,27.4
23987,1978,143854,8.1,21.8,43.4,35.3
23988,1111,71421,10.5,13.1,22.2,29.6
23989,893,29853,8.3,20.1,33.7,33.2
23990,332,117955,10.1,10.8,32.5,24.0
23991,3127,131399,13.3,7.4,25.6,16.3
23992,3709,52462,4.7,24.4,36.6,26.4
23993,2273,87165,5.9,5.1,35.9,17.3
23994,3484,147986,12.6,15.5,34.3,28.4
23995,4706,121641,5.7,7.0,29.9,16.2
23996,2428,31599,13.9,16.9,47.5,23.6
23997,897,54446,9.5,5.1,43.6,33.7
23998,3784,27341,4.0,6.2,45.3,39.7
23999,4587,80471,3.2,19.1,28.5,21.5
24000,4577,70012,12.2,21.2,48.8,18.3
24001,2689,149010,13.3,20.9,29.8,31.7
24002,4801,108029,5.9,8.5,23.1,21.2
24003,4311,85925,5.9,5.1,44.6,15.7
24004,608,140938,14.4,20.0,21.1,39.1
24005,1563,52217,10.9,8.7,49.1,37.4
24006,3462,113392,5.0,11.4,23.4,20.0
24007,3210,32408,8.4,10.5,24.2,28.1
24008,1147,60841,13.9,23.6,20.8,35.6
24009,4971,46754,10.5,22.5,23.3,37.6
24010,4535,149969,7.9,14.1,27.0,30.0
24011,268,63313,4.8,20.8,43.8,22.9
24012,1661,147960,11.7,19.9,20.3,33.0
24013,3272,134031,6.3,14.4,45.6,21.1
24014,674,91451,9.8,6.9,29.1,24.4
24015,1842,107181,10.2,20.5,46.7,31.3
24016,4670,63282,9.7,18.6,32.5,19.9
24017,4116,72812,6.0,8.1,41.2,32.2
24018,2458,143007,11.5,14.7,24.4,31.3
24019,4124,82302,9.8,20.9,36.3,33.6
24020,630,126344,7.8,20.4,29.9,32.8
24021,1090,95439,3.6,24.4,27.8,28.3
24022,2220,70603,7.0,14.3,40.3,27.9
24023,2541,76814,7.2,21.5,47.1,37.6
24024,2628,134490,12.5,5.1,39.0,32.9
24025,2620,146646,9.2,17.9,46.5,36.1
24026,4508,64009,14.2,10.6,31.3,17.1
24027,1561,144952,12.0,8.1,39.9,18.7
24028,1051,113857,9.5,19.8,23.0,37.3
24029,1064,59740,5.0,12.4,48.5,22.9
24030,2234,59942,5.7,17.3,41.3,25.0
24031,4554,75479,4.9,21.6,35.9,34.9
24032,794,46274,8.3,15.8,46.0,28.8
24033,2344,53461,11.7,13.8,41.4,35.3
24034,2903,130026,12.1,17.4,33.4,26.5
24035,4011,87842,4.2,24.9,37.1,25.0
24036,3124,114234,9.0,7.5,36.8,35.9
24037,1508,34031,8.8,10.4,39.9,34.5
24038,4693,130552,8.3,23.7,42.9,24.1
24039,3078,69796,6.6,24.9,31.5,37.9
24040,561,118425,8.7,16.2,43.0,28.5
24041,1717,118760,9.2,5.3,28.4,29.6
24042,516,80878,10.2,21.6,31.4,26.9
24043,1488,41931,7.5,17.6,31.2,38.2
24044,4467,70122,14.3,15.5,22.4,29.4
24045,4587,102394,7.1,24.3,25.8,25.7
24046,2694,87121,13.7,7.7,49.5,33.5
24047,4920,87938,12.6,11.9,35.1,17.5
24048,1846,84970,8.6,17.5,26.6,29.6
24049,3601,112649,9.0,5.1,31.5,36.0
24050,2959,120044,13.4,22.3,33.4,39.9
24051,4078,63320,8.9,20.2,34.1,19.8
24052,4590,94412,11.2,9.7,33.1,17.4
24053,4857,112801,12.7,11.2,43.7,18.6
24054,952,83669,13.9,11.1,30.8,20.0
24055,3390,61559,5.6,22.2,37.8,39.6
24056,1811,109791,14.7,11.4,33.6,21.9
24057,2625,130846,14.6,10.6,33.9,31.7
24058,3746,25574,6.6,19.8,48.3,35.2
24059,2130,26101,10.4,16.6,29.8,20.2
24060,336,147909,3.6,12.2,23.9,23.0
24061,1156,42759,5.0,16.5,31.4,15.6
24062,2360,120038,10.0,23.4,23.9,15.4
24063,2526,63002,10.8,14.0,44.6,36.2
24064,1125,110868,9.4,5.1,27.0,39.6
24065,1008,104352,11.5,19.7,36.9,30.3
24066,549,97410,12.5,25.0,25.9,32.1
24067,668,73281,5.0,6.0,21.7,22.9
24068,3598,39319,10.9,17.2,29.7,37.1
24069,2960,110724,9.8,13.0,49.8,32.9
24070,2426,136126,4.4,16.3,49.2,36.5
24071,4409,111384,5.7,11.2,34.2,24.0
24072,1408,63613,8.0,20.1,31.4,20.5
24073,817,61499,13.4,6.9,49.3,16.9
24074,1069,48909,5.6,6.8,33.0,30.7
24075,3445,45781,5.2,15.8,20.5,18.8
24076,2585,114807,11.7,11.4,48.7,36.3
24077,3755,79942,14.7,23.5,45.3,17.4
24078,2818,135018,8.4,8.8,40.6,20.9
24079,1003,122172,7.2,20.5,46.0,24.1
24080,1550,68314,6.0,24.5,24.4,30.2
24081,1555,28750,3.6,11.5,26.9,18.0
24082,4330,77286,5.1,23.4,22.5,38.2
24083,631,103660,4.1,11.3,47.7,17.8
24084,2367,124603,8.9,16.1,29.9,22.2
24085,432,144294,14.7,5.0,47.9,31.2
24086,1421,118177,12.4,10.3,34.5,27.5
24087,4152,42270,10.2,6.1,41.7,28.5
24088,1808,116670,8.8,5.6,42.6,16.2
24089,3626,36999,10.4,24.9,29.1,25.8
24090,500,134481,7.5,20.3,33.7,20.9
24091,3730,86128,5.1,11.7,47.0,21.0
24092,3137,141734,10.1,18.6,43.5,28.8
24093,4091,56106,9.3,15.5,37.0,34.3
24094,1578,111810,14.3,23.4,32.3,15.1
24095,2014,130306,10.8,10.0,49.3,24.4
24096,1157,47985,12.3,15.2,21.2,33.0
24097,3093,145655,4.1,5.1,43.0,20.4
24098,141,30527,12.1,19.5,37.6,35.8
24099,4996,147582,14.8,16.6,47.7,18.0
24100,2270,80048,10.9,17.5,42.3,33.0
24101,126,44841,11.9,19.5,24.4,30.5
24102,3633,48941,14.8,12.6,43.6,29.3
24103,2718,134796,7.7,8.1,29.8,23.7
24104,1270,61066,12.9,8.7,30.2,25.3
24105,3798,102126,7.8,19.6,34.6,33.4
24106,810,81654,8.1,24.9,39.0,35.6
24107,3299,70332,10.9,14.0,20.4,16.0
24108,2523,71947,6.1,8.4,48.7,27.8
24109,2118,120958,14.9,6.4,39.0,29.4
24110,4860,79428,7.0,14.6,32.4,26.7
24111,4978,133556,4.5,19.3,39.7,17.4
24112,2998,75678,6.9,17.0,40.4,37.3
24113,2147,72300,13.3,10.8,20.6,30.7
24114,1658,136206,6.8,16.9,23.1,15.1
24115,3694,141838,10.3,15.9,36.8,34.6
24116,1822,71249,14.2,9.3,32.2,15.1
24117,4152,92692,6.1,13.2,34.1,17.2
24118,1751,101151,4.6,22.5,26.4,28.9
24119,1878,27794,4.2,20.1,48.1,23.6
24120,783,121640,8.3,23.6,30.5,20.3
24121,1379,127547,4.3,22.8,21.8,33.8
24122,2394,113746,8.4,9.9,39.2,24.6
24123,2110,73128,13.4,22.2,37.5,35.7
24124,1315,93578,12.3,17.3,37.5,35.9
24125,2682,113615,10.0,24.2,22.2,24.0
24126,1993,97428,13.2,8.9,43.1,35.7
24127,413,29091,4.2,11.9,30.0,20.1
24128,4094,44618,10.3,13.0,48.6,38.3
24129,543,123739,4.4,5.5,38.7,27.7
24130,1771,56521,8.8,14.6,40.2,16.6
24131,3016,116569,8.6,23.9,37.5,27.6
24132,3366,60140,6.2,21.3,33.6,27.5
24133,4777,35396,13.0,9.0,30.2,19.1
24134,4743,56857,5.7,10.6,24.8,37.4
24135,3195,123415,9.6,24.5,38.5,29.3
24136,4660,60802,8.8,6.2,49.9,28.1
24137,1964,63342,8.2,14.1,32.3,38.4
24138,815,96424,3.4,22.7,27.4,19.5
24139,991,99824,11.4,18.9,43.9,23.6
24140,3907,82326,3.2,24.6,48.1,38.1
24141,600,95585,12.8,24.5,49.6,17.1
24142,2882,130664,6.2,20.0,45.6,36.4
24143,2740,50872,4.4,14.7,35.3,21.6
24144,4602,107877,8.0,17.5,45.6,24.9
24145,1453,46215,9.7,20.9,22.2,29.1
24146,802,29968,6.7,10.9,44.3,20.0
24147,2433,119198,4.5,14.2,22.8,24.0
24148,2294,66053,3.2,18.3,38.3,29.7
24149,2109,44150,11.4,10.4,30.0,37.5
24150,483,130129,13.6,18.1,36.8,21.5
24151,2158,25667,4.2,7.9,29.2,26.6
24152,2423,147611,5.8,13.4,21.7,20.4
24153,985,58282,3.2,7.0,43.8,27.3
24154,1691,149123,13.6,21.9,23.6,24.3
24155,4498,62057,8.3,11.1,38.5,38.2
24156,2351,133597,14.1,23.5,29.1,30.1
24157,4540,87373,8.6,20.8,38.9,28.0
24158,1883,118135,13.3,11.3,32.8,26.1
24159,4217,58579,14.4,17.1,46.3,17.0
24160,2683,73336,7.0,13.8,41.8,28.0
24161,1829,47091,10.7,21.1,27.4,19.6
24162,362,80001,11.0,18.7,48.9,23.2
24163,2731,47456,3.3,18.1,27.6,23.2
24164,3926,75672,8.3,19.5,24.7,39.6
24165,2530,30749,13.3,13.4,49.3,24.7
24166,491,42862,14.4,13.3,22.5,39.0
24167,3036,73207,13.8,12.0,30.7,21.1
24168,3772,141689,14.7,8.2,39.0,34.3
24169,639,112738,10.8,12.2,48.6,15.5
24170,1215,50607,5.8,17.6,28.7,16.7
24171,983,76290,9.9,11.3,39.7,38.6
24172,4423,86785,8.1,8.9,20.7,26.0
24173,2519,93605,6.1,24.1,41.4,24.8
24174,1499,74502,12.3,16.6,47.5,27.9
24175,1676,43689,10.6,5.6,24.9,20.6
24176,2184,114128,12.5,20.6,43.4,34.0
24177,4886,113790,6.2,18.5,35.0,22.6
24178,1635,78943,13.8,12.8,38.0,37.2
24179,4853,137943,5.9,18.9,41.2,29.3
24180,189,59032,10.2,23.3,41.1,31.9
24181,4290,88081,3.7,9.3,34.3,28.3
24182,1754,141245,9.5,15.6,33.8,20.4
24183,2001,144648,4.2,20.4,28.7,25.7
24184,2779,80540,7.0,6.7,24.9,31.4
24185,2270,132281,13.3,20.0,45.6,21.6
24186,465,31734,13.7,20.3,44.8,37.8
24187,4060,55632,12.2,16.1,45.7,20.4
24188,2472,110826,7.4,20.7,49.3,23.5
24189,618,105175,9.9,18.4,30.7,15.4
24190,3810,147745,5.7,11.5,33.3,33.8
24191,929,71614,11.1,7.9,47.6,32.2
24192,2733,135702,7.2,24.2,25.7,24.7
24193,370,77585,5.7,16.5,38.1,24.6
24194,3086,35499,10.0,19.2,40.6,17.1
24195,3638,91201,4.3,15.8,42.5,22.1
24196,4664,105402,11.2,19.9,45.2,35.2
24197,4914,148440,5.2,8.1,27.9,18.9
24198,1107,94193,9.6,9.4,38.0,20.1
24199,2417,73341,7.7,22.1,48.1,15.7
24200,704,111068,9.8,6.1,47.0,31.0
24201,4573,87341,6.0,14.1,37.8,18.7
24202,276,137829,6.7,8.8,28.2,23.4
24203,2421,104488,4.7,16.4,35.9,28.2
24204,1814,55186,12.3,14.3,30.7,23.0
24205,736,133687,3.8,19.8,40.5,25.5
24206,2723,97439,7.5,11.2,37.4,32.3
24207,4255,128603,8.4,13.4,24.5,19.0
24208,2878,75694,5.3,9.7,32.0,29.0
24209,3852,41215,7.6,7.1,48.5,18.0
24210,760,117962,8.0,9.5,43.7,19.2
24211,4465,124021,5.7,23.0,32.5,25.7
24212,3287,142827,10.7,14.7,45.9,16.1
24213,4440,27920,3.4,15.8,34.4,25.6
24214,4855,58422,5.4,19.8,34.7,19.6
24215,184,116243,10.5,22.3,44.5,28.2
24216,3770,31328,10.5,5.5,42.0,39.0
24217,1006,84119,6.2,7.5,20.4,23.1
24218,3621,52798,11.2,13.5,31.8,26.1
24219,1975,147578,8.6,9.0,20.2,30.5
24220,4058,146421,9.3,14.5,36.5,30.3
24221,2236,61579,7.0,17.3,33.3,27.1
24222,2696,89246,14.8,14.8,27.5,20.0
24223,953,123172,11.8,18.6,49.6,29.2
24224,606,104973,6.0,5.4,23.9,28.0
24225,507,141437,5.8,15.8,46.6,24.0
24226,623,85554,12.3,19.4,48.1,19.6
24227,3150,73515,7.7,24.9,46.5,20.9
24228,2497,145505,4.1,7.1,33.6,19.2
24229,2999,31111,3.4,5.2,49.2,33.2
24230,427,35919,8.0,10.8,20.4,37.3
24231,1935,108001,8.0,11.6,29.0,27.8
24232,1409,80926,11.5,21.2,24.2,35.4
24233,4818,102911,9.9,10.0,24.6,28.8
24234,2635,52617,12.2,9.9,42.3,23.5
24235,2141,95899,6.8,22.4,28.1,19.0
24236,2634,87530,10.5,13.6,31.8,39.4
24237,2292,101069,13.6,18.2,38.1,38.8
24238,855,28201,3.8,9.2,43.5,18.8
24239,245,31998,11.5,17.0,28.6,33.8
24240,3922,51663,11.6,22.9,44.9,35.4
24241,3674,63099,12.5,19.6,36.1,35.9
24242,1727,148959,6.2,7.8,41.2,31.1
24243,1958,134255,8.0,7.6,40.8,31.6
24244,4822,41674,5.9,7.0,46.8,22.2
24245,3698,31960,6.7,23.4,44.6,33.9
24246,729,63506,14.6,17.2,46.2,25.0
24247,3266,93959,8.3,5.3,40.2,34.3
24248,3618,101894,13.2,21.8,23.6,29.5
24249,4452,28499,12.5,11.5,24.7,27.8
24250,4014,49557,8.3,18.5,44.7,29.4
24251,1004,70854,14.9,22.0,38.8,37.0
24252,2717,114724,13.1,20.1,20.9,19.0
24253,2889,46952,8.8,21.4,24.8,37.3
24254,207,107763,6.7,21.1,46.3,28.4
24255,1142,138277,3.9,8.0,36.9,26.4
24256,1488,107833,8.6,12.8,23.4,24.8
24257,1776,45823,7.3,23.3,21.7,34.5
24258,4355,112587,11.5,6.9,50.0,16.7
24259,4295,57701,3.2,24.5,28.9,31.5
24260,364,90436,13.0,9.5,39.8,38.6
24261,3921,114816,8.0,17.4,29.9,30.0
24262,2897,45374,8.6,11.5,42.9,24.1
24263,3220,89541,5.2,24.7,47.3,36.4
24264,776,66936,14.2,15.5,34.2,16.8
24265,4994,85670,7.8,8.0,47.2,35.6
24266,3586,51668,13.1,21.9,28.9,33.5
24267,2806,26200,5.8,13.0,40.4,15.6
24268,4069,114309,4.2,22.0,24.9,23.3
24269,707,43032,10.6,13.9,27.6,31.4
24270,3525,90657,14.8,23.7,44.6,17.4
24271,2494,94906,10.8,6.1,48.1,21.2
24272,2959,132455,10.3,24.7,41.7,30.9
24273,4996,89388,8.3,14.3,24.7,19.5
24274,1260,28815,6.4,12.4,20.7,16.6
24275,1947,62175,8.2,5.8,22.5,36.6
24276,4157,72521,4.8,9.6,29.8,22.9
24277,1591,89248,6.1,11.3,30.0,17.6
24278,2121,42736,8.8,19.6,21.3,19.9
24279,4698,112142,4.7,18.9,49.6,17.1
24280,3115,91223,12.5,22.7,36.5,39.4
24281,4666,51905,3.1,23.8,21.5,18.7
24282,2837,38556,6.9,19.5,40.3,25.5
24283,2148,38444,9.2,18.8,46.0,16.4
24284,4305,75007,14.1,23.0,27.7,22.7
24285,4054,72774,9.9,7.6,44.0,39.2
24286,993,39103,6.5,6.5,46.6,20.1
24287,1187,127740,7.2,19.2,24.1,24.0
24288,4951,25021,7.1,11.2,32.4,31.0
24289,4248,40973,5.2,13.5,22.8,31.0
24290,2409,65085,4.7,17.2,20.6,31.6
24291,3700,43388,8.8,24.0,42.9,28.8
24292,3033,31712,6.2,22.5,22.5,31.6
24293,2381,80965,4.1,19.7,36.5,33.5
24294,172,37144,5.6,13.6,34.6,21.7
24295,1480,53462,9.2,20.9,34.6,23.2
24296,583,58737,6.1,8.6,46.8,16.1
24297,1129,94314,5.9,21.2,37.6,15.7
24298,3881,147022,10.4,14.5,48.7,37.2
24299,3879,55684,11.3,10.2,42.1,35.2
24300,1931,33536,5.9,14.3,34.3,25.8
24301,2120,116841,8.7,20.8,23.8,23.3
24302,878,145268,12.2,18.1,37.6,15.8
24303,3575,139588,11.3,7.7,40.8,18.6
24304,4823,114997,3.8,18.8,48.6,21.1
24305,3377,28331,7.3,21.7,29.0,30.4
24306,509,94831,11.7,8.0,49.9,23.0
24307,1159,80300,5.2,6.2,21.9,36.8
24308,2409,113363,5.4,6.1,26.4,15.2
24309,1700,106498,10.6,5.4,49.2,37.0
24310,4643,135103,6.4,5.4,32.4,16.3
24311,2333,110227,6.9,21.1,49.6,27.9
24312,1752,80018,9.3,19.8,49.7,35.1
24313,1397,105609,12.0,23.8,28.9,32.8
24314,451,74691,9.0,12.1,34.2,38.9
24315,3322,79423,13.7,19.2,26.2,26.1
24316,2531,72999,4.3,13.2,44.7,31.5
24317,564,35485,12.0,16.2,24.2,26.8
24318,2613,146860,9.5,13.8,24.9,30.6
24319,3266,133556,12.8,13.3,44.2,16.6
24320,2309,38265,6.8,9.9,43.4,33.3
24321,655,92024,8.8,16.6,43.8,33.6
24322,399,58053,12.9,10.2,26.2,27.0
24323,3966,30733,13.0,7.8,41.4,21.4
24324,455,80634,7.5,20.0,31.9,17.9
24325,663,75389,12.9,17.9,39.6,29.4
24326,4109,138584,11.2,10.9,26.1,33.9
24327,4988,107032,7.9,17.6,47.5,24.8
24328,1122,127737,14.6,5.5,37.8,39.6
24329,1290,147969,3.4,24.8,42.8,18.5
24330,3310,31926,7.6,8.5,33.1,22.5
24331,2004,68766,6.7,23.8,45.6,24.3
24332,2136,116611,14.2,6.4,31.6,31.5
24333,1126,140741,4.2,19.2,28.8,15.5
24334,355,26563,10.5,9.4,49.5,28.5
24335,2518,106363,11.6,24.3,34.7,31.2
24336,2663,137003,5.2,11.3,30.5,33.4
24337,3051,104427,4.8,5.8,36.8,24.4
24338,369,49932,3.6,5.7,44.7,37.4
24339,1027,143414,4.9,22.1,35.5,20.2
24340,163,129993,12.7,6.4,35.7,29.3
24341,4655,111474,14.3,21.6,35.7,27.0
24342,1142,99198,13.8,8.0,34.7,39.2
24343,4288,109834,7.4,10.5,40.9,22.1
24344,4968,126290,11.7,24.6,45.0,24.7
24345,909,40586,12.9,19.5,38.7,32.4
24346,2141,39026,12.7,7.9,29.6,32.4
24347,3188,60388,3.8,10.4,44.2,16.1
24348,1746,36454,5.6,14.5,23.1,23.3
24349,587,146857,14.3,22.7,31.4,20.5
24350,3181,99869,11.9,19.2,44.8,38.0
24351,1847,62171,13.0,18.9,41.5,34.8
24352,848,46043,9.2,12.2,49.0,37.4
24353,3937,42422,7.7,18.1,31.4,21.4
24354,627,47951,10.8,8.5,39.1,23.1
24355,1267,53443,8.7,16.4,43.8,22.8
24356,4749,36742,7.5,16.2,35.3,35.4
24357,4710,54791,7.2,18.8,28.9,39.9
24358,3641,106974,4.9,9.9,23.5,17.2
24359,4572,82265,9.4,7.3,26.7,19.8
24360,3839,50877,9.2,24.3,21.7,33.6
24361,583,136004,10.1,8.1,28.0,21.6
24362,551,65180,4.4,11.7,23.6,31.8
24363,4169,37103,14.0,22.4,21.0,21.8
24364,4497,130429,11.9,16.9,31.2,27.4
24365,3233,94003,4.6,9.3,34.4,25.8
24366,1873,26494,4.0,14.6,37.6,27.3
24367,1098,61901,10.7,21.8,44.6,25.0
24368,2165,94239,7.1,24.8,21.7,22.6
24369,497,111785,6.8,17.9,23.2,38.0
24370,1903,73267,13.1,10.1,32.1,17.2
24371,2251,74334,7.1,21.3,38.2,32.2
24372,2046,59004,10.6,21.2,26.4,35.6
24373,3817,119333,9.4,22.8,26.3,35.2
24374,3515,37427,6.2,7.7,21.0,38.9
24375,1494,66580,7.0,12.3,37.4,17.2
24376,4228,73606,14.3,9.7,36.9,34.9
24377,2521,83888,7.0,9.3,35.3,22.1
24378,4019,120694,12.4,12.3,48.1,29.4
24379,3183,127431,13.3,6.0,34.4,39.8
24380,2888,90770,3.9,22.0,44.1,19.1
24381,1944,25072,11.0,22.0,31.2,37.9
24382,1904,119679,12.0,23.9,42.9,36.7
24383,989,47151,8.2,6.4,44.7,34.3
24384,2603,92325,9.8,16.4,21.2,38.5
24385,1993,82971,4.9,5.1,23.6,29.3
24386,1766,132163,6.8,16.8,46.5,25.9
24387,4444,61791,11.5,6.9,34.4,34.5
24388,3165,148473,10.2,12.7,42.4,35.0
24389,3741,85010,4.6,11.5,38.4,15.8
24390,3175,102540,14.9,11.6,37.6,38.6
24391,1359,35531,14.3,8.8,23.5,19.8
24392,2320,56348,5.7,7.1,20.7,32.6
24393,2518,137548,13.5,5.3,38.1,23.3
24394,2938,102087,6.2,20.0,49.5,36.1
24395,2896,60028,9.8,23.3,38.9,23.3
24396,886,62030,12.4,22.9,42.1,30.4
24397,3467,56792,7.1,17.7,21.7,32.3
24398,2547,32388,9.7,7.4,47.2,39.1
24399,3229,80697,8.4,16.4,39.3,37.3
24400,1998,130238,12.1,7.0,41.9,16.2
24401,4603,65224,8.7,15.3,46.1,26.1
24402,3684,71959,9.8,22.2,39.9,30.6
24403,4259,50544,13.1,9.0,24.0,33.0
24404,4049,133523,11.4,23.7,37.1,32.1
24405,2567,66138,9.3,12.7,25.3,26.3
24406,2293,47698,8.5,9.4,44.4,25.5
24407,116,129421,4.5,15.0,31.0,21.4
24408,3122,92587,3.7,22.4,23.1,22.1
24409,1366,111351,14.4,10.4,34.1,35.9
24410,578,82538,5.2,8.4,34.7,35.1
24411,4396,72047,6.3,17.8,48.3,20.9
24412,4077,135031,10.3,18.8,22.6,30.6
24413,3644,126244,12.9,6.4,27.4,18.4
24414,4374,101545,13.0,10.1,44.5,24.9
24415,4648,28628,13.0,7.4,27.9,18.5
24416,585,65402,14.7,19.2,47.8,38.5
24417,4188,128767,3.7,15.6,30.4,31.2
24418,4773,67191,7.8,22.9,45.0,23.3
24419,437,127002,14.0,18.5,39.7,21.9
24420,960,59727,8.6,10.5,28.0,34.4
24421,2103,59294,13.5,11.8,35.3,16.3
24422,1571,133673,3.2,13.4,31.4,15.7
24423,2142,49223,9.1,7.0,47.3,30.1
24424,3528,52648,14.1,23.4,48.3,30.2
24425,3220,121240,6.1,19.0,49.9,31.8
24426,1619,97465,14.2,19.5,46.3,18.3
24427,801,88974,3.1,18.2,47.7,34.7
24428,4488,28519,3.9,13.9,39.1,35.6
24429,4135,108615,8.7,12.6,34.5,32.1
24430,3844,47280,4.3,16.0,38.4,25.1
24431,1273,114910,5.7,19.8,45.3,39.5
24432,1705,80618,6.6,12.1,42.5,24.3
24433,1979,71839,8.8,14.9,22.5,35.7
24434,3493,70079,7.7,18.0,36.4,36.0
24435,2224,25376,14.1,10.5,32.0,20.3
24436,4742,25778,13.6,21.7,28.3,37.9
24437,1546,128579,12.0,9.3,30.8,32.6
24438,3406,61111,10.9,22.3,30.4,33.7
24439,3501,104964,5.5,5.1,25.2,38.4
24440,3883,47376,10.2,17.9,35.4,25.2
24441,2472,28595,4.8,14.5,49.4,19.4
24442,250,104597,8.4,9.9,28.4,36.4
24443,1759,104992,8.5,24.0,26.2,34.2
24444,978,43883,11.3,9.3,39.8,30.2
24445,2419,138241,13.0,14.8,27.4,35.7
24446,2983,103723,6.8,16.2,41.5,32.5
24447,4095,107506,3.5,24.1,38.6,15.6
24448,2515,98025,3.6,17.8,47.7,20.9
24449,1615,148934,13.5,6.4,27.2,30.8
24450,3487,77151,8.8,13.3,45.7,33.5
24451,689,57177,6.0,22.3,41.4,21.5
24452,687,121962,3.4,20.2,33.2,16.5
24453,2719,97280,9.3,6.0,28.8,15.9
24454,1295,99337,4.6,16.7,27.2,21.7
24455,4453,84520,8.0,7.3,33.2,30.1
24456,2426,101228,9.2,7.0,30.3,34.2
24457,2705,83150,5.8,24.2,38.3,23.9
24458,2638,109403,5.4,19.0,32.1,23.9
24459,665,71686,3.2,7.2,26.9,37.9
24460,1856,79947,10.0,11.8,44.0,15.7
24461,4175,56226,5.4,18.6,33.3,18.1
24462,1460,88426,13.5,23.1,35.5,30.1
24463,2668,147597,10.2,6.3,40.3,39.1
24464,2473,142387,9.7,6.7,26.9,19.3
24465,1295,65252,9.1,7.2,30.3,20.8
24466,2231,40823,5.6,15.9,26.6,25.7
24467,2988,50927,14.6,14.3,39.4,32.8
24468,1667,90644,14.6,8.3,45.7,22.0
24469,3510,50101,6.9,15.7,32.2,28.1
24470,2467,92034,12.3,11.8,25.5,28.1
24471,3443,145785,4.4,8.4,42.7,28.3
24472,3197,132445,12.4,5.7,49.9,33.6
24473,1360,121647,6.4,7.0,26.0,22.9
24474,1433,72776,6.5,12.7,26.9,24.3
24475,4428,75819,9.1,15.3,43.5,34.9
24476,4744,77336,7.7,9.5,30.9,21.0
24477,3436,147141,4.4,20.6,42.5,31.2
24478,3184,111867,10.1,16.4,29.9,38.8
24479,3487,82949,5.6,20.4,42.4,29.5
24480,4813,133890,8.3,13.0,41.6,34.9
24481,2531,83968,5.8,22.8,44.3,37.1
24482,1116,128221,13.3,21.0,44.2,33.4
24483,741,73773,7.1,16.1,22.2,17.3
24484,4162,97964,13.6,18.7,40.2,21.1
24485,415,113781,6.9,8.0,33.1,30.6
24486,2403,78554,5.2,20.4,42.4,35.3
24487,540,54581,9.9,17.1,48.2,15.9
24488,1238,124361,9.7,9.0,32.9,37.7
24489,1014,113232,10.4,10.5,26.1,27.6
24490,2403,42752,6.6,23.3,38.2,28.0
24491,4242,49486,6.8,8.9,24.0,28.0
24492,3521,122425,5.8,13.7,25.2,34.9
24493,2178,105403,14.1,21.8,48.6,19.3
24494,4250,145426,11.2,11.3,24.2,23.4
24495,2300,133167,12.1,8.3,38.2,28.3
24496,4651,78785,5.3,14.9,43.7,21.6
24497,135,106141,10.9,8.8,34.7,24.5
24498,917,122620,12.2,24.7,41.9,31.5
24499,2046,77890,7.1,18.0,37.2,15.9
24500,4056,50503,4.9,15.1,49.9,24.9
24501,4451,94161,11.4,13.8,22.4,15.6
24502,2325,138329,10.3,17.3,27.0,22.1
24503,3425,46584,9.9,12.1,37.1,39.3
24504,607,76888,5.2,9.3,35.4,18.1
24505,3845,66664,6.1,10.2,22.8,39.3
24506,4216,82626,10.5,7.2,36.4,31.1
24507,3977,37021,10.4,22.9,23.3,16.6
24508,4914,110603,9.7,24.0,40.7,18.1
24509,559,140658,12.2,9.9,39.6,26.9
24510,1505,107408,12.8,24.6,22.0,27.8
24511,4195,36298,6.3,16.0,34.0,30.1
24512,2136,48845,4.9,9.8,41.3,21.8
24513,2777,85197,5.4,15.1,44.0,34.0
24514,1844,133585,6.4,6.5,21.1,15.1
24515,3083,98897,14.4,7.8,34.0,21.4
24516,2458,69976,4.6,9.5,49.6,21.0
24517,1331,97686,13.5,23.3,31.5,17.8
24518,1277,67552,5.4,24.0,36.0,23.5
24519,861,70923,7.2,13.2,29.0,34.2
24520,4878,66525,4.5,9.8,21.7,20.9
24521,2454,67377,4.2,11.5,47.1,24.8
24522,4814,65123,4.1,11.6,38.9,23.5
24523,3826,118479,7.1,16.1,35.7,30.2
24524,1643,115496,9.3,8.4,44.3,28.1
24525,3777,71967,5.4,16.5,24.4,23.9
24526,2033,35837,14.2,12.4,46.1,33.0
24527,3268,44519,10.0,17.5,38.3,19.5
24528,3661,111096,13.6,16.3,41.3,18.5
24529,4202,48307,4.8,14.2,38.6,28.2
24530,3957,106899,4.7,7.4,44.7,19.8
24531,4117,44640,13.2,8.1,43.8,21.8
24532,4544,121716,9.8,11.9,37.2,22.2
24533,3064,48896,14.3,19.8,45.2,25.0
24534,1130,88001,4.8,11.7,43.6,37.3
24535,2647,131733,3.3,10.6,35.1,23.1
24536,2622,81615,14.0,20.9,22.8,27.0
24537,4719,139541,11.4,22.4,46.0,30.7
24538,1975,139150,12.7,19.5,31.3,39.3
24539,689,36632,6.6,14.0,44.6,17.1
24540,2380,113362,3.0,9.2,43.2,15.7
24541,3201,46216,8.8,24.9,22.6,28.4
24542,2514,35124,14.9,11.8,28.2,20.1
24543,3997,52737,13.9,13.7,44.8,20.7
24544,3778,55135,3.9,15.4,37.5,36.2
24545,1943,93112,5.3,16.3,29.7,28.0
24546,4251,59839,6.7,5.4,24.7,18.2
24547,2038,148211,13.0,22.9,33.0,35.6
24548,2294,44513,12.9,22.6,38.8,20.6
24549,4559,134007,5.2,7.5,30.6,36.9
24550,352,69009,9.4,22.0,38.0,37.1
24551,1566,29284,9.0,8.1,44.4,26.6
24552,835,61303,8.0,9.9,28.1,23.9
24553,439,64133,9.4,15.4,22.7,34.8
24554,3687,106819,6.5,24.5,25.4,38.7
24555,1476,40298,9.4,14.6,27.1,15.3
24556,4819,25352,11.2,12.7,23.9,23.2
24557,804,28122,3.8,15.4,32.2,36.8
24558,3824,30207,14.6,9.7,29.8,30.6
24559,4518,55941,5.0,23.6,31.5,22.7
24560,3008,72591,7.3,23.7,30.8,21.4
24561,2074,43415,8.6,18.5,27.5,15.8
24562,1568,148739,3.5,8.1,39.2,37.0
24563,2242,126230,9.6,14.7,27.3,22.4
24564,652,63593,13.4,12.6,47.9,27.3
24565,3591,94580,13.8,24.9,29.6,21.2
24566,889,70156,6.9,6.0,48.6,33.2
24567,1273,147569,9.7,10.2,25.7,24.3
24568,652,147279,12.3,14.8,22.6,39.9
24569,3522,62388,6.0,21.5,29.2,15.6
24570,4311,91706,9.3,19.6,29.7,37.2
24571,731,106041,7.4,24.1,44.3,24.1
24572,369,30640,7.5,9.2,43.2,18.1
24573,960,84472,4.1,7.1,25.6,33.7
24574,390,62685,7.9,16.8,47.7,26.5
24575,1557,112165,4.9,13.7,30.6,37.4
24576,729,102361,6.6,11.6,49.6,33.0
24577,574,51181,7.0,20.5,49.0,37.6
24578,4732,65074,8.2,16.0,28.2,19.6
24579,4180,72030,14.0,11.4,33.5,16.7
24580,4880,36125,10.6,15.8,45.3,36.3
24581,1860,30801,14.7,23.7,29.1,15.8
24582,3182,80897,10.1,10.2,33.5,35.9
24583,4808,73266,12.7,14.0,25.8,35.3
24584,4074,115183,13.0,10.8,34.9,33.6
24585,3498,27292,11.9,16.5,28.2,35.9
24586,2423,144362,11.0,23.0,23.4,38.9
24587,3661,39977,8.0,18.1,40.7,29.7
24588,2492,67193,9.8,8.9,30.7,38.6
24589,3944,139881,5.3,7.6,36.0,32.0
24590,2515,119745,10.4,5.7,36.6,27.3
24591,3904,70387,9.2,21.8,37.7,27.1
24592,4926,118694,12.7,14.4,43.1,28.8
24593,1724,53964,13.8,13.5,41.5,38.1
24594,1608,83073,4.6,10.3,42.8,27.4
24595,4210,115147,11.3,13.6,44.4,21.2
24596,4953,71607,14.4,12.0,31.9,16.4
24597,103,95733,14.0,19.9,43.8,16.8
24598,3547,57577,13.0,19.1,30.8,36.0
24599,2680,48572,3.6,13.9,32.5,28.8
24600,3891,104494,6.0,18.1,47.1,35.7
24601,1260,66204,4.8,16.8,40.3,27.9
24602,933,94002,14.1,17.8,27.5,21.5
24603,2098,102495,12.0,20.2,40.0,37.0
24604,1302,139347,9.4,6.8,24.6,26.9
24605,2275,88541,14.8,21.6,27.8,17.4
24606,1481,62980,5.3,10.7,21.7,36.2
24607,4273,82272,10.7,12.6,40.4,38.8
24608,2888,30945,10.3,10.5,48.4,40.0
24609,2921,122572,7.1,21.5,48.0,29.2
24610,4277,46879,8.8,22.4,44.2,35.1
24611,441,31319,5.8,7.8,24.8,30.9
24612,1461,70245,11.1,15.4,45.3,27.0
24613,4291,75933,8.0,12.6,20.1,39.9
24614,4716,52430,3.3,8.6,47.5,29.4
24615,1095,137603,14.4,16.1,41.1,23.5
24616,456,50791,9.0,12.3,25.3,24.7
24617,285,74767,11.5,19.3,36.9,36.3
24618,1793,111083,5.4,21.7,38.8,23.3
24619,2690,105195,4.5,5.3,28.0,37.3
24620,1442,46658,13.8,16.0,45.5,31.9
24621,1791,115565,10.1,16.6,35.4,15.9
24622,1182,88713,8.9,11.4,36.9,31.5
24623,2157,134800,9.3,21.1,46.6,25.6
24624,3004,124835,5.8,23.2,39.6,21.8
24625,3295,104975,14.0,20.3,37.7,22.3
24626,4551,45945,5.6,15.5,23.8,30.3
24627,3517,139491,4.9,5.2,36.3,37.8
24628,2480,97107,14.2,13.4,47.4,16.7
24629,116,125079,6.1,18.9,38.2,22.7
24630,423,139589,13.3,8.2,28.5,17.3
24631,2170,97672,12.3,20.5,44.9,25.4
24632,1030,35681,7.6,17.3,33.0,39.0
24633,4654,72827,6.0,11.6,22.4,34.1
24634,4752,67109,12.1,22.0,34.5,38.1
24635,1544,110626,10.2,17.9,42.8,36.9
24636,4136,30155,6.0,11.1,47.6,25.9
24637,502,48789,13.7,8.9,39.9,30.8
24638,3502,136857,11.7,8.1,45.2,30.0
24639,4652,86572,13.9,24.7,42.5,18.9
24640,1606,54563,8.2,22.4,25.5,29.0
24641,1621,46730,4.5,18.8,49.5,29.4
24642,3198,104250,14.1,14.4,21.7,33.9
24643,2544,54067,10.2,22.0,28.2,15.5
24644,2287,117249,10.3,19.1,42.9,27.0
24645,2668,72358,10.0,16.1,24.0,37.5
24646,2893,73059,8.7,20.6,37.0,23.6
24647,191,41466,6.1,7.4,38.9,27.8
24648,4862,83867,10.4,22.5,40.6,28.7
24649,1853,80946,11.6,7.6,24.8,30.8
24650,4992,69340,14.0,23.1,26.2,27.9
24651,187,68539,3.9,9.4,23.7,31.6
24652,1741,62704,6.1,12.8,25.1,35.3
24653,3062,75259,12.3,20.2,45.0,31.8
24654,2242,92610,12.3,7.3,23.4,26.9
24655,650,89502,5.5,24.5,32.0,23.1
24656,2546,49121,5.2,20.0,20.5,17.2
24657,2051,95010,7.4,10.2,42.9,36.6
24658,2390,67884,3.8,22.8,48.7,31.6
24659,3937,138993,11.8,5.8,29.0,28.2
24660,723,56112,11.0,5.2,29.1,31.2
24661,3857,123124,13.3,11.5,37.2,33.1
24662,4896,99108,8.2,7.0,23.9,16.0
24663,3392,25636,10.6,21.4,38.1,38.1
24664,3932,25799,14.4,12.7,36.5,21.1
24665,2711,123229,14.5,17.4,32.0,38.0
24666,261,78164,3.9,21.5,41.0,15.5
24667,2092,52131,3.0,8.1,36.3,33.3
24668,2182,74434,14.5,24.5,45.3,31.6
24669,3113,111229,9.4,18.0,41.8,21.7
24670,136,116291,11.4,6.3,37.4,19.0
24671,945,141734,14.0,15.8,29.5,18.9
24672,2976,80825,8.2,22.4,20.9,19.5
24673,3446,140542,8.3,23.0,31.1,35.2
24674,4154,58384,5.0,20.0,43.2,21.7
24675,4300,142918,13.9,24.4,46.7,15.6
24676,435,92624,10.8,15.0,45.5,27.5
24677,3197,45257,5.2,13.1,31.1,36.1
24678,2443,81824,9.7,9.4,20.9,28.9
24679,1660,78766,6.9,14.2,48.1,16.0
24680,4264,50604,4.8,22.1,40.5,15.6
24681,4346,91580,5.2,6.1,34.4,21.6
24682,761,107565,9.7,9.5,43.4,20.8
24683,4952,107860,9.8,24.4,22.7,34.4
24684,3839,70297,12.5,20.8,22.6,15.5
24685,3283,120138,6.0,10.6,41.2,16.4
24686,1585,121361,14.0,21.8,22.0,37.1
24687,2509,140030,9.2,7.9,21.5,37.5
24688,4398,26666,5.5,18.3,41.6,36.6
24689,2634,60232,8.0,9.0,42.2,22.2
24690,103,25037,14.1,15.6,32.4,21.5
24691,3197,111351,8.7,17.6,31.7,31.5
24692,2948,138112,13.5,19.7,33.3,36.3
24693,126,68120,4.9,23.1,31.1,29.6
24694,1064,139938,14.0,20.9,33.4,15.8
24695,3196,111927,8.2,11.0,25.6,35.6
24696,171,52992,14.2,21.9,37.5,28.1
24697,3047,81390,13.4,6.3,35.5,26.0
24698,2415,41647,10.9,19.7,40.0,15.2
24699,3997,87338,11.1,14.7,25.5,39.1
24700,4590,47911,5.5,13.8,22.7,28.4
24701,2511,63654,10.2,19.0,44.2,32.7
24702,216,122042,9.6,6.2,47.1,15.1
24703,2311,50990,7.0,22.5,25.2,15.7
24704,3024,128409,9.1,10.2,32.5,17.3
24705,2937,124925,14.1,21.3,41.8,15.3
24706,676,43137,3.1,11.5,35.7,29.6
24707,871,50137,8.0,19.7,37.0,17.7
24708,299,88960,7.0,23.4,30.3,38.5
24709,1855,77734,14.5,18.8,23.6,38.0
24710,279,140845,14.7,9.7,48.8,20.6
24711,2505,63276,10.0,19.0,42.3,27.4
24712,3423,100493,9.6,19.0,29.6,26.1
24713,4848,111076,13.8,23.5,41.4,24.7
24714,4873,143523,3.1,10.1,31.7,26.4
24715,2401,30861,9.7,24.4,25.9,23.7
24716,3088,69501,3.3,18.7,40.3,21.7
24717,1702,122173,14.6,11.4,32.3,20.8
24718,1219,69216,6.8,15.2,23.5,34.5
24719,2314,123294,9.2,20.2,30.0,18.8
24720,2011,56946,8.0,5.9,31.7,17.7
24721,3001,77255,13.7,11.7,31.6,16.4
24722,1185,128056,15.0,22.7,37.2,18.3
24723,273,104801,3.8,7.1,33.1,16.8
24724,3632,119376,11.8,15.6,42.2,21.6
24725,4819,42429,7.4,16.5,38.7,27.0
24726,1338,33015,4.7,10.7,35.7,35.1
24727,3410,77009,7.9,13.1,42.9,27.7
24728,4934,58870,15.0,23.2,47.9,27.9
24729,3913,65071,7.3,6.2,26.7,37.0
24730,3916,146133,6.3,8.2,43.7,29.0
24731,4870,85079,13.2,23.0,32.9,27.7
24732,2073,145690,13.4,8.6,37.0,37.8
24733,3882,49962,7.1,8.5,44.6,39.6
24734,2344,108532,6.6,16.7,36.7,36.9
24735,1757,75717,10.8,24.7,25.5,20.2
24736,512,126659,5.5,13.9,49.3,39.8
24737,3510,133872,8.8,15.4,45.2,16.2
24738,4192,93043,4.7,21.5,23.2,18.2
24739,1482,43584,6.7,18.9,25.1,31.1
24740,1223,78156,6.6,24.9,30.6,21.8
24741,4429,101500,11.3,17.3,34.2,31.4
24742,4112,79962,6.4,13.4,24.9,33.8
24743,2343,99534,13.8,11.7,33.5,15.6
24744,2689,39822,14.8,24.7,33.4,24.3
24745,1878,110703,4.0,21.2,27.7,18.8
24746,1229,73101,7.8,21.4,24.4,27.9
24747,744,123114,6.6,8.9,24.8,17.3
24748,3622,68989,7.2,14.2,44.9,37.8
24749,1657,123944,6.2,5.5,43.9,19.9
24750,4601,129229,7.6,15.7,20.6,32.7
24751,2873,45470,4.7,6.5,26.5,19.2
24752,2885,134491,6.4,8.9,20.8,39.1
24753,1806,117350,12.0,10.6,24.1,23.1
24754,2701,59867,7.1,21.3,22.3,37.3
24755,3743,35834,5.5,7.0,42.9,23.3
24756,474,82019,4.3,23.1,30.7,25.3
24757,1712,105396,7.2,16.3,41.0,22.6
24758,554,65666,10.7,7.2,36.1,16.5
24759,4397,86456,6.0,24.7,27.4,15.4
24760,1575,102813,8.1,5.0,34.9,20.7
24761,953,148121,14.4,8.3,27.0,16.2
24762,823,106235,9.6,8.7,30.3,19.6
24763,1491,112709,9.4,22.4,46.4,29.7
24764,2487,28749,7.9,12.0,44.5,18.1
24765,361,29746,9.7,21.7,33.1,37.3
24766,642,83778,14.8,5.8,25.0,35.5
24767,650,103117,6.0,24.2,24.8,21.6
24768,3897,146883,14.3,22.1,39.5,22.5
24769,737,75585,4.8,14.5,34.8,34.9
24770,264,129806,4.3,8.1,36.0,29.6
24771,2905,103496,10.9,9.5,22.3,37.0
24772,720,67399,6.0,9.6,31.4,30.7
24773,1323,127581,8.3,19.1,31.1,16.8
24774,3442,52544,11.8,12.5,28.1,39.9
24775,150,128191,9.4,5.1,42.7,29.2
24776,588,98639,3.2,12.7,24.0,15.4
24777,764,103490,6.7,16.4,43.7,24.0
24778,1346,129237,3.8,6.1,22.6,29.7
24779,2810,38013,14.1,16.0,24.7,30.9
24780,4461,114427,12.5,20.5,35.8,35.0
24781,4268,94984,14.8,16.3,37.3,27.8
24782,4052,86508,13.6,11.6,49.0,22.9
24783,2691,33668,8.7,12.2,38.2,30.2
24784,980,118677,13.6,13.6,36.9,22.4
24785,534,149198,11.1,22.0,25.6,23.3
24786,2084,46712,9.3,5.6,22.6,21.8
24787,4552,30194,7.4,12.1,43.7,23.0
24788,4213,55549,11.2,24.2,43.2,36.1
24789,3970,72390,10.1,21.6,32.7,19.5
24790,2722,30350,10.4,7.7,22.3,19.6
24791,1892,30696,7.8,12.1,34.4,19.2
24792,2898,122550,11.9,5.4,32.0,36.4
24793,3612,126961,4.0,19.6,42.1,34.3
24794,1593,67248,11.7,7.1,37.2,37.9
24795,2779,123572,11.8,12.7,24.2,20.9
24796,1725,142623,9.2,23.1,25.3,28.1
24797,2519,135892,6.2,7.7,24.5,24.7
24798,3117,50597,9.2,11.5,30.1,34.2
24799,1947,123393,4.5,21.3,28.4,29.0
24800,3346,59693,6.4,17.6,27.8,36.4
24801,1638,54031,8.1,20.2,33.5,33.6
24802,1416,104147,11.1,24.2,44.9,25.7
24803,1819,120644,5.2,23.3,29.4,24.6
24804,2050,126551,4.9,10.7,28.8,36.0
24805,323,42532,10.3,11.0,34.0,35.8
24806,2126,54398,11.2,6.7,29.4,17.7
24807,1647,106777,4.0,12.5,38.3,16.8
24808,3878,100330,3.4,20.5,22.0,19.4
24809,3823,95833,4.8,10.2,26.8,22.7
24810,1623,116914,13.8,21.6,42.5,21.0
24811,2803,98732,11.1,16.5,46.0,26.1
24812,2072,129236,14.1,12.2,32.6,32.2
24813,4628,117276,11.0,13.4,27.1,19.7
24814,4704,60829,14.6,20.4,30.6,20.7
24815,4703,140118,8.3,11.3,44.7,38.7
24816,716,131885,10.2,19.3,38.6,30.4
24817,4615,33015,10.2,13.3,29.6,23.1
24818,4269,36742,3.0,21.3,43.3,19.9
24819,2721,28542,3.3,9.2,32.5,39.0
24820,4341,26373,4.7,11.2,24.3,39.5
24821,2193,95375,9.1,14.9,24.8,28.2
24822,1864,78331,8.2,20.0,49.5,23.5
24823,3276,84992,9.5,8.2,26.1,15.8
24824,1232,102026,12.6,23.1,47.1,40.0
24825,4316,140140,12.9,5.4,43.8,37.9
24826,3670,122726,14.7,5.5,30.7,32.5
24827,1166,54806,9.7,14.0,30.7,23.2
24828,2246,148202,7.2,21.6,39.2,31.8
24829,805,110934,6.7,7.6,32.2,28.0
24830,2458,31049,7.1,14.7,23.6,23.2
24831,3634,139187,6.9,13.6,48.7,35.8
24832,3912,47042,7.7,19.9,31.8,33.5
24833,2570,67948,3.9,9.3,28.0,39.5
24834,4167,50704,10.6,16.9,22.6,30.5
24835,3560,50685,9.8,23.4,36.2,20.4
24836,3868,89451,8.5,6.1,32.7,19.1
24837,2034,76702,4.0,22.7,48.2,31.0
24838,2419,99233,4.1,9.2,20.7,17.6
24839,2972,64796,9.5,6.7,48.6,22.9
24840,309,50755,3.4,11.4,46.5,36.9
24841,4934,58263,11.7,15.2,32.9,39.4
24842,2907,128340,14.9,12.1,32.9,26.7
24843,4354,48521,10.2,7.7,31.8,15.4
24844,4062,90921,11.7,14.5,29.3,35.7
24845,4936,55344,8.3,5.0,41.3,24.9
24846,2053,102262,11.0,5.2,41.4,16.3
24847,2490,126918,10.8,21.6,27.6,19.9
24848,3625,62539,12.9,16.4,32.4,20.3
24849,4894,32280,11.5,12.3,25.0,21.2
24850,3314,43280,12.0,13.1,45.0,39.4
24851,2544,53430,9.7,14.1,27.9,32.7
24852,2683,81160,8.8,9.7,39.7,35.2
24853,240,126821,8.5,19.5,46.8,23.2
24854,4435,117446,7.7,11.1,29.8,33.1
24855,391,54594,6.2,16.5,41.1,34.2
24856,2964,121001,3.4,7.7,39.1,17.8
24857,4277,58578,11.1,5.6,34.0,21.3
24858,2707,140570,13.8,8.0,44.0,17.3
24859,4036,116514,14.2,12.1,41.8,18.2
24860,3017,138152,10.0,7.8,41.4,39.0
24861,2318,28794,4.1,18.2,39.1,20.1
24862,1897,149168,13.5,8.3,26.6,20.1
24863,1076,95843,12.0,21.3,47.6,35.2
24864,679,148777,6.0,20.9,30.6,34.3
24865,2673,51980,12.6,10.7,44.7,35.9
24866,2689,89752,8.7,14.3,39.5,15.4
24867,3383,98657,13.7,18.7,29.5,35.3
24868,1899,132712,6.0,13.5,47.1,27.9
24869,1561,30229,12.6,6.6,22.8,27.5
24870,4517,27955,11.5,10.5,37.9,33.4
24871,4168,119134,3.2,15.3,39.6,27.6
24872,3047,74113,9.8,21.3,41.6,27.7
24873,813,27953,11.6,6.4,37.5,36.1
24874,2523,143258,4.9,8.5,25.6,19.3
24875,1990,129046,9.4,23.6,38.3,25.0
24876,3667,95720,6.6,11.4,41.6,34.8
24877,1778,42472,11.4,12.6,45.5,33.5
24878,2247,123620,9.5,18.3,42.3,35.8
24879,1017,37010,10.5,12.4,22.2,39.2
24880,2366,31238,3.9,9.6,37.4,17.9
24881,2624,37746,4.7,24.4,40.6,15.8
24882,1906,71788,9.6,15.4,49.2,16.4
24883,4151,82122,5.2,12.4,23.9,17.5
24884,659,90930,9.0,20.2,28.5,20.0
24885,728,128619,11.3,7.0,44.2,19.6
24886,3166,34765,12.7,23.0,37.9,33.4
24887,2011,42446,4.7,21.2,29.3,20.4
24888,3862,109343,11.9,12.5,40.5,23.6
24889,3651,57419,7.4,8.7,28.6,32.7
24890,1908,55427,11.1,22.2,25.5,25.9
24891,2486,78703,4.7,24.1,23.1,17.6
24892,1995,94907,9.2,6.0,37.7,32.6
24893,4030,79826,13.1,24.7,28.2,35.9
24894,1106,94117,4.3,12.7,39.7,39.2
24895,148,38549,12.9,21.1,41.9,37.8
24896,1950,31548,8.4,14.2,44.7,25.5
24897,2029,94794,12.9,15.4,34.2,28.5
24898,2232,57063,14.5,15.7,25.1,35.6
24899,1625,133138,4.9,24.3,25.4,24.0
24900,428,79047,11.1,17.6,30.6,26.8
24901,2757,97483,5.8,10.9,40.1,33.6
24902,4629,147472,4.6,17.5,47.2,19.2
24903,687,65004,10.5,6.8,48.1,22.5
24904,3305,62996,4.3,11.6,27.4,38.9
24905,1698,37467,8.6,8.5,24.5,16.5
24906,3951,55851,10.6,17.1,45.7,34.0
24907,2572,124846,9.0,15.6,40.7,31.5
24908,2917,57737,11.4,19.5,32.5,24.0
24909,4707,126203,12.6,11.8,23.4,28.0
24910,1508,117146,13.5,24.7,31.3,18.8
24911,1111,124782,9.7,11.4,20.3,34.6
24912,4759,116123,6.3,6.0,46.4,29.6
24913,4498,132927,9.1,10.4,42.9,39.1
24914,4144,137276,7.7,17.5,35.8,28.2
24915,1429,115568,5.7,20.2,36.2,35.7
24916,2704,46394,9.3,9.8,24.1,18.7
24917,2123,69024,3.3,20.6,47.3,18.6
24918,4607,45435,10.3,11.7,27.3,25.7
24919,3285,44960,12.9,8.3,23.3,33.9
24920,4703,114755,15.0,7.8,44.3,33.2
24921,4251,49479,14.1,21.4,39.9,35.5
24922,2693,80805,4.1,9.7,24.5,15.3
24923,3441,122569,4.9,9.4,20.1,24.5
24924,295,76444,4.7,22.7,43.3,35.2
24925,1890,111799,9.7,12.3,46.4,37.0
24926,1206,48589,3.6,24.8,39.6,34.8
24927,2889,124442,14.2,10.4,45.5,27.8
24928,2284,142233,3.7,18.2,40.0,36.9
24929,638,34552,7.7,8.9,49.5,32.0
24930,4884,105330,13.7,8.9,49.3,34.7
24931,818,126494,14.4,21.2,45.5,27.3
24932,4095,49631,8.6,23.5,39.5,36.2
24933,405,111439,8.9,22.9,22.4,18.9
24934,487,134687,10.6,21.7,44.0,18.4
24935,824,70105,7.9,16.7,41.6,17.2
24936,2696,102164,6.9,7.3,45.4,28.0
24937,2535,56092,11.9,11.8,48.6,22.6
24938,2440,100687,10.1,10.6,49.8,22.9
24939,278,55057,8.8,10.0,23.1,17.4
24940,2003,133625,4.2,24.5,20.3,24.7
24941,1804,128281,3.8,8.0,41.8,17.5
24942,3483,113624,9.1,14.4,46.5,36.3
24943,4275,63959,10.4,23.5,37.1,18.0
24944,4642,30765,10.9,6.2,21.8,27.8
24945,4961,49813,13.7,19.9,44.0,34.5
24946,4765,60807,12.8,17.2,25.6,29.1
24947,195,73509,4.7,12.2,34.5,17.7
24948,1383,82732,12.5,23.8,31.1,24.7
24949,347,52982,11.1,11.7,34.8,37.6
24950,1081,115796,12.9,8.8,24.7,23.4
24951,4463,110903,13.1,19.5,40.2,28.7
24952,1665,90391,7.1,11.7,32.3,30.9
24953,2241,106552,6.2,10.7,31.5,19.6
24954,835,74338,9.6,23.6,25.3,39.0
24955,3487,73247,6.6,11.2,38.6,32.6
24956,2759,52319,7.2,16.5,39.8,29.5
24957,548,93964,3.8,18.1,22.4,21.0
24958,1935,51986,14.9,14.7,44.7,20.8
24959,4815,131062,6.7,11.2,46.6,22.3
24960,713,52810,12.4,15.8,49.7,37.1
24961,1533,55727,14.9,13.0,30.4,33.3
24962,976,113674,14.6,5.7,38.2,38.6
24963,2675,126692,10.6,11.2,23.6,38.5
24964,1233,90379,9.5,16.7,32.6,31.1
24965,4970,121282,6.7,5.3,45.8,34.5
24966,771,111989,13.3,18.0,41.6,35.1
24967,1730,44318,7.1,5.6,35.4,29.6
24968,3418,87422,4.3,16.3,45.2,18.2
24969,460,45755,6.5,6.2,44.9,17.3
24970,2492,103648,6.8,22.0,47.3,22.1
24971,4001,73069,11.6,23.2,26.0,23.4
24972,897,73599,5.0,17.3,26.9,30.4
24973,1883,97470,6.8,7.5,49.3,22.2
24974,166,112907,3.9,23.1,35.2,20.6
24975,3134,31859,13.2,19.6,39.5,21.2
24976,2190,78121,11.7,22.6,47.2,17.1
24977,2376,53570,8.2,14.3,36.3,26.2
24978,3615,106567,8.2,13.4,24.5,21.5
24979,333,54148,5.0,16.9,31.5,18.7
24980,1322,101977,7.6,14.1,35.5,34.9
24981,2644,27751,13.9,8.4,34.3,30.9
24982,1155,131477,4.7,21.5,49.8,23.8
24983,4654,108495,12.2,8.8,26.9,26.0
24984,3447,31503,3.6,19.9,42.9,22.1
24985,1269,140947,6.7,22.8,20.9,39.8
24986,4201,107976,13.2,15.6,31.0,21.0
24987,593,47044,8.3,10.1,22.9,29.6
24988,3279,115656,11.4,5.4,37.0,39.1
24989,3943,96779,4.2,18.1,28.6,32.8
24990,1463,130104,11.2,16.1,38.7,37.8
24991,3498,74481,12.8,18.8,37.6,23.8
24992,1156,71144,12.7,24.0,35.4,24.0
24993,242,76321,8.3,14.0,45.4,30.2
24994,3415,100306,13.8,18.5,33.2,23.3
24995,4931,126310,9.9,7.8,42.6,29.1
24996,2873,121116,12.8,7.8,32.8,39.8
24997,1984,47224,5.6,14.9,48.7,35.6
24998,2364,97681,5.5,16.7,24.8,31.5
24999,2024,142211,12.1,24.7,42.0,16.4
25000,4145,78374,10.8,16.4,21.9,30.4
25001,2581,44299,11.1,23.3,24.8,18.8
25002,1990,38497,5.8,20.8,35.9,27.1
25003,3225,116884,7.8,23.0,33.6,15.5
25004,1041,84482,6.1,22.1,48.8,22.8
25005,1715,79826,3.8,15.8,20.0,39.1
25006,2068,141644,5.4,5.0,37.9,25.0
25007,3322,113109,14.9,14.1,29.5,34.3
25008,4250,76224,5.8,9.4,34.6,33.4
25009,1571,104458,4.9,19.3,36.7,24.7
25010,1158,89490,11.4,9.0,36.2,31.8
25011,1106,101543,10.2,14.5,48.8,16.4
25012,3290,25872,12.0,5.5,49.6,31.9
25013,1320,106330,10.8,6.8,35.1,36.5
25014,4761,48881,5.7,12.8,32.1,18.1
25015,4966,47388,9.0,19.6,41.7,26.1
25016,1897,80589,5.1,18.5,35.6,15.9
25017,2971,70301,6.0,13.6,42.1,36.6
25018,613,147021,14.8,8.8,31.5,27.3
25019,1717,131752,11.7,11.1,34.0,23.7
25020,4617,111837,12.4,14.9,22.4,30.0
25021,4712,61800,3.4,24.0,39.7,39.6
25022,3857,105223,7.6,17.8,44.6,20.8
25023,2132,126564,9.7,7.6,25.3,34.5
25024,3310,97702,4.8,21.1,48.5,18.4
25025,804,33885,13.2,19.4,49.5,36.3
25026,1773,114362,4.7,22.8,37.3,37.1
25027,3799,38026,10.6,17.2,22.4,34.5
25028,2191,78189,9.6,11.2,43.9,15.5
25029,2948,48585,13.2,22.0,34.0,18.9
25030,4414,38006,6.7,16.5,46.0,32.8
25031,4763,140243,6.4,19.1,44.3,28.4
25032,1877,53532,13.2,14.4,37.6,19.2
25033,4453,96145,5.7,21.1,21.0,28.6
25034,992,31642,12.0,17.5,37.8,17.7
25035,1071,38556,5.3,22.8,42.9,36.8
25036,202,67237,13.5,12.0,39.6,33.0
25037,1207,62996,13.1,21.9,39.6,22.5
25038,3346,121578,12.4,20.8,43.0,38.3
25039,3812,34139,8.9,12.4,35.9,35.5
25040,3517,144268,3.4,22.5,43.0,25.7
25041,4251,94909,4.6,16.9,26.7,39.0
25042,3759,104596,8.5,12.4,32.2,33.5
25043,1019,71108,3.5,10.5,39.8,17.9
25044,4652,90933,3.8,6.8,24.9,38.5
25045,4327,139909,4.5,6.8,43.0,31.6
25046,4688,142053,6.1,20.7,37.6,15.6
25047,2257,72374,12.0,12.7,41.9,21.8
25048,681,59545,3.6,15.5,45.8,26.8
25049,895,94596,14.8,21.7,49.0,22.5
25050,3297,56117,6.3,18.1,28.7,38.7
25051,1983,78106,6.8,23.8,43.8,34.8
25052,3467,85866,6.0,15.5,30.8,18.6
25053,909,106813,10.2,7.2,34.6,35.1
25054,3033,47112,3.2,11.9,38.3,33.5
25055,3368,103166,4.1,7.8,27.1,34.2
25056,4968,56100,4.2,20.0,26.4,31.8
25057,3084,42158,11.0,14.3,37.8,23.2
25058,672,123643,7.0,6.1,41.0,15.4
25059,1306,106926,8.2,5.3,48.7,18.0
25060,3180,91832,14.4,6.1,37.0,35.6
25061,2560,90823,5.4,18.4,37.7,21.0
25062,1841,140580,3.8,9.0,32.4,16.9
25063,4105,146678,8.3,20.6,43.5,32.8
25064,2713,132212,5.0,15.3,42.1,32.1
25065,1815,143967,4.7,16.6,25.7,32.0
25066,1669,76005,7.9,8.4,31.5,36.8
25067,776,58337,11.0,22.6,24.1,32.2
25068,1933,46102,5.9,14.4,23.3,32.6
25069,2613,88673,13.5,13.2,47.9,25.1
25070,900,50218,7.3,20.9,39.9,37.3
25071,1241,77824,14.2,5.7,46.9,35.5
25072,3152,72583,8.9,15.4,37.2,38.9
25073,2131,146679,11.7,19.4,27.7,22.5
25074,1608,64541,13.2,20.9,27.8,25.0
25075,1210,43935,9.4,8.1,27.3,36.0
25076,4429,107029,13.2,12.8,29.5,24.1
25077,1012,126954,7.5,11.4,26.1,23.8
25078,1155,93755,7.4,24.8,24.2,33.7
25079,4289,91267,12.5,19.7,47.0,24.0
25080,1850,70269,5.9,13.5,37.2,35.8
25081,3271,101771,11.6,9.3,26.6,16.5
25082,4253,112613,3.9,8.5,37.2,29.2
25083,3112,33759,10.6,24.9,27.4,30.7
25084,3528,134544,14.3,16.7,40.5,30.4
25085,3662,128860,8.5,19.5,46.6,16.1
25086,456,48488,8.0,8.1,24.9,20.5
25087,4491,85215,9.5,20.0,36.5,25.8
25088,4720,34549,11.6,9.8,31.1,20.3
25089,1717,120660,7.3,20.2,44.8,21.9
25090,1723,54518,3.0,23.3,21.4,35.9
25091,1765,97799,9.0,12.8,40.9,38.2
25092,3299,138297,8.0,23.1,39.3,37.9
25093,4596,91607,9.4,14.3,43.4,18.7
25094,1695,82125,11.6,21.2,36.5,26.5
25095,2089,97981,6.4,14.1,33.4,21.7
25096,2886,128375,9.1,7.9,27.6,17.4
25097,628,81522,6.0,18.4,46.4,34.3
25098,2704,60014,8.5,11.5,46.8,19.4
25099,3295,68515,7.1,6.5,34.9,18.3
25100,2507,133872,7.4,18.0,47.2,31.7
25101,163,141608,10.0,16.6,21.2,21.4
25102,4060,137553,11.3,23.6,45.3,23.8
25103,2912,112932,3.2,6.7,44.2,23.4
25104,2921,66083,13.5,13.6,44.6,27.4
25105,4127,80495,7.4,9.6,39.4,33.6
25106,201,90610,10.7,14.7,37.0,28.4
25107,3448,26988,4.5,21.9,45.0,26.5
25108,3398,131652,9.9,23.8,43.1,23.1
25109,3194,87597,11.1,12.6,48.1,35.6
25110,2991,56031,4.9,17.4,44.6,20.8
25111,3235,130591,13.9,9.7,29.9,32.2
25112,1280,93619,12.1,20.2,24.5,22.1
25113,2986,110738,9.4,23.1,24.8,20.0
25114,2828,73934,5.0,14.5,45.7,34.1
25115,2792,110611,13.4,22.4,42.1,31.3
25116,498,69939,3.8,24.7,49.6,39.1
25117,504,38856,4.4,17.2,46.8,24.7
25118,2973,144927,11.4,16.2,47.8,15.7
25119,3368,73895,6.0,12.6,40.5,39.8
25120,2794,82426,8.5,20.7,28.7,20.6
25121,2182,70748,9.5,21.3,34.4,28.9
25122,2567,71307,8.5,5.2,21.0,28.0
25123,4572,60833,4.0,10.0,39.2,23.8
25124,4415,32954,11.8,5.6,27.0,17.5
25125,2021,60001,5.9,20.5,47.7,29.4
25126,4059,104700,11.9,8.5,30.3,25.4
25127,1640,73338,13.4,7.2,34.5,18.5
25128,2489,67744,9.4,20.9,33.1,17.0
25129,4948,139559,11.5,16.5,34.1,23.1
25130,2563,141778,3.4,8.1,47.4,23.4
25131,3468,96164,3.4,21.9,35.7,27.2
25132,3085,61936,5.4,13.1,39.6,30.0
25133,779,110932,7.3,12.5,41.8,26.0
25134,847,141565,5.2,18.0,43.6,26.3
25135,2953,81338,10.6,5.7,24.5,29.5
25136,1421,31308,6.3,11.7,21.4,30.1
25137,3848,60082,13.1,6.6,30.1,35.2
25138,4250,100191,9.7,19.7,22.9,24.1
25139,4889,46631,7.5,10.5,42.0,20.3
25140,633,78144,13.7,21.7,45.7,31.7
25141,1918,27914,12.9,13.4,37.7,35.0
25142,4300,135020,12.8,22.7,30.3,21.7
25143,2441,134868,11.7,9.4,29.0,37.0
25144,2522,67301,10.4,18.1,35.5,28.5
25145,4645,110854,7.4,23.9,46.3,24.1
25146,1568,93237,8.1,12.9,24.7,37.7
25147,4585,94580,10.8,8.2,43.9,29.2
25148,1335,74185,5.1,16.1,26.8,24.6
25149,2814,125449,12.9,13.6,26.6,28.9
25150,1808,87673,14.3,15.1,25.6,27.6
25151,1245,80611,4.2,14.5,24.5,33.7
25152,1575,98023,3.3,10.3,22.3,22.1
25153,4023,103533,4.7,15.3,46.7,27.1
25154,3021,139098,12.1,8.0,23.3,28.3
25155,1955,149159,4.3,16.7,27.1,15.4
25156,3324,79825,7.5,13.7,43.5,33.0
25157,4064,74556,3.8,24.5,22.6,16.1
25158,3479,62479,8.2,6.9,25.7,37.3
25159,1704,59692,10.2,20.0,26.9,39.9
25160,3379,149737,10.5,12.0,39.5,15.2
25161,651,114541,9.2,18.9,42.6,23.7
25162,2104,140569,14.3,24.2,40.3,15.5
25163,1936,87652,9.4,23.0,35.3,37.8
25164,1224,96559,13.3,7.3,49.9,24.5
25165,1482,126206,14.9,22.5,41.1,32.1
25166,1870,133093,5.8,12.8,28.2,35.2
25167,3963,149819,6.2,6.4,45.7,39.1
25168,3500,106283,9.3,9.2,36.2,37.4
25169,134,138806,5.2,5.6,44.8,19.5
25170,2304,108165,9.8,7.8,20.2,17.0
25171,3444,99167,11.2,14.3,42.8,22.8
25172,3114,54203,3.7,23.9,38.1,20.2
25173,4591,71359,11.2,21.2,42.2,19.7
25174,4402,68784,4.9,15.6,41.6,27.7
25175,1880,79519,6.6,11.5,24.3,22.9
25176,1728,139803,11.9,5.6,44.5,21.9
25177,1429,111420,5.0,6.1,20.7,39.2
25178,1659,83622,9.4,19.6,33.7,32.6
25179,904,123600,10.1,15.9,27.7,18.0
25180,2609,65460,5.0,7.4,37.6,23.9
25181,4447,109868,6.3,22.2,42.3,35.0
25182,1390,98663,10.3,15.4,47.5,31.8
25183,4404,43989,8.5,21.7,22.5,16.5
25184,2686,113397,10.9,20.6,37.5,37.3
25185,2650,114841,13.3,11.7,30.7,22.9
25186,1055,108014,4.6,19.1,27.6,30.9
25187,4709,136557,3.8,24.8,22.5,29.5
25188,679,55778,11.0,20.0,26.8,20.1
25189,2037,119923,12.2,10.3,33.9,21.4
25190,2097,30101,8.4,16.8,20.2,25.4
25191,1765,26074,7.7,13.7,37.6,37.5
25192,2230,41399,10.2,11.0,23.1,17.4
25193,3840,59295,9.6,10.7,37.3,20.3
25194,2600,147930,8.9,14.2,31.3,29.5
25195,1742,123015,12.8,11.2,43.2,35.3
25196,4812,93735,5.1,8.0,33.2,39.7
25197,1597,101969,11.2,20.1,48.3,23.5
25198,4702,88242,11.9,10.9,29.8,23.9
25199,3304,116715,13.8,12.5,36.3,22.6
25200,721,65568,14.3,23.1,42.0,28.5
25201,3244,134532,9.1,18.2,26.6,27.9
25202,2051,104027,8.2,23.6,20.5,22.9
25203,1559,101513,9.0,17.0,43.6,32.8
25204,392,125296,11.8,12.1,28.8,37.1
25205,754,142641,3.2,9.5,24.8,29.4
25206,3084,129775,5.1,21.5,37.8,22.6
25207,3943,96358,13.9,14.0,31.2,24.4
25208,2904,75083,5.3,18.0,28.0,27.2
25209,2814,141703,5.7,19.8,41.2,37.3
25210,1721,47828,14.3,9.9,49.0,36.1
25211,4114,130722,6.5,24.5,35.8,32.7
25212,3353,37805,6.5,9.7,43.3,17.2
25213,2946,129709,14.1,20.2,45.2,26.5
25214,4980,109058,7.5,8.0,34.5,35.7
25215,4962,29289,8.9,24.5,35.2,34.1
25216,3605,77552,9.7,10.0,41.5,34.8
25217,618,116199,13.4,15.3,47.8,22.0
25218,2785,38605,3.9,12.4,44.5,25.9
25219,127,135532,6.1,23.1,43.5,37.5
25220,365,33417,10.0,15.4,43.3,26.6
25221,1406,99172,8.2,18.4,34.1,39.9
25222,4153,35573,6.3,9.4,45.8,24.6
25223,3554,102769,7.9,23.9,30.7,32.6
25224,910,52710,14.6,12.1,38.2,33.6
25225,4776,26902,3.3,7.0,24.1,17.9
25226,3490,136088,4.8,9.4,39.5,21.0
25227,710,135150,3.2,8.9,42.5,33.9
25228,4388,28603,10.1,7.2,32.3,35.8
25229,2374,116594,3.2,14.8,35.4,27.3
25230,4646,112372,8.4,11.2,20.5,25.7
25231,302,138654,13.3,14.9,47.1,16.2
25232,501,98972,4.2,6.6,44.4,21.8
25233,2127,133607,7.4,16.8,42.0,37.4
25234,3950,94584,7.5,17.6,22.0,32.7
25235,989,107724,7.3,10.1,26.6,35.3
25236,278,114963,11.7,16.4,49.7,17.4
25237,2079,148811,3.1,11.1,33.8,30.7
25238,2610,26760,12.4,8.1,46.3,19.5
25239,2982,120497,13.1,18.6,40.3,25.7
25240,4084,129609,8.2,21.7,44.3,20.9
25241,2144,52692,13.6,8.1,38.3,19.1
25242,3083,147686,7.6,22.8,25.7,16.7
25243,450,39092,11.3,17.0,35.4,20.4
25244,4382,131520,7.7,20.5,45.2,39.9
25245,3518,137510,3.5,18.9,47.3,31.2
25246,3930,111315,4.0,22.7,41.2,29.5
25247,2067,95880,8.3,6.2,40.1,23.9
25248,4504,33265,14.9,24.7,38.9,19.1
25249,2324,71195,5.1,22.6,37.0,21.7
25250,4622,39916,13.7,5.9,46.7,35.7
25251,2887,65649,14.0,10.0,43.1,19.9
25252,4726,37262,7.9,15.7,41.5,39.3
25253,4443,82134,8.5,22.1,32.3,21.5
25254,4411,69122,9.0,11.2,33.9,29.2
25255,4908,38873,12.2,6.0,33.1,20.1
25256,537,121115,4.5,20.6,50.0,38.6
25257,2458,72011,6.9,13.7,47.6,28.5
25258,3954,147144,5.0,20.2,23.2,34.7
25259,482,29187,13.5,11.5,34.1,16.7
25260,4316,101647,3.8,21.4,28.0,30.6
25261,506,101522,12.0,12.2,29.0,31.2
25262,4440,124714,8.3,14.5,20.5,23.9
25263,165,56547,11.6,23.7,24.0,21.6
25264,3089,61380,13.7,8.0,37.7,29.3
25265,327,48723,7.1,16.6,39.8,36.8
25266,2284,95316,5.7,21.3,48.6,26.3
25267,2341,127771,10.8,18.8,44.8,37.6
25268,4901,128659,15.0,13.5,27.5,26.5
25269,4853,116177,11.8,21.1,36.0,22.5
25270,1612,38460,12.5,14.6,25.9,16.0
25271,1029,122055,10.6,17.9,34.0,33.0
25272,4136,45379,7.4,11.7,43.0,33.3
25273,2703,81020,10.9,6.1,42.8,31.8
25274,1280,69718,4.5,9.1,43.2,18.2
25275,1139,33802,8.9,14.3,26.2,31.2
25276,1201,32645,9.9,22.9,32.7,36.1
25277,2199,61983,13.9,7.6,41.1,32.1
25278,613,26838,14.0,11.3,23.1,30.8
25279,4939,63416,3.7,11.6,30.0,37.7
25280,3232,97220,10.6,20.6,38.2,33.0
25281,1932,51671,12.6,15.9,35.4,22.2
25282,4738,87849,9.4,13.3,22.2,33.1
25283,2557,97480,4.1,6.3,41.5,39.8
25284,2302,81447,5.8,24.4,31.2,25.1
25285,2780,77725,6.8,21.1,48.0,18.8
25286,2198,65382,11.0,6.1,28.3,15.9
25287,3266,112619,3.8,5.9,49.4,22.1
25288,2027,65953,9.6,10.1,46.3,33.1
25289,4550,48536,4.3,6.0,42.2,31.1
25290,3216,31182,7.7,19.8,26.6,37.2
25291,2987,91008,8.1,9.1,40.1,36.7
25292,4443,50732,8.4,22.6,24.6,20.4
25293,4728,127723,11.5,17.2,38.1,19.6
25294,3630,131547,4.0,14.7,40.9,27.7
25295,889,130395,6.2,7.2,29.9,15.4
25296,1400,41284,10.7,7.6,49.8,21.2
25297,2047,136524,14.3,7.4,22.6,19.6
25298,2342,35375,10.4,9.2,38.0,22.8
25299,1194,83771,13.6,7.1,41.6,23.6
25300,1458,129182,14.6,11.4,24.3,18.1
25301,3756,133712,13.6,21.2,47.0,20.1
25302,407,73709,14.7,7.9,36.9,32.7
25303,1550,90059,12.3,11.0,48.9,39.2
25304,2223,51399,13.6,14.0,33.9,15.2
25305,4982,80812,8.9,17.3,48.3,39.4
25306,2942,45839,7.1,9.7,37.1,16.6
25307,1764,79931,15.0,17.3,26.6,24.4
25308,4048,48788,4.2,8.7,33.2,24.5
25309,1494,139755,14.5,17.5,33.4,21.6
25310,4172,37006,8.2,20.8,46.5,21.8
25311,3734,34365,3.3,5.5,35.7,24.7
25312,314,78728,12.6,23.7,44.4,18.8
25313,3172,87878,8.3,19.3,44.6,32.6
25314,4154,31056,12.6,24.0,35.2,17.1
25315,4572,70276,3.5,10.3,23.0,25.1
25316,2559,148140,14.7,23.8,44.2,21.2
25317,3806,84657,11.1,14.1,48.2,18.6
25318,3371,102258,3.6,8.0,49.3,22.9
25319,1306,141337,3.1,19.7,27.8,17.3
25320,509,42060,10.1,18.9,24.3,37.4
25321,3569,32223,14.7,23.4,24.4,29.7
25322,315,56573,9.3,11.1,40.5,24.3
25323,4947,129855,7.2,17.6,48.3,25.8
25324,448,121724,14.3,24.2,22.5,28.0
25325,3751,45323,14.8,22.4,33.9,37.7
25326,2978,111258,12.4,21.4,41.5,39.7
25327,3765,100663,11.6,22.6,44.3,21.9
25328,4849,113577,3.0,21.9,33.7,17.2
25329,3169,149558,6.8,12.6,20.1,31.5
25330,4094,99920,14.1,5.3,23.9,28.0
25331,3212,68582,7.4,24.8,22.4,32.4
25332,102,104280,7.0,20.5,36.0,19.7
25333,1217,91201,9.4,9.5,41.5,25.1
25334,1182,55557,8.4,20.0,42.3,16.3
25335,4602,111782,13.3,12.3,29.9,33.3
25336,1617,34793,4.0,9.9,26.7,23.7
25337,4946,141597,10.9,16.3,34.6,31.1
25338,1995,32452,11.4,5.2,34.9,28.9
25339,3679,80749,13.6,24.5,46.1,30.7
25340,2733,90723,8.0,23.9,45.7,33.9
25341,2479,83048,6.5,20.8,25.0,18.6
25342,1112,52943,10.5,6.1,22.1,32.0
25343,4364,65458,11.7,6.5,33.3,39.7
25344,2923,87131,5.1,18.0,37.5,32.9
25345,948,85797,4.9,21.0,48.1,22.3
25346,1804,50942,6.2,6.1,46.5,21.8
25347,4193,52225,6.0,16.3,44.4,23.7
25348,305,65158,12.0,19.0,48.5,30.1
25349,1992,107254,9.4,8.3,41.1,19.7
25350,620,146288,9.6,8.5,24.8,36.9
25351,3676,114535,3.2,23.6,46.6,35.6
25352,2451,87177,14.9,13.0,41.0,22.9
25353,2234,139278,13.0,10.5,43.1,17.4
25354,4938,101112,8.3,5.9,36.5,35.4
25355,2575,72458,3.8,5.7,44.5,28.7
25356,4645,41739,11.3,10.2,23.0,36.4
25357,885,76074,9.4,17.4,41.1,20.0
25358,4197,29327,11.1,17.1,33.0,29.9
25359,2890,28338,11.1,9.5,25.8,33.3
25360,2257,25795,4.9,19.9,32.1,26.6
25361,778,107109,6.9,14.2,45.8,15.8
25362,3628,102871,3.2,21.0,26.9,21.6
25363,3659,81603,14.8,23.5,39.2,28.9
25364,470,66773,12.7,9.7,42.9,31.1
25365,3037,104807,14.1,14.0,29.9,17.0
25366,821,133598,3.5,6.1,27.9,18.3
25367,4500,134906,9.0,20.3,40.7,36.8
25368,1023,141854,12.0,11.5,22.7,29.4
25369,935,73129,4.2,18.0,36.7,30.0
25370,2593,137863,12.3,12.6,46.3,23.2
25371,3079,100978,10.8,7.9,38.1,22.5
25372,2425,149559,14.8,5.1,31.3,25.2
25373,4024,59826,4.7,17.8,43.1,31.0
25374,2524,129374,10.6,23.7,31.0,24.7
25375,4621,144081,14.4,23.1,27.5,25.4
25376,3226,138308,11.9,23.8,22.6,32.2
25377,2476,50796,7.0,18.8,46.1,26.1
25378,553,67587,4.4,13.6,39.3,27.3
25379,3559,87878,14.6,15.5,34.2,37.9
25380,4959,60148,3.9,19.5,39.3,29.6
25381,3601,55872,14.7,11.0,24.8,29.3
25382,3647,50975,6.6,8.8,20.8,21.6
25383,1248,131629,13.3,6.4,44.2,25.6
25384,622,62819,9.7,14.5,47.1,23.9
25385,4677,100891,14.0,6.8,23.0,21.7
25386,221,122346,8.1,14.2,32.8,33.6
25387,3718,44093,13.2,21.3,47.1,27.2
25388,4776,124583,5.9,8.1,44.3,35.7
25389,3822,140240,8.6,7.4,32.1,37.5
25390,3183,54364,13.2,9.9,22.9,21.7
25391,2272,113251,4.4,6.7,29.7,33.6
25392,2806,51662,11.7,12.3,44.4,35.1
25393,4913,37086,8.2,17.2,27.1,34.6
25394,3407,119687,9.2,14.4,47.9,24.9
25395,3742,68933,9.9,19.4,30.9,20.6
25396,2917,89838,6.3,7.4,45.6,15.5
25397,4601,64640,4.2,11.8,32.8,19.0
25398,1584,75305,3.2,13.3,36.0,15.1
25399,376,64687,8.2,14.2,43.9,19.4
25400,1348,57369,6.2,6.4,29.5,37.2
25401,1224,94694,10.6,6.3,20.3,38.3
25402,3001,124258,11.6,6.7,25.2,28.5
25403,1757,104968,9.0,7.8,31.3,23.3
25404,1853,104259,10.4,5.0,48.7,20.7
25405,4702,137457,9.7,11.0,47.8,15.8
25406,3758,134073,3.1,13.2,48.8,28.0
25407,3502,46949,13.1,16.0,46.5,15.3
25408,4432,118900,3.7,5.5,42.8,32.5
25409,851,64636,7.9,13.9,20.4,32.1
25410,264,71688,4.3,23.8,33.2,35.1
25411,1792,121022,10.9,20.0,49.0,15.3
25412,2056,118180,6.9,11.4,23.3,33.1
25413,3960,74088,3.9,15.5,41.9,33.1
25414,2875,90771,3.5,19.0,42.3,16.2
25415,3389,57635,5.8,8.1,26.4,22.1
25416,1868,118863,11.0,6.4,47.8,25.7
25417,2523,69603,11.6,17.4,26.4,34.3
25418,4626,140796,4.5,19.7,48.3,39.2
25419,3796,43180,4.7,15.3,38.0,22.4
25420,882,137994,10.1,18.9,20.2,25.2
25421,3878,126777,14.5,19.4,38.3,25.7
25422,1054,95821,9.6,17.9,36.7,26.2
25423,2092,65163,11.5,23.7,39.7,37.4
25424,1759,67350,9.9,15.7,35.7,22.8
25425,240,105796,4.3,6.1,37.8,31.7
25426,819,63297,14.4,16.3,37.8,35.9
25427,1750,101859,3.9,17.8,44.9,18.9
25428,3673,43595,12.1,11.8,39.8,25.9
25429,3574,87693,14.8,14.5,28.3,31.8
25430,1115,103705,6.8,20.4,21.5,15.1
25431,4483,125945,5.1,19.4,32.1,31.0
25432,442,44612,9.8,8.6,39.6,37.6
25433,3283,89505,12.5,9.8,26.7,36.4
25434,2801,58694,14.4,16.4,49.2,35.3
25435,1075,30822,11.3,12.8,49.6,15.1
25436,2683,44305,7.0,20.0,33.7,26.0
25437,3220,134452,8.9,7.0,48.9,36.6
25438,1923,127131,12.1,11.5,42.3,36.0
25439,4526,69405,12.5,12.4,39.7,24.3
25440,4560,136857,3.9,13.6,42.8,19.4
25441,110,123013,10.4,20.3,40.5,38.5
25442,4704,86382,14.6,5.4,44.9,28.1
25443,2727,105762,12.4,7.9,20.7,34.3
25444,1568,48719,3.1,16.0,47.1,26.6
25445,1213,82464,5.7,14.7,27.3,24.8
25446,721,75117,8.3,24.0,36.4,38.2
25447,1000,149929,11.5,6.1,45.6,20.0
25448,3847,127517,9.7,10.9,30.0,35.6
25449,4164,28719,3.9,20.6,49.6,21.3
25450,1571,110833,11.9,24.2,25.7,15.7
25451,3203,103462,13.1,24.9,26.3,16.3
25452,426,86168,5.5,10.8,35.2,27.8
25453,173,122786,3.8,16.9,22.3,20.3
25454,350,70429,12.5,24.2,20.5,38.9
25455,2597,77331,10.7,24.5,39.9,30.7
25456,2502,61138,12.6,7.4,33.8,19.2
25457,4728,55831,9.8,12.1,41.3,39.2
25458,395,73533,8.1,19.7,48.7,23.0
25459,397,86385,14.6,16.2,48.3,31.3
25460,401,121755,12.4,16.5,42.4,18.1
25461,4707,113738,7.9,13.6,32.9,20.9
25462,684,112826,13.9,21.9,33.7,18.3
25463,3724,35115,14.9,6.3,33.9,20.4
25464,1734,46522,6.7,9.6,45.7,39.5
25465,152,86160,13.7,19.1,44.5,34.6
25466,2376,126395,3.5,21.4,41.2,37.0
25467,2787,34968,5.6,24.4,39.6,28.4
25468,2944,132267,4.9,10.9,28.4,22.0
25469,4986,78808,7.3,9.4,35.8,21.3
25470,4690,143265,9.8,10.2,30.2,15.2
25471,2818,47681,11.6,10.0,37.3,39.9
25472,4035,124842,13.8,14.5,47.4,33.5
25473,762,44251,4.9,10.7,36.6,23.9
25474,107,61317,9.9,7.8,49.9,19.5
25475,3783,80679,9.7,6.1,35.0,19.1
25476,3187,148683,8.5,10.1,25.1,27.2
25477,4861,62544,11.3,21.4,49.4,29.3
25478,768,85613,9.2,21.9,25.1,23.9
25479,3264,74330,9.6,16.8,37.3,25.4
25480,1385,50190,13.8,12.9,41.8,29.2
25481,3720,92290,13.3,10.3,34.5,30.4
25482,260,147383,9.9,5.8,21.3,38.1
25483,2498,33238,4.9,24.8,38.9,38.6
25484,3345,33015,14.5,12.6,49.6,16.8
25485,117,146389,10.5,12.5,40.5,25.7
25486,2633,69643,12.7,12.9,38.4,23.4
25487,4546,80478,3.7,20.5,37.7,38.0
25488,2675,97033,13.8,18.2,30.8,21.5
25489,2417,93070,11.3,23.9,28.6,30.8
25490,3018,49791,11.2,6.5,41.9,17.4
25491,1153,77091,4.3,24.2,28.8,27.3
25492,415,38734,11.6,16.8,47.4,19.3
25493,4932,79917,3.9,23.6,25.8,24.2
25494,2311,142587,3.7,20.3,49.2,19.8
25495,419,77028,6.9,24.7,33.2,31.1
25496,4627,73136,3.3,9.3,22.9,27.7
25497,2815,120216,4.9,15.4,21.2,34.0
25498,733,50812,11.7,23.8,44.9,23.3
25499,1805,56882,13.0,7.8,35.5,19.1
25500,4920,58775,5.2,20.6,25.9,30.9
25501,772,29829,12.9,23.3,27.9,27.5
25502,2379,64232,8.8,12.5,22.9,37.9
25503,3647,51714,14.5,13.9,27.7,38.8
25504,570,98593,4.7,21.6,22.4,26.2
25505,3331,119522,3.6,16.3,32.5,28.0
25506,2707,59927,13.1,14.6,34.3,18.0
25507,3432,110104,7.3,10.5,36.8,25.1
25508,2720,82717,8.5,15.7,37.0,28.9
25509,4797,41362,9.1,12.5,29.0,26.3
25510,1482,59054,12.9,14.4,46.1,16.2
25511,4475,115479,3.9,22.0,29.5,25.2
25512,1285,95009,9.6,21.9,37.5,39.4
25513,2010,29920,8.2,5.4,29.4,21.4
25514,1015,127229,7.1,15.9,44.8,28.5
25515,1717,144457,7.2,24.0,49.9,31.5
25516,1783,39892,14.2,13.9,25.1,34.9
25517,2525,126420,6.2,7.2,48.6,19.2
25518,525,42678,8.5,5.2,22.1,26.1
25519,1887,121750,8.9,13.2,44.2,32.8
25520,2684,61744,11.6,22.5,48.3,39.6
25521,4748,146553,9.2,22.9,39.5,23.5
25522,268,72789,10.5,18.2,29.8,37.7
25523,614,113310,7.8,24.1,25.8,16.4
25524,3535,90709,11.6,6.4,44.6,15.2
25525,4625,37323,8.6,12.4,22.9,34.3
25526,2716,86741,5.7,20.9,34.4,35.0
25527,2477,123089,12.8,21.8,43.9,29.0
25528,790,114245,12.2,6.8,44.8,15.7
25529,3304,147506,10.5,16.7,30.5,33.2
25530,2604,95517,9.3,18.3,35.8,33.8
25531,452,133576,5.5,9.4,24.4,23.4
25532,1217,28834,13.4,5.7,37.2,32.7
25533,1505,27429,4.2,5.4,34.1,29.3
25534,4039,104725,7.6,12.2,47.2,25.7
25535,4274,80719,13.2,7.5,34.0,24.3
25536,777,114925,10.1,16.4,39.1,22.3
25537,650,137298,8.3,10.0,31.0,20.2
25538,919,147477,12.5,11.8,28.5,30.4
25539,313,71758,14.9,11.9,23.8,27.8
25540,1766,122916,5.3,23.6,35.1,23.7
25541,4864,101501,3.6,22.2,35.8,20.5
25542,993,97998,8.6,18.0,31.8,29.0
25543,4354,83036,6.4,8.1,36.8,35.4
25544,4176,52605,11.0,6.5,37.6,26.9
25545,4005,138054,8.9,12.1,23.6,32.6
25546,2886,124177,9.0,16.4,27.9,34.1
25547,2348,86758,7.3,19.5,45.8,38.1
25548,121,110016,5.5,5.5,34.5,34.0
25549,3413,148637,5.6,8.9,30.4,39.9
25550,1361,110544,7.6,13.8,22.1,36.4
25551,1272,30553,11.2,12.2,35.3,25.2
25552,4980,100834,7.0,14.2,39.2,19.6
25553,2154,37464,6.9,11.5,37.0,21.7
25554,1992,124869,8.1,16.8,43.6,16.9
25555,2915,142804,14.9,22.3,28.4,28.1
25556,4774,102251,4.1,6.6,21.5,38.7
25557,4684,33500,6.5,10.9,37.4,31.7
25558,1887,49729,6.5,10.3,26.9,33.8
25559,2090,50542,14.7,15.9,25.5,15.4
25560,4417,139215,7.9,22.8,39.5,24.7
25561,2560,121239,9.8,21.4,36.0,30.1
25562,2731,26163,5.4,23.1,45.7,39.8
25563,2368,76968,3.2,9.3,43.2,34.4
25564,2276,106477,7.1,11.9,33.6,26.5
25565,976,82728,10.7,10.5,29.3,31.3
25566,3592,135215,11.3,15.9,49.3,26.8
25567,4358,76947,12.0,18.4,40.3,31.2
25568,1054,119831,13.3,13.3,49.7,38.4
25569,4219,124360,4.4,11.2,37.4,37.2
25570,4388,67691,4.0,17.6,27.0,36.8
25571,977,36634,12.5,15.0,40.2,25.5
25572,4585,114265,8.2,21.6,47.2,25.0
25573,2644,40719,14.4,6.1,39.1,23.4
25574,2276,34861,14.3,19.7,34.0,35.1
25575,2700,110996,4.7,18.9,26.6,15.6
25576,3207,28774,11.3,22.3,41.5,30.6
25577,3628,26459,3.8,21.9,29.4,23.6
25578,2508,137514,7.8,8.0,33.0,35.0
25579,4960,88310,13.1,17.8,40.1,30.6
25580,2073,131437,8.5,17.1,34.6,32.9
25581,4048,25005,3.4,18.9,36.9,39.3
25582,1338,128090,5.9,24.6,26.3,19.1
25583,2434,97474,4.0,7.2,44.6,28.2
25584,867,100369,7.9,17.6,24.5,15.5
25585,2516,98704,11.4,16.9,25.2,25.0
25586,3645,33109,10.9,5.1,21.8,35.3
25587,2409,28829,11.6,18.2,41.2,38.2
25588,4983,39148,7.6,14.9,48.0,29.3
25589,4306,146722,6.2,20.5,22.1,17.9
25590,4336,79502,3.7,20.1,25.3,36.5
25591,844,63288,14.3,5.9,31.2,35.7
25592,2682,48254,4.4,20.6,28.5,23.4
25593,4274,111800,5.1,22.9,38.9,37.9
25594,1617,82960,3.3,17.6,21.2,18.0
25595,2656,34077,6.8,22.4,37.5,39.1
25596,4261,125374,12.8,9.2,36.6,20.8
25597,4083,64718,7.0,23.0,21.2,34.2
25598,1494,123464,11.0,23.7,31.3,33.6
25599,386,67177,14.6,10.7,47.6,34.8
25600,3347,127482,13.7,11.9,25.8,30.4
25601,4318,41551,5.2,19.2,47.9,33.0
25602,2702,127216,7.3,11.7,41.9,16.4
25603,103,109622,12.0,24.8,27.8,21.1
25604,511,142290,14.7,10.8,20.3,34.8
25605,4445,29439,11.6,5.6,32.7,30.5
25606,3827,111027,6.0,21.4,38.0,20.6
25607,2017,110525,4.6,5.9,23.2,27.0
25608,1456,100281,8.9,24.5,21.9,21.3
25609,257,140137,5.3,17.0,21.3,31.6
25610,1700,62437,5.7,13.8,42.7,39.9
25611,2984,78179,10.6,19.7,43.1,17.4
25612,3589,48118,9.2,19.3,40.0,23.6
25613,2482,109457,4.4,12.8,41.5,29.5
25614,252,104014,4.8,9.3,30.4,30.4
25615,1729,123248,3.2,21.9,23.6,29.1
25616,2896,126013,5.6,23.4,24.1,17.2
25617,2981,86904,13.6,24.9,29.4,31.9
25618,3902,109877,12.5,12.3,31.2,38.6
25619,2905,104582,8.0,16.5,47.2,27.0
25620,4180,27664,11.9,24.6,31.3,19.8
25621,3570,59557,7.9,13.2,33.1,31.6
25622,1155,78254,12.5,20.8,32.9,39.8
25623,2679,138646,5.2,23.8,41.9,31.1
25624,4248,28234,4.8,8.7,20.9,17.1
25625,2865,138441,3.9,19.5,33.4,20.4
25626,1428,71274,5.9,19.1,46.1,25.0
25627,4144,74470,4.8,12.8,46.2,32.2
25628,2492,43561,12.6,24.6,42.2,22.7
25629,3253,100884,5.9,22.3,32.0,20.3
25630,100,68513,9.2,24.9,27.5,35.5
25631,266,123732,12.1,16.0,22.7,36.5
25632,3354,119451,11.1,9.4,34.4,37.9
25633,1985,133981,5.5,10.6,45.7,23.5
25634,4468,37594,3.9,20.8,30.5,15.1
25635,999,55504,13.9,12.2,35.4,35.2
25636,2348,25900,10.5,9.3,29.8,38.0
25637,3363,149500,11.5,23.4,32.1,36.0
25638,3512,65190,7.6,11.8,24.2,21.2
25639,3677,134894,5.9,6.6,40.8,17.1
25640,2287,58516,9.4,16.3,21.5,33.1
25641,1319,80296,3.9,16.0,49.2,17.2
25642,3232,79024,12.6,13.4,31.5,23.8
25643,459,94825,10.9,13.9,28.1,17.6
25644,2139,89450,12.1,9.4,37.7,18.2
25645,4037,130835,9.8,10.9,47.1,38.5
25646,3254,137484,9.9,14.7,46.5,34.2
25647,433,55841,10.2,24.4,47.8,29.6
25648,830,101139,12.4,24.6,22.8,27.6
25649,1597,58795,5.7,6.7,26.8,24.0
25650,1517,102972,11.2,23.1,22.2,17.9
25651,3863,69092,9.6,13.8,22.8,28.1
25652,1843,124444,8.9,14.2,25.6,21.4
25653,4216,139347,9.5,12.2,23.6,23.3
25654,2073,147788,6.3,22.6,30.0,23.9
25655,978,72949,3.4,14.1,32.3,29.7
25656,4372,131733,12.1,5.1,30.2,22.8
25657,2984,120369,14.0,23.7,32.3,21.4
25658,3107,46209,8.8,24.5,46.0,25.2
25659,2695,29553,13.1,13.6,44.8,16.9
25660,2397,134028,9.7,13.7,48.9,24.5
25661,760,55714,14.2,5.4,43.6,16.8
25662,3244,40441,9.1,9.0,45.3,20.0
25663,3262,75906,5.5,7.4,40.8,37.8
25664,4321,48376,13.4,20.9,25.2,24.3
25665,4085,119921,12.6,15.3,48.1,25.1
25666,1369,59378,7.8,10.8,26.3,36.8
25667,4806,118230,13.1,23.5,40.3,28.5
25668,1394,127743,3.1,17.9,26.9,15.1
25669,1109,38650,12.6,23.7,22.7,28.1
25670,2191,83831,11.3,10.1,25.9,15.2
25671,1857,29758,7.6,22.3,27.0,32.0
25672,2064,146207,12.5,22.1,31.4,16.3
25673,4743,118306,4.5,22.9,22.1,23.9
25674,1291,40307,5.4,21.3,37.6,19.3
25675,1153,123549,9.4,21.1,44.0,37.5
25676,2941,34469,13.6,22.0,42.9,31.3
25677,2504,105437,4.6,22.9,45.1,30.9
25678,3662,97378,9.8,13.5,49.4,31.2
25679,3804,97594,12.0,9.4,49.9,30.2
25680,1922,35520,11.9,6.4,32.3,31.5
25681,1371,121322,10.5,10.5,35.1,38.0
25682,1819,73780,14.3,22.3,34.9,15.3
25683,352,92092,8.8,24.9,39.3,30.9
25684,2868,75709,13.6,13.5,27.4,33.3
25685,1659,125526,10.4,14.4,43.2,16.8
25686,836,54886,11.8,12.9,23.8,35.6
25687,2028,142020,8.6,16.0,48.5,27.9
25688,2290,99032,5.0,14.6,23.7,33.4
25689,1102,134418,4.3,18.7,42.3,29.7
25690,3085,115904,11.2,10.5,31.9,34.5
25691,2022,148286,7.5,13.1,39.0,38.9
25692,3852,74146,9.8,13.1,29.4,30.7
25693,4237,86771,12.0,11.4,23.6,26.1
25694,3802,51613,12.4,21.0,48.1,33.6
25695,3292,126270,9.1,15.8,35.3,26.6
25696,3934,39084,6.8,16.2,29.0,37.0
25697,4538,35908,12.3,9.8,38.7,21.2
25698,4527,52396,8.0,13.5,27.7,38.4
25699,3627,70606,14.2,11.9,21.2,22.1
25700,440,134538,12.9,23.2,43.8,21.1
25701,2488,94538,12.0,5.8,49.9,37.5
25702,3587,26360,5.9,8.5,48.7,32.4
25703,1800,99781,7.4,18.2,46.4,19.8
25704,1333,140127,13.2,17.1,42.4,24.4
25705,2670,29353,3.3,19.3,24.9,35.7
25706,2398,107702,12.4,5.9,24.7,36.6
25707,237,60378,7.8,22.7,24.5,24.3
25708,2898,100542,12.6,23.6,33.8,33.7
25709,3030,90769,9.6,20.6,34.3,38.2
25710,4020,51649,9.3,8.5,37.3,26.3
25711,4282,146354,11.4,20.8,26.8,29.1
25712,1933,101159,12.7,11.3,21.2,33.3
25713,2239,40895,11.3,8.0,23.0,19.6
25714,307,45872,8.4,6.6,22.1,39.7
25715,2333,82805,6.9,5.9,43.8,38.0
25716,1950,141439,13.1,21.8,24.0,18.4
25717,1787,58606,9.2,21.9,42.5,21.8
25718,2303,142897,12.4,5.7,23.2,15.6
25719,2308,93320,14.9,19.3,34.9,39.3
25720,950,90376,10.7,10.1,28.6,17.9
25721,2303,86549,6.3,9.5,39.5,37.4
25722,3790,112514,13.4,16.2,24.4,15.6
25723,3455,26351,6.3,14.2,37.7,23.6
25724,2709,90741,6.1,8.8,37.1,26.0
25725,323,75246,3.9,5.1,32.1,24.3
25726,3874,41568,3.9,11.5,34.5,24.6
25727,1511,113665,13.3,13.1,24.4,17.5
25728,4492,97438,5.8,14.5,44.3,32.0
25729,422,63270,4.3,13.2,38.1,37.5
25730,1611,134288,7.2,12.6,23.6,26.1
25731,2186,87330,11.6,24.3,47.5,35.4
25732,4700,103222,7.1,23.4,38.7,23.8
25733,2387,146376,6.7,12.8,25.2,38.5
25734,786,138546,8.9,23.8,26.7,32.4
25735,2117,79930,3.3,6.7,26.1,22.7
25736,1568,93265,8.9,5.3,26.8,33.1
25737,4023,87417,14.9,11.6,26.3,21.5
25738,4935,82045,12.6,8.7,42.4,39.0
25739,1096,107233,3.8,19.1,37.7,26.9
25740,2634,131723,10.9,17.5,27.0,37.9
25741,2912,130105,8.5,24.5,48.0,22.2
25742,722,136761,12.9,20.1,20.3,27.7
25743,3924,110013,4.2,12.9,40.6,37.1
25744,2883,40960,5.8,10.4,36.3,26.8
25745,4493,69917,12.5,6.1,35.9,38.0
25746,1175,111015,13.2,10.3,36.5,26.9
25747,403,44123,9.4,8.6,34.6,31.0
25748,763,124230,3.2,21.8,48.4,38.0
25749,3046,28336,13.7,11.5,38.6,35.4
25750,4094,60889,7.6,18.7,33.8,35.0
25751,2092,81037,3.5,18.0,45.8,38.2
25752,3595,65310,12.8,6.2,46.7,37.9
25753,2794,51684,8.0,5.5,43.2,22.9
25754,4404,40378,5.3,13.9,37.2,19.3
25755,3298,27355,12.6,23.5,21.3,35.3
25756,618,88286,8.5,17.8,47.3,38.9
25757,4533,82880,10.3,22.1,44.5,32.4
25758,1969,48758,12.9,5.9,48.0,24.4
25759,3910,106220,9.3,12.6,24.0,32.3
25760,1012,78322,4.3,6.2,48.8,35.5
25761,4034,129076,14.6,11.8,49.0,31.4
25762,3288,83785,6.4,10.7,33.6,37.5
25763,1415,126703,14.9,23.4,22.2,38.1
25764,3328,102080,3.1,21.4,38.7,34.1
25765,671,120834,8.8,21.1,38.8,26.0
25766,3355,134642,11.5,5.5,35.9,34.1
25767,2571,145383,13.9,15.2,29.8,23.8
25768,197,31737,12.4,6.9,22.2,28.8
25769,4133,98465,6.1,22.3,36.9,28.8
25770,1739,139313,5.9,14.0,29.4,29.3
25771,4942,91144,7.3,6.9,23.0,15.2
25772,4127,107531,4.3,24.7,25.7,37.1
25773,360,124324,11.0,10.8,43.7,22.3
25774,1035,70840,14.3,9.0,44.2,25.3
25775,1897,25240,10.7,16.3,43.0,38.3
25776,431,27052,9.4,14.7,22.3,27.3
25777,4310,30334,9.0,10.5,23.3,36.2
25778,367,124906,10.1,19.7,27.0,23.7
25779,2159,88974,11.5,10.8,49.4,37.9
25780,172,101132,12.5,11.9,28.2,17.9
25781,3021,45873,11.4,19.0,48.0,27.0
25782,2553,122434,11.5,16.4,39.8,37.2
25783,3988,83758,14.4,10.8,20.8,29.6
25784,277,140056,13.8,23.5,34.6,26.3
25785,2099,108996,12.9,19.4,45.1,29.8
25786,871,104664,3.5,11.0,21.9,29.0
25787,1045,116558,11.0,22.3,38.3,20.6
25788,4595,130413,8.5,11.3,29.6,34.3
25789,369,82352,10.4,24.5,26.0,24.2
25790,1955,56943,11.2,23.2,35.9,17.3
25791,1755,94052,11.6,13.0,43.9,21.2
25792,3852,127733,13.4,18.3,43.4,35.8
25793,2633,79197,13.9,15.7,25.2,39.6
25794,4254,35469,10.3,21.3,30.4,38.0
25795,2789,148272,13.7,22.2,30.4,25.3
25796,4461,108771,12.2,17.6,44.7,16.6
25797,2222,79579,5.4,16.1,34.9,23.7
25798,3261,41248,3.4,11.8,31.3,32.3
25799,604,57074,3.1,23.0,44.2,39.6
25800,2504,66738,10.0,17.1,46.7,32.3
25801,2301,61199,9.3,6.4,29.7,20.1
25802,3389,149578,11.4,18.4,49.6,20.5
25803,4681,106482,13.1,9.3,36.1,33.9
25804,1253,139467,5.0,7.8,21.9,30.5
25805,4261,52830,13.3,24.7,31.0,17.9
25806,2527,29482,4.2,22.9,36.3,22.4
25807,1436,31252,13.6,19.6,44.8,37.3
25808,506,113402,13.2,16.7,41.3,25.8
25809,3578,28271,11.4,12.7,26.0,18.9
25810,4144,52828,6.6,11.3,32.7,33.3
25811,376,85955,4.1,11.7,22.9,17.7
25812,3580,35804,12.3,14.1,46.3,29.6
25813,2461,55455,5.6,11.8,20.1,20.7
25814,2696,67805,8.3,9.5,27.8,32.1
25815,2068,28508,9.4,23.2,42.9,16.8
25816,560,64744,11.2,20.2,20.7,22.7
25817,2546,45276,8.8,17.8,41.6,30.6
25818,3839,60879,11.3,13.9,39.6,28.2
25819,1682,45701,12.8,21.1,33.4,36.6
25820,3617,137936,11.6,8.2,24.2,16.3
25821,4902,139341,6.6,7.8,29.3,22.7
25822,4298,76018,13.7,24.1,26.0,15.6
25823,2475,116164,9.6,23.8,20.2,39.8
25824,2839,124230,8.6,18.4,31.0,25.9
25825,1071,77924,9.9,14.3,47.1,34.4
25826,1425,120433,8.8,22.8,34.4,15.9
25827,252,52618,12.1,19.8,38.0,26.8
25828,3708,129231,8.0,20.4,48.2,39.7
25829,4060,138628,12.3,18.0,33.5,29.4
25830,3206,86569,12.1,23.4,37.5,35.5
25831,3186,27095,6.3,11.2,22.8,35.9
25832,829,69800,4.2,10.3,24.0,24.1
25833,4067,99554,13.2,16.8,37.5,25.8
25834,4269,85831,5.0,12.0,21.4,33.0
25835,4102,62463,3.4,6.1,21.1,27.8
25836,2432,58537,7.8,24.2,23.1,17.9
25837,1673,48098,6.0,23.1,27.0,24.2
25838,3368,53546,5.6,5.2,22.9,25.1
25839,4475,131952,5.1,22.4,27.7,24.5
25840,4982,99800,12.0,15.4,42.2,22.1
25841,785,142463,12.4,15.1,32.5,28.8
25842,3988,73203,3.6,8.3,39.9,22.7
25843,1679,73673,9.6,8.9,42.9,30.2
25844,1068,30367,4.6,10.6,29.8,29.1
25845,3837,55525,9.0,16.1,46.8,15.0
25846,2133,80585,7.2,14.7,45.8,30.8
25847,867,46014,5.4,10.5,32.4,30.6
25848,745,114618,14.4,21.1,44.8,23.7
25849,4221,117595,14.5,12.0,30.1,24.8
25850,1179,105699,9.8,8.9,41.7,34.9
25851,736,30502,5.3,13.3,49.1,34.1
25852,4425,136711,10.0,19.1,29.3,39.2
25853,2200,51874,14.1,11.5,37.2,25.3
25854,200,39576,7.5,11.4,30.8,19.9
25855,4017,77123,4.7,7.3,34.9,25.8
25856,4999,53505,11.3,7.0,26.5,36.0
25857,968,127704,10.9,10.9,32.8,34.2
25858,4197,72660,3.0,19.4,39.3,20.3
25859,121,104435,13.2,15.8,30.3,23.6
25860,2725,43026,10.9,21.5,28.7,39.7
25861,2003,42401,5.3,19.4,29.9,23.1
25862,2676,136582,3.0,17.8,29.4,17.9
25863,4209,88035,14.7,7.9,24.8,26.8
25864,4714,78194,12.1,23.3,47.2,16.9
25865,3393,149343,7.4,5.6,48.7,16.2
25866,2035,141199,8.2,24.2,27.9,27.9
25867,715,96153,9.5,21.1,38.5,21.6
25868,2550,145963,11.6,10.0,29.5,38.3
25869,3684,102201,5.1,24.7,37.4,28.0
25870,386,57412,5.3,14.0,28.8,30.5
25871,3418,138646,3.6,21.1,21.8,27.9
25872,2023,29471,14.8,23.6,24.5,15.1
25873,2873,72014,13.5,15.0,35.7,39.4
25874,2190,141409,9.6,17.4,27.5,30.5
25875,2901,74838,8.2,18.1,34.5,37.9
25876,1092,139206,5.8,16.7,47.3,34.6
25877,1684,45850,10.1,8.7,21.2,37.4
25878,2003,134979,11.3,10.8,44.5,36.0
25879,975,45634,11.3,7.1,34.6,18.2
25880,4929,146076,3.1,13.7,24.6,26.3
25881,1985,39877,11.4,8.7,27.0,18.0
25882,243,103505,13.4,8.5,49.7,39.7
25883,2356,105970,4.4,7.3,30.4,30.6
25884,1222,126581,12.1,13.5,21.9,30.9
25885,799,96491,12.9,6.9,37.6,39.7
25886,4309,37131,6.3,19.6,25.8,32.1
25887,370,36136,11.5,23.0,47.0,28.9
25888,162,110419,4.2,11.3,30.6,32.6
25889,1107,36110,10.8,21.8,38.6,38.9
25890,2943,26444,9.1,16.8,45.5,19.2
25891,2372,105544,13.2,13.1,49.5,31.9
25892,2082,138812,8.4,21.2,48.8,15.3
25893,2528,131583,8.1,20.8,23.4,34.4
25894,3824,141217,14.2,23.8,30.1,36.3
25895,4513,122468,14.2,23.8,39.3,25.3
25896,2855,142873,3.4,18.9,23.7,25.2
25897,3834,123316,8.8,23.3,31.5,19.2
25898,1392,52504,4.9,6.1,48.5,16.2
25899,4609,56713,6.3,8.8,25.7,16.3
25900,4420,55373,11.0,11.1,34.9,35.5
25901,1277,46660,4.6,20.9,21.5,24.9
25902,4816,73308,3.1,5.9,39.2,35.0
25903,2720,131815,11.7,20.2,37.8,23.6
25904,2636,45771,10.7,18.4,45.1,17.7
25905,2068,38927,13.8,22.6,46.2,37.8
25906,1295,105494,9.5,5.9,26.4,21.2
25907,2931,46252,14.3,17.4,45.8,16.9
25908,607,84027,10.3,7.0,49.4,20.0
25909,504,79748,7.6,6.1,46.5,37.0
25910,1394,129074,10.3,24.0,45.9,38.9
25911,3725,56559,12.0,9.4,37.2,35.0
25912,2919,103747,7.2,8.8,39.7,23.6
25913,4859,87896,7.5,22.5,43.6,28.8
25914,3737,89680,10.6,11.3,25.3,27.0
25915,1973,52025,8.5,21.9,49.3,19.4
25916,1506,78405,9.3,18.4,28.9,34.6
25917,3683,148263,14.8,8.8,35.4,35.3
25918,1677,96735,3.5,15.4,36.4,19.8
25919,4476,42480,10.8,18.2,45.1,33.2
25920,3527,42353,14.1,19.5,34.0,27.4
25921,736,81055,5.8,14.6,32.4,19.0
25922,907,76672,5.5,12.1,30.6,33.6
25923,2495,126555,7.4,24.0,46.5,21.4
25924,4624,86018,3.9,13.3,45.5,34.8
25925,1515,90729,9.7,18.8,32.9,39.6
25926,2549,117956,10.7,21.7,32.5,22.5
25927,4860,114471,12.8,8.4,25.7,23.3
25928,4945,38047,3.8,14.7,35.1,29.1
25929,3596,108172,8.2,16.0,30.2,37.3
25930,3688,42178,12.4,16.4,32.2,37.5
25931,4129,117834,12.2,8.0,25.9,25.9
25932,4832,124930,3.9,5.5,38.5,24.6
25933,614,41082,3.1,18.3,33.1,20.4
25934,3394,88753,12.4,17.4,47.2,34.7
25935,3008,137254,4.7,19.0,32.8,33.7
25936,2598,134337,9.9,9.5,43.7,18.6
25937,1466,62958,4.1,11.8,37.8,28.2
25938,440,66050,6.5,16.4,47.0,21.2
25939,4072,69637,4.9,6.2,45.8,32.7
25940,1660,97779,11.8,9.1,45.9,25.5
25941,2568,120847,11.1,22.6,49.3,17.3
25942,2528,72548,4.6,8.1,23.3,26.5
25943,3788,32364,3.7,8.3,28.3,27.0
25944,2795,56927,8.6,19.4,20.0,24.7
25945,2127,78324,5.3,22.7,44.2,37.2
25946,3852,102247,3.1,24.4,40.9,19.2
25947,415,108240,6.2,21.7,47.9,22.3
25948,4089,61227,5.6,19.2,41.2,24.9
25949,1201,27369,11.2,22.7,21.8,31.0
25950,630,43852,13.3,15.0,26.5,24.8
25951,2502,68553,5.9,10.8,22.8,35.4
25952,1959,116769,5.7,19.4,20.5,39.0
25953,4857,36569,7.7,13.1,28.2,33.2
25954,1319,45421,5.1,12.5,37.4,15.3
25955,4322,41729,14.4,13.5,46.1,39.8
25956,4544,56434,5.9,17.5,39.9,34.2
25957,1866,118993,4.1,23.0,25.5,34.0
25958,1167,75816,9.7,24.0,34.4,27.4
25959,827,78025,9.5,18.1,26.9,15.4
25960,343,140337,10.6,5.7,37.9,27.7
25961,1885,63148,14.6,13.1,38.0,19.6
25962,811,120577,6.9,7.6,30.7,31.9
25963,2993,65619,7.3,16.2,25.0,15.4
25964,3250,52282,7.0,12.9,41.5,26.2
25965,4281,96828,10.5,19.8,29.0,35.8
25966,1608,59680,10.2,17.0,47.9,39.5
25967,370,121673,9.3,8.7,31.8,39.5
25968,1897,130500,7.4,8.1,20.2,38.2
25969,2660,102413,8.1,7.0,36.2,26.4
25970,3660,87926,12.5,19.9,35.3,30.5
25971,4103,113015,10.3,11.6,30.6,16.2
25972,2277,49434,11.6,13.8,23.9,27.3
25973,937,87205,6.3,13.6,40.3,35.2
25974,2917,84153,13.9,18.2,29.0,17.4
25975,3814,33058,3.4,5.9,21.4,23.7
25976,3178,63448,10.1,12.1,47.4,27.8
25977,2999,44644,12.7,6.9,24.8,28.7
25978,1876,92648,13.4,6.0,24.5,27.7
25979,1750,116594,6.8,6.6,24.4,30.1
25980,3048,66635,8.5,13.4,27.2,35.1
25981,2620,88711,3.4,18.9,27.0,36.8
25982,2485,58243,12.5,14.3,24.2,21.6
25983,4514,25325,4.5,9.9,42.9,31.2
25984,2868,81838,8.1,18.0,41.7,32.8
25985,4338,139236,14.9,9.0,21.2,21.6
25986,2804,110183,14.0,12.6,23.7,26.7
25987,1272,65807,7.0,24.0,43.8,25.5
25988,2618,109055,5.7,21.6,36.0,23.0
25989,462,106353,6.0,23.3,26.3,31.1
25990,749,45637,11.2,8.2,43.7,19.8
25991,2356,100024,11.7,17.4,42.3,29.0
25992,3236,79187,5.6,11.2,41.8,27.3
25993,4744,131439,5.9,21.3,22.5,21.8
25994,1235,89843,6.9,14.1,42.6,18.5
25995,4458,90817,8.2,19.7,32.0,32.9
25996,3247,58424,14.0,11.2,26.5,30.2
25997,4961,27210,3.3,6.4,33.8,21.6
25998,975,118357,10.7,20.0,29.0,16.2
25999,3842,56851,13.3,17.0,46.2,36.8
26000,3951,99628,11.7,22.3,35.5,33.2
26001,1252,65236,5.6,7.3,40.9,33.9
26002,2022,70386,8.7,24.4,22.6,37.0
26003,728,123447,13.9,23.3,29.5,21.6
26004,3119,110289,4.4,18.1,40.5,30.8
26005,1824,61701,14.9,15.5,28.4,37.8
26006,4848,81507,4.7,13.0,37.2,30.2
26007,1228,84831,4.7,6.9,28.4,17.9
26008,4661,76687,12.8,23.6,27.6,37.1
26009,863,132909,12.9,8.9,26.6,25.3
26010,1119,148923,3.5,12.1,26.9,23.3
26011,4073,87675,5.0,8.7,42.4,22.8
26012,4027,68543,14.4,10.2,21.1,29.0
26013,2941,135170,6.4,12.9,27.4,32.0
26014,3047,89450,3.1,18.9,47.3,21.1
26015,774,89215,6.0,21.2,29.7,31.4
26016,1108,120795,11.8,6.2,31.4,30.6
26017,1326,74801,14.0,21.3,43.7,34.3
26018,1735,46144,4.9,20.9,41.1,16.6
26019,4476,110211,5.7,7.7,20.8,36.9
26020,423,146809,8.3,10.5,23.2,31.5
26021,2938,85265,12.0,6.7,32.9,36.9
26022,3910,115284,10.9,14.7,35.0,15.0
26023,1785,77173,6.9,24.4,25.0,15.9
26024,3812,92584,3.8,22.5,27.5,28.5
26025,641,122747,6.0,22.5,43.5,28.5
26026,3044,86422,5.6,7.5,31.7,29.8
26027,1427,52672,3.3,23.0,43.7,29.4
26028,738,95859,14.7,5.4,42.4,22.7
26029,4631,68887,6.1,20.2,31.2,17.6
26030,2360,26894,13.0,11.0,45.2,38.1
26031,1529,30320,8.8,15.0,38.5,34.8
26032,2965,61744,14.7,19.7,20.9,30.2
26033,1061,38225,4.8,17.9,25.9,28.1
26034,3062,134758,4.3,11.7,26.2,25.0
26035,2568,138512,3.0,21.4,20.3,22.6
26036,3328,123712,11.6,18.0,41.0,18.9
26037,228,53125,6.7,21.9,41.6,29.0
26038,4499,143063,13.4,12.3,44.5,32.3
26039,4066,31887,10.6,7.3,34.5,30.8
26040,1016,147587,9.9,12.4,30.0,15.0
26041,1350,140265,8.8,14.9,40.0,16.3
26042,2298,88448,6.1,7.9,42.6,34.4
26043,4788,33145,3.8,16.2,43.3,28.9
26044,4173,118719,8.3,18.2,35.6,32.0
26045,3887,45561,4.2,5.1,27.8,31.7
26046,1039,58370,13.9,16.1,22.8,34.3
26047,2378,110675,13.0,7.6,35.0,20.9
26048,1101,72031,10.4,7.9,29.8,24.3
26049,3872,146378,8.4,12.5,47.9,36.8
26050,2312,57289,8.5,6.9,49.5,25.4
26051,1710,45453,8.6,16.4,20.6,28.2
26052,1727,73389,11.9,19.7,47.7,38.1
26053,3237,113240,4.5,11.5,35.0,28.0
26054,4091,72759,9.4,23.7,41.3,27.2
26055,1203,63102,12.8,19.2,25.4,19.0
26056,2287,99715,9.1,24.8,46.2,26.0
26057,4325,127540,3.2,17.1,24.5,36.5
26058,3132,133811,5.9,14.2,42.2,19.3
26059,2913,45618,11.0,20.3,42.6,22.8
26060,2593,60886,14.2,12.9,21.0,37.5
26061,4003,26083,13.7,5.0,37.6,39.1
26062,128,149467,12.9,9.3,39.3,26.0
26063,4159,75236,14.4,9.1,43.0,15.3
26064,1360,75901,6.4,14.8,39.9,38.0
26065,3770,77318,3.1,19.2,21.6,19.0
26066,4994,83999,7.3,16.1,34.4,30.5
26067,3610,94082,9.9,7.1,44.7,27.8
26068,2436,89218,6.8,10.2,38.0,16.4
26069,3423,131535,3.5,7.7,24.6,26.7
26070,199,136961,9.1,6.6,25.1,24.6
26071,3756,59118,5.4,8.1,29.4,33.3
26072,4617,43378,11.7,15.4,35.3,37.1
26073,793,146268,4.1,20.1,29.9,18.2
26074,4901,39140,14.5,12.9,25.8,22.1
26075,117,117565,13.5,9.0,38.3,24.4
26076,3809,107663,13.5,13.6,44.6,24.9
26077,2870,61050,12.5,11.6,38.4,26.6
26078,1130,78285,10.6,5.9,24.5,20.6
26079,4575,31611,3.6,23.5,21.3,25.8
26080,4309,68324,10.9,5.2,37.7,24.5
26081,1719,138874,12.0,5.8,49.4,18.8
26082,950,83450,4.6,11.0,25.7,15.5
26083,1996,77579,10.4,20.5,38.3,31.2
26084,1075,148509,8.7,14.8,34.2,19.8
26085,2616,128214,8.7,15.2,45.0,30.4
26086,4288,86978,5.4,17.3,21.8,17.7
26087,1615,133752,11.9,5.8,33.1,19.0
26088,1225,61753,14.1,24.2,29.0,38.6
26089,592,47140,12.5,16.0,27.3,36.7
26090,3136,130747,7.4,21.5,42.2,27.8
26091,2626,140179,14.8,13.6,26.1,23.6
26092,266,64209,7.4,13.7,30.9,32.2
26093,4335,32976,5.8,8.4,46.8,35.1
26094,4289,45537,14.6,12.2,43.1,33.9
26095,675,57039,12.5,8.7,40.3,32.0
26096,705,83826,12.1,23.3,31.0,16.2
26097,3443,92485,3.9,11.6,39.8,34.4
26098,1918,84787,5.3,13.0,24.8,35.0
26099,1255,46877,3.2,7.7,38.6,17.7
26100,4779,28133,12.3,24.8,26.5,18.8
26101,915,36709,6.3,16.4,25.0,22.6
26102,2740,27134,4.6,16.5,42.1,19.0
26103,1635,116973,5.2,7.9,44.5,19.0
26104,2833,58378,10.7,18.6,45.4,22.1
26105,1062,65334,8.2,18.6,22.1,29.5
26106,3134,83491,14.3,23.1,23.9,31.1
26107,2147,47501,7.4,10.7,47.0,22.6
26108,4641,57731,13.0,22.4,31.7,37.7
26109,3960,144429,9.6,13.9,41.8,34.6
26110,1614,51906,11.5,9.5,30.1,27.6
26111,3451,60329,5.0,18.2,26.3,20.6
26112,1167,113965,12.0,5.7,48.4,30.5
26113,981,58596,4.0,22.2,26.5,15.9
26114,3739,43079,11.3,6.3,38.6,19.3
26115,1649,68164,8.6,13.0,30.1,26.0
26116,2837,68233,5.7,7.9,47.8,35.2
26117,4657,101608,8.8,14.4,44.5,26.4
26118,200,47158,13.3,24.1,27.8,21.0
26119,3632,61233,4.9,7.9,32.3,21.5
26120,2916,74417,5.0,7.2,36.2,24.1
26121,507,59057,9.4,9.0,21.2,29.7
26122,2615,118732,10.5,23.8,29.3,16.6
26123,1839,63179,8.0,10.6,39.8,28.1
26124,4152,52967,6.2,17.1,22.0,23.0
26125,358,107392,3.8,10.8,29.1,35.6
26126,608,129846,3.6,19.4,39.7,22.1
26127,3921,79344,3.5,17.6,27.0,21.3
26128,4504,101303,13.8,24.2,26.8,29.1
26129,3783,26896,4.6,11.6,26.0,34.3
26130,4820,44538,6.5,11.3,44.1,26.7
26131,3826,113237,14.8,20.6,43.1,33.8
26132,778,83233,14.1,8.2,41.7,20.5
26133,1383,36691,3.5,19.6,44.7,28.6
26134,4937,108531,9.6,20.4,23.9,38.9
26135,1006,47818,10.6,22.2,40.3,34.6
26136,367,45860,3.6,18.8,34.6,21.7
26137,3203,89050,11.7,8.3,29.3,39.2
26138,1300,57106,14.9,11.7,31.4,36.5
26139,1216,49761,8.2,6.1,35.2,18.9
26140,998,103852,8.4,20.1,32.3,29.8
26141,2890,102733,10.9,18.8,24.5,33.2
26142,2744,61101,11.8,15.3,37.2,22.5
26143,1158,109146,12.5,24.6,21.4,20.2
26144,787,28213,3.9,11.4,27.1,27.0
26145,887,143703,12.6,22.8,43.1,19.0
26146,4594,140979,13.4,8.6,28.8,35.8
26147,2744,134169,3.5,24.1,48.1,31.3
26148,2264,93053,3.5,10.8,45.1,17.3
26149,4557,54676,9.6,21.1,31.5,15.0
26150,303,36240,9.0,7.2,47.0,17.7
26151,3317,147737,14.8,13.2,25.1,28.3
26152,2591,136683,6.5,24.3,26.0,33.7
26153,4922,125458,10.1,11.2,45.1,19.6
26154,2138,39906,9.1,20.6,44.7,25.5
26155,3468,123065,9.4,14.7,42.4,36.2
26156,3658,147292,10.9,17.1,43.7,19.8
26157,4157,110022,9.5,17.0,36.9,33.4
26158,4962,45002,3.1,16.4,22.3,33.5
26159,1326,45227,13.1,14.7,46.8,17.5
26160,4590,107440,5.4,8.8,23.9,21.2
26161,4443,141332,5.8,5.2,25.1,16.3
26162,3611,25654,10.8,18.5,43.8,38.4
26163,1013,90577,8.7,19.1,21.5,32.0
26164,1519,89698,9.9,20.5,34.7,39.0
26165,2803,105468,9.0,23.6,28.0,28.4
26166,455,101639,8.0,8.3,30.2,30.9
26167,3572,143472,8.8,22.8,31.7,26.6
26168,340,143639,4.7,9.7,25.2,30.2
26169,2010,84167,14.6,15.8,44.2,35.5
26170,2376,38135,9.9,10.2,28.6,31.4
26171,720,145108,6.4,7.8,32.3,39.0
26172,954,117420,11.6,6.0,22.3,35.8
26173,3843,92049,13.6,11.9,22.9,26.6
26174,2414,111686,6.6,24.4,37.9,20.5
26175,3300,110656,6.9,14.5,32.7,35.2
26176,3724,89183,8.3,5.8,34.7,38.7
26177,1160,34472,5.6,18.5,38.0,29.6
26178,481,62692,12.7,9.0,45.6,18.1
26179,1232,52714,10.0,6.2,27.1,33.5
26180,2576,131196,3.7,20.9,21.3,39.4
26181,3235,66179,15.0,13.9,34.9,19.1
26182,2938,85738,9.9,24.5,37.1,34.2
26183,2179,78161,13.7,19.3,21.3,21.5
26184,1044,111879,9.0,10.8,24.0,17.8
26185,4062,69767,10.0,24.6,46.3,34.3
26186,4301,51608,8.5,22.4,20.4,28.4
26187,2629,124933,8.1,11.3,43.9,30.4
26188,4401,48610,5.6,10.8,41.0,15.2
26189,3418,28249,14.5,15.0,48.6,27.0
26190,934,41844,5.2,15.8,26.8,32.4
26191,3850,107209,9.3,16.6,26.5,31.3
26192,4284,132631,4.0,9.4,36.0,19.8
26193,3487,89835,14.9,6.1,34.5,21.8
26194,4338,55901,9.7,15.8,39.7,18.2
26195,306,84857,12.8,17.1,40.6,35.6
26196,3634,25223,9.8,24.2,21.7,23.9
26197,2152,27445,12.7,15.9,37.8,18.9
26198,4406,147015,9.4,8.1,40.5,20.9
26199,128,107373,8.3,11.1,32.2,19.2
26200,1313,70418,8.5,6.0,46.8,33.7
26201,287,125350,3.0,5.3,33.8,34.2
26202,1960,55544,7.4,14.6,43.2,26.9
26203,2672,122031,14.4,18.2,22.9,28.6
26204,4114,85066,11.1,24.0,48.3,17.8
26205,4352,30911,14.0,17.7,34.5,39.7
26206,2227,135594,5.4,8.6,25.7,34.1
26207,1991,37880,8.9,23.1,23.2,31.6
26208,2807,69835,3.4,22.6,34.9,25.0
26209,1841,50266,11.1,13.2,25.7,26.1
26210,2773,30479,12.4,15.4,27.1,21.6
26211,1913,148728,12.0,15.0,21.5,22.4
26212,4427,137568,4.0,13.8,47.7,35.3
26213,259,28386,6.0,11.6,31.9,24.9
26214,443,78853,10.9,24.7,44.1,25.6
26215,304,46208,12.1,23.2,44.0,20.5
26216,3142,63933,6.3,11.7,42.6,36.2
26217,2985,43852,7.9,17.3,44.3,26.7
26218,404,80242,7.2,6.7,20.7,37.8
26219,2817,54821,3.1,19.9,41.4,33.6
26220,4041,90291,9.9,21.9,43.8,18.7
26221,499,116540,11.0,14.3,31.5,33.7
26222,3620,129078,6.3,6.5,35.5,39.4
26223,1085,76467,11.3,16.6,44.6,29.8
26224,1905,45309,5.9,6.1,47.7,18.4
26225,2196,72718,11.6,21.3,32.6,23.9
26226,4401,68575,8.5,16.7,29.9,18.5
26227,1559,74890,13.5,22.4,25.8,34.6
26228,1445,62993,9.5,12.6,26.8,22.6
26229,330,128055,5.2,10.0,29.5,30.8
26230,3882,121800,12.9,23.8,20.8,31.4
26231,3600,81948,12.3,23.0,44.9,37.6
26232,982,92754,4.0,6.3,46.0,20.1
26233,2873,117464,3.6,22.3,23.2,30.7
26234,2431,39669,4.6,23.6,44.7,34.2
26235,532,138681,13.1,14.1,38.6,23.3
26236,1308,32915,6.8,22.9,28.7,17.4
26237,2780,80695,9.1,13.9,25.3,19.8
26238,2363,134735,10.2,6.1,45.5,37.6
26239,3102,97642,11.9,15.9,45.6,39.0
26240,2512,91410,13.0,23.7,35.1,30.0
26241,1917,105829,9.2,15.7,48.6,28.7
26242,717,56577,8.0,7.8,37.5,37.2
26243,4592,33526,5.4,13.8,34.2,35.2
26244,2605,63755,10.3,7.1,25.6,31.3
26245,417,124482,9.6,16.7,24.8,38.3
26246,556,89239,6.5,17.5,26.7,38.9
26247,600,107549,8.4,18.3,47.2,33.4
26248,4518,129823,11.9,6.1,27.0,38.3
26249,2415,96550,10.5,22.0,47.2,24.6
26250,3974,57848,8.8,23.3,42.7,39.1
26251,4874,58677,6.3,10.7,35.5,18.9
26252,1103,66409,11.0,20.7,31.6,35.6
26253,4350,60838,10.5,14.7,26.1,16.1
26254,4296,118082,8.5,15.6,39.3,35.0
26255,1166,128733,5.9,9.9,49.2,24.0
26256,4816,45462,5.1,22.9,46.6,26.6
26257,1728,88319,7.1,24.2,28.8,19.8
26258,3334,108899,13.9,18.1,49.5,28.8
26259,2381,29775,12.0,8.0,44.0,20.7
26260,4598,113748,13.7,15.7,40.3,35.3
26261,2498,139018,13.1,11.0,23.1,34.6
26262,3338,85739,8.5,14.0,43.7,31.8
26263,4454,25729,9.4,18.5,23.2,20.1
26264,3769,118411,5.0,6.4,35.0,18.8
26265,4815,68971,11.7,9.1,43.4,20.9
26266,1565,121446,8.1,20.0,23.8,23.2
26267,2061,32905,4.9,5.8,46.9,23.8
26268,975,77172,4.1,17.0,47.5,20.1
26269,4169,99741,11.4,10.3,38.8,36.2
26270,4001,144463,8.8,23.0,41.7,21.8
26271,642,75472,3.1,21.7,32.7,17.0
26272,3616,96868,12.9,23.4,30.7,18.2
26273,3965,61032,10.4,6.9,43.3,28.3
26274,4648,78760,3.5,24.9,24.8,15.9
26275,4599,136178,6.7,7.9,37.0,29.3
26276,1118,120055,11.7,22.4,35.0,29.3
26277,1528,77060,3.7,12.5,42.4,32.8
26278,674,44427,11.8,24.1,45.5,24.2
26279,1558,27190,9.1,5.0,39.3,27.7
26280,1599,96482,12.4,18.8,48.0,15.8
26281,1591,101297,13.3,24.9,33.0,34.6
26282,3272,44888,12.2,18.9,45.3,26.2
26283,2570,146994,3.9,19.1,25.6,25.7
26284,3527,54725,8.5,18.3,20.1,28.7
26285,2615,132798,6.8,24.6,38.9,30.3
26286,3651,132285,9.1,19.4,25.3,35.7
26287,4306,115034,14.6,14.9,49.3,37.7
26288,2300,69259,4.5,10.0,21.9,37.2
26289,3064,98500,13.4,20.5,36.8,26.3
26290,3413,92500,14.9,8.2,46.1,34.1
26291,3027,87943,14.9,6.2,37.7,29.9
26292,781,148296,12.6,20.3,34.6,35.6
26293,4964,57678,8.6,12.4,35.0,18.7
26294,378,52848,5.1,9.2,24.7,17.2
26295,4558,26344,10.3,20.3,33.0,37.3
26296,1748,57465,10.3,22.4,48.1,38.3
26297,4796,126041,6.8,7.1,21.1,25.6
26298,1258,117527,10.4,13.3,39.5,18.8
26299,2441,109565,4.4,5.5,39.5,35.7
26300,1618,68567,10.6,21.6,47.8,33.4
26301,1938,140492,13.8,5.2,23.4,36.4
26302,970,134261,8.7,12.8,41.0,29.3
26303,3377,131325,12.2,23.1,45.2,39.4
26304,1441,67912,10.6,16.7,23.3,29.3
26305,2406,47405,3.0,21.1,28.2,20.2
26306,1271,122114,4.5,7.7,37.0,26.3
26307,4172,52973,12.3,7.3,20.2,25.1
26308,1228,46302,3.5,12.1,23.1,23.7
26309,3727,117075,14.5,18.5,21.4,32.2
26310,4099,71897,13.7,8.3,20.1,33.8
26311,3987,62173,7.3,6.3,37.4,29.4
26312,1384,128102,6.7,24.5,35.5,35.9
26313,670,136976,10.4,10.8,34.2,35.9
26314,2964,142263,10.3,17.5,49.1,32.0
26315,4084,80935,4.1,18.2,36.5,23.9
26316,3241,52950,5.6,5.8,48.5,39.2
26317,2077,62560,10.6,16.3,38.0,24.8
26318,546,94249,12.6,9.0,39.1,17.8
26319,4978,53324,5.3,6.8,23.3,31.5
26320,1380,132100,11.4,12.9,32.6,34.2
26321,736,134846,13.4,20.9,45.3,38.4
26322,3073,102524,4.4,24.4,45.4,18.5
26323,4726,52276,8.3,14.9,45.0,18.1
26324,218,149530,13.2,22.7,38.8,32.8
26325,4261,94952,7.4,23.9,33.8,31.4
26326,2392,36740,6.2,13.9,41.2,25.1
26327,2204,41687,11.9,7.9,30.7,29.2
26328,1167,140206,7.8,11.2,29.2,17.3
26329,523,54598,11.5,12.8,43.5,26.2
26330,3919,143718,4.5,14.1,29.6,32.4
26331,4590,83284,9.6,17.9,25.0,32.2
26332,1380,122335,7.6,17.9,49.3,24.8
26333,1919,113255,15.0,15.9,35.5,35.2
26334,3532,96701,10.1,9.6,28.5,30.5
26335,862,68838,11.2,12.3,33.5,34.4
26336,1729,139767,4.6,13.3,24.8,35.2
26337,542,104131,14.9,18.3,28.6,26.8
26338,3114,88915,3.6,7.8,33.3,24.1
26339,2681,98830,3.9,9.8,25.7,28.8
26340,1597,148608,3.9,10.7,40.8,24.9
26341,4352,105881,13.4,15.4,24.2,21.6
26342,188,90108,11.7,20.1,46.0,34.0
26343,2349,60218,14.7,21.9,41.1,28.4
26344,1079,99683,3.8,19.8,35.9,19.7
26345,561,118772,11.3,20.0,44.8,16.8
26346,3652,136361,9.4,9.8,21.6,26.4
26347,2856,46298,10.7,22.7,40.7,35.0
26348,3728,50315,9.2,6.1,25.6,19.4
26349,2601,129013,11.1,15.8,28.6,27.6
26350,479,86601,13.9,6.8,32.0,30.7
26351,4596,132089,10.0,17.0,35.8,36.2
26352,4746,72319,13.8,5.9,42.7,16.4
26353,3083,61317,12.4,17.8,26.5,23.8
26354,3160,58330,13.4,5.7,37.3,34.3
26355,3050,46394,10.9,8.3,28.0,35.6
26356,4640,125003,9.2,20.1,24.6,30.5
26357,3830,113314,3.8,11.1,47.4,28.0
26358,4524,132220,13.0,22.7,34.1,27.5
26359,2031,90234,5.9,7.0,25.8,38.4
26360,3521,55581,3.4,15.6,44.7,38.1
26361,2090,149313,9.2,23.5,29.6,37.7
26362,4965,40010,10.6,13.3,23.9,37.4
26363,3956,42726,10.9,11.6,21.8,35.7
26364,1582,76047,11.0,24.3,30.0,24.7
26365,2645,86827,10.8,13.5,45.5,29.9
26366,4320,31228,12.7,19.0,33.0,30.2
26367,4399,56234,12.2,23.4,25.2,35.8
26368,2915,143788,12.8,5.2,28.9,25.7
26369,742,109202,8.5,16.4,23.6,39.7
26370,4785,122692,3.8,19.3,40.4,16.6
26371,4018,25374,10.7,13.4,25.3,16.7
26372,1686,125626,5.5,18.5,33.3,16.0
26373,2509,100122,13.3,21.1,21.1,31.0
26374,3949,54584,11.7,11.3,39.7,20.3
26375,154,118985,12.2,11.5,29.0,27.0
26376,941,116667,6.4,6.8,25.4,21.2
26377,4687,50499,10.6,24.1,41.1,16.9
26378,1084,34032,9.3,5.7,34.0,16.4
26379,2720,149610,6.2,14.4,40.8,31.5
26380,3006,55089,12.7,15.7,33.5,27.8
26381,2094,105532,9.6,7.8,24.9,36.1
26382,2032,62491,5.3,14.8,37.7,18.9
26383,2372,108971,6.7,10.9,46.6,34.6
26384,202,39869,5.7,21.1,43.7,34.2
26385,1069,135406,6.7,21.5,32.2,15.1
26386,1171,39013,5.3,13.7,45.3,39.2
26387,836,92083,7.5,13.7,21.0,26.4
26388,1465,69938,11.3,6.5,43.0,31.9
26389,3730,125757,14.5,12.1,40.9,33.2
26390,327,67396,5.5,13.1,41.7,27.6
26391,3670,85604,6.6,13.9,24.1,16.8
26392,544,27364,3.0,14.1,20.3,19.7
26393,1719,39874,5.7,6.8,29.4,30.8
26394,4793,65366,8.0,8.3,29.3,26.5
26395,2304,146171,8.5,13.7,37.8,17.5
26396,2803,32821,6.2,12.6,29.9,29.9
26397,3150,29614,4.8,7.8,25.3,26.8
26398,3602,129334,9.8,18.0,48.6,35.2
26399,3726,137045,7.9,7.4,39.7,22.5
26400,1281,107843,8.1,5.1,29.8,33.7
26401,3356,67410,13.7,17.3,37.5,36.0
26402,897,51121,9.7,6.7,36.6,15.0
26403,934,128090,7.7,6.2,44.1,15.5
26404,3099,122794,6.0,6.7,42.4,29.3
26405,2132,120179,8.1,23.7,26.4,18.3
26406,4552,71028,13.3,7.1,34.8,27.7
26407,2864,31758,14.6,21.8,30.8,29.2
26408,2509,48851,7.5,20.5,26.0,15.8
26409,3784,146909,5.5,21.8,44.7,25.2
26410,3375,89673,14.0,17.1,21.3,32.6
26411,107,89960,4.7,8.1,26.9,19.4
26412,2619,102541,6.6,20.4,45.3,33.5
26413,2319,68864,5.4,16.3,41.2,31.6
26414,3974,60026,9.8,16.4,33.0,19.1
26415,3828,118976,7.9,17.2,27.1,39.2
26416,3429,95078,6.4,8.0,30.1,27.7
26417,3471,123373,12.2,10.8,41.6,17.3
26418,713,100052,11.0,24.9,41.4,23.3
26419,788,134635,14.9,22.5,29.7,28.9
26420,997,129217,6.7,12.2,44.1,20.9
26421,209,136769,13.1,24.7,42.3,29.9
26422,4905,56181,6.6,6.4,32.2,31.7
26423,3112,65893,3.1,12.0,42.5,19.4
26424,3018,130695,4.8,16.1,22.7,22.8
26425,1260,25367,9.1,17.4,31.9,22.6
26426,4081,141571,12.7,21.1,41.8,16.3
26427,3710,63076,3.7,19.7,29.7,39.1
26428,4844,47913,13.0,18.8,22.9,26.1
26429,2103,133584,11.6,24.5,24.9,29.4
26430,1627,148564,3.4,17.0,37.9,19.3
26431,2013,62844,4.3,5.1,49.8,15.9
26432,4441,116885,3.9,17.3,48.0,30.3
26433,3281,48309,11.1,20.2,31.4,34.0
26434,4993,80972,9.7,23.4,25.7,30.6
26435,3446,143401,7.3,12.8,41.8,28.6
26436,2963,84908,4.1,6.0,45.7,35.5
26437,4710,93737,7.7,7.5,46.4,25.5
26438,605,108840,11.2,23.2,27.8,19.2
26439,4350,115799,4.1,24.0,35.6,17.2
26440,2106,36285,13.3,9.7,24.4,35.1
26441,4306,100816,3.8,18.5,20.1,39.1
26442,2955,74304,10.3,14.5,23.9,28.4
26443,4064,78805,5.3,17.1,44.7,25.8
26444,1774,48901,4.1,6.0,34.9,39.6
26445,1290,114096,7.3,24.3,27.7,19.0
26446,2492,37220,11.0,14.4,49.8,31.4
26447,2021,71692,4.5,20.5,29.8,15.9
26448,4489,34262,8.7,15.3,36.0,20.6
26449,2792,64241,7.9,22.1,37.8,17.7
26450,4533,94326,8.1,17.7,25.7,29.3
26451,1927,130200,14.3,11.4,25.8,24.7
26452,2599,61866,7.2,15.0,48.7,23.4
26453,816,119983,14.9,20.8,34.8,27.6
26454,730,48960,9.5,10.4,29.2,20.1
26455,4960,58827,13.1,20.7,24.5,30.4
26456,184,77010,7.2,19.2,21.2,21.1
26457,3868,70051,4.0,5.2,48.3,38.3
26458,836,135834,4.0,22.3,27.0,31.1
26459,2807,37013,9.9,15.4,33.8,33.1
26460,326,114521,14.2,23.6,21.1,28.7
26461,3457,145638,3.9,5.2,43.9,22.1
26462,1407,147836,11.3,22.2,28.5,37.1
26463,4304,34633,9.8,20.4,48.7,16.7
26464,4330,125570,10.8,18.2,44.5,30.6
26465,4486,43632,5.6,17.0,45.5,18.7
26466,4058,78641,3.8,17.0,26.2,18.7
26467,1752,65474,3.9,21.8,25.7,18.2
26468,1967,132096,6.0,24.9,38.3,30.4
26469,126,65754,5.6,14.2,23.6,38.8
26470,4749,91371,4.5,16.3,48.8,28.9
26471,1032,88611,6.2,8.6,22.9,27.9
26472,3558,131895,9.4,12.8,41.0,34.1
26473,566,101056,14.4,8.4,24.9,16.2
26474,2800,91543,14.1,5.2,38.6,32.4
26475,1598,33958,6.3,19.5,46.0,28.7
26476,717,123736,3.8,11.1,26.2,32.5
26477,3877,49975,14.9,22.4,23.8,33.5
26478,4653,128425,8.7,14.8,38.9,16.4
26479,2787,58096,14.7,21.1,22.9,34.2
26480,1604,111650,9.5,13.5,46.1,17.5
26481,4067,51347,13.6,21.7,46.6,34.0
26482,279,72486,8.4,22.1,43.0,36.0
26483,2685,92148,10.5,14.3,31.6,32.0
26484,2169,119285,9.4,23.7,32.1,23.8
26485,4958,54003,5.6,10.9,26.4,20.7
26486,1021,55882,12.2,12.5,39.4,32.5
26487,3192,78397,3.7,14.5,22.3,39.1
26488,4940,27004,7.3,20.0,42.7,37.3
26489,1610,97239,13.4,13.0,25.9,22.5
26490,3699,130073,9.0,6.7,47.3,25.0
26491,3376,47008,3.9,5.0,42.2,32.4
26492,2819,80871,5.5,22.5,32.6,20.0
26493,4832,109930,4.3,17.8,29.0,23.1
26494,1123,94781,6.3,8.4,27.4,25.4
26495,251,34800,5.0,23.0,40.7,16.9
26496,112,77270,11.5,19.4,46.8,29.2
26497,814,73935,10.9,20.3,48.3,38.7
26498,3250,123665,4.6,14.0,49.0,35.4
26499,3725,141404,8.3,20.1,48.2,27.4
26500,348,125725,6.6,17.1,41.4,33.0
26501,1244,72874,7.0,19.7,25.8,39.8
26502,4582,61958,9.9,11.8,30.0,24.9
26503,4634,65036,13.8,15.7,31.5,15.4
26504,3443,61229,13.8,5.7,39.8,31.1
26505,820,110901,8.0,8.2,33.3,39.2
26506,4668,104442,7.7,22.1,30.4,16.8
26507,3329,40289,9.2,18.1,30.7,27.0
26508,1106,35321,8.7,21.6,36.7,30.4
26509,4828,123297,3.7,16.2,42.5,19.3
26510,3398,46112,9.9,13.6,28.0,20.8
26511,2568,105867,10.0,21.3,36.4,20.0
26512,4219,35652,8.4,5.9,25.1,34.9
26513,3913,43434,8.0,18.7,50.0,20.9
26514,637,111179,14.3,17.2,35.9,22.7
26515,2924,29712,10.2,5.7,26.8,25.0
26516,2785,34560,12.8,11.7,39.0,15.8
26517,2080,131331,14.4,15.4,28.2,26.5
26518,639,78413,12.7,5.6,40.1,38.3
26519,3984,101874,14.3,11.2,26.9,23.1
26520,4153,113123,12.1,5.3,23.9,21.1
26521,3299,80016,5.0,10.4,27.5,32.6
26522,4616,47909,5.7,24.5,37.0,22.5
26523,583,56816,5.3,14.1,33.7,24.5
26524,1128,105661,6.9,24.0,42.5,36.6
26525,151,115772,7.3,21.1,27.6,25.9
26526,342,46626,12.7,10.2,39.7,17.3
26527,1786,45946,7.3,23.7,31.2,39.9
26528,2921,32456,11.7,11.0,34.1,17.6
26529,1940,82859,13.8,11.9,47.5,20.6
26530,524,88968,4.4,11.1,43.8,27.6
26531,2227,31380,3.0,13.8,27.5,20.0
26532,794,99447,13.7,6.5,41.1,28.2
26533,453,115283,5.9,21.3,23.7,23.6
26534,3790,71464,4.8,6.6,49.9,18.4
26535,1789,124773,6.5,14.6,46.7,18.6
26536,392,58941,5.2,6.4,45.4,26.7
26537,816,39047,12.5,18.1,39.2,29.4
26538,4724,62434,10.6,14.0,26.0,17.1
26539,4675,128204,5.0,5.0,34.9,33.2
26540,4672,91710,10.0,13.6,33.7,27.1
26541,4220,110664,5.5,12.3,32.4,27.8
26542,2578,94744,5.4,23.3,39.6,17.2
26543,2464,71311,10.1,17.0,42.2,31.8
26544,737,100669,11.0,21.5,28.1,23.6
26545,2505,127335,7.2,7.9,39.9,30.6
26546,1399,129935,12.2,7.5,30.9,32.9
26547,4048,64869,13.0,8.7,20.5,27.7
26548,789,116509,14.0,23.9,24.7,33.9
26549,4539,94557,10.5,7.0,39.5,21.8
26550,2706,33889,5.6,14.7,44.4,21.1
26551,811,26774,12.0,6.5,21.9,27.0
26552,2710,46750,4.3,20.2,24.7,27.0
26553,538,36403,5.2,12.7,33.8,21.0
26554,3633,121879,13.0,17.2,23.2,32.9
26555,3978,126777,13.9,6.4,39.5,30.1
26556,3441,61831,3.8,13.6,21.0,25.8
26557,3192,117866,6.7,7.7,23.2,37.0
26558,4338,82275,10.6,11.5,41.9,27.5
26559,1883,96804,14.3,8.8,44.8,16.5
26560,967,135947,9.8,14.6,27.7,25.8
26561,1588,53910,12.9,22.9,33.8,27.1
26562,567,78760,14.1,12.9,37.4,29.4
26563,4021,93216,9.2,23.1,20.7,15.2
26564,1517,113664,11.9,20.5,41.3,24.2
26565,1876,28603,10.9,19.9,21.8,26.1
26566,1181,44728,11.1,20.6,25.4,38.9
26567,3025,104024,9.2,19.2,42.0,32.5
26568,4184,116541,10.5,9.1,44.9,31.1
26569,4161,54600,9.7,21.8,41.3,25.9
26570,1111,96449,10.7,12.5,47.5,17.1
26571,913,65986,9.1,10.4,49.6,27.0
26572,4046,45155,5.7,21.7,44.4,23.0
26573,2416,149321,11.3,17.3,38.5,32.8
26574,2243,64510,7.6,10.1,21.6,32.8
26575,372,119799,4.5,22.8,47.0,34.6
26576,3744,71541,13.2,15.8,28.6,40.0
26577,1816,84571,5.2,5.5,31.7,29.3
26578,3075,132062,9.5,15.5,35.6,31.8
26579,4200,131742,11.7,24.1,46.5,24.0
26580,456,92059,10.8,8.2,44.1,16.1
26581,303,27364,4.9,11.0,35.1,39.4
26582,3845,81753,5.3,9.6,46.4,17.5
26583,1696,128656,4.8,9.4,45.6,21.8
26584,596,95590,3.9,6.5,30.3,21.1
26585,4897,123239,6.4,14.3,28.4,23.8
26586,162,146613,9.3,21.4,31.8,33.7
26587,1679,94501,5.1,9.8,43.0,37.6
26588,4434,94228,14.7,19.2,38.8,24.6
26589,639,62849,11.4,16.5,23.6,18.4
26590,4393,26773,10.0,9.2,29.6,15.6
26591,4976,77089,11.2,16.4,46.3,16.1
26592,4225,143578,8.2,15.5,48.0,30.0
26593,2813,48920,8.6,9.5,24.1,23.3
26594,1180,90178,13.7,5.3,49.2,20.4
26595,1955,147023,11.7,13.1,38.8,20.7
26596,3604,124395,10.1,11.5,44.0,15.0
26597,3479,105648,14.4,10.7,44.8,20.1
26598,1698,49503,11.0,19.0,24.4,19.0
26599,1728,31106,7.8,19.2,38.6,31.6
26600,3278,83090,3.6,23.5,24.2,29.9
26601,2747,34766,7.7,5.5,33.1,37.0
26602,3472,104502,14.1,23.2,30.7,18.4
26603,1169,127744,3.5,18.5,45.4,39.7
26604,2876,77753,5.2,18.2,24.5,22.7
26605,1292,51675,12.7,24.8,45.5,27.0
26606,913,61284,7.4,6.6,30.7,27.2
26607,1252,36997,5.2,21.1,21.8,27.8
26608,2855,77004,12.8,16.9,39.9,30.0
26609,1983,107511,9.7,8.2,49.9,19.8
26610,367,91228,9.6,20.4,46.7,15.8
26611,3771,75315,6.5,12.2,47.7,35.9
26612,2912,36984,11.1,10.1,30.9,32.0
26613,4780,49984,13.3,16.5,26.1,26.8
26614,4185,92918,12.0,14.5,46.0,19.6
26615,483,112320,10.3,8.1,20.9,32.2
26616,4056,99132,7.2,19.6,48.4,36.6
26617,2950,129146,13.3,11.2,31.2,17.2
26618,4625,112895,9.8,14.8,41.0,18.5
26619,3511,111662,13.7,10.8,31.5,17.5
26620,1149,141171,6.1,13.8,38.7,28.8
26621,1933,89176,10.9,10.0,30.0,32.5
26622,897,79310,14.2,14.6,29.5,35.7
26623,4567,35314,7.5,8.2,30.8,17.4
26624,3075,115976,14.4,10.7,43.7,36.1
26625,1390,92120,7.7,9.3,26.2,35.4
26626,2287,131712,8.3,12.2,33.1,28.6
26627,166,97949,12.7,21.6,29.1,33.3
26628,1492,42126,6.1,14.9,22.5,25.4
26629,4091,127817,11.5,13.5,41.8,16.2
26630,3121,37030,6.6,16.4,46.5,33.1
26631,1801,85618,10.1,20.7,27.4,21.9
26632,678,34055,12.3,10.9,31.2,17.5
26633,1705,45366,3.3,21.1,46.5,18.4
26634,4143,126159,4.1,10.0,46.6,29.3
26635,2078,110966,14.2,22.0,41.5,24.8
26636,4605,55214,12.8,21.7,34.1,24.4
26637,2980,61452,13.5,16.8,24.6,19.1
26638,2770,70351,8.3,12.1,37.9,21.6
26639,3816,115561,11.6,13.3,31.5,22.2
26640,4384,120459,15.0,21.3,29.6,36.7
26641,4472,133646,8.2,6.6,44.9,32.5
26642,2254,123277,13.2,20.7,32.5,23.5
26643,2904,108035,4.0,7.7,35.3,28.5
26644,2320,93373,9.5,21.3,32.5,20.2
26645,4089,28428,7.0,23.0,41.1,32.4
26646,1098,113964,9.3,15.3,26.5,31.1
26647,821,27193,4.4,20.1,39.8,30.9
26648,1314,44722,7.4,9.0,35.5,25.3
26649,1793,27166,3.9,20.4,42.9,26.8
26650,3494,75678,8.4,19.1,35.6,16.4
26651,4125,82607,8.3,7.3,31.0,22.5
26652,3679,67259,7.0,15.1,23.4,32.5
26653,2903,122994,14.4,20.3,35.5,37.5
26654,2330,105954,4.0,6.9,29.4,21.9
26655,4912,44802,12.9,18.2,47.0,36.7
26656,558,85380,7.3,21.0,27.5,16.0
26657,1801,44096,5.4,12.0,44.0,33.8
26658,726,89626,6.3,12.6,33.9,30.2
26659,2556,74938,13.8,10.5,20.4,34.1
26660,306,128292,12.9,8.7,28.0,38.6
26661,3416,135465,3.2,24.2,47.5,33.6
26662,1456,68369,4.8,19.1,29.3,19.4
26663,4868,69006,11.1,6.1,37.6,37.9
26664,3696,74387,6.8,23.6,37.4,33.2
26665,2039,137057,14.0,7.3,39.8,21.6
26666,2895,38889,12.4,23.5,48.5,20.2
26667,4468,143022,13.5,14.0,42.2,31.8
26668,2773,42458,5.3,14.7,36.8,24.7
26669,1149,135942,4.8,15.8,47.4,20.3
26670,2691,103240,14.2,6.9,43.2,16.4
26671,3889,101618,7.9,18.3,27.6,35.3
26672,4104,58511,8.0,18.1,27.1,21.2
26673,190,119055,11.2,16.6,45.5,16.4
26674,575,107925,7.8,22.8,23.7,18.7
26675,2146,33204,13.5,14.6,25.5,27.8
26676,4921,89905,14.5,19.2,41.0,35.5
26677,3790,81176,7.0,11.8,25.5,31.0
26678,4125,108770,5.5,23.5,45.7,24.1
26679,3366,111821,3.9,23.6,25.9,21.1
26680,4729,61371,5.6,14.6,28.2,32.9
26681,2845,60028,4.7,19.7,35.7,34.8
26682,184,83327,3.3,9.7,38.2,16.4
26683,2739,122319,3.6,17.9,36.7,20.5
26684,176,32814,9.1,6.7,34.0,25.6
26685,2530,121196,11.5,22.3,22.2,38.6
26686,3604,54445,14.8,19.4,37.7,16.0
26687,2524,84303,4.9,24.1,42.7,16.8
26688,2321,100956,11.4,20.6,34.0,35.4
26689,505,100490,9.6,8.7,28.6,29.7
26690,2229,75440,8.7,14.3,24.1,24.8
26691,4216,99744,11.7,15.8,29.8,35.1
26692,497,109073,5.9,21.6,47.7,38.1
26693,1900,40168,6.7,16.0,31.1,28.8
26694,3573,127886,7.6,14.5,42.1,26.8
26695,1908,78651,5.2,19.3,28.9,39.3
26696,4026,127789,8.7,17.8,23.6,23.8
26697,2044,58375,4.6,20.0,46.3,37.4
26698,537,127348,6.8,14.5,26.3,15.9
26699,322,123086,4.4,19.5,22.4,21.0
26700,1710,130447,3.4,24.4,31.5,30.0
26701,2060,53794,7.3,8.6,45.6,39.0
26702,4704,27836,10.4,6.0,22.9,40.0
26703,4100,86476,4.8,16.4,24.8,24.0
26704,2764,39091,14.9,8.2,41.5,21.3
26705,1165,148589,6.3,8.3,30.4,23.8
26706,1376,58534,3.3,18.4,37.0,26.1
26707,703,37790,3.3,13.4,31.1,29.9
26708,288,143286,11.0,5.7,49.2,39.3
26709,775,118076,11.0,16.2,45.8,39.9
26710,737,72700,13.8,9.9,43.2,38.6
26711,2096,139779,4.1,13.7,40.1,33.0
26712,1944,90635,7.5,5.8,35.1,37.7
26713,146,134520,13.7,6.3,32.2,28.8
26714,919,148565,12.6,8.8,20.2,20.2
26715,3907,65390,5.8,19.4,40.5,18.2
26716,3122,75902,13.7,20.8,36.9,21.3
26717,1180,86292,11.2,11.9,22.9,27.8
26718,3246,45053,6.2,7.5,40.8,32.7
26719,1377,58161,3.5,23.7,35.9,23.4
26720,3834,50169,9.0,20.7,30.1,23.1
26721,2317,117993,11.6,8.3,26.9,26.3
26722,2986,99613,6.2,9.5,39.2,24.8
26723,895,98675,5.0,5.7,25.8,22.5
26724,3428,28052,3.9,23.0,35.3,20.2
26725,3106,66464,13.1,23.7,42.1,19.3
26726,3284,112156,3.7,6.7,43.8,15.4
26727,2489,77902,10.3,7.9,32.6,19.6
26728,4243,26777,12.2,9.1,32.1,38.9
26729,3958,113853,12.4,8.6,35.9,20.7
26730,1318,88978,10.8,23.8,30.0,29.0
26731,1860,37629,10.8,10.2,46.0,35.0
26732,824,121725,8.7,12.5,39.8,29.7
26733,1444,131629,8.0,6.4,31.0,35.9
26734,237,93461,4.6,17.6,25.2,18.9
26735,4550,81499,9.4,10.3,49.3,37.7
26736,3654,31820,3.9,9.9,48.8,20.6
26737,2859,37499,8.6,24.5,27.0,36.9
26738,158,90029,11.8,5.8,28.3,22.9
26739,870,91120,8.3,8.7,28.6,32.5
26740,488,149316,9.1,15.3,30.3,19.6
26741,4024,99084,13.1,16.2,29.5,26.5
26742,3522,105324,10.8,19.3,20.3,33.5
26743,4534,130906,4.5,9.2,43.2,29.7
26744,4952,62964,9.5,12.9,37.2,25.1
26745,695,102082,7.4,10.7,22.4,27.9
26746,535,34942,5.5,21.7,49.2,27.1
26747,1573,141388,10.8,12.2,30.0,30.9
26748,4572,100437,7.6,10.2,45.8,28.6
26749,2082,28681,12.2,17.3,48.2,38.6
26750,2538,33728,10.0,7.2,20.5,20.4
26751,2968,76620,4.3,22.0,48.9,23.9
26752,4309,131646,7.2,10.6,31.2,34.1
26753,3917,34947,6.2,21.5,23.0,38.3
26754,873,109470,4.8,24.8,37.0,39.6
26755,2026,139251,12.6,5.4,21.2,39.9
26756,2319,107807,7.5,8.8,29.1,35.5
26757,117,68955,10.4,19.9,45.1,32.1
26758,4430,128142,13.6,6.7,43.8,16.3
26759,4066,109482,9.5,13.9,49.1,21.3
26760,1792,116720,6.1,8.0,20.9,36.0
26761,2870,98326,12.5,14.4,36.6,37.5
26762,4476,72438,8.2,5.3,23.1,34.6
26763,3367,64495,9.8,8.0,47.3,16.4
26764,1238,63299,13.8,10.5,21.1,21.3
26765,1795,73382,8.9,9.0,47.7,24.5
26766,1686,34433,7.0,12.2,29.1,33.0
26767,4613,123511,11.7,7.9,40.0,26.6
26768,2431,77984,4.6,21.4,33.3,25.8
26769,4780,143049,14.0,15.4,38.2,37.9
26770,2769,27899,14.0,11.2,32.5,29.8
26771,2368,121832,10.0,10.9,41.5,19.0
26772,2156,49535,4.9,9.9,25.3,28.6
26773,2522,135083,8.4,15.1,29.5,35.5
26774,4729,85099,8.1,15.6,27.0,37.6
26775,3586,79902,6.6,24.8,29.3,30.7
26776,2849,90213,5.1,17.6,25.1,16.4
26777,4141,117837,6.2,15.6,38.4,15.3
26778,2924,143722,9.7,5.8,33.5,15.7
26779,1505,141967,11.2,16.0,32.0,27.8
26780,1986,63529,14.8,14.9,45.9,23.7
26781,3087,66948,5.6,22.9,38.0,39.5
26782,3675,97283,5.4,19.5,36.3,36.7
26783,4642,80627,4.4,14.6,40.2,33.3
26784,2827,32804,14.3,9.6,38.6,19.7
26785,4820,134355,7.6,19.3,39.5,31.3
26786,1963,92185,14.1,10.7,38.9,16.0
26787,2453,60176,13.7,12.1,28.5,39.5
26788,2996,68380,3.5,18.8,41.2,22.2
26789,4927,132620,6.4,11.2,35.3,28.0
26790,2601,56263,6.6,10.9,43.3,37.1
26791,1037,120701,6.3,13.8,30.0,15.6
26792,2180,105002,8.1,18.3,35.8,16.1
26793,1855,82872,9.0,23.8,42.5,15.6
26794,3490,112516,12.1,8.0,30.4,17.7
26795,1316,149151,6.2,10.1,41.3,15.6
26796,1303,32542,6.6,24.7,42.8,31.2
26797,1990,59187,10.2,17.3,36.5,39.5
26798,3131,128999,5.2,5.2,26.3,36.5
26799,490,49510,8.7,22.9,48.1,38.6
26800,2611,61941,6.0,10.6,34.1,25.9
26801,3077,92271,5.4,16.0,45.9,39.8
26802,3846,135632,12.5,12.3,47.2,18.6
26803,198,88745,11.5,8.5,22.3,34.3
26804,2295,71260,6.0,17.0,32.8,35.6
26805,4765,127689,8.0,9.3,32.4,32.1
26806,4922,26148,4.9,9.6,34.4,20.5
26807,1101,65791,3.6,21.1,25.8,26.6
26808,1670,56343,10.0,17.9,48.1,19.4
26809,4498,145275,7.4,23.4,24.5,35.3
26810,3729,104082,5.5,13.8,23.6,28.6
26811,1163,67483,4.4,15.1,27.6,39.6
26812,738,68721,11.2,6.4,22.4,28.4
26813,2842,113615,6.3,12.2,32.1,21.4
26814,1242,99438,13.9,6.0,26.8,22.6
26815,2220,116072,5.3,12.0,34.3,35.7
26816,651,103646,5.9,13.2,37.1,18.5
26817,3375,102437,13.2,8.5,35.4,15.9
26818,1076,82010,9.9,22.1,46.6,28.3
26819,4291,90540,4.3,11.7,46.8,23.5
26820,3450,95455,9.6,6.1,37.8,32.8
26821,3314,115229,6.7,12.8,35.8,26.8
26822,3647,109711,11.8,16.0,31.6,30.2
26823,3031,54332,3.9,14.6,40.7,25.9
26824,4169,55009,14.0,16.3,26.4,16.1
26825,4085,38512,8.7,22.7,28.1,16.8
26826,4241,106756,11.8,5.6,36.5,27.5
26827,445,100294,11.5,20.8,38.1,37.7
26828,3042,113812,5.1,12.5,41.5,20.7
26829,1176,97109,13.6,12.7,48.8,21.0
26830,1271,87106,5.8,16.8,21.5,32.7
26831,3870,96365,5.3,16.9,39.1,39.0
26832,3261,72262,9.2,7.1,35.2,36.2
26833,332,146512,14.8,17.7,31.8,26.8
26834,3898,93908,6.8,8.5,22.7,26.4
26835,4246,46923,14.6,10.9,40.9,18.9
26836,4860,118441,8.2,14.7,42.1,23.1
26837,4007,144869,13.0,18.3,24.9,18.2
26838,3799,117820,9.4,20.1,40.9,26.5
26839,550,116297,5.5,19.4,21.1,38.3
26840,1462,65021,13.6,15.4,24.6,26.5
26841,450,79284,3.9,8.4,26.1,39.3
26842,2796,52922,11.2,18.5,49.0,26.3
26843,1408,127816,13.0,24.5,36.6,26.7
26844,4104,140835,13.0,21.3,35.2,33.7
26845,3025,54541,10.9,13.6,49.4,24.2
26846,4778,28066,6.0,14.2,24.8,24.5
26847,344,115727,9.4,24.1,49.2,34.9
26848,4745,93656,10.6,6.4,27.0,34.7
26849,4923,107946,13.7,16.9,39.9,33.6
26850,4834,54605,4.9,7.8,42.9,29.2
26851,4779,28070,8.6,6.5,20.3,36.4
26852,2373,115873,7.0,10.7,42.0,36.0
26853,540,88228,8.1,9.6,35.2,39.8
26854,3645,79994,5.2,5.9,35.6,38.2
26855,1567,52206,5.6,22.1,29.5,39.5
26856,511,70326,12.2,21.7,47.2,38.4
26857,913,63437,8.7,18.6,25.7,34.9
26858,4441,147008,9.2,20.4,31.4,30.4
26859,4778,147172,13.8,6.3,21.3,26.4
26860,1830,100733,5.9,10.5,33.3,28.0
26861,2074,128126,7.0,16.8,47.5,39.0
26862,649,115545,6.7,22.8,27.3,37.2
26863,2037,86961,10.9,19.1,43.6,35.4
26864,303,101644,9.7,5.4,21.1,22.2
26865,4546,122201,8.7,9.8,44.6,34.5
26866,4514,37154,11.0,13.1,29.4,24.6
26867,3688,54481,8.8,17.4,21.9,36.5
26868,2636,122001,12.8,18.3,30.0,34.5
26869,206,140910,7.9,17.2,36.8,19.4
26870,3911,54107,13.7,6.4,47.9,29.4
26871,2801,121941,4.4,20.2,29.9,30.8
26872,3997,68224,4.1,18.4,31.2,29.9
26873,2319,34725,10.9,9.3,40.8,27.2
26874,4036,113103,7.7,14.9,20.6,34.4
26875,4190,78945,8.5,10.1,41.1,33.2
26876,1057,112528,11.4,18.7,21.2,16.7
26877,2675,66751,5.6,9.3,48.4,25.2
26878,2467,131052,3.5,5.4,49.8,36.1
26879,1160,104096,8.3,13.6,42.3,20.7
26880,2646,118268,13.7,5.9,33.2,28.5
26881,3836,105551,8.4,5.9,25.4,35.4
26882,3866,113467,9.9,8.8,21.3,36.5
26883,1772,116164,5.5,19.4,44.9,30.1
26884,501,27084,8.6,23.9,43.2,20.2
26885,701,76706,8.8,15.3,47.6,38.2
26886,3099,36795,5.8,18.6,28.0,27.0
26887,4413,92217,5.0,6.0,32.5,27.0
26888,4381,117419,7.2,20.8,47.3,22.4
26889,3552,28722,3.5,14.0,31.1,26.9
26890,3734,52902,5.0,14.6,28.2,27.9
26891,387,27036,11.8,21.1,37.5,18.4
26892,187,146791,10.8,7.3,34.2,21.7
26893,2305,28157,6.8,14.1,26.2,22.1
26894,3067,57307,9.6,15.8,46.4,39.7
26895,4350,90322,13.0,17.3,39.2,16.1
26896,3634,36917,13.1,19.1,28.1,29.6
26897,319,117793,10.9,17.6,39.0,35.7
26898,1582,149844,4.5,22.0,48.6,29.0
26899,3338,68419,5.0,24.6,25.5,24.6
26900,421,32555,6.5,5.3,38.8,37.5
26901,2838,48951,11.0,13.3,50.0,28.0
26902,1936,131917,6.1,13.2,34.8,28.7
26903,2659,75110,8.6,20.0,43.0,19.7
26904,1668,56382,12.9,10.8,41.2,38.9
26905,2422,128756,13.7,5.3,34.8,25.3
26906,4820,40350,13.1,6.5,32.7,19.2
26907,3063,104507,4.4,23.5,40.3,26.9
26908,452,117158,13.9,23.4,37.8,34.8
26909,1128,148474,11.2,10.1,34.4,17.9
26910,4670,120380,10.4,23.7,23.6,26.1
26911,2109,76369,6.0,22.5,43.3,25.7
26912,1027,149228,14.1,18.8,44.0,35.8
26913,129,109749,3.2,9.9,30.0,18.1
26914,2640,90763,4.0,7.4,29.4,37.1
26915,3919,81645,4.8,8.4,34.0,23.6
26916,594,41388,11.3,9.0,30.5,23.1
26917,4583,74303,10.5,21.1,43.3,26.6
26918,972,84612,14.3,11.4,48.7,19.0
26919,934,102980,7.2,18.6,22.8,38.9
26920,3424,36521,7.2,20.4,24.2,21.4
26921,729,126381,11.0,13.7,31.3,16.9
26922,3086,80585,5.1,9.3,33.5,25.0
26923,129,56947,8.6,14.5,27.6,17.0
26924,3882,117437,3.2,7.7,47.0,18.7
26925,906,94507,10.1,21.3,42.1,19.3
26926,2068,26004,12.4,21.1,46.2,17.4
26927,3568,87320,5.4,23.7,30.5,30.1
26928,3680,146989,6.7,21.2,46.5,26.4
26929,2060,33002,4.6,18.0,47.5,26.7
26930,4439,126964,10.4,12.6,47.5,20.8
26931,320,143206,9.8,14.9,20.1,31.9
26932,1443,116106,12.9,8.7,34.2,36.9
26933,4726,129793,14.6,18.5,41.3,31.0
26934,2362,40475,14.8,21.7,43.4,34.7
26935,2514,84080,4.3,18.9,26.6,39.1
26936,2261,133118,9.6,24.1,38.1,34.6
26937,4220,76779,12.5,24.5,33.8,25.0
26938,3081,149833,10.9,18.9,40.1,31.5
26939,957,29708,13.8,19.9,42.2,31.4
26940,872,96623,8.3,11.5,33.7,29.8
26941,2592,113737,8.1,5.9,21.0,30.1
26942,119,47840,3.3,22.2,38.6,24.6
26943,905,69452,3.2,18.8,49.8,28.9
26944,1480,43309,11.3,24.3,44.0,38.1
26945,2275,30702,8.7,5.0,26.7,39.6
26946,2505,115284,10.9,19.3,40.9,16.8
26947,3463,149072,5.9,10.4,32.5,19.8
26948,3526,34318,13.4,13.9,29.1,38.1
26949,980,90763,13.8,14.0,32.5,24.8
26950,3208,114220,10.9,5.7,40.1,17.7
26951,1433,61411,6.3,22.0,41.3,26.5
26952,1784,117098,5.6,6.8,22.0,21.6
26953,3064,28728,10.5,24.1,42.2,39.9
26954,1705,99962,14.3,16.4,46.3,32.0
26955,2657,128532,9.9,10.5,40.7,39.4
26956,543,88680,13.1,17.8,31.7,30.9
26957,2142,73484,9.8,23.5,45.5,28.6
26958,878,36958,11.1,20.6,34.0,16.4
26959,3259,144304,9.8,8.3,38.8,31.1
26960,1846,45099,9.9,11.2,25.5,27.7
26961,4040,95057,11.9,7.2,20.5,36.3
26962,520,56661,7.8,19.6,39.0,23.7
26963,1951,109041,13.8,9.0,25.5,29.3
26964,2208,48647,13.4,19.9,21.5,22.7
26965,4774,130600,11.7,7.6,25.6,17.1
26966,4096,74494,11.9,20.3,42.2,38.9
26967,1458,119578,8.0,15.3,27.9,15.6
26968,4010,47928,13.0,21.8,38.6,24.5
26969,2726,68891,14.2,15.4,40.8,22.9
26970,2787,78469,12.5,10.0,26.6,36.5
26971,4306,103463,4.6,18.6,38.3,19.0
26972,590,55207,12.4,11.0,28.1,37.6
26973,1395,72962,8.6,6.8,40.6,30.9
26974,2181,106400,10.3,21.5,27.1,30.4
26975,3471,132854,14.9,19.6,33.9,33.6
26976,2272,68381,7.3,6.1,28.4,27.0
26977,3274,89997,7.2,23.5,49.8,21.2
26978,4164,120238,6.2,9.1,39.8,22.2
26979,3853,128136,4.5,19.9,23.4,21.2
26980,3929,87852,5.0,5.4,48.5,28.0
26981,2049,121691,9.2,14.6,40.6,39.8
26982,3480,103963,13.9,10.1,36.6,22.2
26983,511,93710,12.7,16.1,29.8,35.0
26984,1522,50313,5.2,10.4,32.8,22.5
26985,3081,37852,9.7,14.9,39.6,36.3
26986,1776,131358,13.2,5.2,26.4,33.6
26987,1746,42410,9.5,23.2,33.3,21.2
26988,2811,80101,13.9,21.2,39.9,27.7
26989,4059,46023,13.9,5.5,36.1,32.1
26990,1339,139433,7.2,24.7,46.9,32.5
26991,702,124407,13.5,23.6,28.6,19.7
26992,2037,109603,10.0,18.2,47.5,37.9
26993,125,29944,8.8,12.9,40.7,22.2
26994,4779,31964,12.3,22.7,30.3,34.6
26995,1167,33587,12.5,22.2,24.4,28.3
26996,479,101667,11.1,13.4,28.8,32.6
26997,1384,70444,12.7,19.1,26.8,33.6
26998,4564,102059,14.4,21.2,47.3,29.3
26999,3282,55007,13.5,21.3,35.3,31.9
27000,3847,81655,3.9,24.5,40.2,38.5
27001,2356,114297,13.2,21.0,22.0,16.8
27002,4027,67494,12.4,16.1,48.4,19.0
27003,4220,88935,14.1,21.1,46.6,32.0
27004,645,66004,11.9,11.0,35.1,30.2
27005,374,76131,13.5,9.9,48.5,21.6
27006,3541,138043,3.1,10.9,35.8,29.9
27007,2369,56028,14.7,15.9,45.7,29.9
27008,3208,125168,5.3,16.8,38.8,20.3
27009,3022,149687,13.4,11.4,29.1,24.0
27010,3487,35466,14.2,14.6,42.2,21.9
27011,1970,45828,3.0,16.5,29.2,26.8
27012,4113,117272,14.0,10.5,29.5,27.6
27013,210,77253,13.0,6.1,43.2,19.0
27014,1855,117435,14.1,7.1,37.2,22.1
27015,4903,93969,5.1,17.3,37.1,38.1
27016,1467,54397,12.3,23.4,33.0,31.0
27017,1628,137726,8.8,13.9,28.1,24.1
27018,651,132299,6.1,15.2,40.2,37.6
27019,233,108989,12.1,5.8,49.6,20.3
27020,3011,37672,8.7,24.0,25.0,29.3
27021,2113,95676,13.8,22.2,24.1,17.2
27022,3362,38999,11.5,14.8,30.7,25.4
27023,1160,148370,4.7,22.6,39.6,33.6
27024,2607,104314,6.0,13.7,42.6,17.1
27025,2122,42863,6.2,14.1,34.2,35.0
27026,2286,40108,7.1,18.7,20.4,19.2
27027,2765,40350,11.0,11.5,31.1,39.8
27028,3270,52511,13.7,22.6,47.0,33.4
27029,2827,125007,10.1,9.3,33.3,35.6
27030,3435,127620,12.0,24.2,22.5,24.4
27031,2746,67972,6.8,23.5,24.3,18.0
27032,695,62454,9.3,11.9,38.1,31.5
27033,4206,145305,9.0,18.2,32.4,30.3
27034,2474,128212,11.4,14.9,20.6,30.4
27035,3521,93766,9.2,16.7,45.0,34.0
27036,2378,49718,7.0,8.5,35.1,18.4
27037,1264,59617,5.9,20.0,43.5,21.4
27038,717,29020,6.1,15.2,44.9,16.8
27039,4960,66004,14.8,7.1,25.0,31.3
27040,4244,41834,7.3,21.0,46.5,30.1
27041,550,26259,12.7,23.0,30.8,21.3
27042,1898,99731,3.9,5.1,25.5,15.8
27043,4686,29777,4.1,21.1,31.3,17.6
27044,1992,147080,11.2,16.3,49.2,19.8
27045,2554,65343,8.5,6.0,47.4,37.1
27046,2322,120525,13.6,13.9,48.5,36.9
27047,3908,147674,13.3,13.3,20.1,26.2
27048,1384,52927,12.1,8.8,26.9,30.9
27049,2627,43380,12.8,12.2,41.8,33.1
27050,1857,53250,13.4,15.1,43.9,21.9
27051,322,69448,12.4,16.0,35.6,33.2
27052,4464,137786,9.3,7.9,29.9,26.7
27053,1000,128192,6.2,16.7,30.3,35.0
27054,2465,85997,12.4,10.1,36.1,23.9
27055,4580,114056,6.8,8.3,20.1,29.6
27056,1709,36224,5.9,11.6,40.7,36.0
27057,4821,108414,5.1,17.7,37.2,15.7
27058,3390,116184,10.5,24.2,35.3,24.2
27059,1323,37304,5.9,21.5,26.0,30.3
27060,2007,86588,7.5,22.3,25.3,25.7
27061,1462,26578,11.5,9.3,23.1,31.5
27062,2851,75387,12.5,14.2,47.4,20.0
27063,4069,51315,6.8,13.9,46.1,16.2
27064,1368,132511,13.1,14.2,37.4,19.5
27065,1331,103540,3.7,9.0,28.2,25.9
27066,4168,48377,14.8,21.9,42.7,32.6
27067,1847,52541,8.0,11.6,24.4,22.0
27068,2658,122342,6.9,14.5,44.3,18.5
27069,837,42943,14.1,12.3,44.5,26.9
27070,4536,133064,4.6,11.9,28.6,39.2
27071,3079,67946,7.3,17.3,34.7,29.5
27072,2051,32888,7.3,24.9,38.4,37.4
27073,1881,83854,8.1,22.7,26.1,35.1
27074,629,95111,13.2,23.6,30.1,19.4
27075,4229,28856,13.2,13.7,38.0,21.5
27076,4518,116823,10.1,8.8,36.5,27.6
27077,1304,94675,14.9,5.3,33.2,27.3
27078,2086,114752,13.1,5.9,26.9,25.3
27079,446,61295,11.2,19.5,36.1,34.4
27080,1315,73638,5.4,12.3,31.1,26.2
27081,2868,103698,9.6,18.1,26.2,21.3
27082,344,146186,5.6,16.1,29.0,24.7
27083,2825,30819,6.6,24.6,27.1,17.7
27084,3151,127172,11.2,19.3,31.4,17.1
27085,232,120243,5.2,24.7,48.9,28.9
27086,1470,144139,4.1,11.0,48.1,35.5
27087,2196,105766,9.4,11.6,39.9,22.7
27088,1187,65072,3.0,15.2,42.4,16.5
27089,1747,136065,10.3,14.9,31.8,19.7
27090,1991,86013,13.8,15.4,43.2,28.4
27091,1820,53220,5.3,22.0,45.5,31.8
27092,4102,82246,7.6,19.3,44.0,35.2
27093,2360,117272,14.0,8.6,25.8,22.4
27094,218,71895,11.4,16.7,44.6,36.7
27095,3003,112659,4.6,8.5,44.4,21.3
27096,2908,34693,7.6,13.4,41.4,33.0
27097,994,124118,12.1,23.2,45.3,17.2
27098,1365,98120,11.0,6.5,45.3,17.4
27099,462,38378,4.9,24.3,37.3,34.2
27100,1873,78217,3.7,9.4,40.3,26.7
27101,413,39655,11.2,8.5,30.4,19.5
27102,1806,89121,10.3,14.6,23.4,39.2
27103,3565,102053,3.7,22.9,36.1,25.3
27104,4467,26323,14.7,8.8,35.7,35.4
27105,1889,115116,6.0,5.2,43.9,30.1
27106,2493,73989,7.6,13.4,25.7,34.4
27107,3710,118629,5.1,16.5,45.5,20.0
27108,3794,99986,12.9,19.9,43.7,15.3
27109,2380,92570,14.6,6.1,41.8,20.1
27110,1089,47974,5.6,15.4,25.5,15.9
27111,3780,96502,6.4,8.3,29.6,28.8
27112,2563,55717,11.5,13.6,32.6,21.6
27113,1004,74351,9.3,24.4,20.0,36.3
27114,3144,92241,4.3,24.6,26.0,29.8
27115,3497,53517,14.1,24.7,39.9,15.1
27116,4097,143619,10.3,12.3,37.3,26.9
27117,4939,141756,6.6,19.1,48.4,27.4
27118,1010,94294,8.9,22.5,25.1,26.1
27119,2707,109763,9.0,15.1,35.5,31.5
27120,1845,59964,9.3,14.5,20.6,33.0
27121,2223,148504,9.0,19.4,37.5,15.7
27122,4442,57027,9.7,15.1,23.2,31.4
27123,1951,92669,7.7,16.6,22.7,39.4
27124,4771,136717,4.8,14.1,33.2,22.0
27125,3865,27578,11.0,19.6,30.1,33.7
27126,1715,145894,12.5,22.0,33.5,24.4
27127,2490,71707,13.1,14.1,20.8,17.3
27128,2862,83035,3.3,14.8,22.2,32.4
27129,1305,142285,7.9,23.5,22.2,39.0
27130,4126,58581,14.7,16.3,23.9,34.3
27131,2779,31551,3.8,14.5,32.9,32.7
27132,2546,59395,12.4,24.4,33.2,37.8
27133,3412,89684,4.5,6.3,29.7,32.2
27134,4487,78768,12.9,17.5,23.1,35.3
27135,2201,126896,11.1,5.5,45.8,35.6
27136,3316,93116,11.7,14.0,38.8,39.8
27137,3769,88511,14.7,11.5,38.9,15.7
27138,3130,80390,14.3,13.7,29.3,18.7
27139,2624,28932,6.7,23.1,46.8,37.6
27140,4217,99023,7.5,15.2,29.2,38.6
27141,3407,32113,7.9,16.7,39.5,20.1
27142,2842,61019,5.2,11.6,47.5,16.5
27143,2061,74027,7.6,24.7,49.8,30.8
27144,4725,108074,14.7,24.5,26.2,37.1
27145,3721,119092,8.9,22.4,46.0,26.4
27146,200,74684,14.4,19.2,41.4,36.3
27147,1413,128431,3.9,13.6,22.2,34.1
27148,3548,25887,3.5,7.5,25.3,32.9
27149,3344,110192,9.9,23.2,35.3,30.4
27150,2001,142613,11.8,15.7,35.3,19.9
27151,4774,43816,5.6,16.2,43.6,34.8
27152,1314,126901,9.0,7.1,33.0,36.9
27153,3726,49395,13.5,20.9,41.5,36.1
27154,889,72651,12.1,16.0,49.9,23.2
27155,1466,30525,5.8,10.2,48.5,28.6
27156,3723,133916,7.0,8.4,36.3,17.5
27157,602,85579,6.7,17.3,43.1,32.9
27158,272,89044,11.6,22.3,30.3,36.9
27159,986,89143,14.6,15.5,43.5,32.7
27160,1517,121254,6.4,22.2,39.1,20.8
27161,3632,111538,10.1,8.7,32.9,18.3
27162,4468,115946,14.9,16.1,34.5,30.6
27163,3529,149257,4.9,13.8,33.5,36.5
27164,1509,94016,10.9,11.5,39.6,31.9
27165,3023,45990,7.0,7.0,41.1,24.3
27166,2010,122113,14.9,9.1,34.7,22.0
27167,360,73066,4.3,22.8,45.9,38.6
27168,3452,66171,8.4,12.2,48.4,19.1
27169,1452,83270,6.1,22.2,40.3,23.8
27170,1599,44056,3.4,21.3,25.7,20.6
27171,4473,94568,14.6,11.1,25.3,23.4
27172,2240,90369,9.8,14.6,50.0,34.6
27173,3106,82688,11.4,14.1,35.7,16.2
27174,3718,134578,10.4,22.9,39.8,17.3
27175,922,135927,4.8,17.3,35.2,26.8
27176,631,136955,5.0,13.7,39.9,32.7
27177,2920,112913,10.5,15.4,33.7,25.0
27178,266,80155,12.4,21.8,46.2,36.0
27179,4431,51277,10.3,11.2,28.3,15.1
27180,1155,32425,9.8,13.3,49.8,23.9
27181,1354,55773,12.0,7.6,38.5,19.4
27182,4386,103428,5.9,16.4,22.7,39.4
27183,4107,45230,11.8,24.4,33.7,37.9
27184,4808,110936,7.9,11.9,31.9,37.3
27185,1631,41679,11.1,23.8,48.0,33.8
27186,3628,65492,6.3,21.1,28.9,16.9
27187,4142,106845,4.6,20.8,34.0,36.8
27188,1072,147072,3.3,19.9,41.7,15.9
27189,3924,85092,12.6,20.2,22.7,29.0
27190,4844,29483,5.4,11.7,25.6,39.4
27191,205,56850,7.4,21.6,39.7,16.0
27192,1704,104649,12.2,24.5,23.0,19.5
27193,3873,124800,8.4,7.1,28.6,37.8
27194,4387,134575,5.6,7.5,32.5,27.7
27195,1102,108487,5.3,5.2,26.6,20.8
27196,4830,47417,7.9,19.0,29.8,23.9
27197,184,122447,9.8,6.5,27.2,30.3
27198,3095,46834,7.7,15.4,43.3,38.9
27199,4923,26975,13.9,18.8,27.3,19.5
27200,3387,29132,3.0,16.9,43.6,22.4
27201,4265,97934,7.8,17.1,27.4,27.0
27202,253,29278,11.9,24.2,21.9,34.6
27203,1561,72395,13.7,11.0,46.7,34.7
27204,2912,98461,7.3,17.4,41.7,27.9
27205,2119,38833,11.1,17.5,26.4,16.4
27206,1197,29165,10.0,10.5,29.1,34.8
27207,670,82580,5.4,11.1,26.9,36.2
27208,248,107383,11.2,19.8,42.1,32.5
27209,3677,144925,6.0,11.3,20.4,38.5
27210,2791,123008,12.4,9.6,48.9,28.8
27211,2209,70246,13.4,24.7,31.2,29.8
27212,2018,58697,8.7,6.9,28.6,38.4
27213,4969,76038,3.6,11.3,43.5,40.0
27214,3755,65441,11.8,21.8,29.6,35.8
27215,1812,65439,8.6,9.1,37.1,15.9
27216,2592,98454,4.1,10.1,32.2,28.3
27217,1444,94447,7.0,8.2,38.8,39.9
27218,4065,113464,6.5,16.7,23.0,33.8
27219,1206,71970,11.7,5.1,31.5,29.0
27220,3605,29412,8.1,22.5,47.1,32.1
27221,4212,58485,10.0,12.5,49.3,29.4
27222,682,96901,9.0,15.0,23.4,30.0
27223,4450,42041,11.7,10.0,39.8,37.7
27224,2790,26212,11.6,5.8,32.4,33.8
27225,4756,118933,8.4,24.2,30.7,23.4
27226,2680,96971,4.6,22.6,20.6,16.8
27227,419,119164,7.9,10.5,23.4,36.4
27228,4415,138588,4.9,7.0,27.0,15.2
27229,4894,91293,14.5,14.0,33.9,21.7
27230,1537,64670,14.4,16.0,40.1,31.9
27231,131,30536,8.5,16.4,36.6,26.0
27232,814,143166,3.3,23.3,32.9,23.7
27233,1139,39271,7.5,18.5,38.7,23.7
27234,508,121293,13.7,17.3,32.9,36.9
27235,1227,96108,6.5,6.7,30.9,35.3
27236,806,116342,10.5,15.5,49.3,21.9
27237,3939,118085,5.2,16.1,45.3,39.5
27238,3123,84791,12.9,17.6,23.1,31.0
27239,3759,80221,13.7,8.2,40.0,31.7
27240,882,118370,10.4,24.2,49.9,32.4
27241,2279,79631,10.5,16.4,38.5,39.4
27242,1278,117124,7.5,13.3,26.7,34.8
27243,2506,69635,11.5,18.3,40.1,39.4
27244,2907,30125,8.7,7.9,25.6,33.4
27245,4360,73260,11.9,13.7,44.6,37.0
27246,2864,62861,14.6,19.4,35.8,38.6
27247,2824,112512,12.9,23.8,28.2,30.7
27248,2635,55299,9.2,13.9,30.4,18.6
27249,312,39848,14.7,17.6,41.5,27.6
27250,2048,122037,10.3,13.6,23.5,27.5
27251,4961,25082,3.8,15.5,47.2,23.7
27252,3246,98502,11.8,15.1,23.6,24.1
27253,1301,45146,12.8,18.9,32.4,27.0
27254,1919,141088,4.6,18.1,42.9,25.1
27255,2989,121590,11.2,5.2,43.5,32.3
27256,744,42042,14.1,6.7,22.9,16.7
27257,2459,113165,6.0,20.2,28.3,24.2
27258,4322,38599,10.0,8.2,30.5,37.4
27259,4572,101600,6.3,20.4,47.5,25.8
27260,4420,79302,12.3,21.3,33.8,16.9
27261,3188,75489,10.0,23.7,47.0,19.7
27262,596,114060,8.1,21.3,45.7,34.9
27263,2116,72257,3.3,15.7,21.2,28.0
27264,572,105431,14.3,9.2,41.0,20.5
27265,1988,55586,9.0,7.6,46.4,26.8
27266,3482,120784,12.6,22.5,31.0,15.3
27267,1260,36416,7.7,12.8,34.5,17.7
27268,2622,120150,13.2,6.0,27.1,22.1
27269,4412,99421,4.9,11.9,35.7,25.1
27270,295,29327,5.8,22.4,30.6,16.5
27271,2348,149024,7.0,16.2,41.5,24.4
27272,4561,44640,4.1,17.8,27.1,17.8
27273,2866,135023,8.3,10.1,35.3,34.9
27274,1651,116964,8.8,5.4,34.1,28.3
27275,2547,54059,4.4,23.3,32.1,22.1
27276,4409,137542,8.1,6.5,27.5,20.8
27277,2488,35871,5.4,25.0,41.4,17.3
27278,3106,25863,13.5,22.4,26.6,35.2
27279,218,140937,9.1,7.3,47.0,23.4
27280,3596,71703,14.4,25.0,38.3,35.3
27281,1816,67178,7.1,21.2,49.5,40.0
27282,2983,79056,7.1,22.0,47.5,29.9
27283,3014,116161,7.1,21.2,24.4,19.9
27284,1772,88427,6.2,23.6,43.5,31.1
27285,1302,32361,12.4,20.1,25.3,25.8
27286,1555,73146,6.4,15.5,48.2,31.1
27287,4761,77054,6.5,5.0,40.5,34.7
27288,4078,54208,3.6,10.6,25.6,31.9
27289,2571,95342,14.6,17.0,25.1,31.2
27290,217,95919,13.6,11.2,42.4,30.6
27291,467,71594,6.5,13.2,38.5,20.1
27292,3276,34686,9.2,7.2,24.0,34.4
27293,3474,72342,8.8,24.6,35.1,25.7
27294,3912,125640,4.1,7.3,44.8,31.1
27295,2297,107287,9.4,6.4,24.5,20.1
27296,2229,107331,4.4,16.7,20.4,32.3
27297,1000,77245,8.2,17.4,24.0,25.1
27298,292,131338,4.1,15.5,25.5,20.3
27299,2870,41737,10.1,12.1,39.0,17.2
27300,3448,83909,3.6,23.5,30.1,38.4
27301,1050,145366,10.5,11.9,23.1,15.1
27302,3706,121675,11.5,11.2,31.9,17.1
27303,357,108258,9.9,23.9,37.6,17.1
27304,1321,79029,8.6,22.7,29.2,38.5
27305,750,107248,3.7,14.5,37.5,39.1
27306,2418,67453,3.1,10.2,47.3,39.4
27307,4591,65923,7.1,7.6,32.1,31.6
27308,2525,48400,12.3,21.0,48.2,38.8
27309,1022,36021,10.8,19.5,45.8,23.8
27310,3259,26486,4.5,7.1,20.7,38.5
27311,497,32607,11.3,19.8,40.1,19.8
27312,3014,123276,9.9,23.0,30.2,20.5
27313,660,45119,5.0,6.1,27.6,31.9
27314,289,42121,12.1,13.2,42.1,38.1
27315,304,95903,13.0,13.2,41.9,20.9
27316,3115,94424,5.8,21.2,40.6,37.9
27317,4239,136786,10.6,7.4,21.2,37.0
27318,3471,64660,7.5,8.0,37.8,16.4
27319,3141,62611,3.7,12.7,37.9,39.3
27320,1805,116906,13.3,22.0,49.0,34.8
27321,812,116414,12.8,24.7,43.4,28.9
27322,3556,64059,6.8,15.9,30.8,20.0
27323,2784,27668,9.4,8.2,39.1,30.4
27324,4506,29238,9.1,23.1,46.7,32.4
27325,3699,79223,5.1,8.2,44.4,25.7
27326,2421,29166,4.7,12.4,33.0,32.4
27327,3977,104776,13.1,19.8,47.8,33.1
27328,3622,56030,13.4,6.2,49.2,27.1
27329,4726,25637,11.7,14.7,43.1,16.7
27330,4212,111482,3.9,13.1,25.3,19.0
27331,2865,27641,13.9,23.9,42.4,22.9
27332,4665,147920,14.8,15.9,32.1,15.2
27333,654,135481,12.3,22.8,27.3,18.4
27334,2240,101674,7.2,6.8,23.4,37.5
27335,2778,33962,7.9,16.2,23.1,37.6
27336,683,121611,13.4,18.8,32.1,22.2
27337,2096,54839,6.4,8.0,36.9,35.0
27338,941,30802,4.7,22.0,40.3,33.0
27339,2475,144062,12.9,22.6,46.0,22.7
27340,4138,32638,5.3,18.6,24.3,27.7
27341,1904,72758,13.9,15.4,29.4,32.9
27342,829,77168,10.1,18.9,21.0,36.2
27343,4449,127014,9.7,10.7,39.9,16.3
27344,1563,139745,12.3,7.2,20.7,27.4
27345,2267,116765,3.2,16.0,21.4,19.6
27346,1672,110157,11.6,14.7,37.9,24.2
27347,1493,47900,10.2,13.5,25.8,19.4
27348,356,139769,9.3,8.8,39.7,38.0
27349,227,30989,5.6,8.8,30.7,28.2
27350,1482,31507,13.0,24.7,27.8,17.1
27351,3828,141196,6.0,23.5,42.8,30.1
27352,4751,30165,8.9,10.1,42.2,30.0
27353,2800,148141,4.9,6.2,21.8,33.1
27354,3247,72572,14.7,11.5,41.7,27.6
27355,2305,28706,5.3,21.9,48.4,34.1
27356,4280,56965,12.6,9.5,34.2,20.1
27357,421,145923,6.2,24.7,36.0,30.2
27358,2456,121147,6.1,9.1,30.2,39.7
27359,4479,94650,8.1,16.2,42.9,16.8
27360,3213,27317,13.2,24.8,42.9,21.2
27361,2017,127976,11.3,7.6,46.7,32.5
27362,4056,118914,13.5,9.0,41.7,20.4
27363,4809,104859,3.6,16.8,49.4,19.0
27364,2796,68871,14.5,20.8,49.1,18.3
27365,1616,115780,3.9,19.0,32.3,30.1
27366,3393,105286,11.7,16.8,41.6,18.5
27367,4424,137280,5.5,13.6,20.5,15.7
27368,3145,75422,13.1,20.7,31.6,26.6
27369,218,149614,13.3,7.8,32.3,29.3
27370,2471,28814,9.6,9.9,44.9,15.3
27371,4515,87765,7.8,20.8,28.2,15.4
27372,4018,45403,12.5,10.6,26.4,27.3
27373,3360,137655,13.5,7.8,33.9,22.9
27374,2685,62483,11.9,21.9,26.8,34.9
27375,4896,129950,13.9,20.4,25.3,29.5
27376,2541,139058,10.5,17.8,34.2,32.7
27377,2799,118969,11.0,18.1,28.2,33.4
27378,1117,35091,9.9,18.3,23.7,34.0
27379,4601,80991,8.9,19.6,27.7,34.2
27380,3147,54673,10.9,11.3,42.4,18.5
27381,2168,109151,9.7,22.3,23.3,28.3
27382,3765,99168,11.8,10.2,22.9,25.2
27383,4350,41964,14.2,13.3,32.3,18.8
27384,4754,77473,7.5,15.2,24.9,16.8
27385,293,58143,7.9,21.1,31.6,35.9
27386,2546,113001,3.2,13.7,47.5,36.5
27387,1499,128881,9.3,15.2,24.4,26.6
27388,2619,28801,4.6,22.0,41.5,16.3
27389,4027,40447,11.6,25.0,22.3,31.6
27390,3787,31489,12.4,20.9,43.3,28.2
27391,4997,116919,11.7,11.0,48.1,29.6
27392,652,58496,9.6,7.2,43.3,22.2
27393,829,55565,9.4,18.9,46.5,18.2
27394,2660,68397,10.8,18.7,42.2,28.2
27395,4097,94811,9.7,14.8,28.2,26.6
27396,4366,80932,12.0,19.5,26.9,32.5
27397,893,60191,13.7,6.3,47.0,33.3
27398,224,80478,9.4,24.9,20.9,32.9
27399,274,85235,4.3,14.7,36.2,25.9
27400,2651,76528,4.6,16.3,30.1,22.6
27401,3948,67928,7.5,15.7,47.4,28.2
27402,3556,64401,9.0,15.9,25.0,16.6
27403,2858,27247,5.7,20.6,31.1,24.8
27404,3939,117855,8.4,6.4,22.9,22.6
27405,3855,80774,4.6,23.4,48.1,25.8
27406,3742,36048,5.9,11.9,30.1,19.6
27407,4301,51335,11.8,17.5,31.2,29.4
27408,2070,30574,14.8,6.2,21.8,22.8
27409,1760,120199,5.2,14.8,23.1,32.6
27410,2675,81312,7.1,21.3,48.0,22.1
27411,137,63761,7.2,11.3,39.4,23.0
27412,4590,112479,5.7,12.2,38.4,27.4
27413,2624,92448,5.4,17.9,43.7,37.3
27414,4917,118784,4.6,6.4,38.9,17.4
27415,3676,77960,13.9,12.7,27.6,20.3
27416,1408,121754,10.8,20.6,47.4,32.1
27417,3635,149862,6.5,18.4,27.4,30.6
27418,4560,142365,6.1,15.9,44.6,21.1
27419,2328,145266,10.1,16.7,28.4,26.3
27420,4929,100422,11.4,10.1,27.6,34.0
27421,3023,88670,6.0,23.9,37.4,36.0
27422,3141,62299,7.2,24.9,24.0,26.1
27423,2808,125041,6.5,8.3,31.2,26.9
27424,4439,63465,4.1,6.5,35.1,31.1
27425,4508,123349,7.6,8.5,46.7,25.9
27426,4271,64787,9.4,11.3,31.5,28.7
27427,4052,63659,10.9,19.2,21.3,19.8
27428,2409,92477,8.0,15.7,44.6,24.0
27429,330,47444,14.8,6.1,38.5,31.9
27430,2850,53915,10.5,15.1,40.4,38.3
27431,2793,82499,13.6,16.9,22.7,35.0
27432,2904,134961,14.0,7.7,25.3,34.5
27433,941,75113,12.9,6.7,36.4,17.3
27434,3683,55968,6.2,13.4,26.1,38.3
27435,4711,75096,8.2,20.5,44.5,39.1
27436,2589,49158,3.0,8.3,20.7,21.8
27437,3634,132774,8.4,7.6,44.5,34.2
27438,707,116497,6.5,21.8,33.9,30.8
27439,4718,53630,4.3,10.1,37.7,23.7
27440,4060,28919,13.1,7.4,26.0,19.3
27441,4357,51312,11.1,23.1,31.7,27.3
27442,2131,117978,15.0,12.7,37.3,23.4
27443,301,63826,9.0,13.4,24.8,15.6
27444,1464,39981,7.0,24.4,31.7,33.4
27445,851,84768,6.2,19.1,40.3,35.7
27446,1305,135744,8.2,23.2,47.1,25.4
27447,1420,61606,6.7,11.1,27.7,30.6
27448,3987,36011,14.9,17.1,42.8,32.5
27449,1430,137879,5.2,14.3,23.8,18.0
27450,530,40819,3.2,25.0,25.6,30.4
27451,2265,85567,4.6,14.7,44.3,30.2
27452,4783,112479,13.7,18.7,45.9,22.4
27453,3217,125954,11.3,9.0,36.3,34.6
27454,2374,98967,12.4,7.8,25.0,31.9
27455,3465,61022,6.8,7.0,25.5,17.6
27456,1363,121565,10.5,16.4,48.4,28.8
27457,2495,129706,11.5,22.5,36.7,25.8
27458,4336,114547,6.9,22.5,29.4,32.2
27459,4399,66459,11.7,6.4,37.7,29.3
27460,3833,102597,10.6,20.9,28.3,22.1
27461,1765,145907,6.6,22.6,42.2,21.4
27462,960,94928,3.6,21.1,25.2,26.5
27463,944,57105,5.9,5.5,28.2,33.9
27464,3142,84574,10.4,19.1,41.6,38.9
27465,3440,71138,10.2,12.4,21.5,34.1
27466,3589,131023,9.1,19.6,49.8,24.2
27467,2038,69588,6.0,14.2,30.0,28.6
27468,236,100157,8.3,18.4,40.9,24.7
27469,3332,99254,4.7,10.5,22.5,16.1
27470,2320,47235,10.9,7.9,37.0,22.2
27471,1253,59576,13.4,23.4,36.1,15.4
27472,4274,67170,8.6,19.4,27.9,33.4
27473,1078,98711,5.6,23.9,30.4,37.1
27474,668,99776,12.9,21.1,45.5,36.8
27475,3010,45778,6.8,9.6,27.0,35.0
27476,2510,56935,10.1,19.0,40.7,17.5
27477,3506,138330,3.9,16.2,33.5,32.2
27478,233,62436,11.6,10.5,35.3,35.4
27479,2161,139604,8.5,22.3,31.1,24.5
27480,4478,67114,8.1,20.6,43.6,16.7
27481,2953,47264,14.2,7.6,20.1,26.3
27482,3830,74827,8.9,16.4,25.3,24.2
27483,3592,36230,3.2,20.4,30.8,36.0
27484,226,138143,14.5,8.2,26.2,21.2
27485,1895,142966,3.1,24.8,36.4,34.5
27486,1949,133781,9.4,17.1,40.7,26.1
27487,4413,92775,10.6,22.2,37.7,21.4
27488,4076,50627,13.7,15.9,34.8,24.5
27489,4940,134674,11.2,11.2,40.7,17.6
27490,2827,120611,12.7,21.7,46.6,35.6
27491,3826,41812,12.2,13.9,40.6,18.8
27492,3660,43515,5.6,16.7,40.0,35.7
27493,359,115609,11.4,16.5,47.8,16.3
27494,1341,68244,10.7,6.2,48.8,16.1
27495,1943,39484,5.9,11.8,26.2,36.5
27496,1612,28866,4.5,11.7,29.9,29.1
27497,4294,25850,12.0,5.9,20.4,15.3
27498,4377,134155,14.7,7.1,30.6,29.6
27499,2316,142579,11.9,16.4,41.7,25.5
27500,2380,50634,12.0,11.4,49.3,29.9
27501,1055,70999,5.0,15.0,20.4,32.7
27502,4667,59912,6.0,14.7,23.5,31.0
27503,1208,82187,10.0,18.1,35.8,38.8
27504,4874,85648,3.4,22.0,23.3,29.0
27505,1642,31550,11.0,9.5,21.5,26.2
27506,480,114023,4.7,12.2,33.3,23.3
27507,1355,101300,8.0,16.1,41.6,19.6
27508,2398,51357,6.8,19.8,30.1,31.2
27509,2340,54597,4.3,12.7,26.1,28.8
27510,1758,123249,9.9,10.3,30.4,30.1
27511,3084,82832,7.3,18.5,23.9,38.0
27512,2748,115515,3.5,18.3,30.7,36.9
27513,4058,54445,8.3,20.1,34.8,23.3
27514,3471,30342,10.1,15.0,22.2,17.7
27515,3529,99130,4.6,6.5,36.5,24.7
27516,1680,121706,10.0,16.8,35.3,29.7
27517,4960,126961,6.6,11.3,32.3,21.9
27518,3032,133297,6.1,25.0,38.7,22.5
27519,1686,123487,12.5,16.6,48.0,34.8
27520,2212,146108,8.6,13.8,29.8,33.3
27521,3737,136486,7.5,20.2,24.0,32.4
27522,4661,118751,12.8,24.6,42.2,26.5
27523,2621,40745,13.9,14.9,27.5,26.1
27524,3851,92052,6.8,11.6,41.7,15.3
27525,2802,81614,3.6,14.6,28.3,27.2
27526,118,127460,9.5,18.9,23.4,15.5
27527,2669,149588,11.6,18.5,50.0,28.8
27528,883,95621,10.1,19.9,35.9,15.2
27529,1806,28693,11.3,17.4,42.3,29.3
27530,514,149827,10.8,24.1,31.8,20.0
27531,463,102969,14.5,12.3,47.2,37.4
27532,2675,51125,13.4,5.0,44.8,32.5
27533,1203,37470,4.6,8.0,44.9,26.8
27534,4991,144098,8.4,5.9,43.9,29.2
27535,1271,69908,8.5,8.0,37.5,26.4
27536,1798,103482,8.5,9.3,34.5,23.5
27537,542,126095,14.2,10.4,39.6,18.4
27538,4043,25995,6.9,5.5,28.2,34.3
27539,4845,27856,10.4,10.6,36.2,25.7
27540,4704,148531,13.8,8.0,40.4,36.0
27541,4661,88123,3.6,6.7,22.8,33.4
27542,2512,64841,13.5,16.6,42.7,24.5
27543,2689,66852,12.2,8.9,34.2,32.4
27544,1939,31179,5.5,6.6,48.5,32.1
27545,1603,52412,6.9,8.6,48.5,28.0
27546,822,141690,6.7,22.4,45.3,32.9
27547,941,50640,5.7,15.6,32.7,22.6
27548,2447,52006,10.7,15.7,41.6,25.0
27549,2321,115280,14.8,10.4,26.7,15.9
27550,745,123474,5.0,15.3,28.7,19.8
27551,123,143377,5.8,19.7,37.3,33.5
27552,3372,124042,6.5,16.9,42.2,34.5
27553,4926,105469,14.3,15.7,33.1,35.7
27554,106,143250,10.5,12.3,43.7,39.5
27555,3801,108237,5.6,17.6,39.1,38.0
27556,3332,147513,12.6,22.1,29.5,26.2
27557,3025,124591,14.1,8.8,28.4,38.9
27558,1371,96617,7.8,21.5,43.7,29.5
27559,4361,70203,5.1,14.7,29.0,17.8
27560,4623,29036,6.7,24.6,26.4,34.8
27561,2292,95072,5.6,10.2,41.9,28.9
27562,2656,119569,5.4,7.0,21.9,24.7
27563,3054,68229,5.0,8.2,26.4,33.9
27564,1699,66617,13.5,5.4,45.5,29.4
27565,1766,111123,4.0,12.3,36.3,35.8
27566,1161,147811,8.0,11.4,36.3,31.5
27567,4761,95870,3.2,17.8,45.7,33.6
27568,3901,114844,6.5,8.3,44.4,24.7
27569,1263,44585,11.5,20.2,43.6,35.3
27570,3979,57681,5.4,11.5,30.7,17.0
27571,1381,33767,15.0,22.5,25.9,34.4
27572,2764,66259,3.6,8.7,36.4,38.3
27573,2995,53082,4.6,20.9,36.6,21.5
27574,1308,125196,12.4,8.7,21.4,36.3
27575,402,30481,14.7,5.4,32.6,27.0
27576,855,74375,14.4,6.2,36.1,39.7
27577,4359,31720,12.6,21.3,34.6,37.7
27578,1326,65422,14.7,15.7,49.5,36.2
27579,1333,94184,13.1,11.4,26.4,29.4
27580,3617,104221,3.7,17.8,24.7,39.8
27581,997,122147,13.1,12.5,46.5,18.0
27582,4978,109661,8.8,21.4,48.1,22.1
27583,3410,48536,8.5,20.0,45.8,36.8
27584,4922,30227,3.0,14.3,47.0,22.8
27585,3462,39758,10.4,5.2,34.9,31.8
27586,2519,96047,11.1,15.4,46.6,36.8
27587,3009,133354,12.5,12.7,34.9,34.8
27588,1554,53270,6.9,16.9,31.6,34.1
27589,2427,145907,4.5,8.2,25.4,36.4
27590,2463,109217,8.3,18.3,42.9,20.3
27591,2112,144024,7.3,9.1,37.8,15.2
27592,1200,65161,12.0,24.6,30.9,35.2
27593,915,52440,5.8,21.4,20.9,32.9
27594,4346,69504,4.7,8.6,40.1,37.1
27595,1420,116811,8.3,15.9,41.0,22.1
27596,4864,44718,10.5,14.1,22.3,39.4
27597,4602,108982,6.4,21.2,37.1,17.9
27598,2434,39676,4.4,19.8,31.5,19.1
27599,4687,50240,8.3,10.9,39.7,27.9
27600,1132,148375,14.5,12.3,30.6,33.0
27601,1255,124768,14.6,6.2,41.8,26.9
27602,1200,37837,11.5,16.3,23.9,29.1
27603,2885,100812,12.3,20.2,28.0,21.1
27604,1096,61473,5.4,13.4,39.7,21.8
27605,1535,39095,7.5,23.9,44.3,35.6
27606,2645,97448,10.3,7.7,43.0,21.7
27607,3800,87638,12.0,22.8,33.5,26.4
27608,453,25435,5.0,5.4,29.1,38.6
27609,2418,68300,8.5,23.3,32.6,20.6
27610,4627,94932,5.0,11.1,33.4,29.3
27611,838,41013,10.6,7.2,23.5,35.0
27612,2619,81248,12.3,24.8,26.3,27.9
27613,4703,108617,13.0,19.9,26.5,34.8
27614,154,147817,11.8,15.6,28.1,30.2
27615,2184,49478,4.9,12.9,35.0,21.2
27616,999,71418,12.9,10.1,27.3,25.8
27617,2202,97658,7.0,16.9,46.5,36.4
27618,623,37203,13.0,14.0,47.5,27.2
27619,562,99774,6.0,15.1,49.6,33.4
27620,4892,84741,8.7,14.2,25.0,35.2
27621,1601,138488,9.9,17.8,41.7,29.3
27622,3976,148969,3.4,23.5,46.4,29.1
27623,815,59186,13.8,24.1,21.9,16.1
27624,3397,39768,9.1,21.7,44.7,28.3
27625,2879,36213,5.3,10.4,37.7,21.5
27626,3711,77200,4.9,10.0,29.1,21.9
27627,1088,132065,11.2,16.5,37.6,16.5
27628,1928,130464,4.0,24.5,36.1,20.4
27629,311,98756,8.3,16.0,42.8,32.5
27630,3246,118266,9.5,7.2,26.0,37.2
27631,853,98179,5.8,22.3,26.3,25.8
27632,3850,102234,4.6,19.9,22.6,25.5
27633,3789,74792,8.9,9.8,37.6,34.4
27634,3322,101932,7.1,17.6,41.8,16.6
27635,535,70170,4.7,9.5,34.9,38.1
27636,2001,48585,5.5,13.5,36.4,16.5
27637,4279,138276,8.7,9.7,29.0,18.6
27638,1335,54773,4.6,16.9,33.5,19.1
27639,878,129722,14.2,11.1,45.9,37.1
27640,3952,97023,12.3,8.4,45.8,29.4
27641,2060,95311,6.9,6.2,44.8,29.5
27642,4372,86520,6.1,17.6,23.7,37.3
27643,1906,26985,13.5,16.9,49.2,35.4
27644,3330,95352,8.1,8.9,22.5,39.9
27645,1824,102759,13.4,5.1,49.1,35.2
27646,285,78319,11.9,7.7,40.7,30.3
27647,1594,108949,4.1,11.1,46.9,16.5
27648,2079,147000,12.8,15.5,41.6,20.1
27649,4153,32205,9.5,22.7,43.6,32.2
27650,345,50049,11.1,9.2,47.4,29.8
27651,4147,112036,5.6,9.3,47.6,18.9
27652,483,123474,3.0,21.9,27.9,23.7
27653,384,84431,7.0,15.2,50.0,38.5
27654,4094,61012,5.3,18.8,37.4,32.4
27655,399,109391,8.2,11.9,47.3,20.5
27656,1000,106094,4.1,21.8,29.4,34.0
27657,1559,81183,13.7,14.0,31.1,17.0
27658,3021,129279,4.4,23.1,27.5,35.7
27659,2633,108165,12.2,13.0,46.7,38.8
27660,905,32769,14.3,21.2,40.2,31.0
27661,2328,33989,4.8,6.1,21.6,19.3
27662,2021,86090,7.2,18.7,29.5,15.9
27663,4889,38739,11.8,7.8,23.1,30.2
27664,2487,129323,11.6,22.9,32.0,18.0
27665,2638,46951,3.4,24.3,45.9,39.1
27666,2096,103468,3.8,11.4,32.6,29.4
27667,4925,121687,4.4,16.3,21.3,25.6
27668,2603,123625,9.8,13.0,29.7,15.2
27669,204,143622,3.7,17.3,41.5,32.7
27670,538,81471,10.1,12.1,34.3,30.8
27671,1621,78047,7.1,21.4,42.3,26.2
27672,1451,67028,11.0,5.6,42.3,37.1
27673,2798,81315,12.4,19.8,44.3,25.2
27674,3712,99051,12.5,5.3,44.0,21.0
27675,608,47939,3.5,24.3,40.2,31.6
27676,4446,143020,14.4,5.8,37.6,37.9
27677,1374,95874,10.0,20.9,22.6,39.4
27678,2922,76819,13.7,19.0,25.7,15.1
27679,163,68054,10.4,22.2,45.7,23.4
27680,4021,33836,8.8,7.6,45.0,26.8
27681,4515,28844,11.8,12.1,36.0,33.5
27682,959,34903,5.6,6.7,44.2,24.7
27683,2927,68640,4.2,10.8,28.5,28.7
27684,1647,148720,4.1,17.2,20.7,24.7
27685,2176,33494,13.2,24.4,31.4,16.1
27686,536,61029,13.9,10.1,45.5,27.0
27687,3757,104770,12.8,11.8,21.4,38.0
27688,862,87211,13.9,13.2,23.1,25.6
27689,835,45144,14.8,5.6,30.8,29.4
27690,3764,144767,9.3,18.8,30.5,15.6
27691,4194,48386,4.8,7.5,35.8,34.6
27692,4828,134120,10.3,22.6,35.5,38.5
27693,1678,136455,7.2,13.3,21.1,39.7
27694,3829,25335,7.2,22.5,36.3,22.1
27695,1176,108798,11.7,19.7,23.5,20.8
27696,2380,52867,4.1,20.6,41.2,36.4
27697,1930,59620,3.5,12.5,48.3,38.7
27698,1998,29755,11.3,21.3,49.9,38.5
27699,4395,125304,6.1,16.2,33.3,17.3
27700,773,136203,7.6,8.4,39.4,25.7
27701,648,63006,6.7,22.8,36.0,19.0
27702,1036,32788,10.4,13.1,25.3,25.3
27703,4244,54575,4.9,23.0,34.2,24.6
27704,995,109049,11.6,16.5,48.3,28.9
27705,2669,95668,14.1,6.0,35.5,23.7
27706,2187,75120,13.0,20.7,44.1,24.9
27707,1013,51532,13.9,5.5,37.4,17.4
27708,1276,43909,14.2,7.0,34.7,18.8
27709,4871,109266,7.5,11.7,22.1,35.3
27710,4965,25749,12.5,17.6,48.3,28.9
27711,4406,35935,8.9,13.6,24.0,23.6
27712,3373,41049,6.2,13.0,41.8,32.5
27713,4342,132795,12.0,13.6,29.0,26.5
27714,1622,131799,5.9,7.5,29.4,39.8
27715,2902,27915,4.3,19.0,35.4,26.1
27716,3222,122042,11.5,9.0,34.0,39.5
27717,4690,30956,6.5,13.7,22.6,15.7
27718,2556,86409,6.7,24.4,24.9,30.4
27719,1749,110264,13.6,23.6,47.8,16.2
27720,2420,32579,4.6,20.4,32.8,32.2
27721,2605,33227,12.2,22.7,31.5,30.5
27722,1243,103245,7.6,18.7,35.3,25.3
27723,3872,44933,13.7,21.4,26.9,28.4
27724,145,112541,8.3,10.0,22.7,19.9
27725,3414,133881,7.9,14.1,46.9,23.2
27726,4506,80877,8.2,10.7,24.1,21.8
27727,2709,42817,13.1,5.8,39.0,15.2
27728,4526,54134,3.1,9.8,41.0,19.6
27729,4206,139176,11.5,10.1,20.3,32.0
27730,3219,25080,5.5,18.7,42.1,17.9
27731,1500,67462,13.6,11.9,49.5,28.0
27732,1691,112425,7.5,9.3,45.4,33.9
27733,107,103243,7.1,5.3,31.9,35.2
27734,1083,77663,11.6,13.0,20.4,38.0
27735,3697,80330,11.7,20.4,47.3,27.1
27736,1850,109862,10.6,17.5,44.9,27.8
27737,3611,115906,7.0,23.0,48.2,36.8
27738,3928,133226,10.3,16.5,49.5,32.3
27739,665,49759,3.7,6.0,26.9,30.7
27740,2420,144341,14.5,13.7,28.2,22.8
27741,1000,50747,8.4,13.4,31.6,38.3
27742,2278,125346,6.7,22.0,22.6,32.7
27743,3692,75439,13.3,18.1,48.9,34.9
27744,2871,135172,6.9,10.3,42.4,23.4
27745,213,120047,15.0,19.0,21.4,20.0
27746,631,61328,11.3,21.6,40.4,28.6
27747,1622,32793,10.8,6.1,24.0,35.4
27748,3510,100610,4.8,19.4,43.5,22.9
27749,1144,74433,10.3,20.9,39.8,38.4
27750,132,95246,4.9,12.2,36.7,24.6
