ZCTA,Population_65plus,Median_Income,Heart_Disease_Prevalence,Diabetes_Prevalence,Obesity_Prevalence,Arthritis_Prevalence
09251,1771,142785,13.6,14.2,48.5,28.1
09252,1182,88607,14.1,18.3,21.8,22.2
09253,1828,119920,8.9,7.4,35.0,39.0
09254,3951,52015,7.9,23.9,24.9,34.6
09255,2242,98060,6.3,15.4,47.7,20.1
09256,1248,105224,12.7,11.7,21.0,23.8
09257,353,39350,5.4,5.3,42.0,36.7
09258,4202,129752,10.5,18.5,45.9,19.3
09259,3642,59045,9.8,24.4,28.3,32.5
09260,2875,97302,6.0,16.2,41.9,29.1
09261,4737,132015,14.8,11.7,22.6,28.8
09262,3433,145758,13.2,13.4,24.8,30.7
09263,4284,146684,3.2,16.4,48.8,24.3
09264,3379,32353,8.1,18.8,26.8,30.7
09265,4408,33578,7.3,8.7,28.7,33.8
09266,2981,73008,13.6,23.7,46.8,28.1
09267,365,98203,6.2,13.3,28.8,26.1
09268,2440,25013,15.0,17.5,35.5,17.0
09269,3248,81549,5.4,23.2,28.9,15.5
09270,3459,45570,5.9,16.6,41.4,22.7
09271,1104,143163,11.0,18.7,49.1,15.8
09272,2194,102304,4.9,17.7,23.5,39.0
09273,4817,74155,13.7,10.0,44.0,15.4
09274,3371,118181,4.3,24.3,37.1,38.8
09275,4622,57407,14.8,14.4,36.3,31.7
09276,309,28290,13.5,7.0,38.6,17.7
09277,987,135155,13.1,25.0,44.7,21.4
09278,253,86282,7.9,18.0,41.2,39.4
09279,3693,136774,9.2,17.2,35.1,15.1
09280,514,65698,8.5,23.3,20.9,15.6
09281,3524,83946,14.8,15.8,32.1,37.1
09282,1384,104581,3.4,12.2,47.0,27.4
09283,3248,70759,7.6,8.5,37.3,16.7
09284,868,95362,14.6,21.2,31.5,35.3
09285,1082,130844,7.4,11.6,22.0,25.2
09286,3302,129464,7.8,15.3,49.0,26.0
09287,4774,94509,10.6,15.2,26.9,36.3
09288,3626,52118,13.9,19.8,40.0,15.7
09289,2887,51218,6.5,18.7,37.8,37.1
09290,2310,51065,14.4,13.5,25.0,34.3
09291,1138,113507,6.4,13.5,26.3,19.9
09292,4032,70018,12.8,10.4,48.2,25.0
09293,641,87544,6.3,11.8,49.9,29.5
09294,458,56498,3.9,19.2,31.0,20.8
09295,949,121612,12.7,16.2,35.0,21.6
09296,4622,80529,8.4,6.0,35.6,27.9
09297,2644,44617,7.7,15.2,23.8,29.9
09298,4681,121430,8.2,24.1,49.2,24.1
09299,1931,84039,10.3,7.2,29.2,38.9
09300,1572,42770,6.2,7.1,33.2,19.0
09301,1536,98079,5.8,18.4,46.4,23.4
09302,429,78944,8.8,24.2,41.1,34.2
09303,4454,42581,3.4,5.5,28.9,30.6
09304,4338,43669,10.7,11.9,21.9,17.8
09305,4108,106058,12.9,6.3,24.1,22.1
09306,4822,116099,11.7,10.3,31.7,27.3
09307,1488,136605,8.6,16.1,33.3,26.3
09308,4285,135485,9.8,13.8,34.4,24.7
09309,819,44343,3.3,12.3,22.0,15.2
09310,3335,75413,13.9,9.2,21.2,21.2
09311,4676,137233,9.7,17.4,38.7,19.9
09312,2231,149135,6.8,16.5,24.9,15.9
09313,1200,132083,6.5,18.3,39.7,24.7
09314,772,42924,10.9,20.9,24.5,16.9
09315,616,82049,10.0,19.6,36.5,17.3
09316,2632,132289,5.3,24.1,28.2,38.5
09317,3770,119028,7.9,8.4,26.0,30.5
09318,881,89407,11.1,24.0,26.6,27.5
09319,3623,136851,6.6,8.4,32.8,21.1
09320,3658,57066,9.1,21.9,36.2,21.4
09321,2486,112583,6.1,20.8,44.7,23.2
09322,4882,88894,3.9,18.3,41.8,16.9
09323,1689,96856,7.7,19.1,26.4,32.1
09324,1601,147355,11.8,18.8,33.0,22.1
09325,3894,149900,5.6,15.6,21.0,38.2
09326,4418,139806,12.1,5.7,37.1,23.6
09327,3180,140901,11.0,16.6,41.1,35.5
09328,1176,66573,9.1,12.8,42.3,20.6
09329,1200,105236,14.7,10.4,23.7,39.5
09330,602,54157,13.6,14.8,35.0,23.9
09331,1439,104820,9.8,22.0,46.5,38.7
09332,3985,119529,9.7,16.6,25.6,35.5
09333,723,78386,6.3,24.3,22.2,20.1
09334,1986,98039,14.0,13.4,27.8,37.9
09335,3450,77625,13.8,8.4,23.1,17.2
09336,1150,36489,11.9,11.3,21.8,19.8
09337,3872,108209,4.5,7.9,26.7,28.8
09338,4016,142068,11.4,18.7,31.0,36.9
09339,4118,123527,6.0,8.2,42.3,25.0
09340,1429,103395,5.3,15.4,22.2,19.1
09341,4214,36015,12.1,23.5,49.2,15.8
09342,3467,134510,14.5,13.7,20.4,34.0
09343,4051,128983,4.3,13.1,44.2,31.6
09344,2597,109560,5.0,9.1,20.2,28.2
09345,1673,38096,5.6,20.1,27.6,19.2
09346,2734,50562,14.6,11.1,48.0,20.0
09347,2868,104738,11.4,24.8,33.0,30.6
09348,1311,91559,11.1,8.3,30.2,40.0
09349,875,141231,9.1,5.0,39.7,18.4
09350,1260,81156,9.5,15.8,43.0,38.5
09351,2483,50848,6.5,6.4,47.6,38.4
09352,2754,92315,4.9,12.4,47.4,36.9
09353,3640,75852,12.4,14.0,41.0,28.4
09354,4797,135426,8.6,10.0,21.4,26.5
09355,4735,73548,6.1,24.6,29.3,16.7
09356,1195,82151,10.6,11.9,29.1,16.7
09357,123,35426,5.5,7.9,29.6,19.8
09358,4819,37536,8.9,5.7,23.2,27.1
09359,3656,101887,5.3,11.2,21.2,26.6
09360,1179,89556,12.1,21.4,27.0,23.4
09361,4418,94519,6.8,9.9,37.5,33.5
09362,278,137409,8.3,17.0,20.1,16.8
09363,2947,132519,12.1,24.8,46.6,36.1
09364,2060,105117,10.9,11.9,47.6,15.7
09365,1573,73030,7.8,17.3,38.4,38.1
09366,4988,106306,3.9,17.0,21.5,33.6
09367,1312,32385,14.1,16.9,49.4,30.7
09368,909,81746,3.1,24.1,38.6,18.9
09369,519,47542,11.8,20.7,35.9,22.7
09370,3759,45223,14.3,5.2,34.3,27.2
09371,3916,140513,6.7,5.6,23.9,34.2
09372,1378,60504,3.9,5.8,43.9,20.2
09373,2623,77558,6.0,12.3,34.9,35.9
09374,1540,109694,6.8,13.8,20.6,35.0
09375,1440,78784,8.4,21.1,24.6,30.5
09376,2321,50067,9.3,17.7,28.6,32.0
09377,2492,35051,11.7,25.0,47.4,20.4
09378,1461,68299,13.8,20.9,33.8,21.9
09379,691,50167,8.6,22.5,48.2,32.5
09380,626,60502,12.0,8.6,28.2,16.4
09381,2603,81039,4.5,17.8,49.5,27.0
09382,1392,123106,6.9,8.0,48.7,27.1
09383,1754,92028,4.4,18.5,41.4,23.1
09384,287,132443,11.3,21.2,42.7,25.7
09385,2858,116687,13.9,11.0,20.7,38.5
09386,628,25682,13.7,8.3,26.9,37.1
09387,533,50204,6.9,9.7,25.8,20.8
09388,3612,88159,5.8,21.2,48.8,39.1
09389,1904,45866,6.3,15.9,32.3,28.8
09390,402,71662,6.4,15.7,38.1,17.2
09391,4282,46131,4.0,16.5,28.1,26.7
09392,537,76392,4.6,14.8,27.6,25.0
09393,2688,69714,5.6,22.3,32.6,38.9
09394,932,123404,3.1,15.1,29.5,32.4
09395,896,26093,3.6,16.9,42.5,34.5
09396,659,104021,11.4,24.6,38.7,31.9
09397,3688,35683,10.4,14.1,40.8,24.8
09398,861,110692,14.3,8.7,36.2,18.5
09399,3674,66392,7.8,16.3,47.1,26.8
09400,3885,30334,8.3,19.1,21.9,24.1
09401,2614,123840,3.8,7.5,42.5,16.7
09402,784,140288,4.8,8.2,27.2,24.6
09403,4333,133162,11.3,5.5,38.7,28.8
09404,677,126059,5.8,19.9,47.8,29.2
09405,4905,99046,12.3,9.0,29.3,39.9
09406,327,106181,11.5,23.0,48.9,24.6
09407,2428,88712,12.0,15.3,25.3,22.7
09408,2831,48900,11.3,24.1,48.7,30.3
09409,927,56107,11.5,12.7,21.2,32.0
09410,530,144629,9.6,24.1,29.9,16.4
09411,1163,81660,11.1,24.6,41.0,16.0
09412,1809,67822,9.3,7.6,45.3,21.4
09413,1334,135228,5.5,7.5,25.0,20.4
09414,401,124831,5.6,13.5,48.0,37.4
09415,1520,49646,7.9,13.3,24.7,37.6
09416,4728,79400,3.2,18.0,46.1,30.0
09417,868,90979,13.7,7.3,46.5,37.2
09418,1504,73417,6.2,20.1,42.1,17.0
09419,543,87038,3.6,9.5,46.7,23.4
09420,3204,131882,8.1,8.0,22.5,21.8
09421,4455,88505,12.8,20.9,47.8,17.4
09422,3405,96210,7.8,6.6,33.9,29.5
09423,1638,128499,6.2,19.2,28.9,29.5
09424,4030,26869,9.5,7.2,20.2,26.7
09425,1431,78800,9.9,19.8,37.1,37.6
09426,169,67971,12.1,20.8,21.9,28.4
09427,3535,52497,12.6,16.7,20.4,28.7
09428,580,120596,11.5,12.0,32.5,15.1
09429,4194,69311,3.1,9.7,21.8,26.2
09430,3596,107199,3.0,21.2,45.4,19.5
09431,2893,25770,14.7,7.1,21.4,27.9
09432,2992,112482,6.2,24.5,36.9,30.3
09433,1298,75105,6.4,20.6,35.8,32.3
09434,2472,54000,11.8,18.8,36.8,32.0
09435,1992,26559,10.0,24.8,24.0,22.1
09436,1983,117609,8.6,18.8,46.5,28.1
09437,897,77598,4.4,7.1,39.6,29.3
09438,117,69327,4.0,11.5,43.5,36.2
09439,143,118659,11.4,16.7,45.4,22.8
09440,254,31982,4.5,16.5,46.8,18.9
09441,3548,43824,8.2,5.2,41.7,31.6
09442,4938,123412,11.8,10.2,41.8,34.1
09443,4180,144142,14.1,19.7,24.5,39.0
09444,1525,34147,13.5,18.2,25.1,26.7
09445,4420,32078,13.4,23.0,42.6,33.4
09446,4412,110280,7.3,24.2,26.6,27.6
09447,3739,110409,14.1,22.4,36.6,18.4
09448,4226,90853,11.2,16.1,28.1,37.9
09449,1992,123644,13.6,15.9,27.7,30.6
09450,997,136932,4.1,12.4,33.5,15.8
09451,3524,62212,3.5,23.0,25.0,26.2
09452,4640,108994,8.2,21.6,45.4,20.8
09453,1358,148517,12.9,20.6,24.4,37.2
09454,2115,70456,7.9,20.6,43.4,26.9
09455,4933,88803,13.6,22.0,34.1,26.6
09456,1802,106577,5.8,23.4,26.2,22.9
09457,973,47062,3.5,21.4,30.3,16.1
09458,665,70423,12.1,21.3,32.8,22.0
09459,2118,133886,10.5,18.2,28.4,28.9
09460,1985,145172,8.3,14.2,44.3,23.2
09461,2223,102716,13.1,16.0,30.6,16.4
09462,4742,136495,12.9,15.7,34.7,34.6
09463,2414,38384,6.9,21.5,20.9,28.9
09464,4512,134689,13.1,10.3,26.8,19.8
09465,3983,37128,7.1,12.3,22.4,28.8
09466,3292,37473,10.5,16.1,47.3,32.3
09467,1959,130283,5.3,24.7,45.8,31.5
09468,124,27366,6.2,14.8,28.4,31.0
09469,3603,52578,8.4,7.5,34.6,18.9
09470,4355,70649,6.8,18.5,29.7,15.8
09471,1237,40327,4.5,17.3,43.3,18.8
09472,1289,92101,8.8,21.9,27.0,28.5
09473,4898,83136,9.1,22.1,44.4,29.2
09474,4196,127008,4.9,10.2,25.4,31.8
09475,3257,117512,5.1,5.9,28.7,26.3
09476,2467,148234,3.4,20.7,46.7,38.8
09477,4577,61969,3.4,18.0,28.6,25.6
09478,1841,136009,7.3,7.8,47.3,27.7
09479,3788,102745,4.8,24.7,24.1,29.3
09480,3846,37929,14.0,23.5,39.0,31.4
09481,997,35444,5.4,19.5,28.4,15.5
09482,4123,33756,3.8,6.1,29.6,28.3
09483,816,28453,7.9,9.3,45.0,35.0
09484,4067,73424,5.3,11.5,37.2,22.2
09485,4121,67262,3.7,6.1,26.6,23.7
09486,3315,72292,12.0,21.5,48.4,27.5
09487,490,51326,9.7,6.5,32.1,23.7
09488,3984,142278,3.7,9.1,46.4,19.4
09489,1799,114537,8.6,11.4,47.4,30.7
09490,3137,58025,3.5,11.6,32.6,38.9
09491,332,39788,7.3,10.3,32.4,25.0
09492,2026,83939,7.4,24.6,36.6,27.1
09493,3231,80373,12.9,24.2,39.1,16.9
09494,3406,26046,11.8,17.4,21.6,24.4
09495,2824,31646,13.8,7.5,22.0,27.5
09496,4901,76384,4.7,19.1,27.5,20.6
09497,333,84938,9.4,24.5,33.0,39.4
09498,1491,78229,3.2,25.0,39.6,15.7
09499,2992,118696,12.9,17.3,25.9,36.6
09500,1355,83984,7.4,8.8,29.2,29.8
09501,2638,51287,3.8,21.6,32.2,24.4
09502,3790,106968,6.9,17.5,28.4,23.4
09503,989,115279,6.4,14.0,31.6,16.1
09504,4787,125157,12.2,8.0,23.8,20.1
09505,845,135350,4.5,9.8,20.5,27.0
09506,1819,45125,9.7,16.6,25.9,36.2
09507,527,59836,12.5,10.2,28.2,35.0
09508,831,82735,11.9,14.6,43.7,29.0
09509,899,136720,14.2,19.3,42.5,21.9
09510,4397,130761,3.0,24.7,41.8,24.6
09511,935,96359,7.2,5.9,48.8,15.5
09512,234,51025,7.4,20.9,32.3,34.2
09513,2638,57996,3.4,7.6,23.1,36.8
09514,3818,61020,12.8,23.9,44.6,19.2
09515,140,123655,11.3,20.4,37.5,35.7
09516,3467,125576,9.3,13.0,50.0,32.2
09517,2515,45421,7.9,15.3,30.2,38.6
09518,2140,49809,13.7,18.5,46.2,20.9
09519,4439,82609,6.2,16.2,45.8,33.6
09520,3049,42241,7.0,24.6,49.5,29.7
09521,4361,72417,14.4,25.0,49.5,39.2
09522,3566,148378,3.8,6.1,49.8,32.3
09523,3188,34068,12.4,19.6,47.4,27.0
09524,4923,89729,11.6,19.9,27.8,32.3
09525,1215,51834,13.8,20.8,33.2,39.9
09526,4678,94730,4.1,23.3,49.1,34.8
09527,2690,116756,14.6,16.9,32.0,38.6
09528,3673,104235,3.3,10.1,47.5,39.1
09529,3078,76544,7.1,18.4,42.7,35.2
09530,2547,93860,4.0,11.5,46.0,20.4
09531,1330,68911,3.6,11.9,42.7,35.2
09532,2766,86963,14.6,17.3,31.5,17.0
09533,4954,64029,11.6,10.8,28.2,24.6
09534,4358,111871,9.1,18.9,41.1,39.4
09535,2694,51832,4.3,22.1,22.6,27.7
09536,3530,26432,9.3,24.7,25.5,28.3
09537,3017,25480,6.8,8.4,20.9,33.2
09538,3052,147879,6.3,14.1,28.5,22.4
09539,2095,93506,10.4,19.8,29.4,16.1
09540,3991,59433,12.5,16.5,46.8,20.3
09541,406,140016,8.3,6.3,42.8,34.6
09542,1462,77406,8.9,12.0,40.6,24.1
09543,2202,39265,10.8,20.9,43.9,18.1
09544,3130,99144,4.5,14.9,39.1,30.8
09545,432,97786,12.9,18.9,27.9,28.0
09546,2852,141989,13.0,17.8,48.7,26.2
09547,342,25944,9.5,23.9,24.1,20.8
09548,1984,59820,5.3,22.2,23.2,33.7
09549,1532,35542,9.0,11.9,27.2,29.0
09550,2650,83323,4.3,15.0,45.7,39.6
09551,402,98239,12.2,14.5,33.3,36.6
09552,4430,116768,6.7,10.6,31.9,20.9
09553,3209,84998,6.7,17.4,28.5,28.3
09554,2286,124755,14.3,10.2,48.8,28.2
09555,4390,101739,8.1,8.2,43.1,18.7
09556,1650,68743,12.5,7.2,25.0,35.3
09557,1892,131222,10.6,10.7,30.5,23.4
09558,746,54922,6.8,14.5,30.8,18.5
09559,4756,38965,4.5,7.3,26.7,21.0
09560,812,45387,12.6,18.5,23.8,39.3
09561,4608,59354,12.2,22.4,45.1,29.1
09562,637,74541,5.0,13.5,35.6,15.5
09563,334,28728,6.0,22.5,30.7,28.2
09564,2496,83193,12.2,8.0,21.8,39.4
09565,1604,114927,14.8,6.6,27.6,17.3
09566,1474,50394,13.1,21.3,41.7,24.5
09567,4611,143323,11.2,24.5,46.8,25.0
09568,2009,102835,14.0,11.8,46.8,18.8
09569,1015,31480,6.4,18.1,29.4,25.7
09570,4058,76806,3.1,18.1,41.3,17.7
09571,180,119066,6.9,18.7,24.4,32.4
09572,2183,72232,14.7,16.4,28.5,38.2
09573,2788,94642,13.6,10.1,35.5,25.3
09574,1790,131985,3.6,6.6,43.3,39.4
09575,856,109239,9.0,5.3,47.3,28.9
09576,2770,122636,3.9,8.6,48.3,15.9
09577,3851,101656,12.5,7.4,24.9,19.2
09578,3652,134659,7.5,5.8,33.3,17.5
09579,567,63920,13.9,6.8,40.3,32.6
09580,1594,109854,3.7,6.0,42.6,33.3
09581,1119,116258,11.8,16.0,35.1,25.0
09582,1001,142511,7.8,6.1,21.7,35.8
09583,772,121536,6.2,24.9,44.0,36.9
09584,538,93041,9.2,15.0,45.9,21.5
09585,4322,113999,8.8,23.0,46.7,36.3
09586,2176,105322,7.2,14.8,46.3,35.1
09587,544,98334,10.8,7.7,42.6,25.2
09588,1065,89918,10.9,21.8,32.5,24.3
09589,3890,49253,3.9,9.8,25.4,39.4
09590,563,130238,10.1,5.8,23.9,25.3
09591,2298,34003,11.5,8.8,41.3,22.5
09592,2387,106975,3.9,17.0,43.4,30.2
09593,3865,99435,10.9,13.7,39.6,36.9
09594,3276,39714,12.6,8.2,37.2,30.6
09595,4108,40861,13.0,15.7,37.7,37.2
09596,3604,140697,3.5,24.1,22.0,35.0
09597,1012,111038,11.4,19.5,28.5,37.3
09598,596,118960,12.6,6.4,25.1,34.5
09599,1563,28316,7.8,11.4,33.6,30.0
09600,4353,103595,9.5,18.8,22.3,16.4
09601,4367,61257,6.2,7.8,29.9,24.0
09602,593,45710,6.7,15.8,46.3,16.3
09603,1526,143993,9.0,15.9,22.9,38.0
09604,1792,79433,4.8,6.8,37.0,38.6
09605,1893,132896,7.4,17.1,27.9,18.8
09606,2823,105737,6.6,23.0,31.1,30.6
09607,758,42577,5.9,18.0,29.0,35.6
09608,4861,95530,8.8,23.3,21.9,17.0
09609,4562,32506,13.1,17.3,22.1,39.2
09610,649,82121,5.9,20.0,34.1,30.3
09611,742,92033,10.9,22.9,45.4,24.1
09612,4450,34442,6.1,14.3,48.0,29.1
09613,307,83216,4.7,8.2,26.8,29.1
09614,2597,27410,14.3,7.4,46.9,17.9
09615,4290,135046,10.6,24.1,21.4,29.3
09616,1983,51154,4.3,15.9,45.2,31.8
09617,2986,99202,10.6,18.7,36.5,20.7
09618,577,122188,5.1,17.2,22.6,15.7
09619,861,46515,13.7,16.3,22.3,27.7
09620,289,77718,6.0,16.2,24.3,17.1
09621,855,88446,12.7,14.5,21.4,21.6
09622,1546,110968,5.4,22.7,41.2,27.2
09623,1763,64695,9.7,7.4,38.5,16.2
09624,1935,40421,13.9,19.3,45.2,37.9
09625,4328,46008,6.6,18.6,34.6,24.1
09626,4250,131766,4.0,6.2,37.5,26.4
09627,4160,113601,9.6,9.3,24.3,29.0
09628,4705,120788,5.1,20.8,35.6,27.8
09629,4865,63785,11.7,9.7,29.5,20.3
09630,3712,80952,10.1,16.6,33.5,18.7
09631,1789,88552,7.2,6.7,45.1,19.5
09632,1416,32005,11.5,9.5,40.2,24.3
09633,4929,143239,5.9,22.8,21.8,32.8
09634,3286,137413,14.0,12.2,48.8,31.6
09635,4120,78737,7.2,21.1,27.7,30.2
09636,4454,56811,12.2,14.6,33.8,19.1
09637,1245,127761,6.1,11.4,34.1,17.3
09638,4494,143571,11.6,16.3,39.4,19.5
09639,660,122887,3.4,15.7,45.3,34.9
09640,2012,117731,6.5,24.7,28.5,34.7
09641,1964,99722,4.1,11.9,28.8,32.0
09642,396,74920,8.4,18.1,26.7,37.5
09643,2509,136634,8.2,18.8,42.8,16.2
09644,2736,50120,7.3,17.5,39.1,31.2
09645,1561,95610,14.8,14.6,26.3,35.7
09646,4392,34123,5.9,20.7,33.4,28.0
09647,2368,49666,12.5,20.4,32.2,25.3
09648,1094,137602,8.4,24.2,36.1,32.0
09649,107,111253,7.0,24.5,44.6,32.8
09650,2691,72565,5.4,9.3,46.8,32.0
09651,2615,130495,10.6,18.1,26.5,39.0
09652,4515,148730,7.0,22.1,38.1,39.2
09653,1517,130852,12.8,24.2,44.1,30.7
09654,2416,44352,14.6,7.9,24.1,39.1
09655,4032,56626,5.7,24.0,30.2,38.2
09656,1387,136368,4.5,9.5,24.8,20.7
09657,2944,118189,6.8,16.4,31.3,33.3
09658,1218,121825,8.6,18.1,21.3,23.1
09659,652,27659,6.6,22.6,34.8,35.0
09660,760,25633,14.6,21.1,49.9,22.5
09661,815,40716,12.4,23.7,46.3,20.8
09662,3685,126532,14.6,20.7,35.3,39.3
09663,3861,116336,7.5,11.8,37.6,21.8
09664,2629,42632,6.7,8.6,43.0,32.6
09665,4070,42366,7.9,8.1,27.0,16.4
09666,3507,60278,9.3,6.8,36.5,27.5
09667,1558,110770,11.9,23.6,34.5,27.9
09668,3367,144446,13.6,14.7,31.5,33.8
09669,954,45377,8.6,24.3,33.7,32.1
09670,4860,138920,6.5,20.5,43.1,30.9
09671,3637,124293,6.8,24.1,31.4,22.1
09672,1997,92152,11.4,22.4,47.6,25.8
09673,372,121686,9.8,16.7,46.9,29.9
09674,4187,81173,8.8,9.5,49.2,24.9
09675,1372,33616,5.4,10.1,21.9,37.0
09676,4474,34622,13.5,12.4,38.2,37.8
09677,4119,108555,12.4,5.5,26.2,27.7
09678,915,70160,4.7,18.3,22.4,17.9
09679,4471,64163,7.4,16.1,35.4,21.0
09680,1022,121900,9.5,7.0,48.0,38.6
09681,4837,128522,8.5,21.5,28.8,35.0
09682,4700,107097,7.8,21.5,32.0,33.1
09683,4967,104112,11.6,7.4,40.5,24.4
09684,1364,95787,3.7,9.1,46.3,23.8
09685,3824,71278,8.7,10.0,23.1,28.9
09686,2887,118888,6.1,15.5,37.8,29.1
09687,2822,124023,4.0,23.9,27.2,30.1
09688,4323,126432,8.6,18.3,43.3,29.3
09689,2650,48419,5.1,18.6,28.0,23.0
09690,3049,119616,6.1,10.8,41.8,19.5
09691,1773,52577,9.1,17.5,41.4,39.3
09692,4687,105133,14.7,9.2,49.3,17.3
09693,3192,60557,11.2,19.2,34.8,35.4
09694,2938,115765,6.4,9.7,24.8,19.9
09695,1766,47645,7.6,5.3,43.8,38.8
09696,4611,69516,7.9,15.5,42.4,27.5
09697,2295,40306,4.8,11.0,45.5,23.5
09698,1484,52968,4.9,17.6,36.8,38.0
09699,4503,103131,4.8,19.9,39.8,23.5
09700,4054,50065,9.3,21.3,48.9,28.2
09701,2999,50920,11.1,24.6,20.5,35.0
09702,160,130204,10.1,16.1,40.0,33.7
09703,4047,57636,14.7,14.6,33.8,37.4
09704,2390,147211,4.5,9.9,32.3,24.2
09705,572,123911,14.8,19.9,29.0,20.1
09706,1058,105608,8.6,14.7,41.8,25.9
09707,632,61359,5.6,11.5,23.5,32.1
09708,593,63413,14.3,13.6,26.9,21.6
09709,181,94655,8.6,12.4,29.6,31.9
09710,3070,95847,7.2,24.6,26.1,19.2
09711,111,33944,5.6,9.5,24.4,39.9
09712,4644,28048,6.2,13.3,34.6,28.7
09713,861,62212,14.8,11.1,23.5,16.9
09714,3285,94656,6.6,8.4,29.2,18.0
09715,125,102189,14.7,11.0,47.2,29.8
09716,1906,41000,7.0,14.8,36.4,28.9
09717,4257,124318,5.8,17.6,35.6,25.3
09718,4424,70654,5.2,17.3,44.3,30.1
09719,4802,100496,7.9,20.5,40.7,17.4
09720,3759,111816,5.8,6.4,30.9,18.1
09721,1625,113973,11.4,11.3,24.0,22.3
09722,860,50534,5.9,12.1,42.6,35.6
09723,694,124895,13.0,18.8,23.3,21.0
09724,1155,69221,13.0,9.2,29.2,33.4
09725,1954,38339,6.4,9.3,43.3,29.5
09726,3183,125892,12.0,6.9,41.1,23.6
09727,4016,60306,13.3,15.7,45.4,18.1
09728,3775,105359,10.1,19.5,38.1,33.2
09729,2148,83134,7.4,19.0,38.8,25.9
09730,1558,37459,8.3,19.9,34.9,30.2
09731,1319,96717,12.4,8.4,29.1,26.1
09732,4328,37208,6.5,16.7,34.6,32.3
09733,4281,78546,7.0,6.9,23.6,16.4
09734,1599,122545,4.9,24.3,49.8,16.2
09735,1930,142786,7.8,7.1,30.3,21.6
09736,3495,82991,4.0,22.6,45.7,35.0
09737,1303,103571,6.9,5.8,47.3,25.7
09738,4370,30876,7.5,15.6,20.8,39.4
09739,2910,92011,6.1,22.1,37.9,34.5
09740,3192,104316,4.2,17.7,45.6,30.3
09741,3144,144892,9.3,14.9,33.1,21.4
09742,4773,51636,13.4,7.5,21.8,21.6
09743,3614,114657,7.0,18.2,31.5,23.5
09744,1898,55978,5.8,17.0,28.3,36.2
09745,2675,128379,6.4,14.2,46.6,35.0
09746,244,83467,13.3,9.7,40.0,33.4
09747,4957,50191,9.3,9.4,27.8,28.1
09748,4026,116396,4.6,24.4,44.2,24.2
09749,1477,51901,11.5,24.3,35.3,33.4
09750,3246,36329,4.9,23.7,46.3,23.3
09751,1925,45056,3.7,15.3,44.0,34.4
09752,893,126159,6.1,24.8,40.0,18.8
09753,1701,108543,5.0,10.9,23.5,30.6
09754,4514,53025,10.3,13.5,38.1,17.5
09755,1210,128940,8.8,8.5,38.5,28.9
09756,4153,35895,11.7,14.3,44.5,17.5
09757,4893,34332,9.1,8.7,25.5,37.4
09758,4037,126134,8.0,6.3,38.3,25.1
09759,4063,131994,9.3,5.2,44.8,30.9
09760,882,105076,8.2,12.6,20.5,23.5
09761,1216,29682,3.4,23.0,38.4,28.6
09762,1850,99831,11.2,13.7,44.4,33.0
09763,2676,126393,14.5,17.9,33.5,23.5
09764,4127,125056,8.1,21.4,25.7,20.3
09765,3436,127318,8.1,16.1,43.5,32.3
09766,4487,25613,3.5,16.3,22.7,18.2
09767,1587,85391,13.7,15.5,36.0,35.6
09768,3975,107563,14.1,7.5,20.2,28.9
09769,3731,134364,12.8,17.7,34.1,18.6
09770,4292,86497,4.3,19.5,46.9,26.7
09771,4058,42519,13.8,5.0,47.9,23.9
09772,3497,136188,3.3,6.7,24.9,18.9
09773,173,41202,8.3,15.8,38.6,16.0
09774,1459,137441,9.0,21.8,21.7,26.2
09775,1191,45083,13.0,15.7,40.4,31.3
09776,4953,68322,12.0,13.7,43.0,37.2
09777,2041,139849,12.6,23.7,33.7,23.3
09778,3248,35013,13.4,6.5,32.8,22.6
09779,4403,96605,8.7,7.8,36.5,28.2
09780,1344,86763,12.4,18.7,28.8,29.2
09781,1385,52341,3.8,7.2,34.4,18.6
09782,4605,126706,8.3,7.7,46.1,16.9
09783,3136,35819,3.4,22.4,23.3,19.5
09784,870,61761,14.0,9.2,36.5,30.4
09785,1943,136490,14.5,17.4,29.5,24.8
09786,173,79007,4.0,12.9,42.8,17.3
09787,1760,54173,9.4,7.7,30.1,34.5
09788,4449,25056,6.9,12.7,43.9,30.8
09789,919,144972,7.1,13.3,31.9,35.9
09790,3918,77389,8.4,17.6,38.6,22.6
09791,431,51920,4.5,8.1,41.0,29.2
09792,1521,87467,5.2,5.7,29.6,32.6
09793,3755,88897,9.9,17.1,32.6,38.0
09794,1791,144590,3.2,6.3,45.3,16.3
09795,4650,96532,10.2,8.1,33.3,37.9
09796,4508,120337,6.8,24.6,34.1,19.7
09797,327,58387,13.0,5.5,37.5,25.1
09798,2981,41041,10.2,17.8,43.4,18.1
09799,2965,46258,11.5,7.8,22.1,37.1
09800,2675,38066,4.4,21.4,38.0,21.9
09801,4622,27613,6.2,16.6,45.9,30.2
09802,564,146829,15.0,14.4,30.1,26.8
09803,377,119373,8.2,14.2,40.5,36.9
09804,4214,112293,7.3,18.4,27.7,16.0
09805,165,44219,13.5,21.8,23.3,25.4
09806,4362,115777,3.4,5.1,25.2,21.4
09807,502,131623,9.4,5.4,41.7,21.5
09808,4083,94093,5.5,10.4,37.7,28.3
09809,4604,94707,7.4,19.8,25.8,21.0
09810,3578,29982,5.4,8.9,21.1,28.1
09811,3544,104068,3.5,13.1,44.8,18.4
09812,4792,130229,8.0,15.2,41.0,38.1
09813,4519,107554,12.5,12.5,33.5,35.6
09814,3139,77760,14.4,14.3,26.2,17.2
09815,1537,81758,10.5,21.0,49.0,35.3
09816,528,73562,7.7,9.6,31.3,34.2
09817,2782,86033,12.2,11.5,47.8,16.7
09818,2877,96273,9.1,15.5,26.7,27.4
09819,3478,70670,7.4,22.3,46.5,18.8
09820,492,116097,5.1,9.1,36.3,16.4
09821,4641,114865,12.6,15.5,48.3,31.8
09822,441,43957,9.0,22.5,23.7,26.5
09823,232,91692,14.6,7.3,49.7,29.3
09824,364,128957,12.6,19.4,26.1,18.6
09825,4288,89074,8.0,9.5,22.8,25.6
09826,1785,28868,11.9,8.5,36.9,18.2
09827,1534,146222,8.4,9.7,40.4,27.6
09828,1760,131739,4.0,15.1,31.4,25.1
09829,3917,42151,9.2,17.1,40.9,39.6
09830,2454,134713,13.4,8.9,48.4,15.5
09831,365,33606,13.3,7.2,43.9,22.4
09832,4841,64338,9.9,14.1,46.6,30.3
09833,1236,102011,7.6,6.1,46.9,30.5
09834,4649,70304,3.1,15.8,29.0,28.9
09835,1490,134602,6.7,18.7,41.2,36.5
09836,1212,60654,14.9,23.9,42.4,33.7
09837,2334,137892,11.7,7.9,23.6,38.3
09838,2966,91397,11.6,13.7,34.5,31.9
09839,3168,121003,12.1,10.1,39.7,21.6
09840,2279,111834,10.4,9.4,28.7,29.2
09841,734,79109,10.0,15.4,39.2,34.0
09842,3731,118469,8.4,7.9,21.6,35.8
09843,1499,143621,8.3,5.3,37.7,17.2
09844,4886,135260,13.5,8.2,23.0,26.1
09845,2839,139897,7.7,11.7,40.5,20.8
09846,3270,145810,13.1,5.2,39.7,35.7
09847,1965,141845,13.1,22.1,38.7,16.7
09848,2055,125681,12.3,16.7,27.7,24.1
09849,4777,141877,3.5,5.5,40.1,18.0
09850,2318,148555,4.8,9.6,32.4,31.5
09851,1489,63998,6.8,18.3,36.1,15.2
09852,4979,113203,13.2,5.6,40.5,36.0
09853,3230,141043,13.5,12.5,31.1,27.9
09854,4376,138313,3.5,6.9,49.8,25.3
09855,4214,82369,6.9,12.8,21.9,24.3
09856,1349,134189,13.2,24.4,41.9,23.0
09857,3266,106764,6.0,14.1,27.2,22.8
09858,1345,124954,14.7,17.3,49.5,38.7
09859,153,139356,8.9,13.2,35.9,26.5
09860,3010,126262,14.2,11.3,43.5,17.2
09861,2496,111377,8.1,17.2,26.1,26.6
09862,542,30990,6.9,17.4,46.4,33.2
09863,4775,141370,7.3,17.3,48.9,29.5
09864,3711,103183,13.6,5.5,36.2,35.9
09865,4477,43350,7.0,18.9,45.5,24.4
09866,2507,28286,11.0,18.5,40.1,37.1
09867,922,75147,8.6,6.4,27.3,31.8
09868,3802,147956,14.3,8.8,47.6,28.7
09869,3039,109062,4.9,15.4,43.4,33.8
09870,4836,124260,8.1,12.2,46.7,17.0
09871,1131,52620,4.5,16.5,30.9,21.4
09872,2116,25217,9.9,20.2,33.6,24.4
09873,662,78098,7.8,16.0,28.7,30.3
09874,2638,125719,3.7,14.2,30.1,19.0
09875,440,113115,13.2,10.3,27.8,39.7
09876,4667,69305,7.5,17.3,41.8,38.6
09877,3875,124771,8.9,21.5,31.4,25.9
09878,2396,70742,7.9,10.2,41.9,37.4
09879,334,44256,8.9,20.8,40.2,36.8
09880,1216,41416,3.2,13.4,36.7,24.2
09881,2008,134415,12.8,7.2,40.2,28.6
09882,1517,44871,7.0,23.2,36.6,16.0
09883,1391,48171,11.7,18.6,41.6,27.8
09884,3588,115536,3.8,21.8,29.8,27.7
09885,4827,111802,9.3,18.1,43.4,35.9
09886,3754,28078,13.9,7.5,29.0,16.8
09887,628,129942,7.8,15.8,49.4,30.1
09888,3424,119946,5.4,17.7,31.6,35.6
09889,2080,62630,4.2,10.2,20.4,25.3
09890,3039,141505,13.3,17.6,34.0,29.0
09891,1429,145555,5.9,16.3,48.7,31.4
09892,1333,102654,14.7,5.4,39.0,16.6
09893,1853,112393,6.0,22.7,23.1,26.4
09894,2900,102746,8.8,15.7,23.2,20.8
09895,3033,105567,8.5,16.7,33.5,37.8
09896,2859,62062,3.7,8.0,26.8,38.6
09897,2875,124018,9.4,21.1,38.1,34.1
09898,3587,105306,11.1,15.6,48.0,18.1
09899,3950,142895,11.9,6.8,49.0,39.9
09900,2627,61748,9.3,19.0,47.6,16.3
09901,990,62151,12.8,14.8,28.9,38.4
09902,2165,76176,12.0,11.7,49.3,20.8
09903,1288,69689,5.3,23.4,29.2,20.5
09904,4397,64630,7.8,21.4,38.8,28.9
09905,840,43998,4.7,5.9,46.7,29.6
09906,1469,91346,4.6,19.0,39.8,27.6
09907,1489,35647,11.5,8.4,49.9,36.4
09908,2100,125334,9.4,5.3,30.5,15.2
09909,1571,103740,10.2,9.4,23.6,22.2
09910,1636,31033,11.8,6.0,26.6,34.4
09911,418,105781,6.3,17.8,25.5,28.4
09912,2364,51361,7.8,20.1,47.1,18.9
09913,1994,125276,10.3,8.6,34.0,26.1
09914,3811,131258,4.2,9.2,35.5,16.2
09915,4919,148596,13.0,7.7,25.2,19.8
09916,2922,91360,7.1,16.2,26.4,31.5
09917,4608,59495,10.9,14.8,44.0,19.1
09918,1375,130807,14.9,5.1,40.5,28.6
09919,3183,128425,8.7,12.4,29.9,28.5
09920,500,43616,5.6,6.8,43.9,17.8
09921,823,138313,5.6,16.6,21.6,38.3
09922,2429,30680,3.7,14.5,22.1,30.5
09923,1235,97281,12.2,14.2,22.7,35.5
09924,2870,32605,6.5,19.7,41.1,28.4
09925,4946,58530,5.1,14.2,37.9,33.8
09926,367,123325,11.6,14.7,45.9,28.4
09927,669,141947,6.7,17.7,49.1,27.7
09928,2656,105348,10.2,11.0,30.2,19.4
09929,2073,62329,8.0,23.7,38.9,15.8
09930,645,146820,7.0,10.6,46.1,21.0
09931,2922,28305,8.9,23.3,27.0,19.6
09932,4560,119379,6.8,21.3,22.9,31.6
09933,4742,65538,13.4,23.1,49.5,19.7
09934,370,56394,3.9,8.7,47.0,18.2
09935,838,79044,3.4,9.6,38.3,36.4
09936,1357,34733,7.9,22.0,20.3,22.6
09937,158,33612,5.1,24.1,26.8,36.4
09938,4281,88866,11.9,20.1,40.9,35.0
09939,4958,135040,7.2,17.8,30.8,35.5
09940,489,29436,6.1,21.2,37.1,19.5
09941,818,130401,7.3,5.8,21.7,15.6
09942,4344,51559,5.6,22.1,36.5,22.9
09943,4778,130118,6.6,10.6,24.3,35.6
09944,220,98850,9.8,6.1,23.2,39.6
09945,2752,144655,13.4,18.6,34.7,26.9
09946,2403,66393,7.5,20.1,35.4,19.3
09947,4961,41335,6.8,17.5,47.0,21.2
09948,3011,47715,12.4,12.0,49.7,36.4
09949,899,29165,3.3,7.3,23.3,17.9
09950,3480,143170,6.6,20.4,29.5,23.3
09951,2206,131341,8.4,5.9,42.1,35.9
09952,1209,142572,10.2,20.2,39.7,21.9
09953,1350,76790,4.9,24.1,22.4,28.9
09954,2740,78029,8.2,24.9,21.8,21.5
09955,1749,121573,9.8,12.9,32.4,16.5
09956,1445,105308,9.1,7.2,34.9,23.5
09957,3056,42999,9.9,6.9,37.2,15.4
09958,2546,40505,10.9,14.8,39.2,38.0
09959,3464,47388,7.6,20.8,34.5,18.8
09960,584,127112,3.8,6.0,41.5,30.3
09961,902,139914,3.7,8.4,23.5,38.9
09962,1815,71461,13.3,16.8,42.3,38.0
09963,2015,137630,11.1,6.7,38.6,17.7
09964,3583,105051,12.2,22.6,20.3,33.7
09965,1857,123839,14.1,15.1,34.1,25.1
09966,1909,58890,12.0,12.7,30.5,17.0
09967,3107,78517,11.3,5.3,27.6,32.3
09968,3325,64857,10.9,7.3,21.7,38.0
09969,3595,112133,6.1,21.6,49.3,19.9
09970,2420,104639,14.5,19.0,28.4,18.3
09971,1770,126838,9.5,5.4,33.7,22.4
09972,4715,107578,5.7,24.5,22.8,18.9
09973,1251,121540,5.5,12.1,43.9,19.9
09974,4847,73149,12.8,17.1,20.7,25.3
09975,2323,39337,6.0,19.5,37.7,17.8
09976,2767,121204,3.5,24.1,28.3,17.2
09977,310,52683,8.1,22.8,30.4,26.3
09978,2594,88269,12.8,16.9,35.7,24.9
09979,4781,97754,8.0,7.8,34.1,33.7
09980,4362,132662,12.6,21.9,32.3,34.1
09981,2607,128295,12.9,21.3,38.8,27.9
09982,3063,104330,13.3,17.8,36.5,36.3
09983,3528,133467,10.1,24.8,29.9,17.4
09984,3475,82360,11.4,15.6,25.7,17.9
09985,4055,141591,6.1,9.3,24.7,26.3
09986,3805,75764,4.2,10.1,21.1,38.6
09987,3505,30397,9.4,13.1,33.4,28.2
09988,4138,135202,3.1,13.5,25.2,24.7
09989,1152,89949,8.6,21.6,46.5,20.0
09990,813,148315,4.2,22.7,32.7,39.3
09991,2988,70031,4.3,12.7,38.8,23.7
09992,787,143143,13.4,23.9,29.4,21.8
09993,429,125308,10.7,23.6,27.8,24.5
09994,1846,120065,10.7,13.2,44.5,30.7
09995,1307,93269,7.9,22.4,31.1,16.5
09996,2242,144939,8.0,7.3,22.9,17.9
09997,884,49838,6.6,15.2,29.7,39.7
09998,2796,142129,8.2,19.3,23.6,24.2
09999,3920,131254,10.0,11.9,33.9,29.2
10000,3818,47425,5.2,5.5,28.8,24.3
10001,2793,64119,6.1,6.1,44.6,15.1
10002,725,124111,8.9,22.9,22.0,33.8
10003,4334,139364,7.6,15.4,49.5,27.0
10004,3808,76664,12.8,8.0,43.9,27.1
10005,861,58125,12.9,23.0,40.0,27.9
10006,4079,32311,7.0,23.8,21.6,20.0
10007,3629,60169,8.4,11.5,49.4,35.6
10008,1655,59042,14.7,16.7,42.8,35.1
10009,3733,135967,12.9,11.5,33.5,21.4
10010,775,58756,5.6,19.5,44.9,35.9
10011,4287,106140,6.4,24.0,30.2,38.7
10012,136,41401,4.0,5.6,32.3,15.4
10013,3936,75890,11.1,14.4,40.2,31.7
10014,1887,126067,6.8,21.0,47.7,33.2
10015,2827,31628,9.4,18.8,47.6,26.2
10016,3980,95657,12.2,8.6,27.1,16.7
10017,1994,118109,13.0,12.8,39.3,18.5
10018,236,138015,6.9,14.4,46.5,39.1
10019,3176,75065,5.8,19.9,23.1,28.2
10020,3983,66525,13.2,14.2,25.6,32.0
10021,761,147021,7.6,11.3,43.6,27.0
10022,1910,142600,12.9,13.3,36.9,28.0
10023,514,116464,4.8,24.3,21.7,19.9
10024,442,57398,13.9,5.9,36.0,21.5
10025,2829,59239,8.8,11.7,47.6,23.5
10026,3550,93699,5.0,9.0,25.5,23.0
10027,3765,73647,9.4,13.0,22.1,17.3
10028,3837,46755,13.4,16.7,48.4,32.5
10029,3997,74069,7.7,8.9,31.4,16.8
10030,4341,132107,5.1,13.5,43.3,28.7
10031,4518,116174,9.9,21.6,38.2,25.2
10032,2269,131931,13.0,17.8,25.6,27.0
10033,1978,115759,4.5,18.6,26.0,32.1
10034,4070,35601,3.5,23.8,42.3,30.0
10035,4796,29017,3.7,13.2,39.0,38.0
10036,4670,93145,5.8,25.0,20.4,39.2
10037,2717,57850,3.1,12.6,34.9,39.7
10038,1615,125093,8.1,8.7,47.6,26.0
10039,674,71787,11.4,21.1,36.0,24.2
10040,4542,67010,11.5,15.2,20.8,25.7
10041,2967,96244,10.6,11.9,34.7,20.2
10042,3644,32973,6.6,9.9,21.4,26.1
10043,4577,118950,11.8,21.4,33.6,30.8
10044,171,127420,9.9,16.3,42.1,32.4
10045,2668,54913,13.3,17.5,23.9,17.1
10046,3537,38356,8.7,14.2,30.2,36.4
10047,3080,136545,5.2,9.3,26.0,22.0
10048,1217,128830,10.6,11.8,31.8,32.4
10049,2486,76893,4.8,7.6,24.5,35.0
10050,3608,91333,14.6,11.8,28.2,25.5
10051,1459,125830,11.4,23.3,24.0,21.4
10052,4859,56582,12.1,16.5,32.4,19.2
10053,1615,46135,11.2,5.9,34.1,37.9
10054,139,147419,4.2,20.3,37.6,18.3
10055,1482,74914,8.6,20.4,42.7,24.4
10056,2130,66577,10.8,20.2,23.1,36.7
10057,2721,102608,5.8,17.3,46.1,30.4
10058,2000,128110,11.2,5.6,41.0,18.4
10059,2317,37624,12.8,12.7,23.2,30.4
10060,4896,45247,6.3,11.5,31.4,35.4
10061,4706,40507,5.4,5.4,31.3,33.8
10062,1383,143374,13.6,6.7,41.1,36.3
10063,683,90025,3.1,13.4,24.5,32.6
10064,558,42151,6.1,22.6,21.8,32.8
10065,2365,57315,7.9,24.2,20.8,27.9
10066,2766,138458,11.1,19.9,46.0,20.5
10067,915,56104,15.0,9.5,38.6,25.9
10068,2611,112521,7.4,23.4,20.6,16.0
10069,346,55298,14.4,24.6,48.1,35.5
10070,4925,60953,7.4,13.6,23.3,39.9
10071,516,83364,11.3,15.4,42.5,30.1
10072,4563,81581,5.0,11.9,45.6,31.5
10073,3817,85837,8.5,22.0,39.5,25.0
10074,207,42461,13.5,11.0,22.1,23.2
10075,2731,69219,6.8,7.2,37.0,35.6
10076,938,102338,4.3,14.1,33.6,20.2
10077,4613,133271,9.3,8.4,42.8,35.2
10078,1521,121847,8.3,13.6,28.1,30.6
10079,4878,38501,5.8,16.7,40.9,21.0
10080,4012,36070,13.9,21.1,26.1,32.7
10081,355,125194,10.2,18.8,41.3,36.5
10082,2927,26626,7.2,19.8,27.9,21.7
10083,937,102346,15.0,16.8,49.6,22.1
10084,3062,89569,4.7,6.6,47.8,16.0
10085,2382,64414,13.2,22.6,35.2,16.0
10086,652,53860,5.8,19.0,41.0,33.7
10087,280,55460,5.9,20.8,44.4,16.6
10088,4352,141259,9.0,23.8,40.5,16.9
10089,1577,120077,10.9,24.4,44.4,32.8
10090,670,143363,11.3,24.3,29.3,30.1
10091,1827,149471,3.3,10.4,23.6,27.7
10092,691,84970,6.4,22.0,23.7,29.6
10093,4616,79584,10.9,24.2,39.3,33.0
10094,2360,149072,13.7,19.1,34.1,29.7
10095,3047,89286,11.0,19.3,44.6,37.9
10096,447,95309,6.2,22.7,21.8,20.8
10097,265,62812,9.1,10.8,36.4,30.6
10098,4543,119359,10.8,8.8,24.8,20.8
10099,2996,70977,4.6,13.7,41.1,37.4
10100,4593,67088,9.5,24.0,29.7,36.2
10101,682,36630,8.7,6.2,27.1,38.7
10102,3606,67075,7.0,13.9,20.2,16.9
10103,4503,144496,10.5,18.8,35.4,36.9
10104,3138,87244,10.6,18.0,38.1,18.1
10105,2945,35100,14.7,21.2,40.9,38.3
10106,2866,90242,8.1,10.4,49.6,37.3
10107,4294,54103,9.4,9.7,37.0,33.7
10108,1365,143440,4.9,21.5,39.6,15.7
10109,4353,59096,9.6,21.5,37.8,16.8
10110,4749,94659,3.4,10.0,40.7,35.5
10111,4846,124615,4.8,13.8,47.7,39.0
10112,3067,127754,5.1,14.0,49.0,23.1
10113,2374,102766,10.6,15.3,37.4,23.5
10114,2570,149742,9.8,21.7,37.7,27.4
10115,2390,149884,12.6,17.1,44.9,15.4
10116,2677,36807,8.6,15.4,20.5,28.9
10117,3760,126029,8.7,10.8,25.8,27.2
10118,1168,81723,4.9,5.8,25.3,23.0
10119,2836,59951,11.9,23.4,22.2,31.7
10120,4929,40427,3.0,19.3,30.8,15.7
10121,2050,25153,8.1,6.5,42.6,23.5
10122,191,79734,5.3,11.0,37.9,19.4
10123,3193,88813,12.3,17.9,28.0,31.7
10124,2319,91351,11.1,9.2,46.8,21.1
10125,1487,26119,11.5,7.1,29.4,27.0
10126,4374,85612,4.8,16.0,35.7,18.9
10127,2385,109075,11.0,11.6,21.3,22.1
10128,3306,62933,11.3,21.6,45.2,34.2
10129,3024,91745,3.0,24.0,49.3,26.7
10130,379,148333,6.8,16.8,46.7,40.0
10131,1718,88810,4.0,19.3,32.3,19.2
10132,2887,113348,11.2,24.7,24.7,21.8
10133,470,124410,5.5,9.5,29.1,35.9
10134,3283,105521,6.2,23.1,47.5,17.4
10135,3934,55022,3.9,16.2,49.2,24.4
10136,1803,52372,8.8,8.8,21.8,20.8
10137,2368,144104,3.4,10.8,24.0,31.5
10138,403,128568,13.1,18.8,44.6,32.8
10139,3874,103101,3.3,23.4,25.2,31.3
10140,1448,52235,3.7,7.4,31.6,21.8
10141,2522,91573,10.7,17.8,21.1,17.8
10142,3728,93869,14.0,12.5,26.2,19.9
10143,2528,107333,13.7,11.4,25.3,30.0
10144,3133,134037,4.0,8.6,44.5,35.2
10145,768,53718,6.5,22.8,21.8,18.4
10146,599,98440,9.3,12.3,37.9,23.9
10147,1514,125243,3.3,13.9,37.5,21.4
10148,629,107575,9.3,9.1,48.5,19.5
10149,3721,40555,8.4,17.2,23.0,27.4
10150,3556,97993,10.1,13.8,39.3,25.6
10151,854,56488,14.0,8.9,42.8,31.7
10152,2447,135540,6.3,11.2,20.2,27.5
10153,826,43863,10.7,12.8,39.4,38.2
10154,4926,145327,8.2,6.5,23.4,36.3
10155,2749,116459,8.2,6.0,38.9,22.7
10156,2146,47305,10.8,24.8,28.6,31.3
10157,2915,122211,14.4,23.6,23.3,31.3
10158,974,139092,13.4,16.9,33.7,30.1
10159,3379,132812,10.7,9.9,38.7,29.8
10160,3084,146208,8.5,9.6,29.5,17.2
10161,2278,61374,8.1,13.8,35.8,38.1
10162,3907,30203,12.4,12.7,31.1,29.2
10163,707,86182,5.6,19.7,48.2,25.3
10164,734,120604,10.1,13.1,37.9,35.4
10165,4679,56767,9.1,24.1,29.7,21.3
10166,2827,127362,10.8,10.1,26.5,16.1
10167,1174,62772,5.2,5.5,37.3,23.0
10168,2014,80620,11.3,17.1,49.4,29.8
10169,688,131319,10.5,24.8,34.4,38.0
10170,3331,41699,5.2,22.0,47.4,33.6
10171,2404,57293,8.4,5.1,35.9,24.0
10172,3938,112983,11.1,16.5,44.1,34.9
10173,2073,148100,13.8,14.1,37.7,38.5
10174,2155,47425,4.5,20.4,37.5,25.4
10175,3580,109181,3.1,10.1,32.6,39.8
10176,2179,147327,5.0,9.9,40.6,25.6
10177,3152,107764,14.9,11.3,34.8,36.3
10178,4582,59282,12.2,9.9,45.3,21.5
10179,1351,124412,10.4,5.4,47.7,23.8
10180,3895,138024,4.6,17.6,34.7,36.6
10181,3922,112043,8.0,17.3,27.9,15.9
10182,4402,75882,11.6,22.0,33.5,21.8
10183,3489,93721,13.8,19.0,41.1,33.3
10184,1880,42622,7.6,17.8,35.1,28.6
10185,2704,30455,15.0,9.6,31.9,29.2
10186,3788,60692,4.7,19.8,20.8,23.3
10187,4988,31796,7.6,22.1,25.5,29.1
10188,1824,83534,13.5,13.9,45.2,23.0
10189,2884,47423,10.8,15.8,42.9,16.7
10190,3819,143254,12.7,20.7,22.5,15.3
10191,1777,52007,13.9,14.3,23.2,22.0
10192,548,73121,9.1,18.3,48.0,30.3
10193,4787,118006,5.8,9.3,43.9,20.1
10194,181,138156,11.3,16.7,32.2,32.0
10195,1506,121382,9.8,5.7,49.2,26.3
10196,1580,141144,12.3,9.2,49.2,30.9
10197,1179,75261,9.1,23.4,49.9,25.9
10198,3698,104445,12.7,16.9,31.4,34.9
10199,4614,125234,13.8,14.1,36.0,17.1
10200,4283,147391,12.0,15.4,39.5,16.8
10201,3780,52692,11.9,5.0,44.6,38.9
10202,2803,72049,10.0,14.2,25.8,22.8
10203,4410,107542,8.7,7.9,29.8,21.5
10204,3856,43721,14.7,22.2,30.7,32.5
10205,1858,100658,10.7,13.3,45.0,32.9
10206,2699,59026,13.1,9.6,34.3,19.6
10207,2650,145988,9.1,15.2,37.4,18.3
10208,3953,29501,9.7,12.3,43.5,35.5
10209,2846,98376,11.0,14.2,39.1,37.8
10210,2392,137120,11.7,19.5,47.4,21.1
10211,1601,32289,8.4,15.2,24.6,19.1
10212,4504,100696,7.3,23.3,34.1,32.5
10213,330,85639,5.9,10.1,31.6,31.7
10214,4350,108943,8.1,11.5,44.5,31.7
10215,1298,140564,5.5,20.6,34.5,33.0
10216,214,32190,8.0,20.7,47.6,33.3
10217,1513,100972,13.5,24.5,28.4,34.5
10218,4506,76678,14.7,17.6,27.4,16.6
10219,1092,88772,9.9,16.5,37.6,39.3
10220,2447,135085,4.8,16.8,21.5,25.1
10221,1141,119515,8.1,12.2,39.8,24.2
10222,111,115456,10.2,12.7,43.0,21.1
10223,3776,61440,7.4,10.6,27.9,20.6
10224,4925,36260,5.5,16.9,30.7,27.8
10225,3165,43297,5.7,21.8,40.0,27.8
10226,2136,27445,8.7,17.7,36.7,20.6
10227,3146,33976,5.6,14.5,38.8,27.0
10228,2450,108407,6.0,6.3,36.8,28.6
10229,640,46275,13.5,10.0,34.9,23.9
10230,2960,118960,12.3,21.9,20.9,33.8
10231,176,79386,3.7,12.9,31.2,34.6
10232,3167,105507,6.8,22.7,38.1,19.2
10233,123,90985,9.4,9.9,44.0,30.9
10234,775,105643,3.7,16.5,45.9,32.1
10235,2494,59195,11.2,24.3,30.9,40.0
10236,4367,89168,7.6,16.1,41.0,35.8
10237,3498,93131,7.8,9.2,22.5,37.0
10238,2859,76428,6.2,9.6,30.9,34.1
10239,588,96301,7.0,8.2,24.8,28.5
10240,1585,82587,13.3,5.4,34.1,26.2
10241,3759,125416,12.5,18.8,39.2,25.3
10242,3335,69268,14.2,20.7,48.2,35.6
10243,2519,99673,11.4,21.4,45.3,23.9
10244,3595,104807,9.9,6.5,24.9,31.8
10245,856,107946,6.1,23.8,42.9,24.9
10246,2624,100251,11.0,17.4,37.3,15.0
10247,4350,94228,13.9,6.8,44.6,24.0
10248,356,93585,3.8,6.7,34.3,18.2
10249,1879,118433,8.3,15.2,26.1,15.7
10250,4869,80298,4.8,9.9,22.3,20.2
10251,2215,118418,12.7,9.8,28.0,39.8
10252,3448,114504,10.4,5.2,25.8,18.5
10253,4868,64866,13.6,14.6,38.3,32.0
10254,1572,73378,3.8,6.7,39.3,39.4
10255,358,145567,13.9,6.5,33.3,29.3
10256,4175,87519,3.8,8.2,33.6,37.6
10257,406,49636,6.5,5.2,46.0,28.6
10258,1218,137707,4.9,7.1,24.3,24.9
10259,3117,119286,4.7,16.9,23.3,28.0
10260,4441,36590,5.1,10.1,22.2,20.0
10261,2880,133910,8.8,6.4,34.3,35.6
10262,1758,122987,12.4,7.7,43.4,17.8
10263,286,144741,13.8,5.9,40.1,16.7
10264,1897,118890,9.8,20.5,22.6,36.8
10265,1024,44990,4.9,16.2,35.1,34.9
10266,884,31669,4.0,14.5,21.2,36.2
10267,3544,41773,8.9,22.5,23.8,15.1
10268,3296,40648,12.2,6.6,26.3,21.9
10269,1460,95152,10.4,5.7,32.9,20.5
10270,440,34867,10.0,13.5,31.0,16.6
10271,662,133273,3.6,10.3,40.4,32.7
10272,4846,90788,7.9,14.5,42.8,40.0
10273,3099,123018,9.6,23.1,47.2,37.8
10274,1293,98588,10.2,13.9,38.2,33.1
10275,3210,110086,3.1,8.4,27.8,15.7
10276,168,67674,5.4,21.0,35.3,32.5
10277,2528,133546,14.4,12.8,39.2,30.2
10278,3698,123999,9.1,20.1,25.5,34.2
10279,2472,84437,11.4,7.8,32.5,39.2
10280,4656,112843,6.7,11.7,29.6,33.8
10281,943,144436,10.0,5.5,39.4,33.3
10282,673,68532,7.3,9.7,22.8,33.6
10283,4314,32865,6.6,17.9,44.6,19.8
10284,2696,75657,7.9,10.9,22.9,19.4
10285,4841,69628,8.5,7.8,45.0,38.2
10286,1578,37705,7.0,6.1,24.2,17.4
10287,2173,71057,6.1,17.1,43.2,38.5
10288,1613,56786,10.5,6.5,46.0,24.8
10289,1068,89383,7.6,21.0,37.3,15.3
10290,2296,90179,5.4,12.1,47.1,25.8
10291,1611,142431,12.1,11.1,28.8,30.9
10292,754,62422,11.7,17.5,30.1,30.2
10293,3092,103754,13.6,16.1,31.3,20.3
10294,4750,69237,9.7,24.8,48.9,26.9
10295,4620,114809,6.4,6.0,22.1,28.5
10296,392,75450,13.4,22.0,20.2,21.3
10297,2701,144378,6.4,17.0,21.6,22.9
10298,4626,54792,10.9,22.7,34.7,30.5
10299,4512,101978,5.3,18.9,26.6,27.3
10300,4593,134410,10.6,20.2,34.6,20.9
10301,1688,106043,13.1,20.7,36.0,36.2
10302,695,143556,9.5,5.3,34.5,29.7
10303,2693,88871,8.7,21.8,33.4,39.8
10304,2223,136687,14.9,18.6,31.8,25.9
10305,2043,100992,3.3,23.9,29.7,28.8
10306,1015,134376,7.0,7.7,29.7,17.6
10307,3969,85197,14.0,23.4,26.3,23.2
10308,2894,147288,10.7,22.1,31.9,37.8
10309,3178,36899,9.5,9.5,36.5,32.5
10310,1075,57244,10.7,7.5,48.2,16.6
10311,1175,139525,6.9,17.6,41.8,32.8
10312,3089,90179,3.9,18.5,47.3,26.5
10313,3567,48584,6.3,19.2,26.6,35.7
10314,1551,36020,7.0,21.9,27.5,29.3
10315,3923,57983,8.8,16.1,29.1,39.8
10316,4032,39251,7.7,10.7,49.0,23.0
10317,2128,96780,9.3,22.1,35.8,33.2
10318,462,57947,5.4,13.7,44.7,23.2
10319,2529,76838,5.2,13.7,44.4,27.3
10320,3732,138996,7.2,14.8,46.6,36.6
10321,2418,130959,8.7,21.7,26.2,28.3
10322,3185,79731,7.1,24.4,35.5,30.7
10323,2445,41760,9.9,8.4,37.8,34.4
10324,3698,146648,6.7,7.4,35.4,33.9
10325,4429,98581,5.1,10.8,45.6,35.6
10326,1831,89646,13.4,23.1,48.1,29.5
10327,126,43211,5.4,15.6,26.6,28.7
10328,192,49156,14.6,5.1,21.7,37.2
10329,2764,145540,14.8,16.6,42.1,38.1
10330,408,48961,11.4,16.0,35.3,18.2
10331,151,69186,9.0,6.6,48.2,26.2
10332,418,43711,12.5,8.0,41.3,16.4
10333,2092,116614,13.5,6.9,29.4,18.4
10334,4376,104046,11.5,15.4,35.9,21.9
10335,3991,54520,4.2,15.6,47.0,22.9
10336,4842,115864,3.0,14.2,45.4,29.9
10337,4056,114504,5.3,14.0,34.0,28.3
10338,2792,49825,5.3,16.6,26.7,16.3
10339,3118,138553,5.2,18.2,23.2,15.2
10340,2124,97808,9.1,24.3,25.2,35.3
10341,4531,126124,9.2,15.9,33.3,17.6
10342,1625,62504,11.7,10.3,41.5,19.1
10343,1378,64238,5.4,24.5,25.2,38.3
10344,613,116001,4.1,7.1,40.5,36.2
10345,4437,145289,11.0,11.3,29.1,38.6
10346,1833,144554,8.8,23.0,38.8,36.6
10347,3470,71883,11.0,23.9,34.6,36.7
10348,4021,135498,7.6,17.9,46.2,20.9
10349,2600,55642,12.0,5.3,47.7,34.6
10350,3564,97056,11.2,13.9,31.5,24.8
10351,2359,53299,10.8,23.7,31.1,37.6
10352,4863,69046,3.3,22.8,38.4,27.1
10353,4789,139563,13.3,22.9,28.8,35.0
10354,2759,109663,7.5,10.9,37.6,39.3
10355,355,29576,4.6,21.5,32.4,38.3
10356,1602,32183,12.1,18.4,34.3,21.2
10357,4756,84100,8.8,22.9,43.7,28.9
10358,2210,101350,3.4,17.8,23.3,23.2
10359,506,51352,12.4,12.5,24.5,27.2
10360,2949,86924,8.2,17.7,23.4,16.7
10361,3276,73406,12.1,12.2,38.7,25.8
10362,1960,102132,12.1,5.0,46.0,29.4
10363,4454,80552,4.2,21.3,47.1,31.5
10364,822,40544,10.4,22.0,35.7,28.4
10365,1382,114675,7.3,20.0,39.5,15.3
10366,713,84418,9.6,9.5,40.7,25.2
10367,3431,126400,4.1,7.7,33.8,29.1
10368,3216,82173,10.1,8.4,39.6,38.3
10369,2078,115110,12.3,15.0,30.6,38.4
10370,912,26085,14.8,10.3,38.8,18.3
10371,1886,121225,6.8,22.6,34.9,29.6
10372,430,61497,4.9,15.9,24.8,24.8
10373,2312,111248,7.4,14.0,45.4,34.7
10374,1316,26487,3.2,22.4,28.0,38.5
10375,4582,99076,7.9,6.6,23.1,29.1
10376,3437,130757,14.0,22.4,44.9,31.8
10377,2475,49989,5.3,21.0,45.9,39.4
10378,1340,106491,8.7,18.7,21.4,30.3
10379,419,117565,9.9,7.2,48.1,34.0
10380,4594,134948,5.2,6.0,22.1,26.4
10381,2014,65105,7.0,8.3,26.3,31.0
10382,4300,71369,13.9,10.4,20.2,36.6
10383,4891,32102,6.5,17.3,20.4,36.5
10384,429,91545,10.6,6.6,22.5,29.5
10385,759,45766,4.6,8.7,46.6,39.7
10386,3788,88794,11.0,9.0,21.7,25.9
10387,3218,113625,6.3,18.4,42.3,22.6
10388,2072,99509,5.8,11.9,37.1,26.3
10389,1893,28079,4.5,10.5,43.6,27.6
10390,3318,111372,3.6,5.6,45.0,37.9
10391,4657,37167,14.6,6.9,32.7,16.5
10392,2633,92722,8.0,16.0,24.6,27.8
10393,2557,145318,12.3,17.7,20.0,18.7
10394,3200,69279,14.0,19.8,46.7,18.1
10395,4466,137156,5.4,14.9,36.3,37.3
10396,2833,34398,13.4,10.4,35.4,27.1
10397,4580,86140,11.5,10.8,42.2,16.6
10398,4255,29518,9.9,18.0,29.8,26.5
10399,319,70452,12.7,13.5,49.8,31.7
10400,2918,74456,4.3,8.2,37.0,18.0
10401,2006,79290,6.2,5.1,22.1,24.9
10402,2711,61222,4.6,10.2,25.2,39.8
10403,2693,31082,13.8,20.1,29.0,35.7
10404,195,128653,4.2,18.3,24.7,26.3
10405,1088,124154,14.8,7.0,47.2,32.6
10406,1212,47111,4.3,13.9,33.7,23.3
10407,2378,115606,10.9,7.9,32.6,36.7
10408,345,44939,10.9,14.5,42.6,37.7
10409,2258,76826,14.2,7.2,44.7,29.2
10410,4429,77582,6.9,18.6,27.9,15.2
10411,3449,73819,7.0,16.7,21.4,35.3
10412,2825,98076,13.2,10.2,24.3,28.2
10413,4177,44533,14.7,24.8,45.8,17.4
10414,4998,72430,3.4,16.8,32.5,16.5
10415,2766,28347,10.6,10.4,26.7,27.3
10416,3299,73479,5.9,12.2,49.6,31.9
10417,2854,28949,11.7,23.3,26.5,27.7
10418,1517,120413,12.3,9.1,44.1,21.9
10419,754,41888,12.2,9.1,50.0,34.6
10420,2542,119814,8.2,16.4,24.2,17.0
10421,210,98301,4.9,11.6,40.4,19.7
10422,189,55084,10.0,11.1,45.0,34.0
10423,862,142342,12.5,13.2,47.6,34.5
10424,3272,61174,13.9,21.6,28.9,27.6
10425,2279,77669,8.4,21.8,22.4,17.6
10426,2604,88996,5.9,18.3,21.2,15.7
10427,1564,68664,4.4,16.5,30.7,25.2
10428,197,122527,12.6,5.3,24.6,23.5
10429,392,135260,9.4,16.3,30.9,31.0
10430,1939,145100,11.1,24.1,46.9,29.5
10431,1834,72634,4.9,21.7,27.0,24.6
10432,2719,95793,3.1,7.9,37.5,33.2
10433,4847,124883,14.6,24.5,49.3,24.1
10434,2296,149641,12.7,9.3,31.4,19.0
10435,3566,139608,7.8,7.5,26.4,20.8
10436,2006,140001,8.5,10.8,48.4,33.2
10437,1821,127619,14.1,7.8,37.4,33.6
10438,3791,125991,5.5,9.5,21.6,32.6
10439,1916,146998,12.6,11.2,23.9,15.5
10440,352,63291,3.2,16.8,37.4,36.2
10441,4327,34910,13.5,17.3,34.5,25.2
10442,3619,55604,10.1,15.7,33.4,36.9
10443,2007,45883,8.7,11.0,36.4,24.3
10444,2010,118738,11.5,24.1,30.9,39.5
10445,2621,78726,3.8,10.9,45.0,28.9
10446,3949,81017,5.3,13.0,48.4,19.9
10447,1158,122192,7.9,13.4,29.4,28.8
10448,3638,114647,10.4,5.4,40.4,18.3
10449,2422,132319,4.7,13.6,31.4,16.3
10450,286,62083,7.6,11.8,24.7,17.6
10451,1048,125718,6.1,6.4,26.3,22.2
10452,2390,79467,10.7,21.2,27.3,24.1
10453,4459,38271,14.0,19.2,34.8,31.8
10454,4717,78931,5.0,10.7,27.9,21.6
10455,4978,143508,5.3,10.2,35.4,38.7
10456,4730,89456,10.2,23.1,20.0,18.6
10457,309,63574,8.4,8.8,29.4,30.6
10458,2193,76121,11.6,22.5,31.7,19.7
10459,3638,139675,6.5,6.6,38.7,15.4
10460,1663,52679,9.5,21.8,21.4,31.3
10461,125,101794,7.6,15.8,47.7,22.1
10462,274,26759,6.4,20.5,29.3,17.4
10463,1434,126429,11.8,6.9,34.8,33.8
10464,421,80718,12.6,13.4,40.9,29.8
10465,4250,53628,6.9,14.0,31.1,15.6
10466,4147,147553,10.5,15.3,38.9,16.1
10467,3327,54675,5.1,17.6,34.8,15.7
10468,1972,43665,12.5,12.8,34.2,17.4
10469,2167,87268,6.4,13.9,25.5,35.2
10470,432,128533,5.1,12.4,31.8,22.4
10471,3091,36226,14.3,19.0,26.2,30.8
10472,1010,72982,8.1,23.2,43.7,15.4
10473,4596,42507,10.7,7.3,24.0,19.7
10474,1049,96367,12.7,10.8,21.3,34.8
10475,2175,26234,11.2,9.4,31.8,33.0
10476,2614,81028,9.8,23.8,20.5,26.1
10477,3431,130874,7.5,16.9,30.7,35.5
10478,3129,30956,14.0,7.9,43.4,15.3
10479,200,74826,4.6,13.0,44.0,23.6
10480,4746,145201,13.6,14.5,31.4,17.9
10481,2500,117814,11.5,17.5,38.6,37.1
10482,3471,43689,9.9,9.3,38.6,36.9
10483,2443,91804,6.9,15.0,33.0,15.8
10484,452,46481,4.8,21.0,36.2,33.9
10485,3055,110141,8.3,18.2,38.7,23.2
10486,1118,111639,12.4,7.1,33.2,23.5
10487,1279,29194,11.9,23.2,48.4,31.6
10488,3636,120334,10.7,11.8,45.9,25.0
10489,3750,53370,14.9,13.5,41.1,32.3
10490,2602,119190,14.7,18.8,36.9,29.7
10491,3919,35251,7.8,14.2,40.7,35.7
10492,1079,88356,5.3,16.8,44.9,17.8
10493,4934,108169,8.6,14.6,23.5,29.2
10494,1076,29029,13.1,11.2,23.3,18.0
10495,1471,93396,8.5,13.8,31.3,19.2
10496,2380,94049,7.0,11.2,48.3,34.9
10497,4676,60987,11.9,14.0,24.1,33.3
10498,207,66138,10.8,9.1,35.4,18.9
10499,1072,138670,14.6,6.2,26.8,25.8
10500,1726,141887,9.6,19.0,24.6,29.4
10501,803,95466,14.6,7.5,46.3,23.6
10502,974,29677,6.5,21.4,40.8,23.6
10503,3909,30472,13.4,12.3,39.3,23.9
10504,2511,64476,7.2,10.0,37.1,31.9
10505,2207,114761,12.7,13.2,41.6,18.6
10506,3653,38728,14.1,8.0,42.9,26.8
10507,1373,137220,10.5,22.0,31.1,32.4
10508,659,49214,11.7,8.3,31.8,33.1
10509,216,71649,14.5,14.9,25.9,19.6
10510,3146,103019,7.5,8.2,45.9,18.3
10511,143,121580,9.1,5.9,24.0,36.9
10512,608,60297,13.8,21.0,36.5,23.9
10513,3539,117367,11.1,16.1,20.9,22.8
10514,4028,99663,13.5,6.6,35.3,34.0
10515,1016,81622,10.4,22.9,45.8,28.0
10516,3045,116068,11.9,12.9,47.8,29.9
10517,898,93009,3.2,13.5,45.3,28.4
10518,1860,124389,7.1,14.9,42.9,32.3
10519,2433,130666,12.2,9.5,24.8,17.3
10520,3375,29662,7.8,16.0,37.9,27.5
10521,918,126738,7.4,10.0,23.7,24.1
10522,2268,65496,14.4,21.7,22.4,21.3
10523,3835,27665,9.6,21.5,20.3,16.4
10524,3165,101720,5.3,14.5,26.7,36.1
10525,3359,116213,8.7,15.6,42.3,25.5
10526,1006,70942,9.2,24.9,34.4,38.8
10527,4208,33475,14.9,20.9,25.0,23.9
10528,702,120288,11.6,6.3,27.4,34.5
10529,4395,62239,9.2,8.5,28.0,23.9
10530,2733,47903,8.2,16.9,44.7,35.9
10531,1891,86134,14.0,12.4,28.4,33.6
10532,3627,134315,10.8,21.1,26.4,16.0
10533,4643,42171,7.3,17.8,32.7,28.0
10534,1911,37660,8.6,24.8,46.5,18.8
10535,4011,83200,6.3,5.3,42.4,35.0
10536,940,67658,14.5,13.8,40.1,37.8
10537,3242,48289,11.4,13.2,47.6,22.3
10538,4785,32988,7.7,13.7,43.9,28.0
10539,2190,64974,5.2,22.7,30.1,31.9
10540,4715,57052,5.1,13.1,21.7,36.8
10541,1136,117792,8.7,20.9,22.9,26.1
10542,824,125437,8.6,17.7,31.4,38.0
10543,1087,70154,8.0,14.8,30.7,36.1
10544,902,27421,13.2,18.9,45.3,34.5
10545,2682,85149,14.8,9.6,49.5,18.6
10546,3937,137110,7.3,7.8,48.7,28.7
10547,626,94467,6.5,24.3,39.7,32.7
10548,1765,96561,12.2,12.8,32.1,15.3
10549,1238,145015,8.4,11.1,31.1,33.1
10550,559,66584,5.6,10.3,20.7,26.0
10551,2652,130430,5.2,17.4,46.1,35.9
10552,4520,51176,6.4,24.9,47.1,31.0
10553,4774,147880,3.0,22.9,26.1,16.1
10554,2908,72540,14.3,13.0,30.6,23.3
10555,2998,119893,8.2,22.9,38.6,15.8
10556,3343,70305,4.0,14.1,28.8,15.2
10557,4168,62273,5.0,7.2,30.6,39.5
10558,2431,113801,6.9,8.8,33.8,21.6
10559,4670,67369,9.6,9.9,30.9,19.0
10560,3785,69827,11.4,23.4,23.3,36.8
10561,731,103931,6.7,24.6,41.8,22.7
10562,4898,119697,14.5,9.5,24.8,22.4
10563,2556,68930,12.1,13.1,45.7,37.1
10564,1081,134083,12.9,24.6,29.7,29.4
10565,4754,146211,6.9,21.9,27.7,20.2
10566,4417,91334,7.6,13.9,41.3,22.2
10567,1656,148822,9.5,14.1,43.2,17.4
10568,2305,28462,8.4,22.6,29.4,31.5
10569,4543,130799,6.1,5.6,47.1,19.4
10570,4055,137095,15.0,23.6,39.9,25.8
10571,1021,121202,13.2,6.8,23.9,31.4
10572,504,75479,5.9,23.0,24.3,26.1
10573,4872,32449,13.7,6.3,26.8,26.3
10574,4784,83038,10.0,24.4,43.5,37.7
10575,1720,85760,3.2,5.2,48.1,35.1
10576,3052,70190,7.2,24.3,43.2,24.3
10577,3218,55163,3.3,6.2,20.7,30.0
10578,1694,121616,4.1,7.5,24.4,25.6
10579,665,138208,5.1,24.3,35.9,31.0
10580,4899,73242,8.8,20.8,37.3,37.7
10581,2968,57953,7.6,21.8,45.2,29.2
10582,957,115589,4.8,13.6,30.8,18.5
10583,1384,64799,7.7,6.6,45.8,36.0
10584,684,37288,6.7,8.0,24.8,33.3
10585,4427,52473,7.9,23.5,25.8,19.4
10586,1345,52591,5.1,12.7,28.6,30.6
10587,151,129988,10.3,20.1,27.3,37.8
10588,2263,53391,3.5,18.8,43.5,37.5
10589,637,34877,7.7,14.5,30.2,39.6
10590,640,116103,13.7,22.2,23.4,32.1
10591,914,98127,8.0,18.1,35.5,39.4
10592,1515,126053,8.3,19.8,23.8,17.4
10593,2938,123039,3.8,21.7,44.7,20.4
10594,1752,126249,10.3,9.5,30.0,28.1
10595,2765,113482,14.2,10.9,34.8,24.3
10596,4614,77550,6.5,20.1,46.5,16.5
10597,4162,115306,7.7,21.6,32.0,18.2
10598,2456,131364,10.1,17.0,22.9,23.0
10599,3910,35494,4.1,24.9,46.0,35.5
10600,963,25078,14.4,22.6,24.1,37.5
10601,285,102674,8.6,21.0,42.6,37.2
10602,4456,108041,4.4,9.9,33.2,22.0
10603,1651,126525,7.0,11.7,43.1,33.8
10604,2307,33977,7.5,12.2,23.1,22.9
10605,861,142549,7.1,6.9,42.3,30.5
10606,4419,57593,11.3,19.6,38.2,36.0
10607,1379,115558,7.1,13.2,26.8,20.8
10608,4375,94754,6.9,17.4,33.0,25.8
10609,4827,96265,6.9,19.2,45.8,27.1
10610,3794,27723,12.3,5.2,36.2,24.4
10611,3381,34773,6.7,6.0,24.0,36.4
10612,1636,74510,3.2,11.7,42.7,17.0
10613,3264,141974,7.4,18.1,23.7,38.9
10614,2870,92301,6.3,14.6,30.6,37.9
10615,2063,58572,13.9,23.8,23.1,24.2
10616,3945,104603,8.7,10.1,31.9,35.9
10617,3535,96185,5.8,7.1,45.7,17.5
10618,4810,109650,14.8,7.3,43.3,37.8
10619,661,63759,6.0,9.5,47.3,33.6
10620,2521,119876,12.2,9.7,36.2,31.2
10621,4817,39539,10.8,12.6,39.7,26.0
10622,2235,65593,8.5,16.3,39.0,15.0
10623,2161,70022,7.9,10.0,21.5,33.5
10624,2280,123446,13.5,15.3,38.2,34.0
10625,2060,118671,8.7,14.6,34.1,30.2
10626,3979,85765,7.5,11.2,30.8,22.5
10627,3379,132619,7.3,13.7,24.8,17.5
10628,3984,58051,6.3,12.7,23.8,16.0
10629,3370,146780,7.9,24.0,35.2,18.2
10630,4787,121782,4.4,6.4,25.0,18.7
10631,682,107303,3.8,20.3,42.5,21.9
10632,1713,75730,9.5,11.2,43.2,34.1
10633,1201,118984,8.5,8.7,28.6,22.8
10634,388,109865,5.1,22.4,38.5,40.0
10635,3959,70242,4.3,14.4,21.9,19.6
10636,3160,105903,4.7,15.2,47.2,36.3
10637,3026,91159,6.8,13.3,38.8,20.7
10638,4202,58312,8.4,13.1,30.7,23.1
10639,1283,32586,5.3,18.9,36.6,21.1
10640,4435,107833,12.1,20.2,30.5,30.3
10641,1546,109463,5.3,20.8,22.4,33.8
10642,1849,86076,4.5,15.5,27.9,15.9
10643,2003,87399,14.9,19.0,20.3,26.1
10644,3275,135491,8.4,20.6,43.2,31.6
10645,1177,43131,5.0,18.7,49.0,18.6
10646,2477,141851,13.7,8.9,29.2,30.3
10647,947,40020,5.8,19.2,41.5,23.8
10648,2976,99771,14.1,18.0,35.7,15.8
10649,1339,123170,4.4,6.9,20.6,39.2
10650,1432,84523,13.1,17.9,49.2,35.3
10651,3606,100043,5.2,22.5,48.9,16.5
10652,2479,88477,14.3,13.3,46.7,26.7
10653,4891,141065,9.9,7.7,29.4,35.0
10654,4222,118420,5.3,17.2,24.0,39.1
10655,3337,96244,13.1,9.8,29.4,26.3
10656,2465,115334,7.7,15.9,42.1,37.6
10657,2512,95067,11.8,18.4,34.3,31.5
10658,3274,88101,10.7,15.2,47.5,17.9
10659,472,56782,11.6,11.2,20.6,35.7
10660,2049,135918,7.1,22.1,48.8,34.2
10661,344,54904,14.3,7.7,48.7,23.2
10662,1940,109073,9.7,5.9,43.5,37.9
10663,3527,126003,3.9,21.6,35.2,20.5
10664,224,110240,3.8,5.7,30.7,32.6
10665,4732,91102,11.9,14.7,48.7,33.6
10666,2853,141730,13.2,15.8,40.7,22.4
10667,2019,115741,11.3,11.8,42.9,23.4
10668,1735,123141,6.3,10.5,44.2,38.1
10669,1525,60503,5.7,19.8,45.8,29.5
10670,1640,145161,9.8,12.3,35.0,18.9
10671,630,101245,5.4,7.5,48.7,20.1
10672,4449,107644,7.5,14.3,28.9,17.8
10673,3203,119472,10.5,19.5,43.7,17.4
10674,4856,147507,6.4,11.2,23.8,27.3
10675,1901,78200,7.5,7.6,31.1,32.1
10676,1136,87927,7.3,11.8,33.3,38.4
10677,3828,146668,8.5,15.9,36.6,17.2
10678,4111,77050,11.1,7.0,22.3,24.0
10679,3563,59232,12.4,9.7,31.9,26.6
10680,1242,116419,11.0,24.4,29.4,31.5
10681,1855,105656,3.3,9.1,33.9,30.5
10682,4940,89021,13.8,6.3,41.9,24.3
10683,1729,67914,10.0,13.6,24.5,23.7
10684,862,88856,14.0,6.5,40.5,33.0
10685,4989,136290,14.6,5.3,30.7,15.0
10686,4939,71798,8.6,5.3,29.2,28.9
10687,4057,73786,14.0,10.9,32.1,30.0
10688,657,63382,7.4,6.5,45.7,29.6
10689,4721,48473,6.1,8.9,22.0,19.6
10690,939,57921,3.9,18.0,37.2,18.7
10691,102,146451,8.4,10.8,42.0,30.1
10692,1151,129763,11.3,16.5,38.7,31.8
10693,1504,54995,14.7,13.2,36.1,31.8
10694,256,135007,9.3,22.7,38.7,30.3
10695,2037,45450,11.8,18.9,30.6,20.5
10696,610,124114,13.8,22.1,32.7,23.2
10697,3504,74302,9.5,15.4,31.6,17.4
10698,4882,98673,5.0,20.6,37.4,37.0
10699,1237,40765,13.2,17.3,46.5,38.9
10700,4014,117334,9.9,19.9,34.2,19.4
10701,3421,99806,12.1,18.7,32.2,18.9
10702,4766,91314,10.9,11.0,40.3,31.7
10703,814,71390,3.7,7.5,25.9,33.1
10704,2386,45633,5.0,21.1,46.8,30.8
10705,2754,78120,6.4,6.5,42.7,35.9
10706,1090,65435,6.4,17.1,30.5,18.2
10707,4529,104843,13.1,24.8,26.3,37.0
10708,2260,127900,10.2,8.7,39.2,35.6
10709,4557,32357,4.0,19.9,48.8,25.7
10710,2244,93089,7.6,24.1,46.2,23.7
10711,2163,53820,9.7,14.9,22.3,29.8
10712,2703,45487,6.0,16.5,28.3,27.4
10713,2077,104507,3.5,12.4,40.6,37.0
10714,475,47188,7.6,13.8,36.3,16.9
10715,841,103416,8.5,17.6,25.8,28.7
10716,4585,56310,13.9,22.4,46.0,33.6
10717,2767,29564,13.9,24.0,49.0,23.8
10718,1340,129768,9.0,15.9,31.6,30.0
10719,3570,113635,8.7,20.6,37.8,20.1
10720,2467,119658,10.7,19.7,30.6,34.4
10721,2343,45062,6.1,9.9,26.2,21.7
10722,3649,104671,6.4,14.2,46.9,39.5
10723,517,37415,3.0,18.7,32.6,17.1
10724,706,94241,3.9,7.6,20.8,20.8
10725,667,126662,5.1,22.7,29.7,16.6
10726,643,34044,10.7,13.1,31.9,39.6
10727,983,61950,5.6,14.1,25.1,17.1
10728,4898,45349,4.5,22.4,42.1,24.2
10729,1323,62968,10.4,8.4,25.3,22.7
10730,2993,127933,10.8,5.7,46.0,22.2
10731,2168,47717,3.7,10.7,38.2,39.2
10732,3809,87263,12.3,8.0,43.8,36.9
10733,1886,81917,10.3,24.7,40.4,23.1
10734,1557,63371,7.8,16.3,42.9,31.9
10735,2014,95010,14.8,16.3,32.5,18.6
10736,177,33647,3.1,20.9,37.8,28.8
10737,3713,39190,9.5,10.2,31.4,36.6
10738,1408,130479,4.9,15.5,41.6,38.3
10739,747,135909,7.0,7.8,29.3,24.9
10740,2287,105205,4.6,6.9,30.0,21.2
10741,652,123533,11.0,13.8,44.8,20.7
10742,381,48191,7.8,23.3,25.4,30.9
10743,1381,136099,14.8,13.8,32.0,24.7
10744,1946,123259,10.8,14.0,37.2,20.8
10745,2587,145282,14.0,22.3,24.0,30.4
10746,2893,62787,5.9,10.7,38.4,30.8
10747,3811,126781,6.8,14.8,31.2,16.8
10748,4299,77510,7.4,8.3,26.4,39.4
10749,4961,105840,13.1,21.9,21.7,26.3
10750,2876,107679,5.5,5.7,36.9,35.1
10751,1696,133286,14.4,13.3,49.1,23.4
10752,579,86885,3.5,10.5,43.2,32.4
10753,3412,59134,13.7,10.1,31.9,23.6
10754,3318,49900,8.4,9.9,25.7,19.9
10755,2063,140564,9.3,12.4,42.5,27.7
10756,2242,90702,15.0,23.0,45.9,17.1
10757,3998,110584,13.4,19.2,30.4,28.4
10758,2172,147151,13.8,22.8,21.9,19.2
10759,1395,82924,10.0,8.9,38.6,15.9
10760,1038,97886,14.5,22.0,22.8,34.1
10761,861,120046,11.3,13.6,25.2,30.1
10762,4849,63463,12.8,24.6,20.1,32.1
10763,1769,149679,11.7,16.9,27.8,39.6
10764,3962,121070,12.4,14.7,42.9,29.3
10765,2785,148989,10.7,23.5,44.6,22.5
10766,3999,69587,11.7,12.6,48.4,17.0
10767,2031,85197,8.2,20.0,44.7,26.8
10768,4039,82204,11.5,14.5,26.3,15.4
10769,1226,50748,6.3,19.7,35.7,19.7
10770,3397,66731,10.6,10.5,37.6,29.4
10771,4770,91463,9.3,13.1,23.8,36.8
10772,1303,139486,13.8,11.9,33.1,37.4
10773,4235,101636,11.1,22.4,29.2,31.6
10774,3872,103779,10.2,23.6,42.6,30.1
10775,619,55778,6.8,19.7,22.4,27.9
10776,2383,66565,13.4,21.4,28.3,24.8
10777,4658,102634,3.6,12.1,23.1,29.7
10778,582,143788,13.8,8.0,33.9,26.0
10779,2577,78246,10.8,18.7,25.7,35.7
10780,3193,72186,5.3,17.7,23.1,20.4
10781,442,146671,13.8,10.3,39.8,23.8
10782,1562,72652,6.9,23.2,45.4,24.3
10783,1302,71558,5.0,12.2,26.0,31.2
10784,1721,146882,6.8,21.3,23.7,36.6
10785,2498,56244,14.5,7.6,39.8,27.9
10786,3696,50577,12.0,10.7,21.3,38.0
10787,3635,110893,14.0,17.3,27.2,15.1
10788,2977,147432,6.6,9.8,29.1,39.1
10789,2490,90949,4.0,24.1,47.6,39.8
10790,3451,54386,9.8,16.0,30.5,17.7
10791,3013,88667,8.8,19.6,36.0,30.6
10792,1289,47312,11.6,16.2,43.2,17.3
10793,2440,108934,9.5,13.1,45.4,21.6
10794,3680,132983,7.8,21.4,22.9,16.8
10795,1703,148662,3.1,5.5,42.6,36.1
10796,3397,33718,8.6,13.5,42.6,34.9
10797,697,90536,4.4,22.6,46.3,22.9
10798,744,131766,14.1,6.7,43.0,29.6
10799,4643,125835,14.1,9.1,23.9,18.2
10800,3002,42455,12.6,24.2,29.0,21.8
10801,863,148573,4.9,24.2,32.7,32.3
10802,4930,72078,4.8,12.7,23.4,16.2
10803,1742,40542,9.8,20.0,23.6,23.1
10804,2397,142575,11.7,17.5,43.7,21.4
10805,4796,146204,13.9,14.9,25.1,30.5
10806,2272,90237,13.7,21.3,47.2,29.9
10807,2260,36770,4.9,18.0,26.4,32.9
10808,3849,147593,14.9,6.8,34.7,39.8
10809,3022,138309,4.9,21.8,26.3,38.2
10810,679,125299,13.1,10.5,48.2,24.8
10811,3904,28577,10.0,17.7,36.3,21.3
10812,4978,138211,11.1,20.5,36.8,34.8
10813,2468,145897,10.2,23.0,46.1,31.7
10814,4032,59477,13.4,23.5,24.5,21.2
10815,4727,39322,10.6,23.5,22.6,20.0
10816,3460,141787,13.2,18.1,49.2,20.4
10817,4807,63885,4.9,17.5,47.6,35.7
10818,1200,82813,13.4,5.3,27.6,34.1
10819,1770,76442,14.9,6.7,37.8,20.6
10820,2320,33528,10.9,12.9,40.8,29.8
10821,316,98506,14.7,20.9,47.8,27.7
10822,475,42139,5.6,16.8,26.3,23.7
10823,1709,122400,13.0,9.7,43.6,24.8
10824,4206,134097,5.0,7.5,25.4,32.8
10825,3939,100447,9.2,14.4,36.8,24.9
10826,3039,32212,11.0,23.3,26.0,36.1
10827,4162,59867,10.9,6.1,28.9,35.2
10828,1713,89662,11.1,14.3,36.0,19.5
10829,3779,123716,6.9,6.2,29.6,33.1
10830,1396,118724,14.7,10.0,49.9,36.3
10831,4096,72672,3.1,24.1,39.3,35.1
10832,4886,139161,10.5,7.1,45.1,16.3
10833,1255,106682,13.4,6.0,25.9,16.1
10834,4979,85624,13.7,6.7,23.9,27.6
10835,2466,143791,11.6,18.8,28.4,37.0
10836,2991,27993,9.9,5.2,44.4,21.9
10837,2072,36654,8.5,12.9,26.0,18.5
10838,884,25246,8.4,24.1,27.4,15.2
10839,4592,81714,8.1,6.4,42.3,38.7
10840,1181,69738,11.4,23.6,44.0,22.4
10841,2133,64745,11.8,7.4,36.4,29.8
10842,1714,81658,9.2,7.6,24.3,34.4
10843,4655,115523,11.9,17.1,45.0,26.2
10844,2516,81247,9.3,9.9,37.5,33.3
10845,4741,120771,4.2,5.1,48.0,27.0
10846,3753,104192,13.2,20.0,26.2,30.7
10847,596,40178,13.4,12.4,24.4,34.7
10848,604,143055,6.2,23.2,26.8,35.8
10849,3486,53906,12.4,10.6,25.7,28.1
10850,2308,27689,9.1,18.4,44.2,19.2
10851,4913,58355,4.5,11.5,22.9,27.0
10852,3316,92004,7.8,8.0,44.4,31.4
10853,3766,90768,3.9,24.5,39.4,38.4
10854,1508,64653,12.4,16.8,47.5,35.3
10855,4464,147699,5.4,21.8,34.0,33.1
10856,4177,39232,5.0,10.0,28.1,22.7
10857,1577,114060,5.5,12.9,47.1,37.5
10858,2497,125190,5.7,14.5,20.2,27.3
10859,209,41693,11.1,17.6,47.5,17.6
10860,3654,115000,10.7,12.9,38.7,18.3
10861,749,50519,4.6,9.9,24.8,16.1
10862,1599,116019,11.7,8.8,28.8,24.3
10863,695,93284,7.2,17.0,37.7,24.9
10864,1078,68485,8.5,10.0,22.9,24.6
10865,830,92136,4.5,12.9,21.7,18.6
10866,156,133595,11.5,5.7,35.6,30.0
10867,2343,140233,7.5,10.1,21.0,31.2
10868,1801,94359,10.6,14.7,43.1,19.6
10869,1386,134184,8.1,20.9,40.9,38.4
10870,211,143002,3.6,12.5,47.8,37.6
10871,4906,54027,11.4,10.9,44.8,21.7
10872,1301,89307,9.6,15.3,21.9,30.8
10873,1047,62698,8.2,6.0,26.1,18.7
10874,4221,30729,5.4,12.1,26.0,22.1
10875,857,82143,10.5,7.7,33.3,29.4
10876,3488,128865,6.3,10.1,36.4,34.1
10877,1941,70932,8.2,12.8,33.9,36.7
10878,3635,40066,3.7,6.2,26.8,36.3
10879,2393,141529,12.3,20.9,47.5,36.6
10880,1204,43020,4.1,10.5,21.1,31.4
10881,761,103966,13.7,9.7,20.9,25.0
10882,1008,130880,13.4,11.9,42.8,20.5
10883,4717,141363,14.7,12.4,28.5,35.8
10884,1956,87176,13.9,21.3,42.3,16.4
10885,2411,92326,14.7,10.7,29.0,27.8
10886,889,93680,13.6,14.2,37.0,22.8
10887,271,135016,4.4,15.0,46.0,19.1
10888,4460,64735,8.3,11.1,25.6,25.6
10889,2086,149721,3.9,20.7,41.5,30.2
10890,1985,120702,9.5,17.5,44.3,18.4
10891,575,74307,9.4,19.4,49.2,36.5
10892,1149,48298,14.1,6.1,25.7,17.4
10893,4229,66893,14.6,21.4,35.0,25.5
10894,2411,115687,6.1,9.8,28.8,37.3
10895,1261,149213,10.0,6.8,33.1,25.3
10896,915,142795,8.6,18.2,22.0,35.0
10897,3866,127647,9.6,9.4,46.8,36.8
10898,3022,67411,9.4,13.1,29.6,16.0
10899,853,79315,14.0,19.2,49.7,35.7
10900,4761,45932,13.8,7.1,33.2,21.7
10901,561,63006,4.5,7.6,30.6,16.7
10902,3339,81668,7.1,18.3,35.1,33.7
10903,2802,130140,12.0,14.0,24.2,37.0
10904,180,103732,11.2,9.4,45.4,39.7
10905,2904,25939,10.6,15.3,44.2,34.9
10906,969,36651,14.9,17.4,44.7,30.7
10907,4794,34285,7.0,13.1,32.4,37.0
10908,906,97626,9.2,8.5,30.8,35.0
10909,2034,78093,14.7,18.0,48.8,25.0
10910,803,52077,11.3,7.4,37.0,36.5
10911,2623,94898,10.8,18.1,46.7,15.1
10912,2739,72834,4.9,10.4,27.8,27.6
10913,4682,75613,6.0,5.0,36.3,24.3
10914,4009,84757,7.5,14.3,40.2,28.0
10915,4901,69733,8.6,11.2,22.9,31.4
10916,1264,49319,9.0,9.6,46.5,37.2
10917,719,50786,13.8,15.0,33.3,16.2
10918,3166,44682,4.3,11.7,43.9,23.0
10919,4972,139748,6.0,10.9,44.0,30.0
10920,546,92751,4.7,20.3,40.4,30.0
10921,2437,31275,11.8,6.7,31.4,29.4
10922,308,86594,14.6,13.0,36.8,29.9
10923,2560,68791,13.7,9.9,44.2,38.8
10924,3542,95353,11.7,10.7,23.1,28.5
10925,2811,45486,3.3,13.8,44.5,16.9
10926,2437,37810,7.2,23.5,28.6,17.2
10927,1391,129135,13.4,18.2,31.3,33.0
10928,2298,74402,10.8,8.9,28.5,37.0
10929,1500,141287,5.5,16.4,49.5,31.3
10930,2755,40027,8.6,8.1,41.4,18.7
10931,4112,55335,4.1,22.7,49.9,39.8
10932,804,97965,9.2,13.5,22.9,22.2
10933,925,109087,13.8,24.0,49.1,37.4
10934,1104,113111,3.5,18.2,26.8,17.7
10935,3560,101868,10.4,21.7,20.6,33.2
10936,476,55584,5.8,8.6,26.5,25.9
10937,1072,67245,14.9,22.1,25.5,35.0
10938,4313,40077,3.8,8.8,42.4,21.4
10939,3176,133283,10.4,24.5,40.2,30.1
10940,543,42852,6.1,10.6,30.7,19.9
10941,854,143721,13.6,18.7,25.6,24.6
10942,3704,75654,4.5,15.9,30.8,17.1
10943,4835,149134,8.2,14.6,49.0,31.8
10944,2271,86663,5.2,13.6,29.1,33.2
10945,2805,31600,12.6,12.7,40.6,31.6
10946,3565,95350,7.2,11.1,30.1,36.3
10947,2811,69397,5.2,16.9,44.2,17.1
10948,2507,95580,11.7,24.7,37.3,20.4
10949,722,41411,12.8,18.4,40.0,33.1
10950,1823,89364,8.5,20.1,21.1,18.0
10951,3422,114818,7.5,18.1,42.1,29.6
10952,2019,66860,10.6,15.3,28.1,22.7
10953,1018,66808,10.8,21.3,39.3,22.2
10954,4315,90636,10.9,11.5,32.6,17.2
10955,681,84449,6.3,10.5,29.6,21.9
10956,3981,40383,14.3,12.7,30.5,38.9
10957,1786,111430,5.6,16.6,23.5,36.7
10958,4009,81546,7.5,5.0,24.0,24.7
10959,2099,61008,6.4,21.7,23.5,16.1
10960,2811,73616,14.2,11.1,40.2,30.0
10961,500,36509,12.9,17.0,28.4,30.6
10962,3748,71915,12.7,6.0,48.8,23.8
10963,2728,57766,3.1,13.6,44.6,35.3
10964,1756,92024,11.2,6.4,30.4,33.3
10965,720,59221,5.8,5.2,35.5,23.1
10966,346,75953,14.6,20.8,43.5,24.1
10967,3439,86860,9.4,13.1,24.4,19.8
10968,3110,98620,9.8,21.3,25.5,22.8
10969,4819,53692,7.3,11.7,31.4,37.1
10970,2468,119843,9.4,18.0,35.7,16.2
10971,4094,69400,12.0,6.9,23.8,39.1
10972,1939,127863,9.7,8.8,34.0,22.4
10973,3003,96776,10.7,14.4,25.9,34.3
10974,4495,98353,8.7,13.8,46.4,21.7
10975,4598,124819,11.6,8.9,48.1,26.0
10976,3791,135417,13.8,22.4,42.1,25.1
10977,3941,106248,3.6,10.7,24.1,27.8
10978,4448,40964,4.3,13.5,40.6,31.3
10979,1492,52742,11.2,11.7,36.2,20.6
10980,3850,82367,7.5,24.9,45.5,22.7
10981,4355,88867,6.4,11.9,31.4,37.4
10982,3108,82739,5.1,10.3,49.4,20.0
10983,4400,59195,9.9,23.1,44.0,22.0
10984,3438,96621,7.2,8.1,26.1,33.3
10985,3614,122927,9.1,23.4,40.1,20.3
10986,859,121077,14.5,16.4,35.6,28.7
10987,2868,69164,12.1,9.5,42.1,22.2
10988,3188,137693,12.6,10.0,31.3,25.1
10989,2215,42397,4.5,19.2,20.4,35.6
10990,4328,65047,6.9,5.8,31.6,21.3
10991,1823,127530,4.3,19.3,39.7,15.2
10992,3066,131915,14.6,11.2,24.0,31.0
10993,529,93885,11.2,21.2,48.2,37.5
10994,2455,72879,3.2,7.5,30.1,29.9
10995,2559,129380,8.7,10.0,37.7,28.7
10996,4292,37157,6.2,13.8,23.3,16.7
10997,1818,147445,9.5,22.6,20.7,18.4
10998,1365,87214,5.1,10.7,35.7,20.8
10999,1408,128491,3.7,21.9,34.2,15.1
11000,1150,38885,6.9,7.0,49.9,25.2
11001,3573,132922,6.5,8.5,44.7,28.5
11002,2349,32018,11.6,8.2,41.1,27.5
11003,2909,111190,8.7,17.3,39.2,22.2
11004,3021,104127,6.5,12.8,48.3,18.9
11005,4776,99191,9.8,22.3,46.8,39.6
11006,4141,25389,3.9,14.7,23.0,29.0
11007,2517,64659,10.9,21.8,29.4,20.5
11008,632,41519,4.8,9.8,26.4,34.6
11009,998,60224,6.4,23.6,40.1,26.8
11010,2754,109191,6.4,17.7,45.6,20.2
11011,1569,82944,8.6,15.1,48.4,33.3
11012,3020,48497,14.4,17.2,49.9,33.4
11013,1352,50194,6.9,23.3,45.9,36.4
11014,869,34768,6.4,11.9,30.2,15.9
11015,933,53345,5.0,9.9,26.0,27.1
11016,2309,145784,7.7,9.9,28.2,25.9
11017,4749,147043,5.2,24.5,40.9,38.0
11018,3524,36117,4.7,11.7,39.4,25.0
11019,1191,63274,13.3,22.7,45.2,37.7
11020,1296,82352,3.6,7.7,28.0,39.3
11021,4014,99931,11.5,13.6,36.9,39.0
11022,1760,34913,5.4,17.4,47.2,38.2
11023,4754,81763,3.1,24.3,22.1,20.7
11024,360,33785,12.5,18.5,30.8,33.7
11025,2364,102488,11.4,5.0,22.4,26.4
11026,1285,132101,7.0,20.2,42.5,35.4
11027,2549,112940,4.0,18.0,21.6,38.3
11028,3633,59237,7.3,8.7,48.4,31.2
11029,4470,104987,5.2,17.4,45.0,36.0
11030,4401,75847,14.2,23.5,21.7,25.5
11031,3444,55964,9.4,5.1,44.6,35.2
11032,966,124610,14.6,24.5,23.3,19.3
11033,192,30332,7.2,10.9,41.0,15.3
11034,3278,51263,9.7,17.2,40.9,29.2
11035,1451,129101,5.3,10.6,48.9,30.4
11036,464,72554,12.7,19.6,33.7,26.0
11037,3818,45367,3.5,15.3,42.5,21.9
11038,2024,36918,11.3,10.3,37.0,25.4
11039,3195,132544,7.7,15.1,49.4,16.8
11040,2638,108655,9.9,12.0,35.1,23.1
11041,1396,78480,10.1,10.0,48.2,33.6
11042,2376,87979,11.5,16.9,32.2,34.2
11043,102,44743,5.5,17.8,25.6,27.9
11044,3592,99412,9.4,7.8,31.3,20.7
11045,1853,96863,8.1,23.6,33.4,22.1
11046,1010,72354,6.4,5.1,39.7,24.0
11047,406,51914,8.9,10.5,38.5,27.0
11048,4331,116060,14.4,11.9,25.6,22.4
11049,4115,64709,14.4,6.3,23.8,21.9
11050,1538,118542,6.3,6.8,35.6,27.0
11051,972,101399,13.6,21.9,21.8,24.0
11052,1241,123608,13.5,12.2,38.5,33.1
11053,765,92933,6.0,12.3,38.4,40.0
11054,308,149880,10.2,18.8,26.0,15.9
11055,1051,40698,13.4,19.5,48.3,29.3
11056,1157,47451,9.2,19.2,37.2,20.5
11057,4844,125830,7.4,14.4,50.0,27.3
11058,4822,137080,10.8,19.1,21.3,26.9
11059,4720,130463,5.1,23.5,42.7,31.9
11060,4108,37417,4.9,7.7,27.7,34.0
11061,1968,57954,13.0,16.5,35.6,32.5
11062,4964,87884,3.5,22.6,23.1,23.7
11063,871,57239,12.6,24.3,24.5,16.2
11064,4935,92100,6.5,6.8,29.5,22.3
11065,4130,64581,8.8,24.0,43.4,35.4
11066,621,125213,9.5,19.5,44.7,25.9
11067,3455,117394,12.2,19.5,25.4,32.4
11068,1500,131773,13.6,8.0,23.9,30.5
11069,3838,122381,12.7,16.5,48.4,32.0
11070,4443,42866,9.9,12.2,41.6,33.8
11071,3823,82056,7.2,16.7,24.2,36.7
11072,3347,46266,9.3,19.7,22.4,20.2
11073,1958,113898,3.4,8.7,31.6,16.2
11074,4881,136847,5.9,8.1,23.4,27.9
11075,4164,67837,7.4,12.1,41.3,37.7
11076,4781,137913,6.8,17.8,25.5,18.4
11077,2498,37652,4.1,18.5,34.8,38.3
11078,242,38789,3.6,17.2,31.0,36.6
11079,2951,139624,8.0,22.0,38.7,39.1
11080,3569,37755,3.9,19.7,47.8,22.3
11081,3795,67608,6.4,15.1,32.6,25.3
11082,817,59692,8.7,14.7,34.4,35.8
11083,742,55667,5.5,21.0,46.0,21.9
11084,3540,93234,4.0,22.7,39.0,39.4
11085,2648,135295,8.2,22.0,21.6,18.3
11086,3793,72929,8.4,14.9,20.9,23.4
11087,469,149177,14.0,16.6,48.0,26.5
11088,3750,83695,4.5,20.7,26.1,20.0
11089,886,134404,10.4,16.6,47.3,16.4
11090,1049,117343,6.8,9.5,33.1,37.1
11091,621,105789,4.5,22.7,33.7,23.0
11092,3043,104671,7.7,14.9,49.8,29.2
11093,454,117140,8.1,24.6,35.4,19.6
11094,2435,83561,7.4,16.1,49.2,33.4
11095,1582,90302,12.2,12.7,39.1,17.6
11096,1747,107191,13.1,9.3,43.1,32.7
11097,3145,141011,4.8,11.9,22.0,31.2
11098,4731,131055,5.0,9.4,20.4,29.8
11099,2315,125547,8.1,23.4,41.6,32.1
11100,4816,40117,6.8,17.0,35.2,21.5
11101,527,109872,12.8,21.4,44.0,30.0
11102,2637,41714,15.0,9.2,25.4,15.9
11103,644,63639,5.2,6.2,44.5,21.4
11104,2864,77709,12.2,13.4,39.9,30.7
11105,3865,35859,10.3,23.7,27.6,26.1
11106,758,101274,10.7,7.3,47.3,15.5
11107,2927,102199,6.2,20.8,49.1,29.8
11108,2158,130868,4.2,6.2,33.8,35.8
11109,3427,92363,9.5,8.3,33.5,15.0
11110,830,35027,10.4,19.6,37.1,32.2
11111,1932,122379,14.6,9.2,41.5,20.6
11112,508,114869,11.1,5.4,41.0,17.6
11113,4279,136452,8.3,9.4,36.0,28.4
11114,3347,32184,14.9,19.7,47.6,30.9
11115,4902,49256,7.5,15.6,24.9,16.4
11116,233,73339,5.0,15.9,26.0,15.9
11117,4983,69896,10.4,13.2,41.7,36.2
11118,766,43557,6.2,7.9,42.2,16.7
11119,376,55517,14.1,9.3,31.8,15.7
11120,3407,127013,8.1,8.7,29.0,22.4
11121,981,90665,4.8,19.1,21.4,34.9
11122,2160,106552,4.7,21.9,31.6,29.9
11123,2182,80039,10.8,9.8,27.4,35.0
11124,1337,92094,7.4,8.5,45.0,16.7
11125,2552,100989,7.4,10.0,34.7,26.0
11126,258,110120,10.3,23.8,37.0,33.0
11127,2696,38835,5.7,9.3,42.3,32.8
11128,3915,61492,4.7,18.8,28.9,32.3
11129,4474,77685,10.9,7.3,46.6,37.3
11130,2626,144753,3.1,18.2,31.8,22.0
11131,210,149683,13.9,9.9,23.2,18.8
11132,641,134624,5.2,21.7,45.7,20.2
11133,1238,29693,8.4,5.5,47.7,25.1
11134,3383,73401,5.5,15.0,26.5,19.3
11135,3710,50190,5.6,18.3,39.6,37.1
11136,4555,57605,13.0,19.9,40.6,25.2
11137,3657,46646,10.0,23.0,27.3,39.3
11138,2519,70478,6.7,17.5,32.8,35.5
11139,1856,51957,6.0,7.6,31.9,28.7
11140,3186,141552,5.6,19.5,38.8,27.0
11141,2406,106860,9.7,15.6,34.7,21.9
11142,1075,84296,11.8,7.0,40.3,36.5
11143,822,140375,6.0,7.8,22.7,24.4
11144,2670,114220,7.0,21.6,28.7,27.4
11145,424,135423,11.6,16.3,21.6,19.0
11146,1629,64175,11.8,8.2,36.6,16.6
11147,2045,62010,5.5,20.8,32.6,24.6
11148,4586,135003,7.6,16.7,49.0,23.9
11149,2530,35251,13.4,8.3,29.1,39.1
11150,4211,47343,11.9,14.0,28.3,21.7
11151,3610,112943,4.9,23.6,30.6,22.1
11152,945,96734,7.6,20.0,34.4,27.9
11153,667,121485,14.7,12.7,38.4,19.2
11154,3788,139643,9.3,5.1,30.7,38.5
11155,2279,71201,11.6,9.5,40.1,38.8
11156,2119,118020,4.1,8.6,41.6,18.6
11157,3419,118416,13.0,12.6,42.3,28.5
11158,2420,100937,10.3,22.7,45.4,22.2
11159,1746,59385,5.1,8.6,24.6,31.8
11160,4103,63848,7.6,6.0,42.4,33.1
11161,4009,135538,4.0,7.6,28.9,18.5
11162,3520,137174,12.3,13.9,41.8,32.0
11163,2631,26899,11.9,6.3,20.9,31.9
11164,456,105674,8.9,16.1,26.4,23.6
11165,3181,125338,8.4,10.5,34.4,28.7
11166,2380,135067,8.6,12.5,37.8,18.7
11167,4231,38983,3.4,8.1,48.4,26.4
11168,2560,47706,7.4,19.9,27.4,23.5
11169,2887,130833,4.5,12.6,35.8,28.0
11170,4309,97911,5.2,7.3,34.8,19.6
11171,1297,45357,14.5,12.2,40.8,22.3
11172,1378,52528,6.1,24.7,27.3,29.1
11173,565,54223,8.8,19.3,47.8,39.7
11174,4100,74877,13.7,22.4,49.8,26.3
11175,3448,126807,8.0,22.8,46.5,23.7
11176,1587,69487,9.3,16.0,41.1,19.5
11177,4697,139167,5.0,16.1,40.2,31.7
11178,4636,33031,6.4,23.1,42.5,30.0
11179,425,50753,9.1,22.5,36.8,29.5
11180,1865,119197,7.4,19.3,27.1,15.9
11181,4262,102137,3.5,21.4,46.7,33.1
11182,403,109260,7.8,19.8,39.7,28.9
11183,4679,35675,12.8,11.2,22.4,16.3
11184,1540,64307,4.4,7.4,34.9,28.6
11185,248,70221,3.2,19.3,33.4,32.1
11186,3134,142729,4.4,23.1,22.8,18.1
11187,2731,53099,11.2,24.6,31.0,38.5
11188,195,119991,12.5,6.0,26.2,36.0
11189,3555,114020,3.6,17.7,21.3,15.6
11190,4477,75711,13.7,17.3,20.7,19.4
11191,2469,74101,10.5,12.4,28.4,31.6
11192,3567,41784,9.2,16.1,22.8,19.6
11193,628,61978,6.0,14.1,45.3,34.5
11194,2410,54022,7.5,23.5,49.3,22.7
11195,4775,110251,14.4,11.0,33.9,36.5
11196,1763,117977,13.9,8.6,37.7,16.9
11197,3464,62739,10.5,18.5,48.5,25.3
11198,2441,108169,9.9,10.7,42.5,38.7
11199,792,148493,5.5,6.1,35.3,20.4
11200,4430,139149,14.4,21.0,32.8,28.6
11201,1051,29226,12.1,11.5,42.4,21.1
11202,1460,47791,7.6,24.8,29.7,23.5
11203,638,112563,12.8,11.2,42.5,16.9
11204,919,125258,5.5,16.1,22.2,15.5
11205,3262,113897,5.6,8.2,35.4,18.4
11206,4025,131844,12.5,15.7,25.4,22.1
11207,371,68478,9.7,10.3,42.0,31.9
11208,1128,82504,9.7,18.6,49.1,31.3
11209,3765,66073,9.9,5.6,39.7,27.7
11210,1342,31161,4.5,19.0,41.7,25.9
11211,1241,146959,7.2,15.4,24.9,26.9
11212,692,122465,9.9,12.6,36.5,28.4
11213,1705,63229,6.0,6.3,43.4,32.2
11214,4310,100213,9.0,6.2,45.7,33.0
11215,3477,26628,9.7,20.8,49.3,37.1
11216,4171,98516,14.3,19.8,42.4,24.1
11217,4402,127542,5.9,14.3,37.2,19.9
11218,3794,56374,8.3,5.1,44.4,24.2
11219,2450,71892,14.8,21.3,27.7,27.4
11220,4307,102411,5.2,18.3,46.2,28.7
11221,1540,47980,12.4,6.5,43.4,36.0
11222,3726,109418,5.1,10.5,25.0,18.8
11223,1982,59763,13.2,6.4,45.5,33.0
11224,3811,35301,8.9,22.4,44.9,28.8
11225,284,91131,14.7,15.1,47.7,26.5
11226,320,107859,5.0,12.5,47.0,37.0
11227,3288,75451,11.3,17.6,29.9,28.7
11228,1193,46798,11.3,19.9,35.3,35.6
11229,3045,83496,11.6,18.1,44.2,34.4
11230,2574,86803,4.2,21.6,43.1,23.2
11231,2715,136682,6.5,16.9,44.2,31.0
11232,2112,117206,7.1,5.1,27.0,24.5
11233,2590,126320,6.9,7.7,43.8,25.2
11234,700,34589,11.1,22.3,23.0,37.2
11235,1260,126173,3.7,7.6,34.5,23.4
11236,4699,136251,11.8,17.4,21.7,37.9
11237,4413,105633,9.3,9.1,33.6,35.9
11238,2835,132656,5.1,24.2,27.4,39.3
11239,2318,73222,5.7,9.5,35.6,18.9
11240,4807,31381,4.2,12.2,41.4,17.4
11241,1252,115907,8.5,20.5,20.9,15.9
11242,156,139495,10.1,18.2,27.9,38.3
11243,1304,127434,10.0,11.4,24.5,15.0
11244,4441,81615,14.5,19.0,25.5,15.2
11245,243,55588,6.6,24.6,37.5,20.9
11246,467,93453,12.1,7.9,21.9,30.5
11247,1582,52115,11.7,9.8,41.2,17.0
11248,715,29353,3.7,14.0,27.0,26.7
11249,3738,101162,14.2,11.3,48.8,27.7
11250,3428,94901,14.2,11.3,48.0,30.5
11251,3327,51576,7.8,13.6,42.0,27.8
11252,1688,138506,8.0,20.8,43.6,40.0
11253,2589,110038,12.8,12.1,41.6,34.4
11254,3103,48133,8.9,10.1,41.8,20.3
11255,798,68701,12.6,16.0,25.4,18.5
11256,2923,99681,3.4,22.4,47.8,16.9
11257,1044,116837,6.0,19.0,44.0,20.4
11258,3981,149390,4.1,11.8,37.2,15.1
11259,1022,67546,8.5,24.4,25.0,19.1
11260,1846,108661,13.2,18.8,43.3,30.5
11261,4220,73943,9.8,7.8,47.3,18.9
11262,2953,92994,9.2,18.9,34.2,25.5
11263,1659,52468,7.4,23.1,22.6,35.3
11264,1183,149854,3.8,14.5,49.0,37.1
11265,3638,88612,12.2,19.6,25.1,17.8
11266,533,64123,9.8,8.0,43.8,31.5
11267,3026,149272,14.2,7.2,49.5,22.6
11268,1189,136536,8.2,17.6,28.8,28.3
11269,3057,97599,7.8,13.0,23.0,16.4
11270,2712,126641,14.7,14.2,44.3,28.1
11271,4291,145966,4.7,11.1,22.1,33.6
11272,3859,31003,6.0,14.1,35.8,15.9
11273,4363,36024,8.9,7.0,41.9,36.8
11274,2189,42173,9.3,7.2,39.2,32.6
11275,2002,31458,9.6,13.9,37.0,33.6
11276,2667,131795,5.5,14.1,27.5,24.5
11277,2098,86194,14.1,22.4,29.5,26.7
11278,3214,108241,11.4,11.6,30.8,25.3
11279,3094,146110,6.1,18.5,39.7,32.9
11280,2110,78621,6.5,11.1,40.4,19.2
11281,4944,137571,13.6,11.2,25.3,17.1
11282,1991,89213,7.6,19.2,20.7,31.3
11283,930,130959,9.7,16.2,22.2,35.8
11284,148,27109,4.4,12.5,40.5,19.8
11285,4310,146710,6.0,14.7,22.8,33.0
11286,1278,38365,8.0,21.9,29.4,22.9
11287,3133,76537,10.9,19.9,36.5,23.0
11288,170,126750,6.4,23.7,36.5,19.3
11289,166,105748,14.4,22.5,36.1,31.9
11290,1877,54145,5.6,18.4,47.6,28.9
11291,2328,102935,12.3,8.8,33.3,28.5
11292,1889,95621,7.4,12.2,25.0,18.0
11293,712,48820,13.0,16.1,21.6,21.7
11294,1986,105195,14.1,5.7,35.4,25.3
11295,1722,58386,5.2,18.6,38.2,30.7
11296,796,46274,8.9,24.6,37.3,29.2
11297,1337,34074,4.9,21.6,25.8,27.8
11298,2506,92239,11.5,18.8,21.3,32.5
11299,348,131057,13.0,18.6,46.3,38.5
11300,737,35987,7.7,22.9,33.3,37.9
11301,1049,54780,7.8,11.2,23.2,29.0
11302,2004,76571,5.4,13.9,39.8,30.7
11303,3687,87538,6.7,18.2,39.6,22.5
11304,1211,135324,6.9,16.5,38.4,23.2
11305,275,115619,4.9,21.9,27.0,22.5
11306,822,113291,6.7,12.3,45.5,25.1
11307,3942,89082,13.9,13.3,22.6,17.5
11308,3774,35227,6.9,10.0,23.5,25.9
11309,4966,124721,6.3,17.8,31.5,18.2
11310,2047,63926,7.6,12.8,47.0,35.8
11311,802,32148,14.5,16.0,44.7,28.6
11312,2228,60628,12.2,6.2,47.3,33.7
11313,1026,55900,5.4,19.1,41.0,20.5
11314,4333,36771,12.0,15.7,38.6,23.7
11315,3604,92921,12.2,19.8,43.5,16.9
11316,2617,149166,14.4,10.0,26.0,36.7
11317,2497,91461,13.7,22.1,23.3,30.9
11318,1249,63989,4.1,22.4,47.9,25.0
11319,3480,57996,8.5,13.7,45.1,39.5
11320,1978,75920,11.4,6.9,32.6,19.9
11321,1353,105925,14.7,15.1,43.3,23.2
11322,1583,51997,4.0,17.9,35.3,28.0
11323,409,54488,7.4,17.0,20.5,31.9
11324,4052,134752,8.9,23.0,20.5,28.8
11325,3149,47975,8.0,23.4,34.2,35.8
11326,1664,136460,8.5,17.4,37.6,20.7
11327,1600,62310,7.4,17.8,44.7,38.3
11328,4965,97111,14.6,7.6,37.7,30.1
11329,115,89254,12.6,12.9,37.8,25.1
11330,705,130640,11.8,11.6,49.9,30.4
11331,1481,118264,7.9,11.9,20.0,18.9
11332,3483,128197,13.6,19.5,30.5,27.7
11333,994,50809,4.1,14.8,47.9,26.9
11334,1667,130730,4.7,15.1,31.5,16.8
11335,513,68995,14.4,10.0,27.2,31.0
11336,4220,93132,9.8,8.3,33.2,26.9
11337,2104,149189,4.9,13.2,43.0,37.2
11338,415,97757,14.4,6.2,42.9,37.2
11339,4766,82812,14.7,8.2,30.0,21.7
11340,4920,84760,13.6,21.4,23.5,32.5
11341,3155,115965,5.9,13.7,48.9,39.5
11342,1949,129419,6.3,24.5,26.9,20.6
11343,2053,42507,7.9,5.1,47.8,20.7
11344,488,59388,10.0,23.4,32.1,16.5
11345,2869,85375,14.9,18.0,49.6,32.0
11346,4639,87164,14.5,17.5,27.4,33.7
11347,3146,110894,14.1,21.8,40.1,33.0
11348,2515,82095,4.1,17.5,44.6,36.9
11349,2489,77181,12.1,5.7,32.2,17.6
11350,403,105469,13.5,23.1,24.4,28.1
11351,863,71654,7.0,22.5,22.9,33.5
11352,2073,124774,5.6,15.4,26.8,19.6
11353,915,138855,12.0,7.5,21.6,27.9
11354,977,101189,4.1,21.4,46.0,38.2
11355,4898,147972,14.3,15.6,41.1,17.5
11356,2426,140964,4.9,11.5,39.6,23.7
11357,2529,40300,8.5,24.9,40.9,27.4
11358,2160,54232,14.8,8.3,39.1,33.6
11359,4498,34848,14.9,8.3,21.1,39.2
11360,1679,93646,12.3,17.0,37.3,19.5
11361,4355,127945,13.1,10.3,32.4,30.5
11362,2301,110349,14.6,13.2,24.7,27.0
11363,3697,87217,14.1,9.8,40.0,23.8
11364,1303,32176,10.5,20.7,32.8,19.1
11365,2524,98915,11.8,10.5,27.7,27.2
11366,3975,70663,10.1,21.8,42.0,25.7
11367,2923,31788,9.1,19.7,21.8,28.0
11368,3385,87114,13.6,11.0,31.0,28.1
11369,2163,31282,11.9,21.0,28.3,30.6
11370,2079,148983,13.3,11.4,23.7,39.2
11371,4448,137218,4.2,13.1,23.9,20.3
11372,3231,30375,9.9,6.6,26.5,23.0
11373,3192,57403,7.0,16.4,20.6,21.9
11374,4926,43610,9.2,21.3,37.9,16.0
11375,3764,140968,10.4,17.5,35.3,24.1
11376,2436,144001,13.1,16.0,45.7,34.6
11377,3714,143781,3.4,23.0,43.9,19.7
11378,597,26340,5.0,13.8,49.3,23.6
11379,3917,148470,14.1,24.9,20.7,32.1
11380,4743,66638,14.6,14.2,35.0,37.6
11381,231,132111,3.7,17.9,25.1,37.0
11382,957,98519,7.0,5.9,34.1,23.3
11383,620,132345,3.1,19.0,25.5,18.0
11384,129,125311,12.1,11.4,22.2,16.6
11385,3496,73411,11.2,7.6,44.9,16.6
11386,4704,57088,9.8,8.0,33.0,29.2
11387,1360,136318,11.3,15.2,40.6,37.9
11388,1658,143858,9.5,16.8,23.4,36.6
11389,115,52360,5.9,19.1,37.3,35.1
11390,3705,99063,12.1,13.9,44.9,32.3
11391,1707,115915,12.4,22.3,46.7,26.5
11392,3617,87294,13.3,6.4,29.1,23.0
11393,2116,71661,14.4,7.4,47.3,29.8
11394,3674,99090,12.0,9.6,34.6,25.7
11395,1843,96869,3.7,7.0,27.4,30.4
11396,3891,130943,3.3,20.1,36.5,19.9
11397,3734,43405,11.9,12.3,40.6,35.4
11398,1188,71185,3.7,17.1,22.5,27.7
11399,1461,145901,6.8,20.3,40.8,29.9
11400,3472,93105,4.6,15.9,42.7,34.9
11401,4573,114301,14.6,15.7,32.9,21.2
11402,575,118142,6.8,14.0,46.9,24.0
11403,1389,72620,3.7,18.9,26.7,18.2
11404,428,141763,14.4,15.6,25.7,26.2
11405,4144,36578,10.3,13.1,38.8,31.5
11406,1939,83248,3.4,17.4,33.8,25.7
11407,1286,129358,13.0,24.2,32.5,32.9
11408,4633,73880,4.8,21.2,38.8,33.6
11409,3514,55202,12.6,13.9,31.0,15.1
11410,3636,104963,10.2,17.2,48.7,29.6
11411,1873,49381,5.1,12.8,47.0,39.1
11412,2163,88320,12.0,15.4,29.3,32.5
11413,1944,62226,8.5,19.7,25.8,26.9
11414,2658,109005,10.7,21.8,25.3,26.2
11415,1362,44095,13.4,6.2,43.4,19.8
11416,3391,64615,6.1,8.3,38.1,37.2
11417,1118,77856,7.4,16.6,36.2,39.7
11418,1889,56210,15.0,19.1,39.7,19.6
11419,3624,30802,9.1,18.2,42.1,17.8
11420,3604,128533,9.7,10.0,26.8,22.5
11421,906,139831,6.4,18.1,49.4,23.0
11422,2766,36841,8.0,14.2,30.6,33.7
11423,504,105705,9.0,9.9,22.3,20.6
11424,693,126572,6.1,22.7,45.0,29.0
11425,4049,132565,5.9,15.6,35.9,21.7
11426,4207,89660,10.2,22.2,20.5,34.2
11427,3380,137187,5.2,13.4,38.2,24.1
11428,2312,125489,9.6,17.7,38.6,23.9
11429,1642,43921,11.5,21.3,40.3,15.9
11430,713,72505,5.4,11.6,37.9,16.7
11431,968,31745,12.0,22.2,28.0,33.1
11432,911,56443,7.3,12.0,50.0,29.4
11433,1922,40016,14.9,9.0,34.0,18.9
11434,4962,103755,14.7,19.8,31.6,38.9
11435,4277,138264,12.6,11.7,20.1,28.1
11436,1844,54012,7.1,24.1,37.1,19.3
11437,2356,112617,14.2,21.1,34.6,25.0
11438,4142,90837,15.0,9.6,48.4,27.6
11439,3767,43549,8.5,24.7,29.6,18.2
11440,621,125064,10.4,12.3,40.4,27.4
11441,1625,102974,3.1,16.2,38.9,17.1
11442,1569,95822,3.5,6.5,43.7,23.7
11443,2775,60422,9.0,5.8,43.9,31.2
11444,1613,46251,10.3,10.9,20.1,34.4
11445,4976,149328,6.7,5.2,46.0,22.1
11446,1551,55466,4.2,10.6,23.5,28.3
11447,4754,62860,12.4,15.4,21.6,23.7
11448,3530,31580,8.0,18.8,44.2,40.0
11449,3107,107551,10.8,10.0,22.5,34.8
11450,3224,73201,10.8,13.1,21.4,35.4
11451,1853,82705,9.6,12.7,27.3,37.7
11452,1712,102919,5.1,11.6,35.7,30.5
11453,3375,119499,10.4,12.8,46.1,33.4
11454,655,40536,6.9,14.8,47.5,34.9
11455,4351,125378,12.8,9.0,33.6,21.8
11456,2149,105692,5.3,14.3,37.7,39.5
11457,924,94936,6.5,10.2,47.7,26.3
11458,2949,76922,8.3,6.3,43.2,29.0
11459,3130,134413,11.9,9.3,38.7,30.2
11460,1181,50344,11.6,23.7,27.3,27.8
11461,3425,148865,7.0,15.1,34.1,24.9
11462,592,138581,9.1,24.7,45.8,37.1
11463,4864,57573,5.8,9.5,29.3,16.1
11464,174,49780,12.2,10.8,24.4,21.1
11465,3091,83210,5.4,17.8,24.6,40.0
11466,3460,79262,12.8,12.1,43.2,20.3
11467,470,84969,14.2,12.2,24.9,24.0
11468,4782,25661,14.9,21.9,21.3,34.9
11469,428,91214,13.3,5.6,45.6,21.2
11470,4785,96899,5.7,18.3,48.0,34.3
11471,1890,58067,8.0,22.6,49.6,37.6
11472,876,107177,4.1,8.5,31.0,16.4
11473,2122,109682,5.0,13.1,47.3,38.6
11474,4774,123543,3.6,21.2,24.6,27.4
11475,4416,82146,10.7,15.7,49.8,30.0
11476,1287,77452,9.4,12.2,20.5,22.0
11477,1603,69505,14.0,17.5,30.4,27.6
11478,3391,48707,8.6,11.5,42.3,35.2
11479,3425,141953,10.7,17.5,38.1,35.1
11480,287,117624,7.8,7.9,32.0,22.7
11481,1314,127594,13.0,9.5,22.3,32.3
11482,3386,121525,14.1,5.3,48.6,35.9
11483,3546,30647,8.2,8.7,45.6,38.2
11484,1209,39064,4.0,7.6,22.3,18.6
11485,2621,82083,5.0,17.0,42.6,20.5
11486,3979,130010,11.6,23.9,25.0,33.2
11487,630,70411,6.9,9.3,48.9,37.8
11488,1170,80835,12.4,7.6,22.0,17.0
11489,3236,56195,12.0,15.7,25.5,20.9
11490,1062,136156,11.3,8.6,43.2,37.6
11491,1505,53979,12.8,15.8,20.5,18.5
11492,3237,64539,12.1,15.1,46.3,29.9
11493,616,82752,10.6,5.4,27.8,15.5
11494,3264,48992,3.1,24.3,45.8,21.3
11495,1591,58288,9.2,9.0,34.1,21.8
11496,3789,30642,10.1,22.9,21.7,15.4
11497,4328,84876,14.5,12.7,36.2,34.4
11498,4509,71698,10.8,8.2,41.7,33.0
11499,690,28884,9.9,7.1,36.1,15.2
11500,1643,141564,9.5,15.2,47.0,17.2
11501,3156,73385,4.2,12.2,42.6,34.3
11502,2306,60509,8.1,23.4,23.7,20.6
11503,3439,56649,4.6,9.0,21.4,29.4
11504,2808,104017,3.6,19.5,30.9,38.6
11505,4129,61300,7.0,8.7,41.1,19.8
11506,847,121068,10.7,22.4,45.7,16.4
11507,900,123954,13.4,15.2,45.8,29.7
11508,1597,36036,12.7,21.6,22.0,22.9
11509,1479,92694,6.5,13.8,44.2,31.5
11510,779,109571,3.6,8.5,28.6,39.1
11511,3870,133763,7.8,15.8,47.6,29.2
11512,3442,99756,6.8,10.5,34.9,32.0
11513,996,34747,7.5,8.7,24.5,20.6
11514,1646,71692,9.7,23.1,49.8,33.8
11515,3226,65230,3.4,16.0,26.1,16.4
11516,783,81777,7.4,21.0,28.2,36.9
11517,1395,87108,9.7,20.5,35.9,26.1
11518,1485,115049,8.2,5.0,20.8,22.2
11519,1042,64806,11.0,22.7,44.8,30.1
11520,3380,132008,5.2,20.5,33.6,35.9
11521,1133,75387,4.8,10.4,30.5,25.0
11522,2886,107038,6.7,9.6,33.2,31.6
11523,2333,86824,4.2,6.1,49.1,38.0
11524,3745,139947,5.8,6.8,34.8,34.4
11525,1720,30518,4.0,8.9,42.6,38.8
11526,3635,75350,7.8,5.1,20.5,36.2
11527,3305,130885,11.5,11.3,42.7,23.9
11528,2982,31277,6.4,23.4,22.8,30.4
11529,270,100877,3.0,16.1,43.8,19.4
11530,1653,142120,9.7,16.6,47.6,37.7
11531,3997,72558,11.3,9.7,27.0,23.2
11532,1695,48613,7.7,9.5,28.3,27.9
11533,1723,25959,6.6,12.3,44.2,28.0
11534,4222,77100,8.9,10.2,43.5,21.5
11535,1191,74717,4.2,22.2,43.8,38.5
11536,2937,30936,10.7,8.5,44.2,35.5
11537,507,53678,11.8,18.5,30.4,24.3
11538,4269,103691,11.5,14.8,48.5,22.0
11539,779,48042,6.9,18.5,47.0,26.8
11540,336,109299,13.1,21.7,23.8,39.0
11541,2874,36642,14.4,11.8,21.3,34.7
11542,3537,131940,6.6,15.8,47.5,24.4
11543,3457,146166,6.2,15.0,26.4,17.8
11544,2977,44923,11.4,12.5,42.2,17.1
11545,2523,106832,11.5,21.2,39.9,32.0
11546,4814,76860,9.1,5.2,41.7,21.5
11547,3247,109255,14.1,11.2,38.5,32.4
11548,1132,34227,4.8,21.6,28.6,21.3
11549,2954,93580,8.7,22.4,37.8,34.5
11550,3040,138767,3.4,18.9,36.0,16.0
11551,3801,147478,3.6,11.8,29.2,34.1
11552,4170,124590,3.6,21.4,30.4,21.6
11553,3232,100186,8.9,6.7,39.4,23.5
11554,3560,35412,10.1,10.3,45.1,18.5
11555,2023,124934,3.0,6.8,37.8,19.2
11556,733,56040,10.6,7.2,33.1,27.0
11557,4203,110947,8.9,16.9,23.7,33.0
11558,1492,73842,5.7,6.4,20.5,26.9
11559,3546,44500,3.2,18.6,22.6,31.4
11560,3198,63433,4.9,12.0,22.0,22.4
11561,161,105082,10.2,6.1,24.9,15.2
11562,2569,118066,10.9,10.7,47.1,17.9
11563,1917,38024,10.8,13.0,24.5,28.7
11564,732,54088,4.8,12.3,25.8,24.1
11565,4987,139951,13.9,15.2,38.4,27.2
11566,2698,47828,7.9,15.1,36.2,31.1
11567,3551,128879,12.2,12.2,45.1,21.2
11568,1400,114313,5.0,23.0,26.9,26.9
11569,2753,61967,8.6,9.4,34.5,29.6
11570,1554,144770,9.3,11.8,23.3,21.6
11571,1238,98948,12.2,16.1,37.6,34.7
11572,3292,74485,10.5,9.9,38.1,34.0
11573,4720,132820,7.8,8.0,45.4,18.1
11574,2310,137100,6.4,5.1,29.9,16.0
11575,4982,148840,14.7,23.9,28.9,18.8
11576,3859,67440,6.4,20.7,48.6,31.5
11577,3129,123739,4.6,22.8,33.5,21.7
11578,1460,142129,6.6,5.8,28.7,27.1
11579,2526,113797,6.9,6.5,38.2,35.2
11580,4368,90578,4.5,16.0,24.3,25.7
11581,163,72313,11.5,5.5,31.6,27.5
11582,1445,42349,10.4,10.4,33.8,16.5
11583,1074,119218,6.8,24.5,46.5,36.8
11584,4261,25215,14.9,12.1,41.8,15.6
11585,3728,36427,10.9,24.6,31.7,24.9
11586,1722,45704,11.4,7.4,34.0,31.4
11587,557,55432,9.7,12.7,48.3,22.3
11588,3430,27705,9.6,5.1,45.1,29.8
11589,1840,106598,3.2,16.8,23.5,22.7
11590,3126,66732,12.3,11.8,30.8,33.0
11591,2054,141510,13.9,15.1,33.9,26.6
11592,379,45495,4.5,20.9,26.1,29.5
11593,2491,120240,12.5,16.0,23.9,31.4
11594,1140,56233,9.4,18.3,29.5,29.0
11595,1061,146124,6.4,14.4,39.9,34.0
11596,3945,118267,14.1,20.0,48.8,26.6
11597,1317,98658,3.2,17.1,49.3,32.3
11598,3320,98785,6.3,22.3,46.3,31.5
11599,474,54656,13.6,20.1,41.3,37.3
11600,4230,29946,8.8,9.6,22.2,19.3
11601,1492,55207,10.2,15.5,20.5,33.6
11602,2176,102417,12.0,22.5,20.7,27.8
11603,874,29743,4.8,22.2,23.0,15.7
11604,4416,43227,5.6,14.5,33.9,38.8
11605,3524,145138,15.0,11.3,20.6,28.9
11606,2223,74612,5.8,9.2,30.7,18.2
11607,4689,99696,9.5,8.9,48.6,32.3
11608,3693,57068,6.6,7.9,36.8,28.3
11609,379,38521,13.2,25.0,38.2,16.9
11610,4941,77967,14.5,18.3,34.7,25.3
11611,2911,32292,4.7,11.3,49.4,27.4
11612,2442,32629,10.2,10.9,25.0,38.9
11613,1574,25289,12.7,11.1,49.3,31.0
11614,1957,118397,12.9,22.4,34.0,30.9
11615,2989,40791,8.3,15.3,47.8,37.7
11616,1159,67080,5.7,10.4,39.2,15.5
11617,2022,89407,7.6,21.0,26.1,24.9
11618,3899,113312,12.0,20.0,43.9,26.7
11619,4692,57246,14.9,14.4,24.0,30.8
11620,2573,50308,9.7,18.8,44.4,38.2
11621,4239,146356,5.3,19.8,21.1,15.8
11622,1951,44960,3.5,6.0,24.3,16.1
11623,3641,147673,14.3,22.5,30.8,24.5
11624,4649,105986,8.8,10.7,22.0,31.5
11625,694,130152,11.6,24.6,44.6,20.1
11626,606,94318,10.9,23.2,33.5,29.2
11627,4989,64683,13.7,5.4,38.6,18.5
11628,120,70631,6.2,17.4,23.0,23.4
11629,1499,29937,8.3,24.3,20.2,39.7
11630,3301,101519,14.0,16.3,49.4,21.5
11631,2561,120970,10.0,17.3,24.3,33.5
11632,3778,35230,3.9,23.6,44.9,32.8
11633,436,121422,5.3,16.5,39.2,24.5
11634,1767,56994,5.8,9.9,44.2,26.2
11635,3676,36710,14.9,14.2,38.1,35.1
11636,1009,136801,5.7,12.0,31.7,16.5
11637,375,110978,13.4,8.3,35.9,33.8
11638,991,86779,3.9,9.3,36.0,28.8
11639,112,69477,5.2,6.2,25.4,38.0
11640,4157,56881,13.5,8.4,39.2,27.7
11641,3125,109076,13.8,10.2,25.2,27.2
11642,1073,142565,5.1,20.2,36.2,37.2
11643,4370,88904,5.8,12.3,40.2,25.7
11644,4070,147822,9.4,18.8,44.3,27.9
11645,1508,72529,3.6,24.9,36.3,32.4
11646,2043,83411,14.3,16.6,38.4,22.7
11647,2388,29437,7.3,17.3,41.8,34.9
11648,646,134546,8.9,16.0,30.9,34.5
11649,1318,94456,4.3,12.9,21.4,35.6
11650,1520,39713,3.4,8.7,28.9,39.4
11651,1554,91663,8.6,24.6,23.6,37.0
11652,3477,80753,4.5,14.6,42.8,31.5
11653,2872,143755,10.6,23.7,44.4,20.4
11654,4198,99718,12.5,10.2,49.1,28.6
11655,2838,110406,3.4,7.2,38.0,19.3
11656,3847,89388,10.3,17.7,34.3,31.1
11657,1942,62495,12.8,22.0,48.2,34.5
11658,846,67385,8.3,18.2,47.6,19.9
11659,2916,30509,14.5,19.9,39.3,16.5
11660,971,96017,4.3,17.2,43.2,15.1
11661,594,51033,6.9,19.9,26.0,39.2
11662,3544,61222,5.8,11.9,35.4,20.7
11663,4823,75203,15.0,12.8,30.2,29.6
11664,1175,114194,6.5,20.6,44.7,21.8
11665,4094,55487,7.7,21.0,46.7,27.4
11666,4337,88428,13.2,6.7,32.0,18.4
11667,145,142275,14.2,5.3,34.4,26.8
11668,3156,44641,14.3,18.3,26.9,38.4
11669,2157,125546,9.7,6.7,46.3,38.9
11670,763,89657,11.0,8.4,24.2,25.5
11671,4768,29867,7.2,8.9,47.5,31.3
11672,2129,99599,10.3,15.2,38.5,31.0
11673,2796,80984,6.6,9.0,27.4,31.0
11674,739,107047,12.0,8.6,32.8,28.4
11675,2763,129319,6.7,5.2,23.0,25.9
11676,2845,49681,13.6,20.3,37.8,19.4
11677,4502,120647,4.7,7.7,44.2,29.4
11678,2695,72455,9.9,16.4,39.6,15.8
11679,3527,124710,9.2,11.0,25.0,38.2
11680,494,86138,6.2,8.7,36.6,38.5
11681,3697,143108,3.3,11.9,44.8,39.0
11682,4944,46984,4.8,10.1,45.8,16.6
11683,2432,89321,14.6,13.7,42.4,24.5
11684,429,117473,14.3,18.8,31.0,32.6
11685,2197,69554,4.4,6.0,49.4,20.9
11686,872,106774,7.5,8.7,44.5,35.2
11687,1745,33182,8.6,6.6,45.2,20.9
11688,1832,123272,8.7,24.4,45.5,15.9
11689,4573,34192,6.6,16.5,42.0,22.9
11690,1887,102159,14.0,21.4,35.1,25.2
11691,1723,65256,13.9,10.3,33.4,21.3
11692,1099,103207,3.2,22.9,42.8,28.3
11693,1948,30097,10.8,17.6,34.6,26.7
11694,1661,61880,3.9,13.1,47.0,39.9
11695,873,141081,10.2,17.0,26.8,37.7
11696,1903,92407,13.4,7.5,43.4,36.9
11697,1198,42473,10.8,11.3,27.2,17.0
11698,2150,103709,8.6,15.8,34.1,22.9
11699,1698,54808,14.5,17.8,22.6,25.5
11700,847,41003,12.0,9.3,34.9,32.3
11701,4073,96071,6.0,24.8,35.8,38.9
11702,2422,143854,7.6,21.7,25.4,37.0
11703,1653,72004,12.1,16.6,29.7,25.9
11704,1715,52708,3.2,24.5,26.4,15.2
11705,3854,62307,3.8,15.3,32.9,32.4
11706,4524,142704,13.3,23.9,39.1,34.5
11707,2402,122593,3.5,20.0,24.3,37.5
11708,4321,101258,11.1,9.3,31.8,16.6
11709,4962,93851,6.8,13.1,36.4,34.5
11710,3755,78044,12.9,10.3,43.9,21.9
11711,3495,68524,13.2,19.4,38.7,37.5
11712,316,91929,14.4,20.3,44.7,28.6
11713,3416,88804,4.1,18.7,22.1,21.0
11714,1459,52668,8.1,15.9,25.6,39.0
11715,3874,35937,9.9,13.0,47.8,39.4
11716,4377,42104,14.0,24.7,39.9,38.1
11717,4529,29326,6.2,5.6,32.4,27.5
11718,4706,94133,3.9,7.5,30.9,17.0
11719,4578,62727,5.4,17.0,42.4,32.2
11720,1996,65526,8.9,20.1,46.6,37.1
11721,4527,114556,11.2,24.2,36.0,34.1
11722,999,53341,11.3,14.8,24.0,31.3
11723,741,85493,3.9,10.3,46.0,29.3
11724,4829,94416,12.1,22.3,32.1,38.9
11725,3727,90295,10.9,13.8,46.8,39.4
11726,295,103386,7.9,7.6,43.1,31.2
11727,1993,46248,9.9,15.4,29.8,21.7
11728,3375,105679,12.2,15.5,23.3,25.8
11729,4150,48057,6.1,9.6,35.3,19.9
11730,4653,99017,14.3,7.8,22.4,20.2
11731,2404,136833,4.7,7.8,44.8,20.3
11732,3700,57700,13.8,21.5,21.7,15.2
11733,3443,31243,11.9,15.0,48.3,15.1
11734,2156,64060,10.9,19.7,34.9,35.0
11735,2908,106280,4.0,24.2,34.5,26.5
11736,1324,135514,14.0,20.8,45.3,15.7
11737,986,49970,6.5,8.1,36.4,35.8
11738,492,25375,11.9,13.4,32.7,26.5
11739,1775,129549,13.6,14.9,26.1,24.7
11740,3290,129050,5.9,19.0,41.9,15.7
11741,2546,46261,14.0,24.3,35.0,23.8
11742,4005,43523,10.3,10.7,35.2,15.4
11743,3438,108894,10.9,22.2,27.6,18.6
11744,3691,68418,14.0,6.4,24.3,27.6
11745,3866,95037,9.3,22.4,29.5,25.7
11746,2627,113084,8.3,18.9,44.2,16.7
11747,2281,68639,10.6,5.6,38.8,16.0
11748,3864,47546,9.6,17.2,30.6,31.2
11749,454,71615,3.7,23.6,28.9,19.7
11750,2731,117312,5.2,13.7,20.1,38.4
11751,1621,135892,3.2,7.3,20.9,29.5
11752,2772,55571,4.3,24.8,34.4,18.7
11753,3278,115524,11.8,13.3,27.7,33.4
11754,2437,31345,3.1,15.6,48.1,34.4
11755,728,80282,6.7,24.3,36.7,30.6
11756,2779,105010,8.4,16.7,47.1,33.0
11757,4522,88255,14.3,18.5,26.1,38.8
11758,1538,72127,6.9,19.2,23.7,19.9
11759,1521,63923,12.4,20.1,45.0,34.9
11760,1226,113198,7.9,21.0,38.3,25.4
11761,2783,40271,4.2,6.5,41.3,26.2
11762,1880,42762,4.2,23.7,36.6,30.6
11763,1631,140781,8.2,15.9,30.7,25.3
11764,2014,136819,3.7,15.7,28.7,16.2
11765,1332,87030,9.9,21.7,22.9,17.4
11766,2056,48519,8.9,11.1,22.4,33.5
11767,492,122558,11.4,18.1,33.5,19.9
11768,925,25710,5.2,11.3,28.8,23.8
11769,3063,53026,10.1,20.2,37.4,18.4
11770,2495,114381,5.1,13.7,41.3,26.9
11771,4245,143174,11.7,8.7,39.6,18.7
11772,4995,29892,6.7,23.2,46.5,38.8
11773,1892,143187,10.4,20.1,42.0,39.5
11774,3164,60995,13.6,5.3,31.8,18.5
11775,1463,149491,8.9,6.3,30.8,30.7
11776,2448,42114,5.3,12.6,21.8,36.6
11777,3651,113340,13.6,20.6,36.5,26.6
11778,3728,130736,7.3,10.5,40.4,15.4
11779,3436,63960,11.8,24.8,29.5,16.6
11780,1665,132105,6.8,23.4,45.4,31.3
11781,3767,81340,6.6,22.3,30.8,31.4
11782,2313,42851,10.7,5.2,30.7,31.2
11783,4196,59326,4.9,24.3,29.5,28.4
11784,1119,68479,13.4,16.8,22.8,38.5
11785,1384,63025,7.7,16.8,49.8,32.0
11786,162,107149,3.2,7.0,34.5,15.1
11787,2630,48365,6.7,17.2,48.2,29.6
11788,3492,96060,12.4,15.6,37.2,32.5
11789,3372,135948,13.3,15.8,46.1,22.4
11790,2369,66500,9.8,8.8,38.1,33.7
11791,4347,93410,6.5,15.9,39.4,33.2
11792,743,83279,9.3,6.4,48.5,20.9
11793,4821,142780,13.0,5.4,42.9,39.9
11794,316,131325,6.8,9.3,25.3,26.7
11795,295,145418,7.6,21.0,39.7,24.7
11796,3964,97493,9.5,17.1,30.2,22.2
11797,3373,44076,13.6,22.9,32.2,33.9
11798,2794,119734,10.0,12.8,46.1,16.7
11799,3312,36261,5.5,12.0,45.6,38.3
11800,2855,62992,4.1,19.0,30.6,24.3
11801,1621,87062,4.1,13.1,47.2,38.7
11802,1180,52474,14.4,12.6,34.2,31.9
11803,821,118519,12.9,14.3,28.6,29.4
11804,1662,103247,12.2,7.3,21.3,36.9
11805,739,64534,9.0,9.1,29.3,37.1
11806,4360,35090,11.1,17.1,43.0,32.2
11807,4410,88318,4.5,17.2,34.4,20.4
11808,3887,57771,10.5,16.8,26.5,16.9
11809,3836,103292,12.7,9.0,34.3,32.3
11810,189,95295,3.7,13.7,47.3,31.9
11811,3021,118737,6.6,23.4,28.8,36.8
11812,1351,142622,4.3,22.2,40.6,31.8
11813,1202,62401,6.1,16.1,24.0,16.4
11814,4803,32361,12.3,23.0,46.2,33.2
11815,448,76559,7.0,18.5,35.3,22.7
11816,4013,27567,11.3,13.2,28.6,17.1
11817,4152,83440,12.3,20.5,45.6,39.4
11818,3041,100713,12.8,11.0,24.3,39.1
11819,345,60917,13.5,22.1,30.6,39.6
11820,371,49211,10.2,11.6,25.1,19.9
11821,2130,123113,6.4,20.9,46.1,22.6
11822,4598,137707,4.8,10.6,33.1,39.6
11823,3287,137482,9.0,23.3,28.8,31.5
11824,3606,130142,4.2,8.7,45.7,24.3
11825,1565,91893,13.9,19.4,47.1,30.1
11826,1295,113148,8.3,13.2,22.9,36.8
11827,3187,112535,13.5,5.4,38.1,33.0
11828,3108,147958,11.5,11.6,36.7,22.5
11829,3923,51150,13.3,9.1,45.0,17.7
11830,1714,147161,13.6,16.1,35.1,30.6
11831,1226,88507,3.6,10.2,22.8,15.7
11832,4479,26605,11.7,6.5,49.2,15.9
11833,616,135747,5.7,24.1,36.4,26.2
11834,2765,97820,14.9,21.9,39.1,33.2
11835,1401,79127,12.3,5.9,21.6,23.8
11836,711,118098,3.0,10.4,44.0,15.2
11837,849,79721,14.1,17.6,47.1,39.4
11838,1956,74179,6.5,11.4,28.7,22.1
11839,499,149790,8.0,10.6,28.6,35.9
11840,1626,136201,10.3,16.9,26.1,30.1
11841,2124,71029,14.0,8.9,36.4,25.8
11842,419,42736,14.1,18.0,20.6,25.0
11843,435,28734,9.8,6.8,23.8,34.5
11844,2198,32531,6.8,11.5,38.4,25.6
11845,273,58186,6.4,7.3,34.6,30.8
11846,4119,70077,7.4,10.9,42.3,31.1
11847,1741,66220,5.2,18.7,42.3,24.7
11848,600,109027,11.0,20.3,33.0,16.7
11849,3746,68944,9.3,7.9,40.3,17.1
11850,2463,87876,12.3,19.9,45.8,36.4
11851,1956,96842,4.1,6.7,37.9,20.2
11852,3252,73241,7.8,9.3,49.1,34.1
11853,1996,88841,5.9,15.0,49.8,18.2
11854,1818,29291,9.4,24.4,35.4,38.6
11855,1878,136660,8.6,24.5,27.8,17.7
11856,4892,105496,8.4,14.6,43.6,15.2
11857,3157,99632,6.8,21.1,25.2,33.9
11858,4927,125530,11.7,16.1,43.2,37.1
11859,2813,65428,8.8,20.0,33.3,24.9
11860,3928,37612,5.4,18.1,43.4,15.7
11861,4847,138009,9.6,18.9,28.9,36.5
11862,1194,82911,10.2,13.8,33.6,23.5
11863,145,137494,3.3,21.7,45.1,38.8
11864,1545,107698,5.4,13.9,30.2,34.9
11865,2296,83269,5.9,19.1,32.2,29.7
11866,3301,113178,6.0,22.4,37.3,32.6
11867,555,121612,5.9,18.1,39.3,30.7
11868,1762,52814,6.3,15.2,25.7,32.9
11869,3024,81673,6.2,15.6,38.4,28.1
11870,1065,104986,13.6,19.2,34.4,29.8
11871,1628,102207,6.8,6.8,43.7,27.0
11872,3076,75767,7.2,17.7,39.6,24.4
11873,3171,92385,6.2,12.5,35.0,15.8
11874,4969,72901,14.6,7.7,45.8,17.7
11875,2621,59711,9.4,23.3,38.0,17.6
11876,1226,76522,10.3,15.0,34.1,27.0
11877,3504,65476,11.8,14.1,25.9,34.7
11878,4592,131537,7.0,15.8,26.2,32.2
11879,2443,142878,14.6,17.5,24.5,20.2
11880,206,37861,4.8,8.9,44.7,34.0
11881,2677,49218,8.5,17.5,21.1,37.0
11882,3254,92356,4.7,12.0,49.1,24.6
11883,4483,33632,12.5,19.3,37.7,30.7
11884,4153,54884,4.3,20.4,23.4,29.3
11885,4901,72388,9.6,5.1,44.4,38.0
11886,314,66063,4.3,19.3,46.3,35.5
11887,4539,91104,8.4,12.1,31.0,17.7
11888,4389,131952,6.4,11.1,30.9,40.0
11889,4353,25310,13.8,12.5,45.4,37.6
11890,564,59675,3.6,16.5,34.6,17.1
11891,2472,34899,10.8,7.3,35.4,39.3
11892,691,93991,11.3,19.0,46.7,16.1
11893,2288,141379,13.7,13.9,23.9,34.9
11894,983,130636,13.5,8.2,46.5,30.5
11895,4258,29502,14.7,15.2,47.8,26.2
11896,403,134388,6.0,16.5,20.4,18.0
11897,4591,41964,6.3,11.9,40.5,25.5
11898,433,76167,7.8,23.0,28.5,22.8
11899,2933,81795,9.5,18.9,36.9,37.9
11900,4606,97398,7.4,18.2,39.5,27.1
11901,2431,29055,11.9,6.1,37.5,24.1
11902,4661,130887,3.1,15.0,40.4,27.1
11903,179,117756,3.2,22.0,36.7,30.1
11904,3863,43244,11.6,18.4,42.3,34.3
11905,2931,36876,13.6,9.7,36.1,21.8
11906,2077,143563,12.3,22.2,26.1,22.0
11907,832,130722,4.4,12.4,26.0,38.0
11908,4076,93827,14.2,23.3,39.5,25.9
11909,1917,52807,9.3,15.2,35.3,25.8
11910,1484,148066,11.9,20.7,30.8,34.5
11911,2224,93479,5.4,17.2,37.0,21.0
11912,1298,37219,9.6,10.8,49.6,19.5
11913,2392,133118,7.0,18.1,38.9,35.5
11914,4317,76663,14.7,5.2,40.8,25.4
11915,284,51953,8.7,21.7,40.1,29.6
11916,4227,80644,12.1,24.3,40.9,16.9
11917,1097,48027,10.2,9.1,25.9,27.2
11918,2086,147522,4.1,22.7,23.9,23.0
11919,2909,43274,9.5,8.4,43.4,27.2
11920,4764,119697,9.5,14.8,27.2,31.3
11921,2457,73108,11.6,10.9,20.3,19.7
11922,1779,99007,6.9,8.8,29.0,26.6
11923,3139,58622,13.3,20.1,33.9,35.8
11924,4986,121066,10.5,21.1,28.1,23.2
11925,2611,95819,3.5,21.8,22.8,18.6
11926,3627,54676,11.5,5.2,27.5,27.0
11927,3126,41781,13.9,22.0,22.4,16.8
11928,2845,105963,11.2,6.0,36.1,18.3
11929,4273,54099,7.6,14.0,40.6,19.9
11930,2681,28503,10.1,8.5,41.4,37.7
11931,4303,57617,5.1,23.1,43.7,31.6
11932,2911,45854,10.2,16.5,21.5,17.0
11933,4190,102599,9.0,14.4,42.3,21.7
11934,469,48543,3.3,13.9,42.4,39.2
11935,3843,77947,6.9,13.1,35.2,37.6
11936,2104,58399,5.3,14.5,38.0,15.3
11937,1803,106808,7.7,16.3,40.3,22.4
11938,3424,142724,5.9,21.3,34.9,32.8
11939,540,37984,13.0,9.8,49.7,26.7
11940,3357,87886,11.4,21.1,21.5,33.2
11941,3006,25927,11.9,21.6,23.4,39.2
11942,326,88427,7.3,22.0,28.3,20.1
11943,2501,106623,3.0,23.8,37.2,21.3
11944,4818,84371,5.6,24.1,47.7,37.0
11945,1124,116777,12.1,7.2,48.9,15.0
11946,3591,131573,10.2,22.6,48.9,26.2
11947,4356,127887,9.5,21.9,48.6,22.6
11948,970,118353,6.4,12.5,45.9,36.6
11949,3299,42445,3.9,18.8,36.0,25.3
11950,1845,130014,12.4,23.5,40.2,27.1
11951,543,40286,3.5,6.8,20.7,32.5
11952,4658,93897,3.7,12.1,20.9,25.7
11953,572,121813,6.5,24.5,46.2,22.5
11954,179,119378,9.9,16.0,31.0,24.0
11955,339,46121,14.9,6.8,31.2,36.7
11956,4752,75851,4.1,24.2,25.7,24.0
11957,689,96237,8.7,23.1,27.8,37.2
11958,1460,139979,10.2,21.1,41.3,19.7
11959,1984,145725,12.9,20.9,45.9,39.6
11960,2416,41964,11.3,14.7,31.3,37.2
11961,4530,119629,12.7,22.5,39.9,36.7
11962,411,29200,9.3,11.1,42.0,31.8
11963,1176,121821,8.2,12.2,35.5,29.2
11964,133,120637,10.4,9.3,32.0,15.8
11965,1941,91415,13.8,13.1,38.1,24.0
11966,4581,92018,9.6,9.7,36.9,15.9
11967,348,122130,10.3,11.8,29.6,25.4
11968,1234,35487,7.1,18.8,30.1,19.4
11969,4989,32070,10.2,13.6,26.0,18.7
11970,475,96988,10.5,20.4,37.0,35.2
11971,823,53020,12.0,14.6,48.1,23.1
11972,2013,149009,9.9,7.8,30.2,25.5
11973,4397,96516,5.4,19.8,40.1,38.7
11974,2592,140002,10.0,6.3,44.7,19.7
11975,2042,99336,6.6,23.8,48.9,28.5
11976,4104,127229,4.0,21.8,44.1,39.3
11977,2444,68952,12.9,24.3,22.9,39.9
11978,1431,109506,3.8,10.0,22.2,16.7
11979,4688,92655,10.6,14.6,41.5,18.6
11980,437,115489,14.9,8.9,41.9,38.3
11981,1965,87959,4.1,13.4,46.4,37.2
11982,3237,147040,5.6,9.9,43.7,20.7
11983,891,49709,12.1,22.1,37.7,35.3
11984,3711,93781,4.2,7.4,41.0,31.1
11985,3800,51392,13.0,9.5,38.4,24.1
11986,1616,81929,3.0,10.3,47.1,18.9
11987,4053,62256,13.7,19.8,33.5,23.7
11988,4008,126439,3.8,17.6,25.4,29.7
11989,2773,56715,14.1,7.7,25.6,23.3
11990,2222,144198,13.4,17.1,20.6,34.2
11991,3885,31546,9.5,21.9,44.5,26.7
11992,158,26136,12.3,14.0,37.5,21.0
11993,2533,113128,3.9,17.2,33.9,37.4
11994,2162,43135,4.6,15.6,42.3,23.5
11995,1354,95497,7.4,12.2,29.5,15.2
11996,3788,64312,9.4,5.1,41.9,34.9
11997,3848,131785,13.4,8.7,45.7,18.1
11998,4230,149386,9.5,23.9,38.5,38.4
11999,4357,65355,11.0,12.1,49.1,16.2
12000,3129,104756,11.2,10.9,42.0,25.0
12001,2946,116450,13.5,17.3,33.2,31.6
12002,570,40448,12.3,23.1,38.7,17.4
12003,4135,138398,14.7,11.0,23.6,36.5
12004,2999,68851,3.2,9.5,47.4,35.9
12005,1546,105532,5.5,23.0,39.5,36.4
12006,4543,64268,14.2,20.5,32.3,22.3
12007,4889,62741,12.5,19.1,45.6,17.0
12008,1012,146829,6.2,16.1,21.8,35.2
12009,4342,149864,14.7,13.5,36.0,37.0
12010,1811,42135,13.4,17.8,42.3,23.2
12011,774,126893,3.8,9.3,41.1,29.4
12012,1539,25748,12.7,21.3,20.5,34.2
12013,2834,140052,12.4,13.3,26.8,33.9
12014,3730,107186,5.7,20.1,45.8,19.1
12015,785,135997,11.0,21.2,27.8,25.9
12016,1226,110741,14.6,6.5,34.4,15.4
12017,4316,111154,11.1,18.5,49.6,30.0
12018,2566,67148,12.8,11.1,37.9,19.0
12019,2497,47297,4.2,12.2,36.7,38.2
12020,4237,88160,11.7,19.7,37.4,22.1
12021,3538,64577,5.5,24.1,25.4,26.7
12022,4224,60945,3.9,21.1,40.6,21.4
12023,1065,77372,9.6,10.8,20.7,27.8
12024,1019,79681,12.0,19.2,29.7,23.3
12025,2972,52406,9.6,11.6,29.2,30.4
12026,1608,136462,14.2,13.8,22.2,37.1
12027,1312,42086,11.3,7.5,30.1,35.3
12028,971,34890,4.4,21.7,38.1,23.7
12029,4490,138546,14.2,17.9,31.3,19.0
12030,3354,57968,4.8,22.3,20.6,29.5
12031,963,87057,12.1,9.5,38.8,16.4
12032,4053,53374,4.8,7.6,29.2,30.0
12033,3208,41195,15.0,21.3,50.0,26.6
12034,3155,141701,7.0,22.6,47.0,24.1
12035,4094,72323,9.0,8.4,34.6,19.1
12036,2782,103680,8.6,17.8,31.0,33.9
12037,4790,61309,4.2,8.3,22.1,39.2
12038,713,104576,8.9,5.3,20.0,19.1
12039,1972,97691,4.8,15.8,44.0,24.4
12040,3254,100737,12.6,24.0,34.8,20.7
12041,4660,28505,14.5,16.8,29.6,39.9
12042,3473,85444,12.7,13.6,37.1,39.2
12043,3291,106645,8.2,10.6,29.2,19.4
12044,667,61927,3.0,10.6,31.5,21.6
12045,4233,32080,3.4,10.3,22.2,18.1
12046,344,38407,8.9,9.2,33.3,30.7
12047,120,53313,11.2,6.3,24.3,25.3
12048,493,113603,12.8,20.1,32.9,38.3
12049,3914,97189,10.2,11.3,43.3,23.2
12050,2155,87803,14.7,8.1,27.1,26.9
12051,3615,149591,8.9,17.1,26.9,34.1
12052,2475,70306,10.2,23.7,41.3,22.0
12053,2010,116841,5.8,18.8,36.1,17.0
12054,389,70094,7.1,8.8,32.6,27.7
12055,2658,41452,11.2,13.3,21.5,28.2
12056,460,127676,10.2,21.5,34.1,33.2
12057,1722,36383,7.4,6.0,32.3,29.4
12058,4414,83453,4.3,11.7,24.9,34.2
12059,4194,80472,7.1,12.8,47.9,37.6
12060,2553,28018,3.5,14.1,32.2,33.3
12061,2115,27653,10.0,16.2,20.0,35.2
12062,2140,136707,6.9,14.9,49.1,19.8
12063,2144,88568,7.6,8.3,34.0,19.5
12064,2900,49916,9.9,13.3,38.7,24.7
12065,3070,33612,10.0,12.4,31.5,18.1
12066,931,109195,10.1,23.6,43.5,28.2
12067,1893,125222,8.9,19.9,29.3,30.0
12068,3792,123776,8.9,22.3,33.6,22.5
12069,1891,133631,12.9,19.2,32.7,39.9
12070,2941,93957,8.6,6.1,33.0,34.6
12071,4790,106535,9.4,14.5,38.8,34.1
12072,2254,47313,14.9,20.6,43.6,31.1
12073,680,137829,5.2,16.8,31.7,20.7
12074,2953,136458,11.7,20.2,38.9,20.0
12075,2336,79917,8.7,24.2,21.9,19.1
12076,4276,105007,13.0,9.9,22.2,34.6
12077,2255,138988,7.8,24.7,23.2,23.9
12078,1444,59855,6.6,7.4,26.8,20.3
12079,445,65585,5.5,23.4,25.3,37.6
12080,1986,52934,13.5,8.9,34.4,35.5
12081,654,49569,11.6,19.4,28.0,15.6
12082,3870,131751,3.9,20.7,40.6,22.0
12083,4497,45253,11.6,21.2,43.4,25.6
12084,299,122202,3.4,13.8,32.1,20.4
12085,3040,79868,5.2,8.4,46.5,26.7
12086,3590,51019,10.1,20.9,37.6,28.6
12087,406,32996,8.6,17.9,46.3,28.0
12088,3175,132034,13.1,10.2,34.0,27.3
12089,1756,55437,10.3,12.9,30.3,36.2
12090,2792,89802,14.6,11.0,36.1,15.2
12091,1864,44771,13.3,23.3,31.6,16.0
12092,375,84167,7.1,21.1,29.6,36.8
12093,3461,75009,13.0,22.7,23.2,34.5
12094,1501,25131,13.4,6.0,34.2,33.4
12095,4833,145410,14.6,18.2,39.2,21.8
12096,1875,44299,3.2,10.4,43.9,17.4
12097,3481,103564,13.5,20.0,46.1,21.3
12098,4150,142274,3.8,22.8,25.1,38.0
12099,3560,126678,9.3,20.3,31.6,22.9
12100,1980,59799,8.0,23.2,38.3,29.7
12101,3935,59693,14.0,13.0,39.1,28.6
12102,4378,59769,7.9,17.5,46.1,16.1
12103,1944,29377,10.2,14.5,35.5,34.6
12104,3477,48019,11.3,21.6,36.3,24.1
12105,171,51903,3.2,16.3,30.8,16.2
12106,1776,36763,10.1,19.2,48.7,20.3
12107,1395,147054,9.2,17.6,26.4,25.9
12108,1143,30494,10.1,22.2,41.8,36.2
12109,2725,36563,3.9,15.6,35.7,23.9
12110,3142,119093,3.7,7.2,28.0,30.5
12111,914,120116,5.1,24.0,25.9,28.0
12112,2294,58433,13.4,16.1,37.6,23.9
12113,3600,54994,7.3,20.7,21.4,17.8
12114,409,113618,8.2,18.6,48.7,36.8
12115,2161,145129,7.7,13.6,30.3,37.6
12116,4327,87573,11.6,24.0,50.0,19.7
12117,1977,43030,6.1,19.7,36.8,16.9
12118,2902,103294,3.8,9.6,29.3,39.6
12119,2586,95043,7.5,24.9,26.9,27.7
12120,4935,86952,11.7,25.0,43.0,21.9
12121,3845,79751,14.0,10.8,21.6,17.3
12122,894,26163,3.6,24.7,43.4,30.6
12123,4114,93461,12.7,17.3,39.0,31.6
12124,4453,48217,3.8,8.7,30.4,36.6
12125,3507,122204,7.0,24.6,37.1,18.7
12126,2556,49055,3.3,7.0,46.6,39.4
12127,1951,104931,13.9,17.7,48.4,35.0
12128,1074,104030,11.5,21.7,48.0,38.5
12129,1147,54090,7.4,21.6,35.4,18.6
12130,4466,62820,7.5,5.1,37.6,35.9
12131,4337,129217,10.7,13.5,25.5,31.7
12132,3889,37190,4.1,6.8,47.6,20.4
12133,3121,83168,4.7,10.2,21.9,35.6
12134,4469,70963,13.2,23.8,34.5,33.6
12135,4129,99460,5.4,22.7,26.3,30.8
12136,564,39212,11.7,18.2,33.1,39.7
12137,387,122506,5.7,23.0,40.7,30.3
12138,3295,78638,4.1,11.3,32.7,30.1
12139,975,65079,13.8,21.6,47.8,30.5
12140,2092,81031,13.8,18.7,39.2,28.6
12141,3025,83931,10.3,19.7,37.0,38.9
12142,1220,103484,8.5,6.7,33.0,37.5
12143,546,57794,9.6,12.0,30.4,32.9
12144,2932,114831,7.9,6.0,46.8,35.7
12145,3668,109590,12.1,8.0,32.6,25.0
12146,2996,96163,12.1,10.4,37.4,39.3
12147,821,124187,12.8,16.7,34.8,32.1
12148,2263,96446,9.3,20.2,38.1,38.7
12149,2682,74278,12.6,7.2,26.4,27.3
12150,1451,108399,4.9,6.1,49.5,15.2
12151,4080,71474,3.4,22.7,31.5,19.8
12152,4602,49894,10.8,7.6,28.0,32.6
12153,3484,43872,4.3,14.0,21.1,27.9
12154,1825,123644,9.6,7.3,45.3,35.0
12155,793,70749,11.7,15.7,39.5,22.8
12156,3513,37406,7.9,7.1,28.9,38.3
12157,594,95409,3.5,20.2,31.2,17.0
12158,1047,105561,13.6,6.7,34.3,36.7
12159,122,146544,3.5,13.6,32.6,30.7
12160,1228,53671,13.9,13.4,32.8,35.9
12161,657,135976,3.6,23.4,38.7,32.0
12162,1716,121765,11.8,13.6,45.5,36.5
12163,3830,96637,14.1,6.4,31.3,27.1
12164,1756,124909,13.9,15.9,25.4,28.9
12165,4273,112197,13.7,19.5,20.9,15.3
12166,906,41182,13.6,11.7,33.5,34.3
12167,3412,63604,9.1,17.2,26.4,17.8
12168,4963,86525,9.7,7.4,26.5,30.3
12169,553,88365,10.4,13.5,22.6,26.1
12170,3075,60176,13.8,8.3,24.6,39.2
12171,2424,27839,13.1,10.5,33.5,23.5
12172,1547,124412,12.4,17.8,40.6,33.1
12173,2661,94990,11.1,20.1,33.5,34.6
12174,2611,146558,10.4,11.2,41.6,39.5
12175,2971,118316,14.1,24.8,43.2,19.1
12176,462,39214,5.3,10.7,39.8,34.6
12177,3554,48938,5.3,8.0,20.7,24.1
12178,2898,97950,14.8,22.3,36.5,24.8
12179,4720,118324,9.6,18.0,28.6,28.5
12180,3553,88413,8.8,18.6,46.0,24.8
12181,3355,136038,13.2,20.9,47.1,28.3
12182,1317,59693,13.2,25.0,32.6,27.2
12183,1585,40457,5.1,10.7,42.5,17.6
12184,2203,63862,5.1,16.0,31.4,15.6
12185,2636,114553,12.5,19.1,34.6,16.8
12186,1955,116190,12.4,7.9,49.5,32.3
12187,4917,144088,5.7,11.1,25.2,32.7
12188,1307,26976,13.1,11.1,38.1,23.3
12189,1548,78781,8.8,11.5,39.1,19.6
12190,1607,76234,8.6,19.4,45.3,32.2
12191,1103,118672,14.8,16.9,24.5,19.2
12192,1025,35921,9.2,19.3,47.1,34.9
12193,183,83507,4.6,15.2,40.4,28.1
12194,3842,148894,6.4,24.1,49.8,15.9
12195,4027,119848,7.0,15.4,36.1,23.8
12196,1642,87563,14.5,17.1,38.8,38.0
12197,1085,56709,6.2,11.0,25.7,31.0
12198,4331,28444,8.2,6.2,32.1,36.6
12199,1008,58526,12.0,21.3,43.6,33.7
12200,3008,44478,6.3,22.1,29.1,32.5
12201,4785,88332,11.4,22.0,48.4,16.5
12202,2837,29379,5.5,21.0,42.6,28.3
12203,2686,41496,5.9,10.4,26.7,24.5
12204,1243,76572,14.8,16.5,47.6,28.4
12205,1431,53868,7.4,21.3,26.9,23.6
12206,3448,30283,11.8,17.5,36.3,39.3
12207,1653,103716,13.1,24.2,37.9,38.4
12208,2442,42205,7.2,18.6,31.6,37.0
12209,1906,120662,7.3,16.2,28.0,20.4
12210,2200,143327,12.3,24.9,21.8,32.5
12211,905,137649,10.3,15.7,45.6,36.3
12212,4247,79916,7.3,24.3,25.0,30.3
12213,2875,101173,12.0,5.2,27.4,34.6
12214,171,133695,13.4,16.0,44.9,28.4
12215,127,70246,5.8,10.8,30.0,27.1
12216,568,75971,3.3,12.9,39.2,32.0
12217,4083,123580,6.3,6.8,37.5,22.2
12218,863,72596,11.1,10.3,43.7,37.3
12219,1524,50842,14.0,16.4,39.4,23.0
12220,2348,48015,13.4,19.4,31.6,16.5
12221,3932,49395,5.7,23.2,45.3,32.6
12222,4160,107195,13.6,9.6,39.3,37.9
12223,4170,146021,12.7,20.9,33.5,24.4
12224,1775,88090,11.8,5.5,31.0,20.9
12225,659,52487,11.3,22.9,38.2,26.6
12226,4574,50906,12.7,16.9,20.6,36.4
12227,3931,141581,13.3,21.9,42.5,30.2
12228,2018,35535,12.8,10.1,42.1,28.5
12229,178,117500,4.5,12.5,34.1,38.8
12230,3747,123896,11.7,6.9,31.6,27.3
12231,1131,106088,13.1,6.6,44.1,20.3
12232,2172,75539,5.2,21.5,24.7,22.4
12233,4645,94531,5.6,10.9,42.2,27.1
12234,1584,48477,12.4,12.1,20.8,25.3
12235,2345,55977,7.1,15.6,47.2,25.6
12236,1650,128376,7.8,18.4,48.6,24.2
12237,4885,116646,7.5,5.9,41.7,38.7
12238,4782,120462,5.6,16.5,42.4,15.1
12239,1929,102837,14.3,17.2,31.0,30.1
12240,3851,144821,12.7,22.0,46.3,34.0
12241,4822,113619,6.0,8.1,29.1,28.9
12242,2131,38295,4.3,14.0,37.0,36.6
12243,4559,88697,7.5,14.5,42.2,39.0
12244,3956,67023,8.0,22.0,37.5,18.9
12245,2282,126409,3.1,12.2,34.8,24.0
12246,4569,113810,13.6,6.6,26.9,24.6
12247,2194,135400,13.2,17.0,39.7,37.7
12248,4003,69265,13.2,18.2,42.7,33.0
12249,3132,63673,12.7,16.6,37.1,36.0
12250,1648,76055,11.8,14.8,44.5,37.4
12251,467,28361,10.6,9.3,38.0,15.3
12252,164,83198,14.5,15.8,42.4,22.8
12253,3399,118616,11.5,5.7,48.0,19.6
12254,4949,101623,10.6,16.3,28.2,39.7
12255,2135,53626,12.5,14.8,33.4,23.9
12256,2963,53388,6.0,24.1,47.2,29.2
12257,1976,100643,14.6,11.4,34.6,17.3
12258,4951,109918,3.2,5.4,20.2,28.9
12259,2328,42725,10.8,20.2,21.3,34.2
12260,696,125165,3.9,8.4,23.0,31.8
12261,3706,27455,13.2,15.9,32.2,29.0
12262,2774,28792,14.6,9.3,31.4,20.3
12263,3989,117975,7.9,15.8,38.6,32.0
12264,3606,52727,13.3,16.6,26.4,16.8
12265,1934,69838,7.0,18.2,32.6,18.1
12266,1495,63632,4.9,12.5,40.7,22.4
12267,1686,106733,6.3,6.2,49.7,21.2
12268,211,113911,6.6,16.9,34.2,21.8
12269,552,112816,10.6,22.3,20.1,24.5
12270,2903,26308,12.6,15.5,38.5,16.7
12271,2731,131435,5.5,10.0,35.6,25.9
12272,2286,41315,4.1,13.3,30.6,31.0
12273,4448,65857,5.7,15.8,30.0,30.4
12274,2104,114717,6.6,6.8,41.8,16.6
12275,1559,34893,6.4,16.4,29.7,24.0
12276,2042,103233,5.6,7.2,49.2,26.6
12277,3593,93749,8.6,8.6,22.9,17.9
12278,1957,133514,13.3,12.9,22.6,30.7
12279,161,33438,4.2,21.0,47.7,33.4
12280,1594,59992,13.3,21.5,32.7,15.2
12281,1280,93394,9.0,10.7,34.4,35.8
12282,2888,108287,10.9,15.8,22.9,30.2
12283,1975,53935,12.8,6.9,30.8,15.1
12284,2308,102991,6.7,25.0,36.9,31.5
12285,4736,128448,14.5,18.1,22.7,35.4
12286,4821,74854,4.0,9.5,41.0,36.9
12287,205,100651,9.3,23.0,39.4,27.4
12288,1254,75702,6.1,12.0,37.4,23.9
12289,3528,80823,7.9,10.5,31.2,23.6
12290,4187,108253,8.4,10.9,31.4,16.8
12291,1808,88102,14.0,14.7,46.1,21.4
12292,2923,123058,8.3,5.7,21.0,20.1
12293,4025,121283,11.4,18.0,42.8,30.8
12294,2008,75950,14.4,24.0,25.7,19.2
12295,2149,77607,8.9,21.3,43.1,32.5
12296,4564,93901,7.9,21.2,34.6,31.3
12297,1374,132159,14.7,20.5,30.8,26.9
12298,1045,76779,12.9,12.1,28.5,15.4
12299,4004,59852,14.3,8.8,34.5,24.4
12300,2327,86986,7.8,11.3,41.3,18.0
12301,3896,119853,11.4,8.5,36.6,35.1
12302,392,95509,6.0,22.0,39.2,36.4
12303,4779,70427,13.4,13.4,48.1,16.1
12304,2322,136327,14.2,21.2,38.6,26.9
12305,4073,137237,6.2,10.8,37.6,33.6
12306,2591,141837,4.3,7.9,31.3,22.7
12307,2575,61194,5.4,22.4,29.7,28.5
12308,4960,146296,10.6,21.0,35.9,35.7
12309,3829,80989,6.3,16.1,20.4,25.4
12310,527,41863,10.7,7.5,37.3,18.5
12311,3072,52533,7.2,11.7,30.0,38.1
12312,206,110650,14.0,6.2,43.3,24.8
12313,3719,80511,8.4,23.0,24.1,23.8
12314,4854,114062,9.0,9.8,41.7,30.3
12315,3433,106546,7.2,15.5,33.4,35.7
12316,4092,141038,3.9,23.8,32.6,39.2
12317,1325,102740,8.9,17.5,21.4,30.9
12318,4104,50275,12.3,17.5,30.3,23.6
12319,4350,60415,14.4,21.7,48.0,26.0
12320,3468,46750,3.9,18.9,20.4,32.1
12321,995,62876,12.6,14.7,24.3,39.2
12322,4005,59489,6.2,7.4,43.6,39.6
12323,1720,93695,12.9,14.9,32.2,31.7
12324,3963,107253,7.1,8.6,24.4,24.1
12325,2392,33855,4.4,14.8,25.2,25.9
12326,1485,115890,10.3,5.4,23.6,38.4
12327,3999,91759,13.7,12.0,21.3,33.2
12328,3692,93990,5.2,6.1,49.8,23.5
12329,2533,69459,3.3,7.9,34.6,27.9
12330,2906,71414,13.6,18.9,28.0,27.1
12331,3483,122257,11.4,24.5,35.6,36.1
12332,1401,145565,12.7,16.3,31.1,15.4
12333,858,52073,3.7,8.4,44.4,33.4
12334,846,80511,13.7,12.5,38.0,19.5
12335,692,66900,8.0,9.7,44.9,22.8
12336,2986,125937,13.8,6.0,27.1,31.7
12337,4211,48199,3.8,23.3,36.2,35.3
12338,1168,79526,13.6,15.8,27.9,33.3
12339,3407,57272,11.1,8.0,27.6,22.0
12340,802,124320,9.7,19.9,25.4,28.0
12341,4808,136096,3.7,8.4,32.0,22.9
12342,204,62301,11.3,9.1,40.9,26.6
12343,1597,135217,10.2,17.0,35.2,30.3
12344,3933,88957,11.7,13.5,49.2,16.5
12345,495,25005,11.6,22.9,28.0,38.9
12346,3617,68226,8.3,16.9,40.7,28.7
12347,2753,127291,5.5,8.6,31.2,26.1
12348,3391,55208,14.0,14.5,30.5,26.9
12349,2110,48103,14.1,19.5,33.0,35.9
12350,3981,143480,5.5,17.0,27.2,18.0
12351,2088,99240,10.6,11.4,48.0,37.6
12352,4637,144652,5.4,12.7,31.4,20.8
12353,1768,36452,13.3,18.3,27.9,32.3
12354,4862,124278,4.2,15.4,37.7,28.9
12355,1151,38558,14.9,6.5,24.9,34.1
12356,2941,36008,10.3,16.0,41.9,18.8
12357,4823,66936,3.3,14.1,32.2,35.4
12358,3684,76885,13.6,21.3,35.7,31.3
12359,447,91156,11.2,7.2,45.0,34.5
12360,1363,57315,11.4,5.0,24.3,27.2
12361,4765,70610,6.3,21.4,37.6,35.7
12362,2842,32595,7.0,9.2,21.0,34.5
12363,2173,103373,14.0,5.6,32.0,19.2
12364,3248,88850,10.6,9.4,45.6,39.2
12365,1451,135337,3.2,22.7,41.8,39.3
12366,2921,33785,6.9,8.4,43.6,39.6
12367,3927,132915,10.2,11.4,32.6,17.5
12368,769,96388,4.8,17.2,34.3,33.7
12369,4913,35134,4.2,8.6,45.2,31.0
12370,2746,33814,3.7,17.9,35.2,39.4
12371,366,102576,10.6,19.1,37.8,30.2
12372,1538,48687,6.8,9.6,45.3,32.1
12373,2793,29529,7.5,6.9,44.5,16.3
12374,1122,61687,3.7,13.0,27.3,23.2
12375,2137,131813,11.9,19.0,37.6,30.8
12376,664,142270,12.2,21.3,26.2,22.5
12377,1159,92060,13.0,5.7,21.2,25.7
12378,1524,139012,10.8,15.7,23.1,36.4
12379,4223,64994,12.3,10.1,34.1,39.2
12380,319,56497,9.9,13.3,46.7,39.5
12381,505,88627,8.9,15.6,34.3,27.6
12382,1737,139621,6.1,19.7,23.8,26.6
12383,2418,107812,3.6,5.8,24.3,25.8
12384,1859,33819,6.5,8.4,38.6,15.1
12385,1774,112243,11.2,17.3,45.8,30.5
12386,891,70213,14.1,13.8,29.6,16.5
12387,3682,87793,6.1,9.2,36.5,37.9
12388,1409,126325,11.0,6.3,46.8,23.3
12389,3933,55915,8.7,23.3,24.0,27.8
12390,4512,141142,10.5,12.3,24.7,37.6
12391,1430,85115,3.0,13.2,31.3,32.7
12392,4546,25552,4.5,6.0,33.6,18.2
12393,610,104718,5.6,19.8,26.9,32.3
12394,2672,135086,13.7,24.8,36.5,29.9
12395,4029,38149,3.5,24.6,46.9,34.7
12396,591,122139,9.8,11.2,46.5,17.0
12397,1717,120848,14.1,24.2,21.9,39.0
12398,2156,84849,10.8,13.2,38.1,16.6
12399,1620,40155,8.8,12.7,26.5,26.7
12400,1683,100813,7.6,21.6,39.9,32.3
12401,1675,123979,10.5,20.8,37.1,33.1
12402,4046,131064,8.8,14.5,26.7,21.6
12403,1861,105212,11.5,13.9,48.2,31.0
12404,2091,34785,10.4,24.4,34.2,16.3
12405,3279,45781,9.8,13.2,31.8,23.6
12406,3426,117794,14.5,22.2,43.7,38.3
12407,1146,36970,13.0,19.9,28.9,26.5
12408,2992,93800,10.3,7.1,37.8,36.4
12409,2713,149817,9.5,8.2,26.1,18.6
12410,3992,128297,11.7,5.7,21.8,26.4
12411,4244,99343,12.6,5.7,34.9,30.3
12412,561,55319,6.5,17.1,24.9,22.8
12413,4531,94763,11.0,6.5,30.8,39.5
12414,1481,51207,4.6,7.7,34.3,27.7
12415,1245,55290,8.2,9.9,20.2,21.9
12416,3615,122747,14.3,16.1,30.4,31.6
12417,4554,112209,6.9,9.6,33.3,36.2
12418,292,34136,4.9,12.9,36.4,23.1
12419,3634,29980,4.8,12.1,45.2,26.3
12420,855,114734,7.7,12.9,29.8,38.7
12421,1784,71344,5.7,23.6,47.7,18.4
12422,2625,136898,8.1,24.4,30.1,19.8
12423,927,128970,11.6,6.4,36.9,40.0
12424,989,123135,13.7,7.2,22.3,26.0
12425,4848,81799,4.3,6.1,32.1,29.0
12426,2555,97907,12.2,12.8,43.3,27.9
12427,2433,148350,4.2,22.0,28.9,30.8
12428,210,76107,7.6,21.0,20.3,26.2
12429,4815,90264,15.0,12.1,47.9,23.8
12430,892,27396,3.8,20.0,20.2,24.4
12431,4783,135402,3.3,24.6,28.0,30.5
12432,2743,27090,7.0,8.9,47.1,25.8
12433,3514,76975,14.4,24.3,24.1,25.5
12434,1409,109449,3.2,20.4,45.8,23.1
12435,396,114464,5.7,7.3,48.7,35.6
12436,1729,61941,10.2,20.9,38.7,19.1
12437,668,34251,5.8,7.0,30.0,30.1
12438,4805,57126,3.6,5.6,29.3,39.3
12439,4211,64727,3.6,20.3,24.2,19.9
12440,171,104021,9.7,22.9,47.1,25.4
12441,4465,122183,9.7,13.0,43.8,32.9
12442,4482,132142,11.5,5.5,26.7,25.8
12443,165,34545,4.6,17.0,40.1,15.3
12444,979,52275,9.0,9.7,37.8,32.7
12445,167,103902,10.2,15.9,24.2,32.9
12446,1316,33955,5.7,11.4,27.1,33.9
12447,3127,53647,9.6,17.4,24.1,27.7
12448,3339,92862,11.5,10.2,36.2,22.6
12449,3580,74610,14.9,8.0,25.8,34.5
12450,607,148571,10.2,20.0,49.5,21.7
12451,3814,60340,13.3,15.8,28.3,20.0
12452,2984,139379,13.0,11.3,41.7,21.7
12453,1225,71534,14.3,17.6,29.8,21.4
12454,985,129244,11.7,10.7,30.7,23.7
12455,2941,73702,5.6,12.3,29.3,39.8
12456,3977,76691,6.6,12.5,23.3,17.7
12457,4970,94705,12.4,9.5,47.8,26.0
12458,2625,137070,9.2,13.8,43.4,37.9
12459,1025,34010,6.0,21.3,27.1,15.2
12460,4315,31073,10.9,24.4,29.2,37.9
12461,2038,86594,13.9,9.4,33.2,17.5
12462,3914,115630,7.3,23.8,43.2,26.1
12463,3462,144158,10.2,10.6,46.3,20.5
12464,4683,114393,10.0,14.4,43.0,31.6
12465,3332,110911,4.5,7.0,48.5,39.6
12466,3844,115454,4.1,17.2,42.8,34.4
12467,3565,97344,13.7,15.2,26.7,33.8
12468,540,113107,14.2,18.6,31.4,26.7
12469,3711,98144,13.9,17.0,42.3,29.4
12470,561,38408,7.8,24.6,23.8,28.4
12471,711,47692,6.5,20.4,26.9,24.2
12472,3571,52369,14.3,24.3,49.5,39.2
12473,3263,134670,13.6,15.5,39.9,37.1
12474,105,144219,12.8,10.6,25.3,37.3
12475,4876,73508,7.0,15.6,22.8,21.5
12476,4070,39782,10.7,14.3,48.9,33.7
12477,2958,30126,12.0,13.5,35.0,29.0
12478,2706,89605,9.9,13.0,32.6,29.3
12479,198,74595,10.2,21.2,43.9,19.2
12480,625,28704,12.1,19.8,40.1,26.4
12481,1280,108820,12.2,17.9,36.7,27.3
12482,1789,67477,5.9,17.9,26.9,32.2
12483,1238,119244,7.7,12.5,36.7,30.0
12484,4591,42940,12.4,13.8,36.2,21.1
12485,4965,49673,6.1,8.1,23.0,16.6
12486,3171,101589,14.0,16.6,35.0,36.1
12487,3027,107964,13.1,7.8,38.1,30.4
12488,2892,104079,13.7,23.3,41.9,29.0
12489,4878,33659,6.6,13.3,36.7,19.6
12490,114,33545,4.3,5.9,36.8,38.8
12491,2515,74223,4.2,5.0,37.0,32.5
12492,2785,34567,9.7,18.5,28.1,31.6
12493,3000,91611,6.7,17.2,46.3,24.3
12494,1336,34437,6.2,20.4,38.5,27.5
12495,4200,34215,5.7,20.0,40.5,34.0
12496,3320,133316,9.7,5.1,35.1,24.0
12497,1707,57068,9.6,8.3,24.4,38.7
12498,3663,148869,8.1,11.5,24.8,24.6
12499,3397,78707,4.7,6.2,33.8,24.0
12500,2733,112206,14.1,8.6,46.1,26.6
12501,3990,87746,8.1,16.6,23.6,29.5
12502,4364,84892,4.5,14.1,35.1,25.3
12503,2908,136308,3.4,22.2,21.2,19.1
12504,891,29462,4.8,9.5,46.2,25.5
12505,1099,127025,6.6,15.7,27.8,30.6
12506,251,28107,10.6,22.2,30.5,16.7
12507,3163,46086,14.7,6.2,24.9,37.5
12508,4699,109495,6.3,22.4,29.4,28.2
12509,2191,77198,12.5,11.9,31.8,28.8
12510,4699,140436,13.9,22.2,24.8,31.6
12511,4182,43083,7.7,18.6,28.5,23.2
12512,4126,82945,6.0,18.5,40.5,22.7
12513,3077,95251,8.9,6.0,46.0,21.1
12514,942,73723,13.8,23.8,39.4,36.3
12515,4546,66214,3.1,13.6,48.9,30.2
12516,3893,36169,8.8,7.2,27.4,15.9
12517,2170,142412,12.1,20.3,30.8,23.2
12518,1759,79471,10.2,22.3,29.9,17.3
12519,697,107755,9.0,23.6,35.9,18.5
12520,2613,26850,9.6,15.1,41.4,30.4
12521,4235,78916,10.4,13.1,26.4,16.6
12522,4370,77254,11.2,16.7,44.7,38.4
12523,3703,94185,7.3,10.9,30.2,33.0
12524,1316,113664,9.2,12.9,33.9,36.9
12525,2391,109453,6.3,15.8,45.1,39.9
12526,3911,60074,14.8,21.5,29.8,22.1
12527,1031,70308,5.2,22.1,40.1,33.8
12528,2238,91029,4.8,7.6,33.9,30.1
12529,4102,85649,6.2,7.7,28.2,38.6
12530,3078,83474,14.0,8.7,33.4,33.0
12531,3992,112620,10.9,16.9,42.8,28.6
12532,4695,130237,8.5,9.1,40.0,16.0
12533,3018,37623,14.1,17.3,42.6,23.7
12534,2664,53360,13.8,19.5,29.4,20.9
12535,1863,35292,7.8,22.2,43.1,19.5
12536,2270,37207,9.8,22.3,32.1,25.3
12537,435,94576,13.9,9.3,36.1,27.7
12538,1276,125080,6.8,11.2,46.4,25.6
12539,3121,92403,7.9,8.6,41.5,21.9
12540,878,60502,12.5,18.6,41.5,32.4
12541,1285,56785,11.4,18.7,35.0,22.5
12542,3385,93867,3.6,5.1,37.4,27.8
12543,3547,77592,4.4,8.3,42.6,35.7
12544,4091,74361,13.2,11.7,20.1,25.1
12545,2570,57209,3.4,9.1,32.4,39.7
12546,1038,134609,14.0,16.0,29.0,24.7
12547,4999,49490,6.3,5.8,27.7,23.8
12548,4106,62876,10.2,21.5,44.9,26.0
12549,2035,71432,9.8,14.3,34.3,23.7
12550,733,76881,7.8,16.9,21.5,31.6
12551,1353,103717,3.4,16.6,49.3,34.2
12552,1182,131426,5.3,14.0,24.4,21.9
12553,2243,37261,10.4,16.3,33.0,18.3
12554,1385,121971,8.4,6.5,39.0,31.4
12555,453,55090,8.0,12.7,36.9,20.2
12556,1985,56568,4.2,19.2,33.1,29.5
12557,1918,95306,7.2,12.3,29.1,29.4
12558,2620,61968,9.3,10.1,37.1,22.9
12559,4108,77913,3.9,16.3,45.7,31.8
12560,3122,99875,3.8,14.5,27.2,27.6
12561,2684,69741,8.9,15.7,21.9,15.1
12562,1647,56842,9.7,24.2,30.7,30.6
12563,4118,72109,6.1,8.0,42.4,23.0
12564,4304,146631,6.9,17.3,49.7,29.6
12565,1468,116402,12.6,5.6,39.5,26.9
12566,3437,77266,13.4,17.9,35.3,32.8
12567,1857,135374,6.9,8.9,22.3,18.8
12568,1617,126004,7.3,21.1,30.2,25.0
12569,3584,80846,13.0,10.4,21.7,24.0
12570,3785,73045,14.7,13.0,32.6,31.1
12571,3152,50249,6.8,15.3,34.7,23.9
12572,2796,54890,12.5,17.2,28.2,17.2
12573,290,134471,8.8,11.0,22.1,22.5
12574,1032,68331,6.2,8.1,32.8,37.9
12575,4337,80911,11.2,17.7,49.1,36.7
12576,3338,148636,8.6,13.8,29.7,16.4
12577,2315,30184,6.2,6.2,29.4,33.5
12578,665,62064,4.3,15.7,24.4,25.7
12579,1234,114968,13.4,14.3,36.7,29.6
12580,843,78489,13.5,15.2,36.1,26.8
12581,772,40366,3.9,7.1,31.6,33.5
12582,3011,122498,11.0,14.5,46.8,23.2
12583,630,85245,5.0,19.9,22.8,32.7
12584,3121,67447,10.8,7.7,47.6,29.8
12585,661,34159,13.9,17.5,32.4,37.0
12586,401,28012,6.1,8.6,24.1,26.7
12587,3867,43736,7.2,11.2,36.9,26.8
12588,4380,94945,12.5,12.3,40.4,17.7
12589,609,48005,11.8,20.3,28.4,16.3
12590,3545,60611,7.9,9.5,45.1,26.2
12591,2303,75034,13.2,10.3,20.3,28.4
12592,2934,57154,14.0,22.4,30.5,18.5
12593,894,140185,8.4,19.9,46.3,37.1
12594,2579,137149,3.5,15.1,40.3,18.6
12595,1623,57349,9.1,11.3,26.7,30.5
12596,4956,102156,11.9,20.8,33.6,31.6
12597,2294,80366,5.6,16.3,28.0,24.4
12598,2628,59673,4.2,11.6,34.2,17.2
12599,534,123013,6.4,11.3,45.1,25.4
12600,2138,105908,3.1,14.1,21.5,16.7
12601,1806,39741,11.6,24.0,27.4,15.5
12602,168,121202,4.8,17.9,20.9,31.3
12603,2004,124844,11.7,18.6,49.7,27.3
12604,4059,114109,5.8,12.7,24.8,16.6
12605,3051,43382,14.9,24.5,28.5,30.0
12606,4749,122150,9.4,13.1,45.6,19.8
12607,2813,108252,3.5,5.2,35.3,30.0
12608,3469,44750,12.3,21.0,48.3,34.9
12609,4695,100300,7.9,15.3,37.7,32.6
12610,3827,104902,10.3,8.0,41.7,26.9
12611,2504,32229,14.4,5.5,38.5,15.6
12612,3425,95876,9.2,24.8,42.1,31.3
12613,3646,65294,12.7,17.9,28.1,39.1
12614,2403,118776,6.6,14.3,30.0,17.9
12615,3781,93990,11.6,11.7,38.1,17.7
12616,3321,28816,4.2,6.4,45.8,33.1
12617,4474,30637,13.7,17.9,26.9,33.4
12618,1182,137232,5.4,12.4,48.7,34.4
12619,545,59128,6.6,24.8,33.4,39.2
12620,4950,145993,14.5,7.2,24.0,17.4
12621,1692,30974,4.9,9.9,46.2,23.6
12622,2875,74715,6.1,13.1,47.8,22.8
12623,3916,64069,10.0,20.9,44.7,20.8
12624,3153,47540,14.8,20.5,33.1,31.8
12625,1690,38497,11.3,9.9,48.3,23.4
12626,2331,74885,4.4,12.2,30.0,18.5
12627,1661,50328,12.0,6.2,22.7,31.6
12628,4372,84700,8.1,12.6,30.3,19.3
12629,3746,135739,14.9,8.4,31.0,36.8
12630,3338,137517,10.5,23.4,44.0,34.7
12631,1700,120228,9.4,21.2,41.5,33.1
12632,2156,79326,9.7,8.3,38.6,23.5
12633,4431,109894,10.7,14.8,25.8,32.3
12634,809,130018,11.8,24.2,44.0,30.9
12635,3071,28986,3.9,13.2,21.0,22.4
12636,2832,145517,4.6,14.0,26.6,17.0
12637,893,68675,6.6,11.8,36.5,34.7
12638,3199,92321,8.7,14.8,34.3,15.6
12639,2955,41268,6.7,16.9,40.7,20.3
12640,126,105381,5.6,6.8,43.8,22.5
12641,3367,44017,14.1,6.9,45.9,18.1
12642,184,90084,3.4,20.4,48.9,19.1
12643,3201,64848,14.3,24.7,36.6,16.2
12644,1222,76244,13.9,14.8,37.4,39.1
12645,111,65582,11.2,22.2,36.8,30.9
12646,1848,39033,3.4,22.4,46.9,33.9
12647,3209,67765,5.7,12.4,43.2,24.0
12648,1976,36555,14.7,11.6,34.9,33.4
12649,2719,119471,13.9,19.6,40.5,29.6
12650,279,114355,14.6,23.2,29.1,34.3
12651,896,139599,15.0,22.1,25.0,34.0
12652,3913,52631,3.8,11.4,21.4,31.4
12653,2124,75400,9.9,12.1,32.4,32.5
12654,3317,131711,13.0,19.7,31.2,25.8
12655,986,127249,6.8,11.3,42.8,28.7
12656,2568,53902,8.2,22.0,35.1,19.9
12657,3487,26725,6.4,15.2,25.1,23.4
12658,1619,76853,3.5,10.9,22.9,29.6
12659,2532,132696,3.9,10.7,22.4,22.5
12660,4966,105573,3.3,20.7,20.5,26.7
12661,1016,108460,9.3,7.5,22.2,31.9
12662,2170,129146,10.4,23.6,42.6,39.4
12663,4076,144490,6.7,13.3,43.2,29.0
12664,1881,140200,12.9,21.9,30.6,30.6
12665,438,65039,13.7,20.8,21.0,16.8
12666,1616,137488,4.7,20.6,23.9,26.0
12667,2970,87564,3.6,18.5,35.2,32.1
12668,3682,86055,6.8,15.0,49.3,20.2
12669,1014,101080,11.6,12.8,23.7,19.5
12670,3390,118944,9.1,16.6,24.6,39.2
12671,4670,33173,8.9,15.5,32.1,15.9
12672,1546,137528,4.8,12.0,38.5,38.0
12673,1479,63856,7.2,14.9,31.8,38.3
12674,1583,135942,14.5,12.3,38.8,32.8
12675,2174,124106,7.1,18.2,22.0,16.8
12676,900,70506,10.1,21.7,25.4,27.6
12677,1346,30388,3.7,20.7,22.1,18.1
12678,2837,48923,3.8,11.8,46.3,15.9
12679,3595,81228,8.1,15.2,44.0,33.7
12680,4934,122317,10.2,5.2,28.0,34.4
12681,3357,139509,7.5,22.4,42.6,18.2
12682,3977,124205,5.1,9.9,44.3,30.0
12683,1081,31876,11.8,13.8,45.5,38.6
12684,2576,111078,4.7,8.1,33.0,19.6
12685,2188,43172,11.0,18.6,49.1,31.8
12686,3052,111520,14.5,15.9,46.8,39.7
12687,1111,56664,8.6,12.3,41.3,25.1
12688,3564,133808,5.4,15.7,21.0,16.4
12689,2850,92235,13.1,8.4,42.1,23.6
12690,2226,80830,9.1,20.5,38.9,38.5
12691,4912,101878,14.1,10.3,48.4,25.1
12692,3961,30749,11.6,17.3,33.6,29.5
12693,2691,83552,8.2,23.0,37.7,16.5
12694,1573,126297,10.4,5.8,37.1,34.0
12695,2621,35734,5.0,12.8,20.7,34.0
12696,1265,26594,7.6,7.7,26.4,29.6
12697,3422,110361,10.1,23.2,25.5,17.6
12698,709,40238,10.1,12.2,30.6,29.6
12699,2283,75990,10.0,9.3,28.3,15.1
12700,2631,70819,11.9,18.5,29.7,39.3
12701,2961,53248,4.3,15.9,22.2,30.8
12702,4750,65676,3.9,21.3,24.6,17.9
12703,1755,27902,4.8,20.1,35.2,15.4
12704,1855,72434,12.5,24.5,35.3,20.9
12705,145,139103,3.8,6.8,22.9,34.9
12706,1359,32405,5.7,6.6,38.2,23.5
12707,4738,64815,6.1,23.1,49.3,35.8
12708,3332,43723,10.8,24.1,31.8,19.6
12709,1551,29521,7.8,13.1,24.9,36.8
12710,2218,133838,5.4,14.1,49.9,28.2
12711,2667,128232,8.4,12.4,35.8,35.2
12712,2092,74651,11.2,20.6,27.3,20.5
12713,3223,110547,12.4,20.4,46.3,33.7
12714,2440,34036,4.5,9.4,23.8,38.7
12715,1588,135159,11.6,12.7,25.6,24.5
12716,1673,139349,3.1,9.2,42.7,37.9
12717,2527,89140,11.7,5.9,47.3,17.5
12718,1866,34252,10.9,6.1,32.9,26.0
12719,3649,79797,8.6,7.9,22.1,21.3
12720,2409,76833,4.6,5.6,38.7,21.4
12721,4775,67380,12.2,13.5,42.9,24.4
12722,2504,83093,3.9,6.3,35.8,28.2
12723,1542,121651,13.7,21.9,31.8,22.9
12724,4893,104414,12.3,19.2,40.3,24.0
12725,2076,35139,11.9,20.7,34.2,26.2
12726,4073,83389,12.1,17.3,43.5,21.0
12727,2590,118523,3.8,18.3,20.2,35.1
12728,825,95126,14.9,7.3,38.3,34.6
12729,3903,126778,13.3,6.2,45.4,23.9
12730,4481,75378,9.1,24.8,40.4,29.5
12731,3927,27973,11.6,12.5,37.0,18.4
12732,4765,128349,11.9,6.0,26.7,35.7
12733,3719,149249,13.0,8.2,36.5,33.9
12734,2987,107958,6.1,22.5,44.5,38.4
12735,597,136645,7.5,9.1,45.7,34.6
12736,4076,40388,12.6,14.3,39.1,28.9
12737,804,108707,12.2,18.3,49.5,24.3
12738,4757,39495,9.3,24.3,23.6,23.6
12739,4227,149532,7.8,5.3,40.5,16.3
12740,3781,72773,14.6,14.8,21.3,31.2
12741,4238,78867,8.0,24.9,45.6,36.9
12742,2016,144410,12.2,7.4,43.3,31.6
12743,1474,53943,8.0,7.5,44.4,24.1
12744,1945,131915,6.7,6.7,30.8,38.9
12745,4754,104871,10.7,15.2,26.4,28.6
12746,1536,142585,12.7,12.0,26.4,27.1
12747,3190,111504,14.8,19.3,47.2,18.5
12748,1470,47703,4.8,16.4,35.7,18.6
12749,2028,61070,13.5,16.6,25.7,24.5
12750,1736,58563,9.3,15.2,22.4,30.2
12751,191,128741,4.3,24.8,32.5,19.7
12752,1943,44193,12.5,15.8,24.1,38.4
12753,284,41850,7.0,6.4,30.6,20.8
12754,4923,37727,13.4,11.4,24.1,39.0
12755,1671,105951,4.9,20.6,36.3,25.0
12756,931,149234,11.5,17.6,22.0,21.1
12757,4540,139960,6.6,18.7,21.8,19.8
12758,2225,101477,6.1,23.4,44.5,38.4
12759,4362,80460,3.6,13.9,22.5,29.2
12760,363,40218,8.8,5.4,49.1,15.7
12761,1386,126793,7.7,24.8,37.3,28.9
12762,1629,74120,3.7,14.1,28.8,36.9
12763,1908,53444,5.7,7.0,28.2,18.6
12764,1977,94187,8.8,16.0,39.9,24.1
12765,1849,48519,12.7,16.8,45.9,33.4
12766,2009,75107,14.2,16.3,35.6,20.4
12767,2723,128690,9.2,24.3,42.9,38.9
12768,1297,49281,7.8,11.4,48.1,32.8
12769,2578,44793,14.5,5.7,38.2,21.8
12770,4963,59687,14.6,23.4,32.6,19.9
12771,2610,44316,5.3,8.8,23.3,39.2
12772,200,81927,9.4,20.0,40.7,29.4
12773,3187,98915,12.9,9.1,45.6,31.3
12774,2019,71554,12.9,21.6,20.5,35.5
12775,2391,25207,11.2,23.1,39.4,22.4
12776,3420,25073,8.7,7.1,22.0,24.3
12777,204,49427,7.8,7.9,48.3,24.0
12778,793,138313,12.7,23.5,32.4,24.6
12779,3340,144456,5.7,20.4,25.6,37.2
12780,3591,65329,8.1,5.8,26.1,39.1
12781,3492,101347,9.8,8.6,22.7,20.8
12782,2368,99777,13.0,13.2,39.7,32.4
12783,3883,95505,7.5,22.3,46.4,36.3
12784,3612,65472,9.6,8.0,31.4,15.6
12785,989,30889,6.3,19.5,35.9,25.2
12786,889,51457,13.0,6.7,27.8,33.5
12787,4748,65787,12.4,14.3,43.3,16.8
12788,758,33706,12.8,19.6,39.5,30.9
12789,1118,63687,3.7,6.3,49.9,20.7
12790,2053,36520,8.8,9.1,45.5,17.2
12791,1290,25279,4.6,20.8,24.2,16.5
12792,3806,89305,11.1,8.3,45.3,29.0
12793,3757,118098,6.7,18.4,21.6,26.5
12794,4946,79007,12.3,17.8,24.5,23.0
12795,2396,50131,3.8,15.4,31.5,34.1
12796,874,144840,9.2,9.0,25.7,24.6
12797,2911,65229,4.5,13.3,28.6,32.7
12798,1480,147479,9.7,17.4,41.3,29.6
12799,3282,118491,10.3,22.6,36.8,35.2
12800,4887,25290,8.5,21.0,32.0,24.1
12801,4914,62648,6.4,17.1,39.4,31.3
12802,4429,36065,3.4,9.6,20.0,24.1
12803,3197,40402,10.9,9.3,46.4,29.4
12804,1504,114903,13.4,21.3,31.8,23.3
12805,3901,49107,11.8,18.3,34.7,27.3
12806,1469,131272,13.7,12.2,23.5,27.1
12807,2164,108542,14.2,24.4,42.7,15.6
12808,2392,38029,8.4,22.8,49.9,24.0
12809,2865,44935,11.4,18.4,43.0,34.8
12810,2917,111098,7.8,12.4,24.2,30.8
12811,816,93811,14.0,11.2,47.9,30.5
12812,4140,133507,9.8,23.8,37.5,15.4
12813,1811,85033,12.0,13.9,46.0,23.2
12814,1325,30257,3.2,21.0,32.7,32.5
12815,108,49658,9.9,23.8,28.4,24.8
12816,697,127299,11.9,14.8,20.6,24.5
12817,4218,129110,6.1,18.1,48.5,25.9
12818,1708,82991,3.2,6.7,24.6,16.4
12819,3131,80914,11.9,18.1,43.5,22.1
12820,3767,119358,7.1,9.3,28.4,19.8
12821,2346,70999,8.1,18.4,37.1,21.6
12822,3726,126996,9.7,7.0,44.8,21.7
12823,4171,26757,4.3,14.9,30.5,29.1
12824,2922,46339,4.2,15.4,33.0,23.0
12825,191,47846,14.5,14.7,24.3,38.3
12826,950,145652,7.1,20.1,32.6,23.7
12827,1207,130718,6.1,20.1,44.8,21.0
12828,399,130508,3.6,19.1,46.4,36.4
12829,2443,52915,5.1,17.6,39.0,36.5
12830,1577,69617,8.2,23.1,34.0,31.4
12831,1182,70170,7.1,16.5,26.2,21.2
12832,3056,101880,8.1,12.0,33.7,20.3
12833,3018,113768,11.4,6.2,44.2,25.3
12834,1465,58493,10.7,15.7,29.3,34.2
12835,2900,57079,8.9,9.6,44.0,35.9
12836,3636,58875,12.8,12.7,20.1,35.0
12837,4051,54558,13.3,6.0,30.4,20.7
12838,2209,36017,10.1,17.8,49.7,20.9
12839,875,120017,4.4,22.7,47.3,16.9
12840,1552,117313,7.9,11.5,39.4,15.9
12841,1781,149720,10.6,21.1,34.8,18.6
12842,2403,45732,3.8,7.5,41.3,37.7
12843,1951,138141,3.2,19.5,49.4,24.9
12844,1997,82238,14.4,6.6,20.9,30.5
12845,3518,84839,11.8,10.2,28.3,21.7
12846,3697,120504,4.8,12.2,49.9,32.4
12847,1427,48457,8.3,8.1,38.1,29.1
12848,714,119056,5.3,8.7,41.9,15.4
12849,344,25824,3.1,19.0,42.6,23.0
12850,856,56573,7.7,6.9,31.9,20.4
12851,923,127906,10.8,23.7,48.2,38.3
12852,2927,39467,14.4,20.4,24.9,15.8
12853,3907,100462,12.2,12.1,44.3,32.5
12854,2879,48876,5.8,17.6,36.5,18.8
12855,1946,41734,7.0,19.4,28.6,18.8
12856,1340,46586,9.2,16.9,34.4,17.3
12857,4711,55659,5.3,17.4,36.0,37.2
12858,573,87257,13.0,23.3,30.9,39.2
12859,4231,141861,5.0,22.6,29.1,30.4
12860,3349,69245,6.5,23.3,33.3,39.4
12861,1892,50410,9.9,22.7,45.1,38.7
12862,1834,32894,4.5,18.7,41.4,38.9
12863,4042,117099,10.5,14.8,22.4,27.1
12864,1044,135317,14.3,14.7,43.0,16.4
12865,1611,135167,11.3,20.4,47.8,34.3
12866,4181,128295,12.8,23.5,48.7,35.3
12867,4626,77154,8.3,6.8,32.2,20.1
12868,958,27509,7.4,22.5,47.5,33.8
12869,3660,93208,6.9,22.0,25.0,32.8
12870,329,110362,10.9,6.8,32.0,37.0
12871,2517,94694,9.2,18.1,35.2,34.7
12872,277,89450,8.7,24.4,25.5,19.1
12873,4028,87190,4.2,22.0,40.7,18.6
12874,2715,89980,11.1,6.3,32.3,23.7
12875,1713,78273,11.7,23.5,23.8,33.0
12876,2940,98343,5.4,8.5,35.8,31.2
12877,3047,135592,12.1,6.4,28.6,18.9
12878,1874,145925,13.6,9.6,48.2,28.6
12879,3971,146714,5.1,14.7,44.8,21.0
12880,181,56171,8.4,21.3,44.5,39.2
12881,945,49525,13.5,10.3,39.3,22.1
12882,2909,51513,8.8,12.8,22.9,39.3
12883,1316,146867,12.8,7.8,33.4,19.0
12884,4813,30797,5.6,10.8,39.4,18.2
12885,3360,123601,3.8,23.0,26.0,22.4
12886,3245,139447,3.7,18.6,32.1,27.8
12887,2363,129384,14.7,18.5,34.5,35.4
12888,2437,32746,5.0,10.0,45.0,40.0
12889,544,114254,13.4,7.9,31.4,26.6
12890,1022,133797,6.8,22.7,30.5,37.8
12891,4388,94474,3.5,23.9,41.8,37.8
12892,4484,49316,5.9,6.1,30.2,16.6
12893,2730,82077,9.1,15.6,23.0,35.2
12894,1267,59362,4.3,13.8,43.6,25.7
12895,4063,41334,14.1,19.8,31.1,24.9
12896,3541,102093,13.8,11.0,49.6,24.7
12897,3612,126519,4.8,17.4,35.2,36.6
12898,995,53880,11.8,6.7,21.9,25.5
12899,3822,69257,8.5,21.5,42.9,31.0
12900,2160,34673,14.8,9.8,31.3,32.5
12901,3134,87346,3.7,11.3,23.7,32.8
12902,2487,94915,8.7,12.6,36.7,25.3
12903,1997,135170,6.4,9.1,27.5,21.7
12904,1899,73613,11.7,21.2,48.2,31.2
12905,4507,57721,4.3,6.4,41.0,31.3
12906,2880,60950,10.5,23.7,32.4,23.7
12907,1227,45829,14.4,23.6,43.1,15.6
12908,438,120564,8.4,21.5,33.9,32.0
12909,4554,85495,8.5,24.0,47.6,23.6
12910,1272,139049,8.9,20.2,41.4,21.3
12911,2908,98107,8.0,16.3,49.4,30.2
12912,4963,53363,8.4,19.4,30.2,37.0
12913,3129,72068,8.6,5.1,44.9,27.0
12914,2189,67733,15.0,18.7,28.5,36.6
12915,4397,108271,4.4,5.8,30.2,38.0
12916,3117,116429,6.4,22.8,27.3,38.5
12917,4659,30613,5.5,22.9,45.1,24.8
12918,548,135775,9.5,7.3,47.0,28.9
12919,4993,51606,3.0,18.6,25.9,15.5
12920,893,41595,14.1,18.4,46.0,33.9
12921,536,26274,9.4,15.0,48.9,37.3
12922,4726,139402,13.8,5.5,35.9,21.1
12923,4760,62030,7.1,7.3,27.3,39.7
12924,1720,118726,4.8,18.2,47.9,17.1
12925,3601,80119,5.3,15.6,47.7,22.2
12926,3019,110654,8.6,5.9,23.9,32.7
12927,4408,149065,3.5,15.4,48.8,29.9
12928,1048,98311,12.4,22.0,29.1,39.4
12929,4044,122552,12.5,22.8,33.3,34.5
12930,1227,148754,11.4,18.9,36.6,22.0
12931,291,57279,13.8,18.3,29.9,29.3
12932,4112,79690,9.6,20.4,21.9,39.6
12933,3860,104477,8.8,7.7,41.5,32.2
12934,3830,144190,9.4,8.8,43.1,22.7
12935,1503,69423,5.2,14.7,35.9,20.5
12936,2090,60253,9.1,14.0,32.9,28.5
12937,1204,48638,9.5,8.7,41.8,25.7
12938,4900,135996,12.2,18.6,49.8,29.7
12939,648,94906,7.2,19.8,48.0,19.0
12940,3548,145222,4.1,10.4,36.9,26.4
12941,1961,146393,10.2,11.3,44.5,15.2
12942,4349,44782,12.5,10.1,26.6,19.9
12943,670,47639,14.6,10.6,31.2,25.2
12944,1884,62655,4.1,12.3,48.8,39.9
12945,2387,47829,12.0,13.8,36.7,17.4
12946,2521,148015,10.2,14.7,36.2,15.0
12947,4072,25332,3.2,14.7,27.2,22.6
12948,904,66986,11.6,17.3,34.8,25.3
12949,898,77385,3.3,11.9,25.0,30.8
12950,3375,141223,12.4,15.1,42.0,33.6
12951,710,109044,11.7,15.1,46.2,24.4
12952,1906,43616,11.3,6.9,43.2,37.3
12953,4338,78109,4.4,17.6,23.7,20.1
12954,3360,117729,14.0,10.6,36.9,33.9
12955,4467,130951,13.8,5.9,31.0,30.2
12956,3471,30282,13.8,17.9,29.7,32.3
12957,2573,46524,7.3,6.0,43.9,15.4
12958,2193,32744,8.9,13.8,34.4,38.2
12959,2242,30697,4.4,17.4,45.4,18.3
12960,4101,124256,3.6,25.0,32.2,17.7
12961,3180,93905,3.7,15.3,36.3,29.6
12962,4654,47826,9.8,11.4,29.6,28.9
12963,1532,36545,6.9,14.8,32.0,21.4
12964,2617,133482,10.0,8.9,40.6,21.9
12965,2957,31553,10.1,13.8,28.5,30.8
12966,605,80982,13.9,22.5,49.9,18.7
12967,1196,74316,13.6,7.7,44.5,19.9
12968,4279,35183,11.6,15.6,23.6,21.7
12969,4254,146937,12.8,17.4,26.9,40.0
12970,1144,109625,3.0,11.3,40.2,34.2
12971,2304,34931,3.2,19.7,25.2,15.1
12972,4002,53835,8.5,18.3,20.2,17.0
12973,1452,123407,10.8,14.3,39.5,18.6
12974,1696,97833,12.5,17.8,27.0,29.1
12975,675,127995,8.4,21.8,25.3,26.7
12976,779,45599,14.3,17.0,40.3,27.8
12977,4398,129706,12.8,16.4,32.2,22.9
12978,3812,140815,4.2,17.4,48.3,18.8
12979,3928,74515,8.3,18.5,28.0,23.0
12980,1229,34761,14.9,13.1,27.4,36.7
12981,4004,33061,7.9,21.7,36.9,27.6
12982,3293,25368,7.6,23.5,34.8,28.0
12983,417,78101,6.5,17.4,22.9,31.7
12984,3796,128357,8.8,22.7,38.2,16.4
12985,4601,80015,11.8,19.9,42.2,20.9
12986,3096,30304,3.6,13.5,25.9,17.8
12987,3694,80689,13.0,14.9,27.6,22.2
12988,3309,147199,14.0,16.4,22.0,15.5
12989,2642,138169,12.4,23.8,25.7,38.5
12990,778,73544,14.0,18.0,31.5,39.3
12991,1989,145038,4.1,15.2,40.1,34.4
12992,1743,53806,8.4,7.5,35.2,31.5
12993,934,76244,3.9,18.3,25.6,24.4
12994,2341,121879,13.0,16.1,23.4,23.6
12995,2455,83859,14.4,23.8,34.9,36.4
12996,1768,89412,6.6,11.8,48.7,18.3
12997,2653,25594,9.4,20.9,29.5,33.9
12998,380,42829,6.6,10.7,24.7,37.8
12999,2862,45006,7.5,8.4,44.8,18.0
13000,4803,58533,8.7,5.2,28.6,17.4
13001,4678,47424,12.5,22.9,23.2,37.8
13002,1346,52792,4.8,13.9,49.7,30.1
13003,1872,149220,4.9,10.6,26.4,33.9
13004,2264,149466,5.4,13.1,30.4,30.5
13005,291,64204,3.6,19.2,25.8,36.3
13006,2935,85994,10.7,12.9,48.5,39.6
13007,2765,46015,5.3,9.5,40.4,28.5
13008,2663,50209,8.3,6.8,42.2,36.6
13009,406,113529,11.2,17.4,23.1,34.0
13010,631,145880,8.4,24.5,40.2,37.3
13011,4317,147841,13.9,17.7,35.6,34.9
13012,2796,46140,12.2,23.9,34.3,15.3
13013,4787,82802,6.3,22.6,35.2,38.5
13014,158,130144,4.6,8.1,38.9,32.4
13015,1673,81057,13.7,22.6,22.5,16.0
13016,1240,84816,7.8,5.0,37.6,17.2
13017,1910,100408,7.6,15.2,34.6,22.4
13018,3298,128154,12.7,15.5,31.1,38.8
13019,3576,105748,3.1,19.5,36.6,20.8
13020,4594,108813,8.4,20.1,30.9,32.5
13021,2662,72764,11.6,9.6,24.2,18.5
13022,2952,117227,13.2,22.6,22.0,17.2
13023,1041,107428,13.6,8.6,23.7,29.3
13024,4723,140423,8.6,24.2,39.7,26.6
13025,1874,96889,13.2,24.7,42.4,36.1
13026,1521,27751,3.4,18.9,40.2,35.7
13027,535,71379,6.7,18.0,20.2,39.7
13028,939,35363,3.1,24.6,35.9,35.1
13029,4101,44227,5.0,9.8,20.4,37.6
13030,4555,99019,11.7,17.9,21.9,29.4
13031,2781,54092,3.1,13.1,22.2,34.1
13032,1750,133414,9.3,8.4,23.2,27.3
13033,1345,140499,8.0,7.6,21.1,23.5
13034,2361,141785,4.5,19.0,21.9,25.4
13035,1015,133505,11.2,9.6,41.7,20.8
13036,2739,74008,11.3,17.0,34.7,36.5
13037,3989,86622,11.7,9.8,48.7,25.5
13038,4581,53918,12.2,14.1,36.8,23.7
13039,1426,89599,6.8,19.8,49.1,38.8
13040,3458,91185,14.9,15.6,29.0,18.3
13041,1685,125901,3.9,22.4,32.9,25.7
13042,3468,123864,10.8,15.5,39.1,39.1
13043,488,72175,14.6,8.9,38.6,24.7
13044,2891,66729,5.7,22.9,20.1,34.5
13045,3432,144339,6.3,13.4,35.1,31.9
13046,803,57034,9.9,22.3,33.3,25.4
13047,2920,91039,12.4,9.6,26.4,37.9
13048,1159,50203,6.9,17.7,42.0,35.2
13049,4274,39996,13.0,8.3,43.5,15.4
13050,1398,134880,5.9,6.6,38.3,23.6
13051,1401,57602,13.5,25.0,32.3,20.8
13052,773,78014,6.0,5.2,30.4,19.2
13053,2459,52935,10.4,16.8,24.3,21.2
13054,4399,55425,7.3,5.3,39.1,25.8
13055,4212,146339,6.9,16.0,43.1,22.9
13056,4671,87534,7.2,7.0,23.8,38.1
13057,3682,70216,9.0,20.8,31.3,16.3
13058,1116,104632,13.1,10.9,32.7,23.2
13059,309,59942,12.1,11.9,41.4,26.6
13060,598,28527,8.4,10.0,22.7,19.2
13061,528,38993,6.4,7.3,27.6,19.6
13062,3739,55224,13.3,15.0,39.4,17.6
13063,3251,30423,13.4,14.0,48.9,35.0
13064,2205,52113,8.4,15.8,42.6,15.4
13065,1653,68246,11.4,17.5,41.8,34.7
13066,3306,84567,7.4,6.8,26.8,31.7
13067,2669,51833,4.8,13.3,29.8,32.5
13068,2728,39307,6.9,16.9,28.6,34.2
13069,1976,40928,11.2,11.5,42.4,17.2
13070,1167,146190,12.2,8.8,20.8,18.7
13071,1606,71268,13.2,17.1,32.5,28.8
13072,3113,85924,3.2,19.4,43.2,18.7
13073,1767,114643,8.8,20.0,24.3,23.8
13074,4688,106814,6.3,11.5,48.3,30.9
13075,4800,51571,11.2,7.0,47.3,15.8
13076,4166,99361,5.9,23.3,49.1,28.4
13077,1047,80254,9.8,18.8,36.3,23.6
13078,4489,49372,11.5,24.0,24.4,30.8
13079,1271,128456,12.2,7.9,42.9,29.4
13080,271,74652,6.2,18.1,45.3,25.3
13081,4726,72415,4.1,8.9,22.4,25.8
13082,1243,26563,5.6,22.3,33.3,25.9
13083,1959,45459,10.2,15.4,38.2,33.7
13084,2288,75326,3.5,15.7,40.0,17.7
13085,2593,116710,4.9,23.6,34.7,24.6
13086,3677,114606,14.9,11.1,21.5,27.3
13087,288,109078,7.6,17.4,37.7,17.5
13088,4176,76136,9.0,7.9,22.8,18.8
13089,257,114219,3.1,12.3,22.2,36.7
13090,2817,41903,10.1,8.9,22.5,27.3
13091,2070,67877,6.9,9.0,48.4,31.2
13092,345,59096,9.4,18.2,40.7,19.3
13093,3003,48580,9.3,10.7,38.5,31.2
13094,2895,113913,14.6,10.0,42.0,15.4
13095,3924,39134,6.2,21.2,27.3,24.0
13096,2477,66892,9.8,14.5,29.4,36.3
13097,949,48902,7.6,12.6,47.1,18.9
13098,1910,51117,8.1,21.3,39.7,15.3
13099,4086,130963,3.7,14.8,45.0,22.2
13100,2226,107327,11.3,21.3,48.4,16.0
13101,4364,75683,5.3,11.4,33.5,25.2
13102,3130,74775,8.6,24.2,37.4,26.2
13103,2407,106000,8.2,23.5,29.2,34.5
13104,3176,27766,8.6,21.5,45.1,37.2
13105,2444,78799,7.5,9.3,33.6,20.1
13106,719,76979,5.9,19.5,41.6,36.2
13107,3002,94951,8.4,21.4,37.0,23.2
13108,2507,54741,3.6,12.3,35.9,26.0
13109,4552,122520,5.9,7.8,24.7,22.6
13110,3104,91202,12.4,10.4,41.7,30.0
13111,4014,132123,13.1,16.7,21.6,36.1
13112,2586,36300,11.6,10.0,43.4,22.5
13113,3502,126580,10.6,18.2,47.7,20.8
13114,3696,51360,12.7,12.8,44.0,22.5
13115,1777,30605,4.5,9.5,25.7,28.1
13116,4139,124437,9.3,17.3,29.2,37.8
13117,1404,75661,4.4,6.5,26.3,31.9
13118,4193,69349,12.3,17.5,26.9,16.8
13119,2063,141546,9.2,24.5,44.4,17.0
13120,3407,83959,12.7,19.2,21.9,37.0
13121,1461,80371,12.6,11.6,34.1,35.8
13122,4394,62473,8.6,23.0,37.9,38.6
13123,1887,145305,9.0,15.6,48.5,23.3
13124,1173,127878,3.3,15.6,39.6,27.3
13125,1265,41294,9.3,12.6,41.1,32.5
13126,3699,98092,11.1,6.0,36.3,22.9
13127,2817,29683,5.8,10.4,31.1,21.5
13128,3253,119800,14.8,21.4,30.6,19.8
13129,4226,125715,14.7,10.2,41.1,36.5
13130,3155,58076,6.4,13.2,31.1,34.4
13131,759,130534,11.6,17.7,40.1,26.7
13132,4742,45746,3.4,10.6,36.4,37.1
13133,2682,96712,11.0,21.2,36.7,39.7
13134,1229,125136,10.5,23.0,29.8,18.0
13135,2374,47567,12.9,6.2,26.0,23.0
13136,4566,103509,6.7,16.5,21.0,36.6
13137,1568,133803,13.5,12.0,28.0,31.5
13138,2202,64647,13.3,16.1,37.0,30.0
13139,3366,41094,11.0,15.9,44.9,28.9
13140,2571,47794,8.7,5.2,44.0,26.6
13141,1251,27000,10.4,18.0,43.0,33.2
13142,192,33858,11.8,9.3,25.2,16.1
13143,2666,90287,14.7,16.2,40.4,29.5
13144,1381,59452,4.5,22.9,26.9,31.0
13145,3000,106120,6.8,8.8,29.9,24.1
13146,2899,87846,12.4,10.4,42.2,27.4
13147,3277,63385,7.9,6.3,29.0,19.1
13148,4611,31782,11.1,14.8,38.8,35.1
13149,2704,126380,4.6,22.4,40.3,29.0
13150,3981,30116,11.5,15.9,49.0,28.9
13151,2513,66405,11.1,12.0,24.8,37.5
13152,1644,29383,10.0,23.1,25.4,25.9
13153,3630,82176,12.2,15.6,33.8,27.1
13154,2746,50657,13.6,24.5,35.8,26.7
13155,4884,47170,13.0,20.0,31.6,21.2
13156,2158,38081,4.5,23.2,39.1,21.1
13157,4614,94287,11.9,18.0,37.9,33.9
13158,1245,71620,8.4,24.8,39.8,17.2
13159,1010,122361,7.0,15.5,47.1,34.1
13160,3406,136366,13.6,17.8,24.4,26.5
13161,1666,32785,9.7,7.7,44.5,15.6
13162,2495,37564,9.0,23.7,38.1,20.4
13163,3105,47479,12.4,11.7,46.5,36.3
13164,4607,82183,9.6,18.3,20.5,35.4
13165,4348,124849,13.3,12.2,44.9,15.6
13166,191,102373,4.2,22.7,26.4,38.8
13167,4092,128135,12.3,7.2,48.5,19.0
13168,430,101935,5.0,23.0,29.6,35.8
13169,1054,52359,5.7,17.5,41.6,36.6
13170,3880,115225,5.2,24.1,44.3,31.6
13171,2701,115883,5.9,15.1,47.7,23.9
13172,3077,39492,11.8,14.9,26.0,25.3
13173,4389,112435,10.9,12.2,38.6,29.4
13174,629,42396,5.8,11.6,21.1,36.3
13175,2992,147084,6.2,7.5,21.8,38.3
13176,1366,53259,4.2,11.5,32.4,39.3
13177,1573,88742,8.0,17.2,40.8,19.6
13178,4834,85594,7.5,6.7,39.6,29.8
13179,1697,98490,4.7,8.7,34.0,15.0
13180,2625,83596,13.0,22.2,38.1,39.0
13181,4893,65302,13.2,6.8,38.6,35.8
13182,3861,143891,4.3,9.8,45.2,15.8
13183,2842,78529,6.2,5.1,46.6,26.0
13184,4735,27668,11.8,19.4,31.5,15.6
13185,4525,47917,13.4,22.0,22.0,38.9
13186,569,57284,3.9,22.6,27.2,16.1
13187,3930,117688,13.8,23.0,22.9,39.4
13188,633,70050,3.7,13.1,43.8,32.1
13189,4662,51003,10.6,16.2,21.8,28.3
13190,4155,126545,3.3,18.6,34.0,19.5
13191,3779,91413,14.1,23.3,36.3,30.0
13192,4187,140886,7.2,20.9,44.9,38.8
13193,861,40433,10.8,14.8,41.0,33.2
13194,990,58221,5.2,15.2,38.0,29.5
13195,2455,78756,6.9,11.7,37.4,24.3
13196,2055,116375,12.0,5.2,34.1,32.2
13197,3071,141831,14.7,7.9,47.0,38.6
13198,1772,135081,14.9,11.6,25.3,34.9
13199,2936,64113,12.7,17.1,48.9,36.2
13200,3744,130508,13.2,19.3,38.1,38.6
13201,2397,37378,14.6,22.8,27.1,24.1
13202,4161,86672,3.5,16.1,42.0,21.9
13203,3266,37946,5.0,12.9,31.2,40.0
13204,1419,77210,3.6,18.8,23.0,15.5
13205,283,77008,9.0,12.8,22.4,16.6
13206,1383,34103,14.5,7.2,36.9,27.9
13207,2946,137892,10.0,5.1,39.3,15.1
13208,2333,89882,9.7,19.2,29.9,20.6
13209,4188,134267,12.9,23.0,40.8,25.4
13210,1532,116579,14.1,18.6,28.1,33.2
13211,3240,25440,11.4,5.6,30.4,35.6
13212,1896,124299,13.7,9.4,26.9,23.3
13213,4822,92647,5.1,23.9,39.0,16.4
13214,2155,61868,9.0,19.2,34.7,27.2
13215,3436,135225,7.4,19.7,24.5,19.8
13216,882,63983,7.0,21.1,49.2,15.7
13217,1607,61236,5.6,23.3,46.9,21.9
13218,4970,136208,13.7,13.8,43.5,25.5
13219,3954,64241,8.4,13.6,22.9,20.7
13220,776,40907,9.4,5.5,33.1,25.2
13221,1930,46650,6.3,23.7,35.6,17.5
13222,4190,37031,14.6,7.6,48.3,36.5
13223,4406,73867,10.3,14.0,30.8,30.6
13224,1460,80644,3.0,17.0,40.1,20.6
13225,4685,29460,6.2,24.9,36.6,29.6
13226,2786,117950,15.0,13.0,44.3,28.1
13227,290,56135,14.7,18.4,23.3,31.1
13228,942,119832,9.5,24.1,44.8,32.2
13229,434,136098,9.8,16.4,39.5,31.1
13230,1210,33714,13.8,15.7,23.3,16.3
13231,678,50281,11.5,16.5,42.3,26.8
13232,161,92295,14.2,21.4,30.0,34.8
13233,486,90785,8.7,5.9,22.4,32.5
13234,1269,79148,14.7,20.2,33.2,34.9
13235,2300,62112,9.5,8.4,25.3,31.2
13236,4814,83718,10.7,20.3,28.2,32.5
13237,1783,136884,4.0,21.0,49.9,32.8
13238,586,105725,10.3,17.5,24.5,22.0
13239,3832,31591,12.2,13.8,31.4,30.1
13240,640,51402,8.3,19.6,39.9,15.9
13241,2160,133626,9.0,5.4,49.2,33.6
13242,4346,98244,7.7,18.0,31.2,25.5
13243,1338,69438,14.6,9.6,26.4,38.8
13244,1090,31482,8.7,18.2,32.2,27.7
13245,4567,116215,4.5,7.8,24.8,24.3
13246,2399,113158,3.3,8.6,49.6,17.1
13247,4007,69953,12.3,14.0,34.2,27.0
13248,4388,98986,9.6,15.6,39.8,20.3
13249,1180,119329,3.0,13.3,30.7,22.8
13250,297,99875,7.6,17.2,27.8,38.7
13251,2294,56254,14.0,6.1,22.8,21.8
13252,1698,146784,14.4,8.9,43.4,22.5
13253,1700,124208,3.6,5.1,36.9,27.1
13254,3792,46426,4.5,16.3,26.2,33.3
13255,3965,147583,3.1,18.8,40.1,23.2
13256,783,81608,13.4,14.7,27.4,19.8
13257,3183,139125,3.9,14.2,26.4,31.4
13258,4089,109059,4.3,13.5,46.2,16.3
13259,432,30143,5.7,11.7,34.8,30.9
13260,1871,110098,14.0,16.8,36.0,34.7
13261,4300,94683,11.3,5.1,43.1,31.1
13262,2821,72814,10.4,16.9,34.4,26.1
13263,906,111309,12.4,14.8,27.2,32.9
13264,1164,92883,11.3,17.5,41.9,15.5
13265,988,72448,12.0,22.1,45.5,29.2
13266,3023,79653,3.9,21.6,39.0,28.3
13267,420,108511,10.1,21.1,44.1,39.6
13268,4057,76393,12.0,13.2,20.9,33.4
13269,2482,45012,9.8,12.8,34.6,24.3
13270,3331,72539,3.1,9.1,32.5,26.7
13271,2411,39720,5.5,5.6,21.7,17.3
13272,3701,50430,14.6,15.1,26.3,19.0
13273,1600,124054,11.5,24.5,33.0,33.2
13274,1668,38683,11.3,20.0,40.4,33.6
13275,3381,82063,10.9,15.9,31.6,22.8
13276,1619,117479,4.5,11.0,41.7,31.1
13277,2018,66198,3.0,7.4,40.2,29.3
13278,4189,31535,8.3,10.3,48.8,20.8
13279,1965,121225,8.3,15.7,24.2,32.8
13280,1505,88402,12.7,17.5,49.2,24.6
13281,2823,109615,5.2,12.3,22.4,24.8
13282,104,31156,6.3,7.1,44.4,30.8
13283,1268,89896,3.9,10.3,29.4,21.2
13284,2498,62404,7.8,10.1,32.7,33.9
13285,2730,105561,6.1,15.7,28.3,15.5
13286,447,67276,6.2,7.1,44.4,20.0
13287,4320,43688,6.0,10.8,34.3,34.5
13288,1913,25107,5.8,11.9,40.2,37.0
13289,3442,59372,6.8,15.5,48.5,30.6
13290,2674,76060,9.4,11.0,31.0,36.9
13291,3925,90199,8.3,8.0,34.5,18.4
13292,4693,141918,3.8,5.5,22.0,31.2
13293,152,98457,8.1,8.5,38.0,31.9
13294,248,49942,13.2,21.5,29.5,36.1
13295,602,48547,4.2,12.0,38.3,20.8
13296,969,81853,14.3,15.8,29.1,17.3
13297,3621,52485,6.7,14.8,23.3,20.8
13298,4414,77746,3.2,10.5,29.2,30.1
13299,3971,122564,6.0,21.9,44.6,38.9
13300,1400,27921,3.8,23.8,25.5,23.9
13301,2599,89770,9.8,9.2,25.3,24.7
13302,4133,119380,6.8,21.1,44.7,29.1
13303,3389,26740,12.7,20.1,27.7,27.5
13304,4933,105631,11.8,21.8,30.0,18.6
13305,3953,93354,8.6,13.2,36.2,25.5
13306,2551,108273,9.7,18.7,32.7,38.2
13307,4485,82795,10.3,8.8,44.6,21.5
13308,438,31140,6.2,24.4,37.3,35.9
13309,2924,78568,4.7,19.5,41.4,23.7
13310,1793,86880,7.5,6.5,41.3,34.9
13311,1086,133942,4.1,22.6,22.3,32.0
13312,3590,117347,6.8,24.2,49.2,31.5
13313,2833,85853,9.6,11.7,22.1,20.3
13314,3867,50460,9.5,15.8,48.5,17.1
13315,4176,129321,4.4,24.8,49.6,33.6
13316,2106,31993,3.1,14.0,27.8,38.7
13317,3207,74894,4.1,18.3,39.3,31.1
13318,4568,79741,3.4,14.0,21.6,38.8
13319,3430,106435,7.8,6.5,40.4,15.8
13320,3141,32005,7.7,15.2,25.6,33.1
13321,630,98164,5.9,21.5,48.2,28.4
13322,1023,51615,5.6,5.8,39.7,29.5
13323,4218,147690,7.8,13.8,43.0,20.9
13324,340,43946,4.0,21.4,48.4,32.8
13325,1996,75412,5.6,12.1,45.7,26.5
13326,3424,103004,7.9,24.5,34.0,36.4
13327,913,86849,4.1,12.7,25.1,26.9
13328,4850,105387,13.1,20.7,29.7,31.5
13329,882,38199,11.1,9.9,37.7,19.7
13330,4155,122115,7.6,11.6,42.4,36.9
13331,107,146927,4.8,19.4,27.6,24.4
13332,3873,55901,5.3,6.1,33.5,39.6
13333,4770,104975,4.4,6.9,30.7,25.8
13334,3239,48823,4.9,10.3,34.2,22.7
13335,3889,27334,8.1,10.0,29.9,32.6
13336,4151,129534,5.9,6.3,24.7,18.3
13337,617,148265,13.6,24.4,34.6,19.7
13338,3290,73200,14.5,10.9,48.5,15.8
13339,3202,91138,11.3,19.5,23.2,18.6
13340,4678,90196,12.7,12.9,45.1,31.6
13341,2816,73437,6.1,24.8,42.1,29.0
13342,678,40034,11.0,7.8,29.9,38.1
13343,4582,140130,3.7,12.5,24.1,34.5
13344,4607,55613,14.5,13.6,48.0,36.1
13345,1965,110227,11.0,19.3,31.4,27.2
13346,1476,131145,6.8,14.9,33.0,18.8
13347,3038,101360,12.3,20.0,29.6,31.0
13348,1005,96392,3.2,21.8,45.4,37.6
13349,1064,37159,7.5,10.8,26.8,31.9
13350,2076,44685,13.7,21.1,42.8,38.9
13351,4859,27301,6.2,14.8,27.4,33.7
13352,1987,48479,11.0,6.5,30.2,19.7
13353,2547,81993,7.3,10.9,47.7,37.8
13354,1091,144138,7.7,21.1,38.5,35.1
13355,3656,39073,12.0,12.8,40.8,24.4
13356,4059,28566,13.9,6.9,38.8,19.2
13357,3704,47937,5.0,17.8,25.4,29.8
13358,1183,106094,6.3,22.0,40.0,20.2
13359,534,76628,8.9,7.7,36.2,37.8
13360,120,90263,10.4,15.9,44.8,29.9
13361,3022,104596,8.6,9.2,49.6,15.6
13362,2025,86914,12.7,11.8,38.7,26.5
13363,1572,89075,12.2,13.3,30.0,34.7
13364,1199,32120,7.9,5.1,45.7,28.5
13365,2737,56636,3.5,12.1,45.3,28.5
13366,489,143698,5.3,11.2,45.7,33.1
13367,3513,43773,8.8,18.4,30.8,28.9
13368,2715,43214,14.1,22.6,32.4,31.0
13369,1454,129844,9.8,7.1,43.1,16.5
13370,4621,110993,9.4,14.7,32.7,30.8
13371,105,128849,11.7,10.5,34.7,20.7
13372,290,87508,4.8,24.8,20.3,34.7
13373,247,118526,4.8,20.6,46.7,25.9
13374,4600,89178,7.1,7.4,34.3,20.4
13375,4453,46213,14.9,12.4,47.1,16.6
13376,3650,131358,13.5,7.2,49.1,21.6
13377,4205,54712,11.2,20.7,24.8,36.6
13378,1210,141954,7.7,14.7,22.6,31.6
13379,3933,66555,9.7,17.9,40.1,26.3
13380,724,82534,6.6,16.5,27.6,23.3
13381,4225,93998,11.1,8.7,33.2,23.1
13382,2275,89950,8.0,5.3,20.2,25.2
13383,3249,148523,4.4,22.4,32.8,15.6
13384,1178,40856,5.6,6.8,49.1,31.1
13385,3651,80070,10.3,20.8,22.9,23.6
13386,2452,102917,11.3,8.8,40.6,28.8
13387,645,83462,4.2,22.1,36.0,27.6
13388,1295,45151,12.7,16.9,45.5,24.7
13389,2169,133163,12.9,13.0,39.5,31.1
13390,3458,108025,11.7,18.2,20.0,37.6
13391,2538,135931,11.2,10.5,40.2,38.8
13392,716,93391,5.8,13.4,44.5,21.3
13393,4344,97039,14.0,21.5,42.0,35.9
13394,3443,104860,6.2,5.2,41.9,15.8
13395,1911,109079,5.2,9.7,46.5,22.1
13396,271,127702,10.7,19.8,38.2,21.4
13397,4242,39129,7.4,19.4,40.1,19.8
13398,725,71998,14.2,8.3,36.1,19.7
13399,4163,45530,8.5,24.7,48.4,21.6
13400,2354,50381,5.0,18.5,40.2,32.7
13401,552,96560,14.5,12.4,28.5,25.2
13402,1518,132196,9.2,12.0,45.3,37.5
13403,853,127095,9.2,15.5,30.1,35.5
13404,3472,128060,7.6,5.7,45.8,21.1
13405,2823,67760,13.0,19.3,25.1,36.4
13406,3110,43291,6.5,6.4,25.7,36.6
13407,3011,104128,3.2,18.1,35.7,28.1
13408,1325,58904,9.0,21.0,31.0,19.7
13409,267,45515,14.1,23.1,48.5,27.9
13410,3785,25622,6.3,8.0,41.4,15.6
13411,185,32245,6.2,19.9,34.7,15.3
13412,1777,142584,11.9,24.7,49.0,27.6
13413,2082,112579,12.3,6.4,48.2,37.9
13414,1586,105831,8.2,5.6,26.6,18.4
13415,541,88532,13.0,9.2,27.2,24.2
13416,370,128272,5.1,9.1,44.2,27.2
13417,443,89439,7.4,11.4,33.0,28.3
13418,1306,63191,7.9,23.5,24.5,35.5
13419,3181,91951,6.8,18.7,47.6,19.0
13420,1357,130101,5.6,5.2,42.2,15.6
13421,2391,108982,7.1,14.9,31.4,33.2
13422,1632,142375,3.2,22.5,49.6,36.3
13423,3522,127566,11.4,15.7,38.6,25.1
13424,4462,124992,11.2,8.9,35.4,38.9
13425,1753,29158,8.4,24.1,35.7,28.2
13426,338,49122,6.9,11.1,30.3,32.2
13427,1014,131698,8.2,12.0,29.6,27.5
13428,1538,120388,14.2,12.1,49.1,20.3
13429,3116,83882,10.2,12.9,46.2,23.1
13430,1560,139214,11.8,19.2,28.5,38.9
13431,3179,121533,5.8,11.3,47.8,28.2
13432,2358,91660,4.1,14.3,22.5,38.8
13433,466,83238,4.0,10.3,28.6,23.6
13434,3091,112208,8.7,15.2,47.5,39.8
13435,3841,83899,11.6,23.9,21.9,31.2
13436,185,43834,12.3,10.8,47.8,35.2
13437,2593,136756,11.6,21.3,30.7,17.8
13438,4815,31490,14.0,9.4,25.4,37.1
13439,231,66746,3.6,7.9,24.9,15.5
13440,1003,34167,13.3,6.8,32.4,16.6
13441,3556,95465,10.9,24.6,41.0,23.9
13442,1321,94824,5.1,16.4,39.4,22.5
13443,1863,44330,11.2,15.3,29.6,19.6
13444,2904,100927,9.1,5.1,32.8,34.5
13445,1326,131219,7.3,14.7,27.7,25.3
13446,1384,53453,6.0,18.3,32.2,37.2
13447,789,135977,8.6,13.2,25.8,15.7
13448,4882,39263,5.9,7.6,42.8,23.5
13449,4981,52855,4.0,10.4,31.7,19.6
13450,4535,109956,13.2,19.3,30.6,26.0
13451,4607,147404,10.1,14.5,38.7,39.9
13452,2096,61843,7.4,14.6,27.9,37.1
13453,4481,145195,8.4,5.8,32.4,31.1
13454,1209,136693,13.4,15.6,22.5,20.2
13455,529,145784,6.8,13.5,24.1,31.1
13456,4226,135763,7.6,22.6,35.7,20.6
13457,3881,114644,12.2,12.6,50.0,16.6
13458,702,148216,5.4,17.2,36.8,32.3
13459,539,94203,10.9,23.7,33.7,34.6
13460,1084,134435,8.2,16.3,27.0,21.9
13461,2018,104278,9.0,5.6,31.0,19.3
13462,4607,99332,12.4,7.0,43.8,35.2
13463,627,43920,14.9,24.3,33.9,18.3
13464,4505,123969,13.0,16.0,40.7,39.2
13465,3096,142605,4.9,8.8,30.0,15.3
13466,3567,26232,5.7,16.4,25.9,29.4
13467,1461,102515,7.9,24.1,35.9,29.6
13468,803,49311,11.6,5.9,30.6,27.4
13469,762,122627,9.1,15.5,23.3,33.9
13470,464,112944,13.8,7.7,30.3,30.3
13471,1022,131847,3.6,13.9,32.4,39.2
13472,3956,100489,6.1,18.1,42.0,16.8
13473,275,109815,5.6,14.2,32.7,25.0
13474,1035,55767,11.9,24.3,47.6,27.3
13475,481,81565,8.6,16.7,39.1,32.5
13476,405,113094,3.2,24.3,46.4,16.3
13477,4797,86110,12.3,11.3,25.9,34.9
13478,2490,45954,7.3,5.4,44.7,18.1
13479,2303,84868,6.1,8.1,22.5,15.0
13480,4907,32424,5.2,6.4,41.9,26.6
13481,1565,149029,14.4,19.8,30.0,20.2
13482,3371,96898,14.3,8.8,29.0,38.8
13483,502,113308,3.9,20.1,39.8,31.9
13484,4809,40839,5.8,15.8,22.1,35.7
13485,2770,95074,10.8,9.3,48.6,38.3
13486,1901,71730,11.0,17.3,27.0,17.2
13487,2750,31644,8.0,5.2,44.5,29.7
13488,276,48778,9.8,11.7,40.4,27.0
13489,4644,123093,11.4,20.7,32.2,32.5
13490,842,56488,14.4,20.0,41.6,32.1
13491,2448,29350,11.7,20.8,30.7,36.9
13492,4502,25069,4.3,16.8,40.0,25.9
13493,850,56174,11.6,16.5,20.1,18.3
13494,968,50153,3.8,13.1,48.7,34.1
13495,4162,32169,9.0,24.0,24.5,16.8
13496,4067,144278,9.3,24.0,35.5,23.5
13497,313,94620,12.3,5.2,27.9,36.6
13498,1717,38068,3.1,24.2,31.4,39.9
13499,2630,117562,13.5,22.4,30.0,27.8
13500,3433,38138,11.0,17.1,49.4,34.3
13501,1697,145622,3.4,11.5,23.9,15.9
13502,611,98856,4.9,13.4,24.5,36.9
13503,352,26506,3.5,22.0,49.1,21.1
13504,4233,37280,12.2,8.0,24.0,17.4
13505,728,55865,5.1,17.4,22.6,21.0
13506,3576,124952,3.5,9.6,35.2,31.0
13507,1086,115104,4.7,12.6,26.1,34.7
13508,1825,39111,9.7,5.1,26.4,22.6
13509,2193,60935,8.9,24.4,44.6,19.8
13510,1801,109468,6.0,7.2,27.1,36.9
13511,404,92015,14.3,20.3,29.8,30.4
13512,4178,149682,13.3,16.2,40.0,32.1
13513,2380,30523,6.8,21.6,49.7,15.6
13514,4440,123311,8.7,15.3,34.7,33.7
13515,2907,107139,9.2,24.7,39.9,21.5
13516,2986,99452,12.1,17.1,35.0,32.5
13517,3554,78349,8.1,17.3,25.4,36.4
13518,1124,137293,9.6,23.4,33.3,16.1
13519,4412,31917,8.0,10.2,38.9,18.7
13520,3075,92585,12.2,12.3,21.9,21.5
13521,606,61553,9.7,18.3,25.1,20.5
13522,4956,98193,12.9,7.8,44.5,37.8
13523,3051,143600,3.6,21.2,22.5,30.7
13524,1153,66730,13.9,16.8,25.0,39.7
13525,2774,87273,12.8,20.1,27.6,15.4
13526,2667,140427,12.8,24.8,21.7,19.8
13527,2004,45679,4.7,24.5,43.7,36.0
13528,4470,121200,6.2,14.0,36.0,28.8
13529,4687,45505,14.8,10.6,26.1,27.6
13530,2994,67977,14.4,17.7,22.9,36.2
13531,1200,144727,5.7,19.2,37.2,37.9
13532,3761,122629,8.2,10.9,38.2,26.6
13533,1736,86541,4.9,10.6,40.6,20.9
13534,1555,81967,6.2,9.3,43.2,17.3
13535,3713,122218,5.2,23.2,49.2,35.3
13536,138,38642,4.0,7.0,45.1,25.7
13537,3184,146688,10.0,9.9,27.1,17.6
13538,4339,88859,5.9,17.5,22.4,21.0
13539,2831,82540,14.9,14.4,22.8,30.7
13540,2515,140197,9.2,7.4,45.1,28.2
13541,858,108915,7.3,10.8,42.8,39.0
13542,4442,58782,14.0,13.2,21.3,27.3
13543,3216,110021,10.4,24.2,42.0,17.6
13544,864,107842,4.5,12.9,42.1,25.9
13545,2522,133287,9.0,7.3,44.6,18.3
13546,1414,116667,8.3,24.4,39.7,21.7
13547,4402,128731,12.2,13.7,36.2,31.3
13548,4095,33212,11.3,7.8,28.9,34.4
13549,4129,149802,7.4,17.2,21.8,26.3
13550,3793,42448,8.6,21.2,22.9,38.3
13551,3285,112931,9.2,19.2,33.1,28.1
13552,2966,137113,8.1,11.2,25.4,19.2
13553,1417,117095,4.3,9.8,20.5,25.7
13554,800,43283,13.9,22.7,33.7,26.1
13555,4483,123294,11.1,8.9,49.9,22.0
13556,2301,122219,8.6,20.1,49.2,27.2
13557,1693,126847,9.8,5.5,42.7,31.3
13558,4087,75118,5.6,13.4,27.6,31.4
13559,4245,145471,9.4,24.7,43.6,16.8
13560,1330,136923,12.0,17.7,39.0,28.0
13561,2712,117618,9.4,11.2,29.9,16.3
13562,3237,50089,8.8,19.0,21.4,19.9
13563,2008,61342,8.5,12.1,34.7,28.9
13564,1890,118227,12.1,23.8,37.6,27.9
13565,3028,25040,12.0,9.7,38.3,35.3
13566,1188,64749,12.0,11.4,29.1,24.9
13567,2481,74414,6.0,18.8,41.5,33.3
13568,4227,136909,10.4,20.9,40.5,21.7
13569,3045,131449,12.3,16.5,29.1,19.3
13570,3669,89172,9.7,10.8,42.1,33.6
13571,1265,66992,12.3,16.5,42.4,23.7
13572,700,59587,13.3,9.4,45.1,37.7
13573,2125,105894,5.1,6.1,32.8,30.1
13574,1684,74279,6.7,23.4,48.1,37.7
13575,1087,109498,10.2,14.6,48.9,32.4
13576,2065,121195,6.5,14.6,41.5,39.3
13577,1539,56363,14.3,19.9,39.7,23.5
13578,4715,37812,5.3,16.2,44.6,37.8
13579,968,112771,7.3,14.1,24.1,33.0
13580,2163,106912,14.9,20.9,43.3,22.3
13581,1229,139442,5.3,14.5,33.1,17.3
13582,4478,54428,8.4,23.3,47.4,36.3
13583,4556,49321,6.8,11.1,22.8,31.4
13584,3829,142899,12.7,5.7,25.5,26.3
13585,2034,34085,6.6,8.0,30.9,32.5
13586,1176,93342,4.9,21.4,49.1,22.3
13587,1739,125583,14.2,23.5,37.7,26.0
13588,1492,48460,6.8,6.5,47.6,34.6
13589,130,63455,11.9,23.2,48.1,35.0
13590,803,135679,6.5,23.9,21.0,27.9
13591,968,85157,5.1,20.1,41.9,18.9
13592,332,120795,12.6,20.2,28.4,24.1
13593,1050,82078,3.7,5.0,31.9,34.1
13594,158,75939,7.0,9.5,20.2,16.1
13595,2918,111652,12.4,9.3,40.8,32.0
13596,3700,35440,9.1,16.6,45.5,34.9
13597,3249,139051,11.3,18.1,23.0,28.8
13598,401,68368,3.8,23.0,38.7,22.4
13599,2950,74131,12.0,14.8,27.7,30.5
13600,3044,27179,5.1,15.0,49.5,29.5
13601,2023,131672,12.7,6.1,21.6,37.0
13602,416,126427,9.8,24.9,35.8,34.8
13603,1988,30665,11.9,23.9,45.1,26.9
13604,2815,131517,5.6,6.4,42.2,32.3
13605,4885,140340,7.7,16.2,36.5,19.1
13606,1981,28390,12.6,12.0,45.8,29.0
13607,3998,148662,13.9,13.6,49.4,16.2
13608,4213,33359,5.7,18.0,23.1,23.5
13609,1278,116173,12.5,13.4,22.2,19.1
13610,3955,99600,4.3,14.9,45.0,20.0
13611,4973,26781,8.1,10.5,27.3,33.3
13612,4555,80018,14.3,6.6,46.3,24.3
13613,431,97619,14.3,20.1,30.4,17.1
13614,627,50972,6.6,12.6,26.4,39.1
13615,2159,115743,5.3,22.7,29.7,33.8
13616,1198,42985,4.8,23.9,47.3,39.8
13617,311,109801,8.8,6.8,42.2,18.4
13618,1814,83794,4.1,18.7,21.2,39.0
13619,2788,125167,7.3,21.4,49.7,16.5
13620,2430,81485,3.2,17.9,26.4,24.6
13621,3366,124025,6.1,11.6,34.6,30.2
13622,1132,90013,13.8,10.7,26.8,27.3
13623,1432,97778,8.4,14.2,28.3,25.9
13624,1940,122925,3.9,10.2,22.1,28.2
13625,4786,102064,10.8,22.9,39.8,21.4
13626,2238,147261,14.5,6.0,36.0,15.0
13627,4651,65621,8.6,7.3,40.0,18.7
13628,4191,74394,10.5,17.1,31.2,18.2
13629,543,84992,14.0,18.2,45.9,22.4
13630,4274,97441,8.0,19.7,35.9,27.4
13631,1598,95174,11.0,10.5,48.8,36.0
13632,1026,127676,8.3,10.9,45.0,31.0
13633,722,78797,14.5,13.3,36.4,33.0
13634,1579,145115,9.0,9.7,49.3,27.2
13635,3137,82746,13.6,12.5,26.9,25.5
13636,3485,56369,9.1,18.9,37.5,28.3
13637,3418,75605,11.0,15.0,40.9,20.9
13638,333,50572,7.6,24.3,22.4,34.5
13639,1717,61939,14.0,16.6,35.4,34.0
13640,2791,47866,10.8,11.6,25.3,34.8
13641,2130,81060,3.2,8.6,40.4,23.8
13642,486,46953,3.2,9.4,24.5,23.9
13643,1734,118262,11.1,5.3,43.6,18.0
13644,4233,72141,4.4,13.8,38.1,29.7
13645,1284,135909,11.6,24.2,24.8,27.3
13646,2067,138991,6.9,20.5,38.5,18.5
13647,340,28501,9.5,11.0,20.2,20.1
13648,661,91722,5.1,21.0,21.1,18.2
13649,2099,124685,6.0,23.6,26.6,30.8
13650,2029,72018,8.2,18.5,31.3,19.6
13651,2879,89127,11.0,15.2,24.4,31.2
13652,1775,80965,4.9,7.7,43.6,27.2
13653,2615,103152,6.4,6.6,23.4,20.3
13654,1777,84198,5.5,9.4,21.3,15.7
13655,4241,139077,13.4,18.3,20.2,17.5
13656,3846,43288,10.8,8.1,36.9,23.4
13657,3456,135162,8.6,15.7,37.2,29.9
13658,1751,117060,14.4,13.7,25.6,17.2
13659,4277,37225,11.8,17.6,27.9,27.9
13660,3941,119683,14.2,6.0,43.4,33.3
13661,2541,135023,10.2,24.6,46.8,36.9
13662,4985,26752,4.7,18.8,29.8,35.8
13663,694,51313,11.1,19.4,33.1,18.4
13664,2712,149693,5.4,5.3,22.1,39.8
13665,4196,125258,7.2,6.6,45.4,39.6
13666,1596,112191,9.1,18.8,39.7,29.1
13667,3655,123841,4.9,7.2,22.4,29.7
13668,4961,81734,3.2,22.9,37.7,21.8
13669,4866,43774,6.9,17.4,23.1,21.8
13670,3458,51365,12.9,6.4,42.3,20.8
13671,1701,139049,3.2,17.3,24.0,27.1
13672,1014,147618,4.3,21.1,34.0,36.3
13673,1944,99918,12.7,21.0,41.3,26.4
13674,2095,127240,6.7,13.0,25.5,28.3
13675,194,108415,14.3,14.2,23.0,38.3
13676,592,84531,7.6,19.7,42.7,23.0
13677,3169,56972,12.6,22.5,42.1,34.6
13678,249,63984,6.1,20.9,30.1,26.9
13679,1146,45907,3.7,16.9,26.4,31.6
13680,2903,28370,13.6,19.5,47.6,19.3
13681,498,91795,14.1,18.0,39.4,23.9
13682,4576,30826,11.5,16.5,36.0,33.8
13683,651,78227,12.2,23.4,28.2,27.1
13684,394,126334,3.1,18.0,31.0,23.0
13685,1243,29695,12.0,12.6,30.1,32.6
13686,555,57864,8.7,24.5,48.6,27.6
13687,1653,103301,8.4,24.0,24.1,30.2
13688,268,136613,9.5,20.6,33.0,33.8
13689,4905,86930,6.3,5.7,21.3,20.8
13690,2046,123241,11.4,19.6,35.6,26.2
13691,353,83663,6.5,5.6,45.3,38.1
13692,2476,78653,9.7,6.5,49.0,33.2
13693,1420,115826,4.6,12.1,29.3,17.8
13694,2983,109414,11.1,11.3,25.8,17.2
13695,3707,142434,5.3,16.3,38.6,33.7
13696,2225,29043,5.0,9.9,29.3,31.1
13697,3596,38586,3.3,9.0,23.0,32.0
13698,2340,95675,4.5,18.3,26.2,27.9
13699,500,57630,5.8,13.9,20.6,32.5
13700,2256,74736,5.7,6.1,46.5,38.0
13701,2476,72530,6.9,13.8,31.3,25.7
13702,462,140641,3.7,20.2,43.4,40.0
13703,4038,27897,14.2,6.3,39.7,27.7
13704,3951,130832,4.4,23.3,25.8,20.9
13705,3512,27030,11.4,14.5,31.9,33.8
13706,2406,106205,9.4,15.2,33.4,31.7
13707,184,107513,9.6,11.0,39.5,26.3
13708,1924,125135,4.3,17.9,47.8,34.2
13709,3985,148235,5.9,5.4,25.7,38.2
13710,407,39362,12.4,19.8,32.1,16.6
13711,4457,67636,8.6,7.0,26.1,36.8
13712,2021,97135,8.5,13.9,44.7,26.2
13713,730,57879,9.6,7.9,42.1,28.0
13714,4875,118846,8.2,8.4,44.8,15.9
13715,2471,62238,12.7,14.3,43.2,20.3
13716,3400,104162,12.0,6.3,20.8,32.6
13717,3767,50420,6.8,8.0,28.0,25.2
13718,826,125477,12.7,15.9,30.6,23.7
13719,1748,28078,9.2,18.9,44.1,16.9
13720,4412,91919,10.5,12.2,45.6,33.2
13721,1369,64489,13.4,22.3,34.1,18.9
13722,4643,28970,8.7,8.2,49.6,24.7
13723,418,74513,12.1,16.2,35.9,20.6
13724,3575,148558,10.5,6.8,35.3,30.5
13725,2878,95614,8.1,8.3,36.1,28.0
13726,3158,60579,12.5,23.2,42.1,20.2
13727,4234,76974,4.3,24.9,31.3,18.1
13728,1702,149611,10.0,24.9,47.2,27.3
13729,2356,137628,3.6,21.0,36.5,27.8
13730,929,39006,4.9,9.0,32.9,18.5
13731,955,83631,10.2,10.7,27.4,26.1
13732,2748,46279,6.7,6.8,31.0,39.7
13733,1958,148154,6.1,6.1,39.8,24.3
13734,1202,104477,14.5,19.7,49.2,32.3
13735,2581,138035,7.4,15.8,37.5,19.5
13736,1920,104160,9.8,18.2,36.1,37.2
13737,2179,124209,9.4,16.6,29.1,23.9
13738,3258,115061,3.7,5.2,47.6,21.1
13739,2540,141570,11.1,11.4,38.4,30.1
13740,3784,123795,9.2,18.8,45.5,30.2
13741,1355,38715,7.6,22.2,22.0,22.2
13742,3057,72480,3.8,8.1,43.0,25.2
13743,3751,147499,6.5,7.4,27.9,23.0
13744,2339,66500,13.6,24.2,48.7,37.2
13745,2039,126190,5.1,24.3,24.4,30.1
13746,369,37607,5.6,20.0,23.2,36.3
13747,4930,145820,5.5,6.2,30.3,26.8
13748,4164,72328,13.7,17.6,29.0,15.4
13749,3875,107375,11.4,7.6,49.6,19.8
13750,1212,123954,13.6,21.9,38.7,34.2
13751,748,116424,14.0,11.1,43.4,19.6
13752,1279,140992,14.1,14.5,24.3,36.5
13753,2242,78664,8.8,8.7,49.9,22.5
13754,116,137099,8.7,19.5,46.0,19.8
13755,216,110529,12.9,15.0,48.5,18.3
13756,1645,66763,7.0,19.1,26.5,31.2
13757,3251,89266,3.3,11.4,29.7,36.8
13758,2793,83141,7.0,12.5,46.1,29.3
13759,4189,61152,11.6,22.9,31.2,26.7
13760,1376,62472,4.5,10.1,20.4,26.1
13761,3340,57393,12.4,23.1,48.2,25.6
13762,3888,84356,12.8,6.5,25.6,38.1
13763,471,68800,4.2,8.2,20.4,40.0
13764,2907,79879,4.2,18.3,29.1,31.6
13765,255,90475,5.4,24.9,40.5,32.2
13766,2761,36254,7.3,23.7,39.0,38.8
13767,564,148960,9.4,15.2,26.0,15.0
13768,4978,89634,8.8,15.6,34.0,20.4
13769,4999,41102,13.2,16.5,40.4,36.7
13770,4415,132809,4.7,20.8,37.2,32.5
13771,1873,44029,11.4,16.0,41.8,16.4
13772,216,114036,9.6,7.4,33.2,16.9
13773,2203,46813,11.8,21.8,31.7,24.8
13774,1474,85978,7.1,22.7,21.7,37.5
13775,3303,89739,8.7,23.4,46.8,30.9
13776,4503,27053,3.3,13.4,46.4,37.6
13777,3646,44898,4.4,9.4,32.9,25.3
13778,4077,123613,7.5,7.4,44.8,16.9
13779,4417,148664,8.8,15.5,38.7,22.4
13780,1296,55617,4.0,10.5,27.6,34.3
13781,3511,105727,12.9,13.5,25.3,28.1
13782,896,46384,14.4,7.0,21.5,34.1
13783,3992,95657,10.2,9.0,39.8,30.0
13784,250,123067,3.6,13.8,28.5,36.4
13785,3349,112642,11.9,8.6,46.9,19.6
13786,211,122029,5.6,9.5,45.6,22.7
13787,782,130201,11.8,5.4,41.6,34.9
13788,1261,112414,8.2,6.5,38.5,24.5
13789,2479,73373,3.6,7.3,47.8,23.8
13790,260,81791,6.3,18.1,45.3,31.0
13791,1525,100342,8.1,8.0,27.9,29.1
13792,3761,132318,11.8,22.6,27.7,20.5
13793,377,34519,4.6,20.7,20.7,21.3
13794,3491,106977,6.4,21.3,34.7,27.0
13795,1656,59016,4.0,12.0,33.7,28.1
13796,4692,116561,10.4,6.2,27.5,30.7
13797,2015,54897,8.7,6.5,49.0,35.0
13798,4850,145724,14.1,18.8,36.3,38.4
13799,3207,107437,11.9,23.5,24.6,33.4
13800,402,108997,12.3,8.5,45.3,34.3
13801,4633,115262,5.0,22.3,33.3,37.8
13802,2873,141845,6.2,18.1,42.7,22.3
13803,4381,87584,9.2,18.5,30.9,28.9
13804,3345,31384,3.2,19.0,22.2,37.5
13805,4868,73898,13.4,6.2,49.7,30.3
13806,1100,61441,12.3,17.1,44.9,32.4
13807,3934,147785,3.7,14.7,26.7,20.9
13808,4106,62917,13.2,21.7,45.1,15.6
13809,4878,109433,3.1,13.6,44.3,16.1
13810,1818,31608,4.4,15.2,44.1,17.1
13811,3930,133780,3.7,16.6,27.4,30.2
13812,3281,42778,8.7,16.7,24.7,22.1
13813,2982,43089,12.4,13.0,35.4,22.6
13814,1098,67132,5.1,8.3,41.2,23.7
13815,384,109341,12.3,10.0,34.3,23.4
13816,520,33791,5.2,13.2,32.7,38.4
13817,2260,121771,14.9,17.4,33.9,24.3
13818,3165,110424,13.2,14.1,48.6,27.7
13819,2375,109219,11.8,20.8,47.7,31.0
13820,1594,110935,10.1,16.5,48.2,39.5
13821,3984,75648,5.9,11.9,29.0,33.4
13822,4723,64474,4.4,14.9,20.8,30.0
13823,2643,138175,8.5,12.2,49.3,22.6
13824,4226,69077,7.8,5.6,21.9,37.2
13825,4357,31771,11.1,10.6,48.2,33.4
13826,1941,81858,5.0,14.0,35.0,18.2
13827,4900,54278,9.7,10.1,37.4,32.9
13828,821,41238,11.3,19.4,22.5,16.2
13829,1501,50010,6.6,22.2,47.6,36.1
13830,545,27658,12.4,10.9,24.5,35.2
13831,2891,36891,8.2,5.5,46.4,34.6
13832,4622,60091,5.0,22.5,25.8,29.3
13833,3867,60663,5.3,16.5,25.6,18.4
13834,2651,92067,6.3,5.1,24.5,38.9
13835,2067,101894,4.9,15.0,24.7,26.9
13836,3988,120942,9.8,6.9,40.1,27.3
13837,4916,106041,14.4,18.5,20.1,30.5
13838,2831,56623,13.8,15.7,44.0,23.8
13839,2729,136258,6.9,23.3,41.8,31.6
13840,2064,58549,13.4,12.9,32.5,32.0
13841,1157,124729,14.4,23.5,44.9,38.7
13842,4931,128232,6.5,21.7,40.9,19.1
13843,857,93087,13.9,20.0,49.1,28.1
13844,1895,53062,15.0,13.8,39.7,29.8
13845,1743,101051,12.6,13.3,38.9,33.0
13846,4949,70381,7.7,12.9,23.1,16.2
13847,123,147111,10.3,6.0,46.8,19.3
13848,1339,123860,7.4,17.1,38.7,16.2
13849,4250,33704,15.0,21.0,34.2,27.7
13850,3197,36410,3.8,19.9,20.3,36.4
13851,1404,96974,13.7,16.7,35.0,31.3
13852,2642,47902,3.9,12.1,37.5,28.3
13853,3812,30786,3.5,18.9,41.3,15.3
13854,4055,61919,14.3,15.6,25.1,18.3
13855,4629,103735,13.4,21.8,22.9,29.8
13856,4403,96629,7.3,10.5,37.1,21.0
13857,4328,73353,14.5,7.0,45.3,39.5
13858,1405,53691,13.3,5.1,39.2,25.0
13859,4564,56902,13.8,19.9,43.0,22.4
13860,3274,142587,10.1,17.0,30.8,28.7
13861,3728,48118,14.5,6.2,26.0,18.0
13862,881,30016,12.7,21.8,27.9,28.0
13863,666,64277,14.3,14.5,26.2,37.2
13864,4722,135592,6.4,14.2,47.3,20.9
13865,4232,126264,9.4,18.7,47.8,20.9
13866,4373,46327,13.4,17.7,37.3,16.0
13867,738,116364,10.0,9.8,39.3,37.3
13868,3800,66684,12.6,17.9,46.5,34.6
13869,4267,108226,14.7,22.2,29.5,25.5
13870,2499,140447,12.7,12.8,28.0,27.5
13871,2770,112158,6.8,10.8,46.9,18.2
13872,1272,39202,4.4,6.2,25.6,33.9
13873,1820,107146,6.3,17.1,50.0,17.8
13874,204,122303,11.0,20.1,43.9,27.4
13875,1782,78949,3.1,24.4,46.5,15.6
13876,4416,99035,5.3,17.2,27.9,24.7
13877,1949,143066,6.9,14.0,45.5,24.3
13878,962,85353,13.5,23.7,30.8,17.3
13879,3545,80864,3.6,8.6,32.8,21.7
13880,2665,116629,3.6,19.2,39.4,23.7
13881,398,149411,9.6,11.5,48.7,15.6
13882,3008,57054,5.1,22.2,36.2,20.0
13883,4237,67804,5.9,19.9,38.2,34.6
13884,870,95744,5.2,11.7,47.0,32.6
13885,2639,97978,10.0,20.5,26.9,24.6
13886,1562,68628,3.7,22.8,34.4,31.3
13887,3954,111668,14.3,10.0,46.3,36.8
13888,3218,148676,4.5,16.4,44.9,33.8
13889,2232,97581,14.4,13.4,21.8,27.6
13890,1809,74015,12.3,23.5,21.7,38.7
13891,1090,32624,12.9,24.4,45.9,26.3
13892,810,108699,5.1,7.1,27.8,32.2
13893,4404,103720,11.0,16.0,30.6,30.1
13894,138,81215,12.8,15.6,40.3,24.6
13895,1375,107505,9.7,22.4,39.9,33.4
13896,4957,141066,9.6,20.6,41.1,31.5
13897,1536,103085,4.9,10.7,22.6,15.3
13898,3093,87639,8.0,15.4,38.0,16.1
13899,1569,88891,4.8,12.6,34.4,37.2
13900,2199,56973,14.7,12.1,44.2,15.7
13901,473,47091,11.2,19.6,24.6,24.3
13902,4351,46826,3.6,17.0,41.1,24.6
13903,4125,37982,8.7,9.0,42.9,18.0
13904,1213,130233,10.7,17.4,49.6,28.2
13905,2826,31420,4.1,14.3,38.4,19.6
13906,2498,69770,11.0,11.8,27.8,27.9
13907,3334,29031,5.1,6.3,45.4,25.8
13908,1365,85068,7.9,23.6,43.9,22.7
13909,3223,130746,10.5,22.2,21.1,23.0
13910,753,64128,7.4,11.1,42.7,17.3
13911,4258,108767,7.6,16.1,40.7,37.5
13912,608,117349,13.1,22.3,27.2,25.1
13913,2439,140729,6.7,15.4,37.7,37.7
13914,3262,62607,10.9,7.8,35.8,18.7
13915,1787,134981,13.2,14.5,28.0,23.9
13916,1488,97887,4.8,11.3,33.9,38.3
13917,2297,147473,3.6,14.2,25.8,35.8
13918,4011,107162,12.9,22.0,24.8,33.9
13919,3028,128849,9.6,13.2,48.2,23.5
13920,4899,27100,12.9,21.0,37.2,15.9
13921,615,99977,5.6,9.7,44.3,20.7
13922,3758,26737,13.0,16.9,30.2,37.8
13923,1933,121817,4.1,13.5,30.2,31.1
13924,129,35110,13.6,24.5,35.0,15.8
13925,3314,89259,12.9,5.0,45.7,18.5
13926,425,142442,9.8,12.3,48.5,30.4
13927,3866,42776,10.3,21.3,21.4,24.4
13928,4211,33439,7.2,12.8,34.0,37.9
13929,210,147423,5.4,9.4,46.3,20.3
13930,206,114563,8.5,22.1,36.4,19.7
13931,2526,149565,10.9,16.8,33.5,24.6
13932,4478,51507,15.0,16.1,24.5,36.3
13933,4464,78168,12.8,13.0,33.3,22.7
13934,2631,102836,8.2,8.2,42.2,20.9
13935,3244,77584,11.9,16.5,40.4,32.3
13936,4793,53960,4.3,15.1,33.2,15.9
13937,898,78678,8.0,13.0,43.0,26.0
13938,2537,136954,8.1,6.5,37.8,39.6
13939,2111,65552,15.0,18.0,28.2,23.1
13940,525,53560,7.7,17.6,24.2,29.9
13941,3144,76233,4.0,16.2,40.0,26.7
13942,3388,34539,3.8,7.6,25.3,37.2
13943,3014,104398,11.4,11.1,26.3,16.2
13944,1339,145263,6.5,14.4,28.4,34.6
13945,3491,145032,13.4,19.7,48.5,25.5
13946,4313,78888,8.8,9.5,40.4,15.5
13947,4097,139820,7.0,21.0,47.8,30.2
13948,3106,122759,12.1,11.4,27.3,30.3
13949,3139,36815,8.0,18.3,38.5,30.0
13950,698,26854,11.8,23.7,40.2,35.4
13951,2187,68904,11.6,19.3,48.5,26.0
13952,1284,47434,11.7,6.4,34.0,30.9
13953,2850,62845,13.3,12.5,39.3,15.6
13954,2684,63108,13.2,16.6,46.3,33.6
13955,4859,148280,11.0,18.5,24.3,16.3
13956,3613,91141,14.5,11.9,47.3,36.7
13957,4845,70666,3.2,13.6,29.9,31.0
13958,4154,103907,14.2,12.5,32.9,25.4
13959,4483,39976,4.8,19.0,35.1,31.9
13960,4036,74283,5.5,23.3,41.5,20.6
13961,1799,103216,12.8,20.6,24.7,28.5
13962,4607,136404,7.8,10.3,40.6,33.3
13963,2675,81223,8.1,15.8,22.9,17.2
13964,235,119788,6.1,14.6,31.5,17.0
13965,2125,31157,5.7,5.3,38.6,37.4
13966,3635,80730,4.3,23.8,24.2,36.2
13967,4954,121729,5.4,14.3,40.0,23.4
13968,2990,55870,9.8,23.9,48.6,32.1
13969,2857,106581,11.5,18.3,48.7,30.0
13970,3873,113533,11.9,19.2,37.6,33.0
13971,480,144194,7.4,13.5,35.6,22.8
13972,1628,54016,14.1,22.2,33.1,26.6
13973,4671,140491,6.9,8.7,33.7,22.3
13974,3728,69227,4.3,24.2,37.0,34.6
13975,948,121799,14.3,17.3,33.0,20.5
13976,4227,112112,9.5,11.6,32.8,37.5
13977,2027,111209,14.7,19.8,28.6,36.4
13978,2265,136529,7.7,19.9,40.3,33.5
13979,4386,126937,12.1,20.5,46.2,39.3
13980,2221,120800,4.3,10.9,21.0,28.5
13981,4818,123278,13.2,5.5,48.9,22.9
13982,3018,27676,5.0,22.8,41.7,32.4
13983,4781,26215,3.8,21.0,20.3,39.7
13984,572,43861,4.2,13.0,23.0,28.1
13985,1887,40860,9.7,8.3,48.0,22.2
13986,213,92800,6.5,14.4,40.1,18.3
13987,1436,56740,14.5,11.1,21.8,35.3
13988,438,147478,13.2,8.9,30.1,23.0
13989,2385,25969,12.6,14.7,46.5,33.6
13990,1296,64396,12.7,21.6,45.7,38.6
13991,178,25600,13.7,16.6,25.7,15.9
13992,4659,62223,13.4,14.7,32.7,17.5
13993,2752,47325,14.1,24.9,42.6,18.4
13994,4757,100060,14.2,20.2,40.6,30.5
13995,4480,27716,6.6,7.6,23.0,39.1
13996,4418,37708,5.6,13.3,37.9,24.9
13997,2740,121836,10.7,14.3,20.8,30.0
13998,1356,42165,4.5,17.2,30.8,30.3
13999,927,86152,5.5,18.6,35.5,31.1
14000,2818,26434,12.3,11.5,21.3,29.3
14001,2910,39852,10.8,12.3,45.3,39.4
14002,3485,62106,10.8,7.1,32.4,21.8
14003,2065,39965,14.4,6.8,32.2,17.7
14004,2527,50592,11.0,20.2,23.3,20.5
14005,2941,84563,8.2,23.5,34.3,23.9
14006,713,93238,6.4,8.9,22.6,34.6
14007,662,117928,7.1,23.5,24.5,32.6
14008,4926,45375,6.3,11.9,45.0,27.0
14009,4452,33651,3.4,22.6,40.5,34.5
14010,284,81684,6.1,5.5,37.9,19.8
14011,2292,106725,13.0,6.8,35.2,39.3
14012,4165,146933,11.7,13.7,34.2,23.2
14013,345,143328,10.5,22.0,48.5,29.5
14014,4186,107451,13.8,14.0,49.7,16.5
14015,2334,26977,6.2,21.8,31.6,22.1
14016,965,137141,9.9,11.8,20.4,18.1
14017,2187,102005,3.4,7.6,47.3,30.6
14018,700,71828,13.7,23.5,29.6,18.7
14019,3133,77916,8.4,6.5,47.7,22.3
14020,2156,123594,5.1,19.1,36.0,26.3
14021,2231,96613,5.9,22.7,48.9,37.6
14022,632,82020,13.2,7.4,35.4,16.8
14023,2142,77727,4.3,15.4,32.9,28.0
14024,457,78801,14.1,6.1,47.7,32.2
14025,477,68435,7.5,14.2,41.6,36.1
14026,2319,97150,6.0,20.7,45.3,21.6
14027,4588,89353,7.0,11.1,22.3,15.7
14028,4897,140200,7.9,9.7,38.4,17.1
14029,3407,88811,9.6,10.0,40.0,27.9
14030,2696,124943,10.0,20.8,24.0,38.6
14031,883,33446,8.4,24.5,29.0,30.0
14032,2479,128120,8.4,9.6,46.7,31.0
14033,3703,145537,6.4,6.4,26.9,33.3
14034,1082,109557,7.6,7.5,43.4,23.0
14035,4042,141653,8.6,17.6,20.8,26.4
14036,2690,74202,10.2,18.5,25.4,20.5
14037,1142,25799,4.6,14.0,21.5,30.9
14038,2638,82443,12.2,6.6,32.2,38.5
14039,961,34939,11.2,23.6,26.1,22.1
14040,1976,117623,6.6,23.6,27.8,35.8
14041,1935,64410,8.5,12.9,35.2,37.4
14042,4308,89402,14.4,21.4,35.5,36.7
14043,3626,41620,3.2,23.0,26.4,19.8
14044,1785,74623,12.7,15.2,45.5,27.5
14045,3501,87861,9.1,17.0,30.1,21.7
14046,1722,125508,10.4,19.7,31.4,25.9
14047,2757,121553,11.2,22.8,46.9,34.1
14048,2032,32181,8.5,6.8,32.9,23.1
14049,607,129563,5.3,6.1,26.5,36.6
14050,4661,66098,13.9,18.5,22.6,19.3
14051,3578,72178,11.9,6.0,40.0,20.9
14052,2756,85206,9.7,7.1,25.8,29.1
14053,1221,141071,8.4,13.4,43.9,20.6
14054,389,69055,9.0,8.6,46.8,18.4
14055,2929,45885,12.9,23.0,35.3,25.9
14056,2309,43096,3.2,11.6,37.5,22.7
14057,4912,50526,13.4,16.6,22.2,25.6
14058,1500,48094,3.6,5.2,39.8,18.2
14059,666,28796,10.4,15.3,47.4,34.3
14060,1573,142061,7.0,21.2,20.0,37.4
14061,2087,149237,11.1,24.4,26.5,22.1
14062,3887,111344,4.0,18.6,29.9,32.8
14063,3965,120906,9.7,9.1,44.5,31.8
14064,3360,79571,13.3,12.3,23.2,36.4
14065,3647,108619,8.9,8.1,33.3,37.8
14066,3351,100864,4.0,11.8,25.6,20.3
14067,1816,29110,3.4,16.2,47.4,36.1
14068,1112,110292,10.5,14.7,26.3,18.6
14069,1410,148513,3.8,22.5,29.3,18.3
14070,4670,73445,3.9,9.1,36.6,31.3
14071,717,67843,8.1,13.7,22.4,24.2
14072,4836,55897,5.5,17.6,32.8,21.6
14073,4357,128885,5.5,24.6,29.4,33.4
14074,2082,35508,8.8,9.3,46.1,39.2
14075,2328,83472,6.4,21.7,43.9,22.4
14076,4920,55366,5.6,17.4,47.8,38.8
14077,568,76538,9.2,7.7,28.4,21.7
14078,4216,33583,6.5,20.7,44.4,31.5
14079,4455,88628,4.0,8.5,44.6,34.6
14080,1239,25168,11.2,19.0,23.5,20.9
14081,1536,118200,10.0,9.8,35.0,22.5
14082,636,90055,5.5,14.4,49.2,39.5
14083,1051,149932,10.0,20.7,44.9,22.7
14084,2913,78117,14.5,17.7,39.7,25.1
14085,3106,110128,14.5,19.8,35.4,33.4
14086,4094,87058,9.4,21.1,41.3,31.5
14087,1940,132681,4.2,5.7,44.0,36.8
14088,950,49556,8.5,14.6,34.8,28.0
14089,2071,136360,3.3,24.7,42.2,23.2
14090,1291,76879,8.0,20.9,24.6,35.9
14091,4020,110429,13.9,12.3,31.8,27.5
14092,4728,48933,8.6,10.7,21.7,28.0
14093,2162,41159,9.6,19.1,43.0,38.0
14094,3146,45861,4.9,7.7,26.3,24.6
14095,4499,118538,3.2,22.7,25.0,34.6
14096,3658,38556,14.9,6.6,33.1,39.8
14097,4611,95256,7.1,16.2,36.0,27.9
14098,404,108633,6.4,21.9,25.0,26.6
14099,2947,146307,9.9,19.4,30.9,20.2
14100,2535,60280,11.9,14.7,37.4,24.7
14101,2904,52837,6.0,9.6,22.7,20.1
14102,2084,78741,9.3,17.0,29.5,26.0
14103,4036,104370,7.0,24.3,27.8,25.6
14104,812,64446,8.8,6.9,41.6,31.0
14105,2995,125982,4.9,5.6,25.0,31.5
14106,1781,58049,9.1,13.4,34.8,39.0
14107,1433,62694,3.6,16.8,29.8,22.9
14108,3298,107349,13.1,12.2,41.7,17.1
14109,274,35820,10.5,19.4,48.9,36.0
14110,3305,87297,14.3,15.5,46.0,15.8
14111,1516,41005,10.2,11.9,35.5,17.4
14112,2087,119460,5.2,20.9,45.7,24.0
14113,4953,111578,8.8,7.0,41.3,25.5
14114,1872,112082,11.0,5.8,25.7,31.8
14115,4366,73609,7.5,6.1,40.7,35.6
14116,1174,147793,9.6,21.3,37.5,38.3
14117,4860,77364,5.0,21.0,26.1,15.3
14118,691,87974,12.3,21.6,49.2,20.6
14119,3078,95168,13.9,10.7,44.5,22.3
14120,4082,134441,6.8,14.8,43.1,32.2
14121,2510,133813,12.5,11.4,49.3,38.9
14122,947,69944,4.1,16.7,49.6,16.2
14123,593,85776,6.0,21.9,34.3,16.0
14124,645,109583,8.5,5.4,35.2,38.2
14125,2386,66895,7.6,16.4,45.5,34.2
14126,2797,35534,10.4,9.0,39.0,33.2
14127,3937,92224,9.8,22.4,22.4,39.3
14128,1640,145282,4.0,24.1,40.7,20.7
14129,983,112855,4.6,21.6,34.2,35.0
14130,4056,132378,3.6,5.7,21.8,20.8
14131,3194,134015,14.4,11.1,47.4,21.0
14132,2465,25816,10.7,9.6,27.0,26.9
14133,3447,127170,13.3,21.5,48.6,31.0
14134,3171,145876,9.5,5.4,35.1,21.6
14135,3775,123110,5.3,23.5,39.3,28.2
14136,4815,70935,10.5,16.7,27.9,18.4
14137,1052,58445,9.1,19.9,49.6,38.3
14138,3400,35446,7.9,14.1,21.4,33.1
14139,3835,120339,7.5,19.1,45.9,39.6
14140,3279,38815,10.8,11.7,22.0,21.0
14141,3063,118095,10.4,18.2,47.2,18.5
14142,4127,142177,4.8,13.6,47.3,17.8
14143,3347,130536,12.8,23.6,31.0,39.2
14144,4515,101042,10.6,23.6,38.0,15.5
14145,3457,27446,9.4,16.4,45.6,15.1
14146,4948,108808,12.0,20.5,29.5,32.9
14147,2804,26720,4.8,19.8,23.9,39.5
14148,1137,51479,14.0,19.1,47.5,29.6
14149,170,90759,6.2,24.5,22.2,30.5
14150,2974,103488,6.2,22.6,24.0,30.3
14151,205,124238,12.8,19.9,25.3,21.6
14152,869,83656,7.0,6.6,38.5,21.5
14153,2109,59076,13.0,12.1,29.6,17.6
14154,3040,71265,6.9,11.9,36.7,26.7
14155,2292,131721,9.6,15.2,43.4,19.6
14156,3595,57967,5.8,22.1,38.1,22.8
14157,4411,78258,11.8,18.4,47.3,26.8
14158,4455,138548,5.0,20.4,23.0,35.0
14159,1033,73625,13.8,5.8,47.7,33.6
14160,674,30074,7.5,6.1,34.6,34.1
14161,4030,73130,8.7,23.6,21.7,15.5
14162,4480,45377,3.3,9.2,46.7,36.1
14163,4187,113992,14.7,20.9,23.4,20.7
14164,2631,78085,12.8,16.0,40.1,22.0
14165,2519,64701,8.4,12.0,28.5,33.2
14166,169,75749,14.0,20.3,23.2,29.0
14167,4574,139692,14.2,24.3,45.3,21.2
14168,1402,139578,9.4,10.2,32.8,33.6
14169,3914,90081,5.8,12.0,38.6,29.1
14170,2449,33471,8.8,10.9,41.2,38.7
14171,354,65358,6.9,17.9,36.6,23.8
14172,1807,28019,8.4,19.5,43.4,37.6
14173,4887,128661,13.9,14.6,35.0,35.8
14174,933,43748,6.4,9.3,32.5,16.7
14175,2864,139814,13.1,11.4,42.6,18.1
14176,2571,53975,14.2,19.9,26.3,18.9
14177,3842,101524,12.7,22.7,48.3,22.7
14178,2135,62594,9.3,15.2,29.0,33.1
14179,2067,28249,9.8,10.0,21.2,34.3
14180,199,143589,12.8,18.3,36.3,34.9
14181,1952,86929,3.5,17.8,29.0,38.8
14182,3283,54108,11.8,23.2,24.8,28.1
14183,2455,120892,9.3,10.7,43.5,19.9
14184,211,46541,7.8,21.3,37.7,35.4
14185,3258,69661,12.2,18.4,37.8,21.1
14186,282,115594,6.2,21.8,35.5,25.4
14187,3952,44423,13.7,7.1,39.4,15.3
14188,264,111330,11.3,21.5,47.7,32.8
14189,2237,83851,10.3,14.5,29.9,35.8
14190,2123,52744,9.3,20.5,39.1,15.4
14191,554,148818,5.6,9.9,43.5,22.0
14192,2385,90552,10.4,12.0,26.1,27.8
14193,4922,147692,11.7,13.3,42.0,18.7
14194,641,32083,3.1,16.0,31.4,17.4
14195,2765,62843,7.4,15.2,45.2,28.7
14196,2549,54118,13.0,9.7,28.9,36.7
14197,4033,70334,10.6,23.1,40.8,33.9
14198,2986,143630,10.4,23.9,35.3,24.9
14199,4714,136043,5.7,9.7,42.5,21.4
14200,4392,101441,10.6,12.8,44.4,37.2
14201,4004,70661,12.4,21.1,23.6,34.4
14202,1788,90455,7.8,20.7,27.9,35.2
14203,1737,120918,5.2,24.5,27.7,37.9
14204,4828,80324,3.9,23.9,21.4,37.4
14205,4770,143305,9.1,22.5,48.7,25.5
14206,4182,83377,11.2,16.7,36.7,34.3
14207,1990,67771,5.0,11.8,26.6,38.2
14208,3305,117119,8.1,15.4,37.0,17.0
14209,577,89289,9.8,20.4,44.9,34.2
14210,2466,70156,4.9,7.1,24.8,31.6
14211,2626,138292,6.2,19.1,39.5,28.9
14212,466,31230,10.3,22.9,24.5,30.8
14213,1936,57649,11.7,9.2,45.5,39.4
14214,1815,66429,10.6,21.2,27.2,36.9
14215,112,124628,11.6,22.8,38.2,39.6
14216,635,89127,10.0,6.3,20.5,33.4
14217,3339,61045,13.0,24.2,20.0,15.2
14218,2417,92160,12.9,15.0,40.4,23.6
14219,4142,97785,12.6,14.2,21.7,17.2
14220,475,50811,9.9,17.1,26.4,27.4
14221,1824,107038,14.9,9.3,48.2,20.5
14222,356,84227,3.5,18.3,39.4,21.8
14223,2364,65071,5.3,21.2,27.9,17.7
14224,549,65708,12.7,11.4,40.1,31.2
14225,993,100732,12.9,10.1,49.8,38.0
14226,3312,83131,12.8,23.3,33.1,31.7
14227,1284,129824,13.5,14.4,35.3,31.4
14228,3323,93011,8.1,17.6,36.0,37.9
14229,1408,60535,14.2,22.1,24.8,24.5
14230,4805,88801,5.5,19.3,36.0,37.4
14231,1016,67387,14.2,11.4,38.9,32.6
14232,247,74394,9.7,5.4,34.7,17.0
14233,4851,62848,5.0,14.4,33.8,32.7
14234,2214,69998,11.8,10.0,26.6,17.4
14235,4116,79616,6.6,13.4,37.4,32.8
14236,4040,57355,5.6,14.2,36.4,21.1
14237,4171,111642,5.1,22.3,47.9,15.1
14238,2895,53489,3.4,20.3,31.0,29.9
14239,542,71503,12.2,8.9,41.0,32.3
14240,3044,33207,8.8,11.3,43.5,38.1
14241,4036,62379,14.7,16.7,43.8,15.6
14242,498,80561,8.3,16.3,37.0,39.7
14243,1251,131418,13.1,15.9,38.7,34.1
14244,3892,31703,14.6,24.0,44.0,38.8
14245,3095,44166,3.3,18.9,20.9,21.5
14246,2316,81011,4.3,6.9,26.4,27.4
14247,1807,31163,7.2,23.8,35.8,28.9
14248,3431,75975,13.4,14.3,41.9,31.1
14249,2087,139369,13.1,16.6,25.4,29.3
14250,4702,95459,7.4,21.4,46.1,30.3
14251,2668,65970,5.4,9.3,35.4,39.4
14252,260,112059,12.6,15.2,31.4,18.0
14253,4535,99006,10.2,22.2,24.6,23.8
14254,4004,134438,3.4,19.7,36.8,32.2
14255,3673,37620,12.7,12.0,43.6,35.7
14256,3277,112586,14.5,16.8,29.4,32.4
14257,1925,30520,3.5,5.2,34.9,32.1
14258,4024,113841,6.4,5.9,25.3,35.3
14259,1723,85135,12.8,7.3,27.8,38.2
14260,1276,125389,10.0,18.9,40.7,28.4
14261,3820,79221,14.9,17.4,49.0,20.2
14262,4980,108026,14.0,23.3,38.4,36.8
14263,3320,98759,5.1,19.2,38.9,38.2
14264,3359,104863,11.1,13.4,46.4,38.2
14265,230,85469,10.8,22.3,25.4,31.8
14266,3662,50312,4.3,5.9,44.4,31.6
14267,1599,141536,4.1,5.2,45.8,19.0
14268,2888,89106,9.8,10.0,40.8,17.5
14269,4976,85376,7.8,7.6,21.1,22.3
14270,3808,61376,9.5,10.4,47.8,20.0
14271,1807,103733,5.9,11.1,37.8,23.2
14272,1869,70100,9.7,14.1,26.7,25.2
14273,1418,115027,7.6,17.2,34.6,28.1
14274,3479,60445,13.7,12.0,37.0,27.7
14275,2873,90829,6.7,24.3,22.4,38.9
14276,3090,142884,13.5,15.8,37.8,37.0
14277,3144,75723,7.7,22.5,38.6,24.1
14278,475,121599,9.9,21.0,43.9,37.2
14279,3136,85392,6.4,6.0,47.7,15.7
14280,760,118051,12.7,14.4,33.9,36.3
14281,1503,146254,13.1,21.1,28.4,16.1
14282,840,37454,12.7,23.1,40.4,20.7
14283,403,107188,10.7,17.7,24.5,20.2
14284,1185,73321,6.7,23.6,23.0,22.8
14285,4981,113993,10.6,18.3,43.5,23.6
14286,3279,50723,14.5,9.2,45.9,32.1
14287,1310,143030,10.8,16.2,44.4,27.4
14288,3134,62945,14.5,20.1,46.7,38.8
14289,328,91415,6.7,18.3,28.3,35.6
14290,3219,74210,13.2,6.7,38.8,33.1
14291,1954,68457,11.6,9.7,38.4,39.7
14292,367,127195,12.8,18.8,21.3,33.7
14293,2874,74368,11.5,15.6,20.8,17.9
14294,2949,63468,8.8,5.6,46.3,27.7
14295,4449,32649,11.2,19.8,20.5,20.0
14296,2234,145934,14.2,6.6,41.9,16.3
14297,3559,70572,8.0,8.7,32.9,39.9
14298,2369,147666,14.4,23.1,21.2,37.9
14299,1089,133807,3.6,11.3,45.5,30.6
14300,4592,31384,3.2,5.7,31.7,31.7
14301,1037,46340,8.9,5.3,42.1,22.2
14302,539,74885,13.2,23.7,35.0,16.7
14303,2458,47334,6.0,12.5,46.1,35.1
14304,2107,128652,11.3,17.4,35.1,29.3
14305,3445,96107,9.6,13.3,42.7,26.6
14306,4230,64842,6.5,9.3,38.0,31.8
14307,4916,35694,6.4,22.6,43.4,27.3
14308,3843,120193,3.9,24.0,23.3,25.0
14309,618,103367,9.4,24.8,30.6,33.0
14310,368,123282,8.4,5.8,31.0,28.3
14311,4833,105736,6.5,6.0,23.4,19.3
14312,4285,76573,14.6,22.2,46.9,32.7
14313,1488,143065,12.8,8.5,28.0,24.5
14314,1794,49949,9.3,16.2,43.3,34.3
14315,3373,138850,9.3,16.6,34.6,39.4
14316,1489,64872,5.3,18.2,46.6,27.6
14317,3965,106884,10.8,5.8,41.9,33.6
14318,3129,80935,14.4,11.2,42.7,28.5
14319,2435,41495,13.8,15.3,34.6,39.3
14320,3774,101268,4.0,8.5,31.7,29.1
14321,4676,148173,3.6,23.9,34.1,25.8
14322,600,125773,14.5,21.6,34.7,23.8
14323,1761,121404,5.4,7.8,21.8,20.2
14324,2199,141886,9.6,18.4,23.2,24.1
14325,202,46677,3.9,13.2,28.7,30.1
14326,2846,36460,13.1,11.2,32.4,16.4
14327,3376,138918,4.4,10.8,22.0,26.6
14328,3185,114501,10.7,18.3,34.4,22.7
14329,3637,82511,3.7,23.1,37.4,38.4
14330,1427,101881,4.9,21.7,48.8,31.9
14331,2574,57837,9.1,12.0,23.1,32.3
14332,1779,63724,3.5,19.2,44.3,31.4
14333,3846,39761,5.3,15.5,41.9,32.5
14334,2662,100153,4.6,13.8,42.4,22.1
14335,4263,129378,3.5,10.9,45.4,31.3
14336,3417,93108,14.7,6.6,49.0,26.6
14337,2536,124958,8.4,8.8,39.2,30.4
14338,407,76411,13.3,16.3,46.5,26.4
14339,4096,139789,7.3,19.6,23.8,34.7
14340,1189,112828,3.5,5.7,27.1,24.2
14341,4655,34923,11.3,12.6,31.3,36.3
14342,2494,129012,3.5,8.3,22.3,20.6
14343,4104,59129,9.6,17.0,26.6,36.7
14344,766,82676,4.7,22.3,49.4,27.3
14345,4263,51828,11.0,23.6,42.2,24.6
14346,2334,55182,13.7,22.7,41.6,25.8
14347,1336,135820,14.5,22.4,36.0,32.5
14348,1723,77412,9.3,17.0,26.8,21.2
14349,1474,108042,9.4,9.9,23.7,31.4
14350,3411,26957,3.5,19.9,35.7,29.1
14351,276,133455,12.2,19.5,39.8,15.2
14352,1453,120642,14.5,8.3,36.9,17.7
14353,3028,71009,8.3,8.9,33.8,22.0
14354,725,88193,12.5,7.2,20.7,32.2
14355,2754,82803,12.6,15.0,37.9,21.6
14356,3708,50793,12.4,11.4,35.6,36.8
14357,3815,113618,12.1,23.0,28.5,18.9
14358,4374,79137,5.6,5.7,43.9,15.1
14359,494,80931,12.0,11.5,40.8,38.6
14360,1268,103867,4.7,22.5,49.2,22.4
14361,297,140618,11.6,25.0,35.0,27.5
14362,1068,148190,3.0,19.5,22.0,28.9
14363,4008,60657,14.0,23.0,47.9,24.5
14364,3255,47343,12.9,5.3,33.7,16.4
14365,4864,72783,11.2,20.4,49.8,28.9
14366,2604,71637,4.1,14.2,35.1,39.9
14367,1376,64907,12.9,18.8,32.6,32.7
14368,4267,26758,13.5,13.6,22.3,25.5
14369,4418,88566,11.3,16.4,23.7,34.6
14370,1369,56913,14.7,10.2,23.4,36.8
14371,1464,131385,4.1,16.5,39.2,28.7
14372,1023,127645,11.5,10.8,35.9,32.8
14373,570,89270,9.3,10.6,49.6,34.3
14374,3116,131450,4.7,11.5,33.0,21.3
14375,2154,58239,10.9,9.0,24.8,26.4
14376,4383,89610,12.6,9.5,28.5,37.7
14377,2151,78569,5.0,23.6,44.0,32.6
14378,3054,119348,12.5,14.1,44.7,26.1
14379,1248,126484,4.1,17.3,23.5,21.4
14380,3186,101088,10.1,16.4,49.6,18.2
14381,1059,65584,12.6,10.3,30.6,39.3
14382,729,75296,4.8,5.0,30.7,39.9
14383,874,41482,9.9,7.1,28.5,28.3
14384,459,143337,8.1,21.6,43.0,15.1
14385,617,91029,10.3,7.2,48.1,19.8
14386,1443,120375,8.1,9.1,41.4,21.9
14387,2069,27157,6.0,23.3,22.8,26.5
14388,3327,127883,6.0,21.2,43.2,33.1
14389,2999,141865,13.4,6.1,43.3,22.5
14390,1034,132919,4.9,17.9,39.5,23.2
14391,2086,103663,4.5,15.3,25.7,19.5
14392,476,66465,4.2,12.3,35.0,28.9
14393,3660,81064,3.9,15.0,21.0,23.9
14394,1874,103033,3.2,8.0,27.7,18.0
14395,1605,88221,4.9,24.1,40.2,26.6
14396,2754,99088,5.3,8.4,30.9,31.6
14397,1110,131649,6.2,8.7,24.8,26.9
14398,3577,49491,4.5,12.4,23.2,33.1
14399,1330,106540,4.1,9.3,42.9,28.4
14400,1277,107452,9.5,11.3,28.5,26.6
14401,3957,79818,11.6,5.8,48.9,19.4
14402,2195,106255,10.6,17.3,42.2,25.0
14403,1772,67971,9.7,9.8,30.6,18.8
14404,2028,60125,8.3,24.4,30.3,17.2
14405,3939,121729,10.6,7.3,24.2,15.9
14406,3278,134279,13.8,6.5,41.5,18.5
14407,4368,146467,10.5,8.5,34.8,15.4
14408,2653,71831,3.7,15.8,44.7,36.0
14409,2545,26969,9.8,19.9,28.3,25.9
14410,4489,128275,9.3,16.2,30.2,19.4
14411,651,68307,8.4,22.2,34.4,17.8
14412,2997,37628,9.8,16.9,41.2,36.7
14413,1139,146859,11.1,7.8,45.8,16.4
14414,984,107554,3.4,8.7,48.6,32.3
14415,3151,27601,8.8,12.2,21.4,36.0
14416,4329,140880,12.8,23.4,45.4,39.2
14417,4966,40639,9.4,14.2,23.8,20.7
14418,3697,50312,3.8,22.5,49.5,29.0
14419,2655,84780,12.3,6.5,21.3,21.2
14420,1189,83552,14.3,18.7,29.4,29.2
14421,4675,87786,13.2,14.3,50.0,22.1
14422,558,84402,7.4,8.5,27.4,36.0
14423,4821,145492,9.4,6.6,45.7,35.1
14424,4354,123911,10.1,11.3,45.0,32.9
14425,2107,129725,11.6,21.4,27.9,29.1
14426,2020,95794,11.0,17.8,35.1,34.0
14427,4627,60833,5.4,14.2,22.3,37.6
14428,1103,86093,13.1,21.9,24.1,16.8
14429,3183,98402,13.2,8.6,30.8,16.6
14430,2214,65021,7.9,10.6,47.2,18.2
14431,2689,55595,4.6,16.1,39.9,29.6
14432,2243,78478,10.3,16.8,38.1,20.5
14433,4410,30570,7.3,11.4,48.6,35.4
14434,2341,76189,11.9,15.1,43.4,18.4
14435,2186,43569,6.8,7.4,49.8,17.2
14436,1038,50572,6.2,5.2,33.8,25.8
14437,4401,134074,13.4,23.1,25.8,32.6
14438,4070,32505,10.4,13.8,32.7,32.9
14439,4099,26179,4.0,9.6,32.7,17.9
14440,4750,111622,11.3,11.6,43.3,17.2
14441,3508,122296,12.0,15.4,28.0,15.0
14442,870,81087,5.8,23.9,35.9,17.7
14443,348,100648,14.6,19.4,32.2,38.1
14444,472,52807,7.5,24.0,33.6,23.1
14445,3026,132828,14.3,7.2,23.0,18.8
14446,3957,39416,6.5,8.6,36.9,35.3
14447,801,44128,10.3,12.3,39.0,32.9
14448,2285,27260,9.2,9.9,21.5,39.2
14449,1041,63888,14.9,24.1,23.9,16.1
14450,4014,94034,7.9,8.4,22.1,18.5
14451,893,143101,5.2,8.4,26.1,32.9
14452,777,30478,13.0,14.8,22.1,23.2
14453,1661,30798,3.5,18.9,32.4,29.7
14454,4153,98633,13.6,12.6,27.7,30.6
14455,552,74357,4.3,5.9,42.2,18.8
14456,2566,106231,9.9,20.3,47.9,25.0
14457,3756,30380,11.6,23.9,35.8,16.4
14458,4246,108729,7.0,21.2,30.7,23.0
14459,3854,50475,13.1,21.8,36.8,37.0
14460,309,66707,10.1,22.0,24.4,18.7
14461,2026,56986,7.7,20.2,44.2,24.5
14462,4066,123011,6.9,21.1,36.4,36.9
14463,1977,38164,4.3,6.5,20.8,33.0
14464,726,52205,10.7,6.1,34.9,24.3
14465,2826,133938,7.4,6.5,38.7,30.7
14466,1558,139606,6.8,16.8,24.4,37.2
14467,2924,71804,14.4,9.8,31.5,37.6
14468,1350,54008,6.3,5.6,28.3,22.6
14469,4858,146630,13.5,6.5,34.6,23.1
14470,4463,67721,14.7,6.4,34.2,31.7
14471,2263,70836,12.9,17.6,46.4,23.1
14472,1723,103102,3.2,7.9,46.5,23.9
14473,1953,141984,13.4,21.9,28.2,22.0
14474,853,62696,5.6,24.9,42.3,16.9
14475,1968,84075,7.2,13.8,24.0,26.1
14476,281,46533,14.9,15.8,31.1,30.0
14477,1613,78150,7.9,10.2,31.1,36.8
14478,1002,30934,10.9,18.1,45.4,35.7
14479,3444,85303,6.7,23.3,22.2,24.7
14480,3553,107858,7.4,8.6,35.5,39.5
14481,3707,112170,10.2,24.1,33.0,15.3
14482,2656,70579,14.4,9.4,37.9,33.5
14483,2239,127859,6.4,10.3,46.1,30.9
14484,4344,129842,6.0,23.2,22.1,27.3
14485,2264,81847,3.3,16.9,49.4,22.0
14486,2712,64324,5.4,5.6,39.8,23.9
14487,2121,76316,6.1,21.1,42.9,15.9
14488,2921,112188,3.8,17.8,31.9,36.0
14489,2381,113172,9.8,19.9,48.3,36.1
14490,1670,121491,4.5,8.2,30.0,20.8
14491,2072,129425,9.1,22.5,43.2,37.2
14492,4086,77025,5.3,20.7,44.7,39.9
14493,2344,59218,14.2,24.1,40.5,30.1
14494,2542,95641,6.7,13.2,42.8,31.5
14495,813,128940,4.1,15.4,24.4,16.1
14496,3645,124507,13.0,19.0,23.4,31.6
14497,322,64820,7.8,7.1,36.8,19.0
14498,963,116984,12.8,9.2,30.2,31.2
14499,4725,144179,6.7,10.8,45.8,31.1
14500,1525,77176,9.0,23.9,26.7,19.9
14501,2404,47528,8.3,5.0,40.0,21.3
14502,753,76207,9.7,24.9,27.3,19.8
14503,1259,27191,7.8,12.9,25.1,15.1
14504,1942,51254,9.0,18.0,25.8,34.9
14505,543,72378,11.2,13.2,28.7,28.5
14506,2565,114752,8.0,20.7,44.7,28.4
14507,4769,135878,11.2,24.0,49.9,17.0
14508,4536,68497,11.6,14.0,35.6,28.8
14509,2957,133161,12.0,8.6,23.7,26.9
14510,1380,78880,8.7,9.4,43.9,32.6
14511,3139,128994,3.0,10.3,23.6,28.0
14512,3895,111744,12.0,9.4,27.4,35.9
14513,3737,86470,13.9,5.3,48.6,24.8
14514,3858,109931,10.8,22.2,26.4,34.7
14515,199,130923,9.3,18.6,37.1,20.0
14516,2186,49819,9.7,15.3,47.1,17.7
14517,2410,66099,10.7,7.9,41.3,21.7
14518,4345,60216,15.0,5.8,43.1,26.6
14519,2837,124028,3.7,12.7,27.5,39.4
14520,1707,116676,3.3,5.1,45.1,30.9
14521,3053,89469,14.6,6.1,29.1,15.2
14522,4081,70219,8.3,6.5,35.2,33.4
14523,3294,41487,10.3,21.3,34.3,15.1
14524,4439,61815,12.0,19.5,34.7,25.9
14525,4782,90598,11.9,11.2,44.4,20.0
14526,3192,59830,10.8,11.1,32.6,25.1
14527,3062,118981,8.7,11.9,45.0,21.6
14528,2762,110485,9.9,16.3,47.4,30.3
14529,955,117338,11.8,22.2,46.1,16.2
14530,2246,149426,13.2,14.5,47.5,18.5
14531,1486,64352,4.5,8.0,26.1,17.7
14532,1816,80820,6.3,8.2,43.0,37.4
14533,4251,78974,7.8,6.1,33.4,24.3
14534,1825,106383,11.0,19.8,44.2,30.9
14535,2053,105182,7.7,13.0,31.7,36.4
14536,284,37264,5.9,23.4,38.0,39.7
14537,621,29833,3.4,11.2,23.4,32.3
14538,2411,45030,13.1,21.0,35.4,22.2
14539,1348,133286,8.0,14.9,28.5,39.5
14540,1758,104827,7.0,22.0,34.5,30.4
14541,1102,107049,9.4,16.2,43.6,39.8
14542,3327,126319,4.5,8.8,28.6,21.6
14543,3238,106361,7.8,21.0,44.0,33.7
14544,2028,147357,12.0,5.1,44.4,24.6
14545,493,30290,11.8,15.1,45.8,30.8
14546,1717,140614,12.3,8.9,22.6,31.0
14547,3741,125284,8.6,11.8,20.1,20.2
14548,760,128829,7.4,13.2,39.1,37.9
14549,4264,149605,13.0,16.2,21.6,35.6
14550,419,26819,5.1,12.1,32.4,18.0
14551,2324,122304,11.7,17.9,47.1,36.1
14552,683,95643,13.7,8.7,27.7,27.7
14553,3700,37736,6.4,20.8,28.0,33.5
14554,681,51783,5.4,17.0,37.5,20.3
14555,3796,36480,9.2,12.0,49.6,39.9
14556,1867,62551,5.6,15.6,23.1,26.3
14557,1656,60663,13.4,13.1,48.8,33.9
14558,1898,43140,5.9,22.5,39.2,36.3
14559,4306,109247,6.8,15.9,42.8,20.5
14560,1098,133624,13.7,20.8,25.3,31.0
14561,857,44580,5.5,20.9,38.0,28.3
14562,382,51793,13.6,19.7,24.7,15.4
14563,4996,61421,5.5,20.0,34.6,22.5
14564,230,73717,13.9,9.5,32.8,17.9
14565,1393,134657,6.8,22.4,42.6,25.2
14566,160,35619,6.0,19.2,31.1,22.0
14567,2311,38147,8.7,6.1,22.2,39.8
14568,1648,64022,7.4,18.0,48.3,39.3
14569,4467,94795,5.4,14.6,24.3,30.0
14570,1881,123718,7.1,7.8,31.5,25.5
14571,137,53670,11.6,14.5,35.6,37.1
14572,3731,89127,13.0,23.4,46.6,29.8
14573,2764,119362,12.8,22.5,22.9,22.0
14574,573,96873,12.1,6.7,40.3,35.2
14575,158,33146,3.1,13.8,32.9,23.2
14576,2736,38787,8.1,15.2,43.6,22.1
14577,2714,72788,5.0,18.8,46.1,36.6
14578,2714,84179,3.9,20.3,26.4,20.3
14579,4578,56544,11.8,21.6,38.4,20.4
14580,1511,68028,12.5,16.9,35.7,37.6
14581,184,77022,12.8,22.6,37.3,33.6
14582,1633,50598,13.7,16.1,45.7,18.1
14583,3897,129556,10.1,5.5,28.9,15.6
14584,2774,123702,15.0,14.2,29.0,19.6
14585,2973,85263,8.8,8.2,41.5,39.9
14586,3220,45354,13.6,16.5,35.2,37.9
14587,1190,131624,4.4,18.6,38.1,20.8
14588,2934,51108,4.8,18.6,43.3,29.2
14589,4324,113490,10.1,14.8,31.2,29.3
14590,2176,140738,4.5,19.3,29.5,34.3
14591,3290,60720,3.9,7.3,32.4,23.4
14592,4887,41727,5.4,24.0,20.8,16.7
14593,4328,100152,12.5,21.9,44.6,27.6
14594,1308,123907,14.1,22.1,31.6,22.9
14595,3677,38606,7.0,5.7,32.5,35.0
14596,4841,100318,14.7,9.6,43.6,21.7
14597,2681,55915,12.7,7.0,26.1,25.1
14598,3887,64804,5.7,22.3,24.5,19.4
14599,615,128132,10.0,20.0,47.3,15.8
14600,2312,47316,14.8,6.9,47.7,16.5
14601,3074,78403,13.2,13.0,43.8,37.9
14602,1032,31583,7.4,15.2,24.5,16.9
14603,1763,92684,6.7,19.3,44.8,26.2
14604,656,96580,12.8,10.9,48.0,27.0
14605,1771,74899,9.6,10.8,45.6,34.7
14606,1092,82843,5.0,15.6,32.0,15.8
14607,1728,28356,6.9,15.5,22.8,28.3
14608,1791,95724,10.9,7.2,31.5,33.9
14609,4952,145586,4.8,19.3,20.1,15.0
14610,1204,90921,11.4,8.6,35.6,20.9
14611,1370,40811,11.5,22.0,20.3,22.2
14612,3002,94769,6.2,20.5,36.8,27.4
14613,4844,53919,7.8,24.6,33.5,30.3
14614,1509,31246,14.2,8.4,30.3,16.4
14615,3746,92271,12.0,23.9,29.0,35.9
14616,1430,43941,12.5,19.7,44.9,35.5
14617,4823,104222,9.2,22.6,35.3,38.0
14618,2154,62590,5.6,5.7,28.6,36.2
14619,1053,124482,10.1,11.4,40.5,18.1
14620,1942,39422,12.3,5.6,38.0,29.4
14621,2902,124183,3.0,8.6,29.5,16.4
14622,109,108425,4.4,22.7,49.6,35.1
14623,2709,145016,8.7,13.2,43.3,39.4
14624,221,140694,8.2,18.4,40.7,19.1
14625,4882,128601,14.8,14.7,22.9,30.6
14626,2660,94193,4.1,14.5,24.2,33.3
14627,3137,144797,6.9,18.0,37.3,18.9
14628,540,101033,12.8,13.7,47.4,20.4
14629,2849,41656,10.3,5.4,34.0,24.3
14630,690,126199,9.7,21.0,24.2,19.6
14631,1468,126399,11.9,10.5,36.1,23.0
14632,2089,85216,3.5,18.4,48.3,40.0
14633,1461,108526,14.4,18.2,37.1,38.5
14634,3873,87034,5.3,7.9,45.3,15.1
14635,2164,60215,4.0,8.3,45.8,34.4
14636,2515,64264,7.1,14.0,26.2,29.9
14637,3051,117963,11.4,11.8,36.1,34.7
14638,2868,26324,5.8,10.5,22.1,27.1
14639,3516,100785,3.6,11.2,24.2,25.2
14640,1676,45286,3.7,10.1,32.1,15.1
14641,214,114130,6.1,7.2,22.0,24.2
14642,1468,44506,4.6,6.8,23.8,32.7
14643,238,51730,7.5,22.6,26.7,35.2
14644,3473,144554,5.1,21.3,41.5,18.0
14645,1415,108649,7.1,14.9,23.4,16.8
14646,173,128658,8.3,11.4,43.3,35.5
14647,3946,78737,11.9,18.7,36.8,22.9
14648,583,142410,5.7,7.2,49.5,36.0
14649,4211,86914,8.7,7.0,22.3,39.7
14650,1649,78828,12.8,7.8,44.0,19.0
14651,1459,27894,14.8,18.8,34.1,21.8
14652,1996,52939,9.7,21.4,21.3,34.1
14653,4324,84184,8.2,15.7,45.0,24.1
14654,610,147336,10.6,8.4,35.6,15.9
14655,522,73896,8.8,11.7,32.6,27.5
14656,2532,72563,5.0,21.5,39.4,24.2
14657,2006,59729,8.5,15.3,31.6,18.2
14658,4427,146256,14.7,14.0,34.0,19.3
14659,1058,103152,10.7,18.2,29.6,23.0
14660,924,56928,6.4,12.1,28.3,35.5
14661,164,128166,14.4,5.1,33.5,18.8
14662,4810,109595,7.7,23.8,33.0,27.4
14663,3448,43323,7.7,19.2,23.0,28.4
14664,900,119685,10.4,24.2,28.4,17.4
14665,377,74165,9.8,22.0,24.5,28.8
14666,1817,72993,6.5,12.5,29.6,27.8
14667,2513,136318,8.6,12.6,35.3,32.3
14668,1338,140433,7.0,7.9,37.0,35.0
14669,4623,82314,11.9,21.1,44.9,35.9
14670,1586,137819,4.5,17.4,34.6,28.0
14671,4781,133506,12.0,10.1,25.9,29.0
14672,3398,52189,4.9,24.2,33.8,30.9
14673,4570,39640,6.7,20.4,48.6,39.3
14674,3095,95106,7.0,22.7,45.8,16.8
14675,192,131013,14.9,8.5,41.2,28.9
14676,3631,60714,10.1,16.9,32.1,15.7
14677,1940,136115,12.3,24.8,28.4,33.3
14678,3627,60950,9.7,12.0,33.7,34.8
14679,1721,143174,14.8,13.1,40.0,15.5
14680,1661,64332,5.1,15.7,46.6,36.0
14681,1516,111426,10.3,5.9,48.4,25.0
14682,3064,45462,12.6,9.5,43.1,22.4
14683,4290,59675,10.5,11.5,38.9,18.2
14684,1230,61759,13.8,5.2,22.0,17.7
14685,1513,141335,10.2,11.3,39.1,23.7
14686,3697,78928,12.9,15.9,42.5,24.9
14687,3844,60431,5.1,5.4,45.3,39.6
14688,2218,33127,6.1,15.6,33.1,38.1
14689,763,89010,8.3,21.0,20.8,38.6
14690,2734,125186,13.2,7.9,24.7,23.1
14691,2874,41712,8.1,24.2,31.4,20.5
14692,4069,127671,10.5,13.3,40.6,17.7
14693,3590,88501,7.7,13.8,35.2,25.4
14694,1671,37462,12.7,15.3,39.5,23.8
14695,1623,35397,5.4,12.9,37.1,22.8
14696,1087,46101,10.1,18.0,48.2,16.7
14697,3338,149567,9.9,8.6,43.6,24.3
14698,3945,70196,7.8,23.4,44.4,36.0
14699,3793,96136,11.5,22.4,40.9,30.8
14700,198,76318,3.3,17.9,22.5,36.6
14701,2388,90917,13.1,20.8,49.4,16.4
14702,1614,102320,7.2,19.2,22.1,21.3
14703,4397,105560,12.5,14.5,30.7,21.6
14704,733,34625,6.7,8.1,44.2,28.7
14705,4941,78296,5.3,11.5,29.3,38.8
14706,4685,127185,7.7,22.7,38.9,39.4
14707,678,65876,12.6,18.3,46.9,37.2
14708,4059,118553,11.4,22.3,44.5,25.7
14709,372,118516,7.8,22.6,36.9,36.3
14710,4981,102972,14.3,15.5,35.5,37.2
14711,4054,133700,7.9,13.7,26.3,29.7
14712,4027,31747,7.2,13.6,37.8,23.7
14713,552,43583,4.7,13.9,40.8,26.6
14714,1275,110452,3.8,23.9,38.3,28.7
14715,513,54047,7.2,8.0,27.2,30.1
14716,1650,60497,4.1,8.0,45.9,21.1
14717,4626,99323,8.6,12.7,36.1,19.4
14718,2046,33038,13.3,21.0,22.9,28.7
14719,291,28910,8.7,22.0,24.4,23.8
14720,140,126800,8.8,21.5,45.8,33.9
14721,1959,69079,6.0,16.6,29.2,26.0
14722,1432,65270,5.0,22.2,36.8,20.9
14723,3549,61568,5.7,8.9,34.0,24.5
14724,235,33162,9.8,17.0,35.4,33.8
14725,4301,142324,10.1,11.6,41.2,15.6
14726,4714,101798,5.6,10.5,42.9,33.4
14727,2041,57298,7.8,7.0,49.1,20.4
14728,1665,60591,9.8,12.3,41.1,29.3
14729,4321,124796,12.1,5.7,29.4,24.2
14730,488,55270,6.8,12.0,39.5,31.1
14731,1658,110236,6.3,14.5,37.5,17.3
14732,2221,146463,11.8,12.2,36.1,15.5
14733,1128,78054,9.2,20.4,20.3,33.6
14734,3634,133805,13.3,10.6,44.2,26.3
14735,181,128241,5.5,6.5,48.0,25.9
14736,875,48801,12.3,9.0,28.2,20.4
14737,3138,106392,4.9,21.4,22.0,35.2
14738,4473,103899,10.0,17.7,25.4,21.6
14739,2987,111504,6.4,16.5,49.9,34.9
14740,1978,102588,4.2,15.8,39.2,21.3
14741,2371,52789,10.4,20.0,31.2,24.8
14742,1707,38683,9.1,8.9,28.1,16.7
14743,3239,64162,8.8,9.2,49.6,26.9
14744,705,33172,10.1,7.6,25.6,33.1
14745,4835,64225,7.5,11.8,25.7,29.5
14746,3514,61064,11.0,10.5,33.0,33.6
14747,3765,112704,4.6,23.3,31.1,29.0
14748,2244,64991,11.6,5.2,25.0,37.4
14749,4370,40698,10.0,14.5,41.8,39.6
14750,3865,102320,8.8,19.6,49.4,33.7
14751,1476,56472,4.5,23.1,27.2,26.2
14752,3562,56726,6.3,24.3,38.1,26.9
14753,447,149403,6.5,6.4,27.0,31.2
14754,100,49548,5.8,8.9,34.7,20.2
14755,162,118667,14.5,25.0,44.1,22.9
14756,1883,102987,14.0,11.3,34.7,25.7
14757,3914,63328,9.6,6.1,44.9,19.4
14758,325,42358,5.5,23.7,37.2,16.0
14759,1142,31276,13.9,13.1,49.5,28.8
14760,944,31224,12.0,10.8,36.1,26.5
14761,2780,80645,3.5,8.0,42.1,35.7
14762,4219,75822,8.9,13.5,26.4,29.9
14763,1334,130422,10.3,12.4,26.7,35.2
14764,2084,98720,3.8,23.5,30.7,23.9
14765,4356,46555,3.6,9.2,26.6,31.1
14766,1378,80789,8.6,6.7,20.4,29.4
14767,1694,88689,3.0,10.5,26.5,36.2
14768,2651,62573,3.6,15.9,34.7,31.2
14769,2052,80913,5.0,11.6,40.1,15.8
14770,1795,86238,13.9,11.2,36.7,28.8
14771,1054,142491,12.2,13.0,25.7,31.1
14772,3391,51107,8.4,22.4,23.9,32.9
14773,456,45200,8.8,18.3,44.8,32.0
14774,3695,40308,11.2,15.5,43.3,38.4
14775,1068,95669,8.7,13.1,27.3,26.2
14776,341,104232,3.8,6.4,35.6,15.7
14777,3546,104584,11.9,22.7,40.2,16.5
14778,4334,90234,3.7,7.6,40.8,21.0
14779,2244,40560,8.8,8.7,33.7,15.8
14780,246,35404,13.3,14.0,34.4,21.1
14781,642,37848,4.4,7.8,34.5,17.2
14782,791,143767,11.5,17.8,37.0,20.5
14783,1125,147763,3.6,14.9,34.0,17.6
14784,4150,122412,14.9,15.0,34.5,16.6
14785,4105,99309,11.2,24.3,44.6,16.5
14786,3459,106779,14.6,18.5,26.2,26.6
14787,3051,96798,11.0,19.6,33.9,21.5
14788,829,98354,5.9,17.2,40.7,39.5
14789,4599,41114,14.1,10.2,36.5,17.2
14790,2655,105564,10.5,6.3,28.9,17.1
14791,1250,110477,9.9,16.2,23.0,32.6
14792,1835,147038,8.1,13.9,40.0,24.1
14793,1138,85873,6.4,7.5,41.3,16.7
14794,3012,125686,9.4,22.2,21.9,31.2
14795,4940,112601,7.4,14.9,41.7,30.1
14796,2640,85028,13.2,14.1,44.7,29.0
14797,4514,107150,3.3,13.3,46.9,28.1
14798,1342,129758,9.4,19.8,49.6,27.5
14799,872,43267,13.0,6.0,37.7,31.6
14800,2016,86442,3.3,9.3,49.5,23.3
14801,3512,100639,6.4,23.0,36.5,26.8
14802,2599,96567,3.6,5.8,40.2,24.4
14803,3540,83028,10.1,17.2,40.6,24.2
14804,3645,94712,6.8,9.8,42.1,24.5
14805,1313,35147,14.5,15.8,43.1,15.3
14806,3031,149178,10.4,15.6,36.9,16.4
14807,518,127787,9.7,18.1,43.1,26.0
14808,3881,79074,14.0,8.4,27.6,15.9
14809,888,59136,5.7,17.8,35.5,38.4
14810,1971,92802,9.7,20.6,25.3,37.6
14811,4690,42035,9.5,8.5,32.8,26.7
14812,2125,125414,4.0,20.8,31.7,21.5
14813,2546,39775,14.2,7.4,20.8,35.2
14814,4923,60866,11.4,10.3,28.4,32.5
14815,660,27755,13.7,12.2,41.1,36.5
14816,2751,65316,14.8,11.2,33.6,37.0
14817,4004,86079,8.8,19.7,47.7,29.3
14818,639,110968,12.6,10.4,32.2,37.9
14819,4855,120995,9.9,20.0,33.8,30.9
14820,3236,104095,14.7,6.1,43.3,20.6
14821,3389,42561,6.0,11.4,22.6,21.5
14822,2710,105917,3.2,23.3,47.7,24.2
14823,2044,65517,5.2,12.7,34.8,37.3
14824,3245,50618,4.5,14.4,42.1,39.7
14825,2858,43940,8.2,20.1,41.2,28.1
14826,3360,36876,3.9,6.1,29.2,16.5
14827,4207,72777,5.6,19.0,50.0,15.4
14828,1995,80946,4.2,6.3,21.2,37.0
14829,2600,36127,8.8,16.1,47.9,21.1
14830,2929,67583,6.2,17.2,22.9,38.1
14831,3973,32596,8.7,7.9,29.3,16.1
14832,147,43468,4.1,22.0,47.0,16.4
14833,2464,43855,9.2,16.4,26.4,31.2
14834,2356,111698,4.6,8.1,21.9,33.0
14835,4772,55467,4.2,22.2,41.7,21.2
14836,853,109305,6.7,21.5,28.6,33.4
14837,2902,33157,13.5,18.4,32.0,20.0
14838,4749,132790,12.5,13.1,33.4,20.4
14839,3752,135564,14.5,14.9,40.3,23.3
14840,502,25918,8.5,19.1,42.0,15.0
14841,2186,105638,6.7,11.0,30.0,24.1
14842,2327,29747,14.7,16.9,47.1,30.6
14843,3510,120811,7.6,17.4,26.4,39.9
14844,3090,67563,3.1,9.4,42.8,26.1
14845,4743,118107,12.8,7.6,41.7,18.5
14846,1249,90192,5.0,8.3,35.7,37.7
14847,162,145424,11.6,5.4,49.1,31.7
14848,3253,46965,3.2,20.0,34.0,29.7
14849,1108,85730,4.3,21.2,45.8,17.2
14850,2131,75233,8.8,21.0,21.9,17.6
14851,1422,99103,3.8,23.6,32.0,38.7
14852,2181,131170,13.7,6.7,26.4,32.0
14853,851,49007,12.0,23.6,45.7,36.0
14854,4244,97086,6.9,15.0,32.8,17.0
14855,757,132904,10.2,12.9,35.8,38.7
14856,1760,109023,11.6,7.8,40.0,30.1
14857,800,56194,12.1,14.7,32.2,32.7
14858,1180,112555,7.7,18.6,30.8,25.7
14859,2256,47300,13.8,6.8,30.1,16.7
14860,1640,49592,14.3,24.6,43.1,32.7
14861,3132,123736,5.3,23.3,49.6,29.1
14862,2083,78202,13.9,22.7,29.8,20.1
14863,414,58004,11.6,13.2,40.2,25.3
14864,3181,90842,13.7,22.1,46.3,34.9
14865,4833,80033,8.1,7.5,49.5,33.5
14866,2414,103256,10.9,23.2,37.3,37.3
14867,2235,123327,5.8,22.1,25.5,20.6
14868,1749,79571,12.0,16.7,36.3,29.8
14869,3319,88091,10.0,18.2,39.7,39.9
14870,3900,134805,8.8,12.0,34.4,26.3
14871,2578,132509,11.3,24.0,29.2,17.8
14872,4167,74832,9.6,6.3,29.4,25.4
14873,1875,149728,12.2,22.8,44.0,37.1
14874,2066,59283,13.3,10.2,49.0,25.3
14875,1867,42335,12.6,21.1,40.7,24.7
14876,3915,30407,6.7,6.0,33.7,15.4
14877,341,25414,14.7,9.9,29.6,28.4
14878,4897,128152,10.8,9.0,24.9,39.9
14879,3049,116535,6.9,24.6,29.0,20.8
14880,4936,144199,3.5,9.2,20.5,33.9
14881,4976,95507,14.9,12.4,30.1,18.8
14882,2356,40145,10.2,11.0,25.4,24.0
14883,4211,29985,5.7,24.7,20.8,29.6
14884,3468,114889,8.9,17.3,23.6,20.5
14885,466,32650,7.8,12.2,47.0,24.0
14886,2927,112290,14.4,23.2,28.2,37.2
14887,1352,103500,8.9,19.1,36.1,17.0
14888,2587,68407,8.8,19.1,27.5,37.1
14889,4885,56572,12.5,14.7,39.6,22.1
14890,3703,84532,7.7,15.0,24.8,17.4
14891,3621,113441,5.4,19.6,33.5,27.0
14892,4617,118303,12.2,5.2,26.7,21.9
14893,1743,112377,13.9,13.7,36.3,39.2
14894,1312,107369,3.5,24.6,23.0,21.4
14895,4803,134431,13.3,18.1,37.6,36.7
14896,119,130632,8.3,12.6,41.9,39.3
14897,775,52752,6.5,8.4,33.5,24.1
14898,4577,103673,3.5,12.2,48.5,24.2
14899,708,147971,5.5,14.6,26.4,37.1
14900,161,48012,7.0,17.6,23.0,26.9
14901,1365,147274,3.8,24.7,22.6,32.7
14902,2385,37708,5.3,14.9,30.0,26.6
14903,1254,40051,11.8,12.3,24.4,24.8
14904,1728,52175,11.2,10.1,20.3,38.2
14905,1726,44335,12.2,20.3,26.9,26.0
14906,3816,142813,5.0,14.3,27.1,29.0
14907,1542,80896,3.5,19.5,23.8,34.1
14908,1753,135214,8.6,10.7,31.6,31.8
14909,2602,26537,7.1,12.4,48.8,39.1
14910,3369,126472,12.3,24.1,47.5,33.5
14911,381,30687,9.5,9.7,20.6,34.1
14912,1124,41352,14.2,11.4,44.6,24.9
14913,4918,141583,3.7,15.2,26.7,25.4
14914,3503,65571,7.4,15.5,36.1,17.0
14915,1335,66144,7.9,6.3,34.0,33.3
14916,4282,124760,4.5,24.4,49.5,15.8
14917,4860,124798,10.0,11.1,38.1,18.6
14918,885,95596,3.5,6.1,38.9,35.1
14919,3417,83492,11.6,10.1,48.0,19.7
14920,1767,118517,3.4,13.0,24.8,20.5
14921,3108,34479,13.5,9.6,34.8,36.2
14922,3294,120059,3.8,8.1,23.7,24.6
14923,4889,51814,8.5,15.1,23.3,26.2
14924,3875,35065,4.9,20.9,41.4,28.5
14925,2546,125054,4.6,19.1,38.0,20.6
14926,3890,50820,11.7,13.5,23.4,34.0
14927,633,35438,12.3,7.5,35.6,32.2
14928,501,47871,11.9,24.1,48.4,33.5
14929,3763,74325,7.8,11.7,24.2,22.3
14930,229,127616,14.9,7.1,25.0,19.3
14931,2439,44661,7.1,11.7,40.1,37.2
14932,4471,108941,5.9,18.9,26.8,23.8
14933,3059,79850,15.0,10.0,42.7,16.9
14934,1958,26396,14.7,8.7,47.6,28.0
14935,3073,25173,10.1,10.3,20.2,36.0
14936,4250,145909,5.5,16.0,29.6,22.1
14937,3749,69354,5.9,22.5,37.5,16.4
14938,2886,40913,9.3,7.6,35.4,37.3
14939,3197,84967,12.3,7.9,36.4,22.8
14940,3612,114471,3.9,13.6,40.7,30.5
14941,4960,101616,11.3,7.5,44.2,19.4
14942,1320,138076,4.2,24.6,28.4,29.0
14943,741,125550,13.1,22.6,42.5,26.5
14944,3414,146433,9.4,6.3,22.3,39.3
14945,823,109998,14.9,23.1,41.1,19.6
14946,4997,87726,12.0,10.7,45.0,30.7
14947,837,142739,9.0,11.5,48.0,35.6
14948,4953,78881,4.7,11.8,39.3,17.8
14949,1399,125003,9.5,6.4,29.5,29.8
14950,3580,105499,4.4,20.6,39.6,32.1
14951,439,80820,13.9,8.7,25.3,35.2
14952,252,148842,5.8,9.2,40.9,27.7
14953,1521,44475,13.4,20.4,46.3,26.3
14954,3151,110704,6.6,6.2,48.6,32.4
14955,526,92380,5.7,11.7,25.5,37.6
14956,3658,64165,6.7,16.2,38.5,24.7
14957,1235,136189,11.5,7.3,49.4,26.0
14958,2472,142939,9.3,13.5,38.8,22.6
14959,3429,139412,4.3,12.1,48.3,31.0
14960,1049,130824,4.6,11.4,33.2,17.3
14961,1473,34942,7.5,10.4,43.7,22.9
14962,1056,58660,7.1,11.8,22.5,21.9
14963,1801,33406,13.2,12.8,26.3,29.3
14964,3041,110349,9.9,7.6,23.5,29.2
14965,2582,38171,5.2,9.2,21.7,25.1
14966,1403,113665,3.3,23.2,33.3,29.6
14967,470,120839,4.2,23.9,45.6,18.8
14968,3080,110564,11.4,24.9,28.4,18.8
14969,2396,117727,13.2,14.6,27.1,29.0
14970,4898,112259,12.4,7.7,42.8,32.4
14971,2225,107525,12.5,18.7,27.9,29.8
14972,3066,82895,6.1,23.7,38.3,21.4
14973,4245,137976,14.9,5.6,24.8,17.5
14974,2842,78566,4.0,5.4,32.1,38.2
14975,4121,41312,12.9,17.3,36.4,26.1
14976,2464,123039,4.2,5.8,49.9,17.2
14977,862,76665,6.2,12.8,45.7,33.3
14978,4162,54400,8.9,12.5,20.4,15.5
14979,1104,130347,3.6,7.0,39.1,32.9
14980,3855,42561,7.7,19.9,39.3,17.3
14981,2946,70406,7.2,7.2,36.5,32.7
14982,449,112101,10.8,10.5,20.8,37.5
14983,3064,108403,11.6,19.5,28.4,28.6
14984,786,54621,4.1,17.4,26.1,16.1
14985,4737,77463,3.5,14.5,21.1,25.5
14986,3226,111205,12.3,6.0,46.6,18.5
14987,4556,114233,9.3,20.3,37.6,25.0
14988,2855,34737,9.4,21.5,27.8,26.8
14989,3624,57035,14.8,7.0,46.5,17.2
14990,3724,137257,8.3,24.7,45.5,29.9
14991,2832,138723,5.4,11.9,26.9,16.3
14992,1793,100224,11.2,13.5,27.0,33.5
14993,2992,37974,12.8,13.3,25.4,31.8
14994,3911,49648,9.0,17.7,25.7,23.5
14995,4280,63126,11.3,16.5,42.0,16.9
14996,784,113479,9.2,16.2,27.2,35.2
14997,4440,53612,7.9,20.6,44.9,32.7
14998,3019,133722,3.4,23.6,49.0,23.9
14999,3856,140778,5.1,21.4,21.7,22.4
15000,3383,67576,8.8,19.4,35.9,25.3
15001,4791,39583,7.8,6.0,21.1,39.2
15002,4126,46186,13.1,10.0,29.9,24.1
15003,1256,50563,4.3,7.1,48.1,20.2
15004,3161,51691,3.6,22.1,31.0,34.2
15005,4545,89337,4.0,18.0,40.7,32.6
15006,2429,92127,11.1,5.7,36.1,18.9
15007,1392,105994,10.1,19.5,37.6,35.5
15008,1984,30901,10.6,11.7,49.8,29.7
15009,1660,131383,4.9,15.9,44.6,22.5
15010,1083,132083,9.2,16.6,47.6,23.7
15011,2167,34034,12.2,8.2,40.0,35.1
15012,1963,61417,11.2,13.0,32.1,23.1
15013,2079,118728,8.3,13.5,31.4,32.3
15014,1836,105652,4.2,17.3,49.1,15.4
15015,2552,42949,13.4,22.8,28.9,22.0
15016,2018,143297,9.3,17.3,25.6,21.3
15017,800,60697,13.7,18.7,23.9,36.9
15018,4146,58489,8.3,18.3,36.3,38.9
15019,2173,26804,5.8,6.7,41.2,37.0
15020,4761,103147,6.7,11.0,34.7,20.8
15021,3853,85538,8.0,13.0,47.1,22.7
15022,494,89544,10.4,13.9,42.1,35.1
15023,2056,91190,12.2,21.8,25.2,15.4
15024,3148,98872,5.9,15.5,48.6,39.3
15025,3552,72877,5.3,21.3,39.6,36.2
15026,622,147372,5.4,23.1,25.2,16.6
15027,1662,67656,14.2,18.9,33.2,24.9
15028,3009,47837,5.0,7.3,33.8,32.1
15029,2949,78391,7.1,9.0,38.9,17.0
15030,649,38229,8.8,21.6,48.6,31.9
15031,1568,52287,9.7,16.3,31.7,31.8
15032,932,42276,13.3,15.3,37.6,28.9
15033,4582,117676,4.4,24.4,31.7,24.8
15034,1521,29290,4.3,12.4,47.1,17.8
15035,385,118666,6.8,5.8,48.7,19.6
15036,2845,75812,8.0,10.1,42.2,35.4
15037,3865,53122,7.5,10.7,27.8,37.4
15038,4564,137203,7.7,15.2,38.6,30.3
15039,1545,62681,13.2,5.1,27.6,21.1
15040,1566,48720,13.0,24.8,37.2,28.3
15041,1876,134272,12.7,6.2,31.7,20.2
15042,3755,97886,12.1,9.6,42.9,23.6
15043,1014,78072,3.5,18.4,46.9,30.7
15044,387,132632,4.8,24.6,20.4,23.7
15045,4290,140987,11.8,15.2,47.4,38.9
15046,2188,27523,10.1,11.8,27.8,39.2
15047,4526,124964,11.1,8.2,41.7,19.4
15048,1904,149194,11.6,23.1,26.7,26.0
15049,1278,148313,13.9,6.0,30.3,31.2
15050,2651,32630,10.6,6.4,38.4,34.3
15051,4470,29512,6.3,6.3,24.7,28.8
15052,1688,59626,4.0,14.3,27.0,21.7
15053,2056,50286,8.2,23.6,34.4,39.2
15054,1875,33329,11.5,16.1,23.6,32.0
15055,4962,36752,6.4,12.1,24.0,20.2
15056,1087,141441,4.4,9.8,40.1,33.0
15057,1303,101584,15.0,15.3,50.0,32.1
15058,3430,65103,8.0,13.8,49.6,17.8
15059,1219,145965,5.6,6.9,35.0,24.4
15060,296,140872,5.0,5.1,42.8,39.7
15061,4075,81079,13.4,16.9,38.7,30.5
15062,625,89279,12.8,22.2,20.2,37.7
15063,4827,104607,10.4,17.2,47.1,26.7
15064,1510,107653,9.6,11.5,43.5,26.0
15065,4603,76003,14.4,8.1,26.9,22.7
15066,1392,31520,5.7,19.8,49.1,27.7
15067,1294,83697,8.0,19.0,31.4,18.2
15068,2048,131890,3.3,21.9,31.7,30.2
15069,3755,95827,8.0,24.7,40.0,35.7
15070,4886,109437,7.6,7.2,39.6,32.7
15071,2317,40106,14.4,10.3,40.2,24.8
15072,4354,147277,7.3,11.9,20.7,28.5
15073,3680,61095,13.0,15.8,30.0,34.0
15074,1117,57423,12.2,6.1,20.4,19.5
15075,3253,96660,4.8,10.5,30.2,20.6
15076,3690,103967,14.6,20.9,45.2,39.5
15077,4307,76218,10.6,6.0,27.9,15.6
15078,4169,70863,10.2,21.4,25.3,15.9
15079,147,139484,3.1,8.7,47.7,32.0
15080,3763,123550,11.4,11.1,26.8,26.3
15081,4571,112244,3.7,19.4,34.3,19.4
15082,927,98123,5.2,20.3,30.1,15.4
15083,4822,93674,4.2,9.2,22.6,35.2
15084,2189,140029,7.5,13.1,26.8,39.4
15085,2156,121600,12.5,9.8,38.8,31.9
15086,918,71995,11.5,15.3,22.5,35.5
15087,4852,118880,4.3,18.0,21.2,20.6
15088,4084,27434,12.6,10.4,24.8,38.9
15089,3780,140029,8.5,14.2,28.7,27.6
15090,1911,41491,3.4,15.7,41.4,20.4
15091,4985,130124,5.7,13.4,34.6,28.9
15092,3214,144416,12.4,15.3,34.9,20.1
15093,1729,46477,11.8,7.9,31.2,38.3
15094,1643,79673,5.3,5.8,43.6,26.7
15095,3679,71381,3.5,6.3,21.3,21.1
15096,2004,84140,6.5,24.5,37.6,29.9
15097,1536,128530,12.5,6.5,48.8,21.7
15098,3417,98338,14.3,12.7,37.1,37.7
15099,3620,37872,9.9,20.8,42.1,24.8
15100,3159,101252,4.1,22.0,24.4,18.7
15101,4216,76536,9.0,10.4,37.2,37.2
15102,1098,53107,15.0,17.8,29.4,24.0
15103,1531,35552,14.3,19.5,41.2,31.1
15104,4652,38465,14.9,23.3,25.4,36.4
15105,3161,30920,11.4,22.8,37.3,27.6
15106,364,66568,8.1,13.7,35.4,38.2
15107,3831,80075,13.7,15.8,41.9,33.8
15108,2374,30468,13.7,21.0,40.1,24.4
15109,3975,105661,4.7,17.0,42.3,18.1
15110,3417,104613,12.3,12.1,47.7,36.1
15111,2146,52217,14.0,24.0,37.2,31.6
15112,3244,65464,13.8,25.0,32.0,32.6
15113,3321,68307,11.5,23.7,35.0,19.3
15114,3240,93275,9.4,11.9,40.8,15.9
15115,1353,78975,12.3,9.8,27.1,21.0
15116,822,104381,9.2,14.9,25.7,39.6
15117,183,95596,6.9,20.7,22.7,26.8
15118,4935,81192,6.1,10.4,32.0,31.6
15119,3470,82554,9.5,13.1,22.3,18.2
15120,3919,115397,8.5,8.0,23.4,31.6
15121,3464,35662,9.3,19.0,46.4,36.8
15122,1857,145526,6.1,19.7,38.0,31.6
15123,4418,99221,10.1,14.9,48.6,23.6
15124,2880,42401,10.9,19.7,31.0,22.6
15125,3387,28490,12.7,17.9,30.8,17.4
15126,2552,142572,10.1,23.6,45.7,39.1
15127,428,93350,12.1,16.7,37.3,22.0
15128,525,67949,5.0,12.1,37.0,15.7
15129,869,137984,4.5,19.6,36.8,39.5
15130,4075,148402,5.2,6.1,44.3,37.1
15131,707,128218,13.2,14.5,40.2,34.9
15132,1952,101094,9.7,24.3,25.7,25.5
15133,2772,104189,8.5,19.1,41.1,28.9
15134,2224,134946,12.1,25.0,36.3,35.7
15135,1400,51232,4.5,12.9,23.5,33.3
15136,565,147603,3.1,12.9,29.5,16.4
15137,2064,77216,6.7,6.2,42.9,32.7
15138,2045,117854,6.0,12.2,47.9,29.3
15139,2639,140277,6.7,7.8,34.2,19.4
15140,2460,66594,14.7,12.9,41.4,28.9
15141,2139,119152,9.8,5.0,21.5,29.5
15142,1284,115319,10.1,13.8,35.4,17.5
15143,4034,43617,10.9,23.8,35.2,28.5
15144,3317,50552,7.8,20.2,49.9,17.0
15145,2882,51640,14.7,9.8,49.9,17.0
15146,877,42697,14.7,10.4,34.2,31.9
15147,3479,115089,12.2,11.2,24.8,36.2
15148,2518,37541,5.5,6.9,35.3,26.0
15149,4177,42354,13.6,24.8,40.4,25.3
15150,4362,62474,4.2,18.4,42.2,26.5
15151,2539,129893,10.6,19.8,25.5,29.5
15152,4931,74057,8.5,18.9,42.6,37.8
15153,2089,122251,3.5,14.3,48.6,25.5
15154,1166,67439,13.8,21.3,25.2,37.2
15155,1044,34362,14.5,9.8,34.3,16.7
15156,128,38171,13.9,12.8,45.9,16.0
15157,1997,93721,5.3,11.5,29.1,26.1
15158,1797,97800,7.0,24.1,22.0,31.7
15159,2914,139045,14.5,5.8,49.2,35.4
15160,3465,50975,4.3,6.5,41.6,19.1
15161,2588,146814,10.0,24.1,24.5,31.3
15162,1765,86945,8.8,18.8,33.7,36.2
15163,4719,142063,4.8,17.7,37.6,27.5
15164,1670,78596,13.6,21.4,47.6,16.1
15165,1833,106065,4.6,23.3,28.7,32.7
15166,859,64218,10.1,22.9,44.6,37.4
15167,2257,41582,6.8,22.8,20.0,23.9
15168,1451,126552,8.0,21.8,46.3,32.4
15169,3576,26147,5.5,7.4,42.8,16.2
15170,1368,79428,10.5,17.7,48.3,28.9
15171,1885,130054,14.9,14.8,31.9,20.3
15172,4049,122565,13.0,20.6,49.0,30.5
15173,2707,95242,11.2,24.1,43.9,19.9
15174,498,120128,12.1,12.3,24.3,21.3
15175,2730,121110,13.1,20.1,26.9,20.3
15176,2546,29035,8.7,9.2,44.1,29.2
15177,1769,74008,9.8,13.4,33.8,16.0
15178,338,51858,13.7,19.5,42.8,33.6
15179,3636,100453,11.4,6.7,33.7,29.3
15180,3961,50893,4.6,22.2,38.7,29.0
15181,3203,119992,12.4,23.3,30.1,38.0
15182,1246,122097,3.3,22.4,34.2,20.8
15183,1657,94504,13.2,5.0,45.4,32.7
15184,3838,101817,12.5,21.1,35.0,32.1
15185,2257,62822,13.0,22.9,40.6,27.8
15186,3551,71253,3.3,24.7,26.2,15.3
15187,399,141114,14.7,5.7,40.6,23.8
15188,3798,52004,10.4,16.3,23.1,15.9
15189,4153,141529,12.6,22.6,38.3,16.2
15190,4959,114207,9.8,19.6,36.3,31.3
15191,348,62631,7.1,22.1,32.6,21.6
15192,2668,39431,6.6,19.0,44.8,18.3
15193,4229,135389,3.8,5.5,37.4,29.6
15194,4423,31174,9.5,22.6,27.6,36.4
15195,4780,109064,4.7,17.4,35.3,25.4
15196,2960,51069,9.8,9.9,43.9,29.3
15197,823,124008,10.5,18.6,45.8,31.3
15198,669,100496,8.3,15.3,29.3,18.1
15199,319,124373,4.9,19.3,22.4,33.7
15200,1494,135370,8.2,14.5,27.6,29.7
15201,2934,51859,13.5,7.0,46.7,39.6
15202,2222,65496,8.5,23.2,39.9,17.0
15203,4331,113400,7.1,18.7,48.9,38.6
15204,4100,146505,10.6,19.3,21.2,23.6
15205,4449,96964,10.4,20.4,30.5,26.7
15206,3189,145965,4.1,15.2,32.3,19.6
15207,149,99496,5.8,19.3,30.0,39.7
15208,614,72798,8.9,9.2,27.6,21.6
15209,2891,72642,7.4,14.4,33.7,20.1
15210,2878,69683,6.8,18.8,40.3,15.3
15211,2718,33451,8.3,21.1,25.5,33.1
15212,1937,113566,6.5,24.4,43.7,15.5
15213,4771,130039,7.2,22.2,26.4,20.0
15214,1265,87643,12.3,5.8,49.1,16.2
15215,2349,77095,9.1,8.5,43.4,27.7
15216,514,73394,13.5,18.6,29.7,31.5
15217,2368,116699,14.4,6.6,37.6,32.9
15218,1204,122277,14.1,24.9,31.5,24.5
15219,4958,115195,6.0,14.4,49.9,18.5
15220,4758,111425,8.7,18.7,34.3,28.5
15221,3456,30275,9.4,6.0,40.4,15.5
15222,2516,143249,13.2,13.6,39.1,23.7
15223,2034,47855,9.7,9.8,29.0,37.9
15224,303,137577,6.0,7.1,31.5,35.0
15225,168,133135,9.6,18.5,35.1,24.5
15226,615,109313,3.5,24.5,27.4,31.1
15227,3663,47624,13.0,11.1,26.0,24.6
15228,4556,142372,9.8,23.6,49.0,31.2
15229,1564,43614,10.8,5.1,28.5,37.5
15230,1752,134894,5.4,18.3,30.3,31.3
15231,806,85981,9.7,15.6,44.6,25.1
15232,1725,83157,9.4,12.4,43.5,16.0
15233,4852,45131,10.4,13.4,24.7,21.2
15234,3885,91431,13.2,17.0,24.8,23.9
15235,1445,66620,12.2,16.2,25.1,32.4
15236,443,144728,9.6,15.2,37.0,22.1
15237,3886,36041,13.7,24.7,44.7,36.3
15238,635,101153,7.3,20.4,42.1,36.7
15239,454,91646,8.9,8.6,31.6,28.8
15240,3642,143433,10.8,23.3,37.5,34.5
15241,1082,64591,8.3,14.8,41.1,29.7
15242,1445,99886,7.3,5.3,20.3,29.9
15243,3109,92673,4.3,20.7,44.7,29.2
15244,626,56207,10.6,12.1,43.5,30.6
15245,1030,38107,5.3,25.0,42.2,25.8
15246,2856,26840,4.7,15.9,48.9,30.4
15247,2382,141598,5.2,10.4,20.2,22.9
15248,2046,53240,11.3,20.0,44.7,32.9
15249,4027,134406,4.7,10.6,34.1,25.8
15250,2641,58510,14.7,5.5,42.8,29.7
15251,2016,28160,12.1,6.9,20.9,36.6
15252,3460,141004,7.7,18.1,21.8,16.4
15253,1693,62309,10.1,9.3,23.8,39.3
15254,3025,81718,3.1,9.8,25.6,37.4
15255,3725,65449,13.1,8.0,24.2,27.8
15256,1323,87858,6.3,10.1,30.2,31.9
15257,2059,48391,3.9,20.2,29.3,27.5
15258,1065,110725,12.1,15.3,26.5,34.7
15259,3778,116152,7.0,9.3,24.6,18.7
15260,4412,39295,9.8,10.0,40.2,23.0
15261,722,131412,13.1,12.6,34.3,32.4
15262,4548,141419,12.3,24.9,48.6,34.0
15263,4887,133151,7.0,8.5,44.7,35.4
15264,4826,81561,13.4,21.1,42.6,23.2
15265,2472,72036,7.7,22.3,22.6,28.0
15266,3048,138325,9.0,24.1,47.3,20.9
15267,3399,108487,10.3,17.1,49.2,29.6
15268,1268,108730,3.9,7.0,22.2,33.2
15269,4849,65642,10.2,5.5,45.1,15.2
15270,491,128427,9.9,13.9,32.6,15.1
15271,3909,84672,13.5,12.0,29.6,25.5
15272,2507,134512,7.2,22.2,40.3,25.4
15273,4964,105404,5.9,16.9,29.5,29.0
15274,4992,116606,8.7,21.9,23.3,24.9
15275,4360,40597,11.2,16.4,40.9,32.2
15276,4928,50180,9.7,9.5,39.7,22.8
15277,680,131973,4.7,9.0,43.7,19.7
15278,920,88576,7.2,12.9,36.8,34.4
15279,1347,114200,3.8,5.6,43.9,21.3
15280,223,129156,11.9,14.9,20.2,31.3
15281,4539,62473,13.6,10.5,43.1,16.6
15282,1974,25141,3.5,5.9,33.1,34.7
15283,623,138301,9.3,14.5,37.2,20.9
15284,3223,29655,9.8,17.8,46.7,24.9
15285,4324,76250,8.3,7.0,43.3,31.8
15286,3298,121463,9.0,17.2,39.5,17.9
15287,2885,134066,11.5,23.9,24.4,20.2
15288,2218,87971,8.8,12.5,27.6,24.8
15289,1310,119138,14.0,24.6,30.4,22.6
15290,1126,63157,9.5,20.6,48.0,23.1
15291,4217,140974,3.9,5.2,43.2,15.6
15292,4361,50785,14.4,23.9,35.0,28.4
15293,597,124111,4.8,15.2,42.8,19.5
15294,4629,32388,12.4,17.0,27.9,39.5
15295,2905,117240,9.3,17.2,24.5,18.4
15296,1793,77957,11.9,12.8,37.6,38.6
15297,4858,127808,9.2,13.9,32.7,34.1
15298,824,58741,3.7,15.4,33.8,22.6
15299,475,126242,7.5,24.3,25.1,29.6
15300,4498,121937,10.4,9.4,30.9,28.7
15301,2552,25085,10.5,23.3,49.2,15.2
15302,3959,114643,14.7,24.5,22.4,34.3
15303,1786,67756,10.3,13.5,49.5,36.6
15304,4903,104975,6.4,9.9,38.2,38.4
15305,356,149187,3.5,14.2,32.4,16.8
15306,4594,115571,12.5,7.0,20.1,30.4
15307,3700,105611,13.7,21.4,33.1,36.9
15308,150,55395,10.4,11.3,33.5,26.6
15309,694,109428,8.8,11.1,27.1,17.7
15310,4831,75296,13.3,18.5,45.7,20.0
15311,3973,147516,5.9,16.2,31.3,34.3
15312,3536,106247,7.8,16.7,23.3,22.5
15313,1172,119000,9.1,14.7,45.3,37.7
15314,1576,88927,3.6,14.0,39.7,16.1
15315,4970,78816,11.3,11.3,21.6,27.7
15316,3120,134756,5.3,10.7,22.2,36.7
15317,1764,72972,7.0,24.9,49.2,39.6
15318,4592,78797,8.0,13.1,46.0,21.3
15319,2830,112752,10.7,15.1,46.5,36.7
15320,1495,88716,3.8,12.9,22.9,17.9
15321,3997,149289,7.1,19.5,23.7,22.1
15322,4724,103978,6.3,8.5,49.6,33.7
15323,4880,62034,3.0,6.0,49.7,34.7
15324,4145,67313,11.3,24.5,34.0,38.0
15325,2760,78282,5.8,15.7,41.9,19.0
15326,2333,83568,5.0,16.0,42.1,39.6
15327,3422,124495,12.6,14.3,49.7,29.6
15328,4297,74135,3.5,6.0,43.4,18.5
15329,4318,51108,13.8,18.5,29.6,28.6
15330,2201,117028,11.2,16.3,39.7,36.9
15331,1406,40870,5.1,7.9,34.5,22.7
15332,1737,85661,7.2,15.5,33.3,24.3
15333,1240,99975,14.4,9.7,34.2,17.4
15334,715,88828,10.4,17.8,47.0,21.6
15335,4752,30921,10.3,18.4,30.2,29.5
15336,4309,119744,10.8,10.9,39.8,32.4
15337,1666,141713,8.6,6.9,49.2,31.6
15338,1076,44895,5.0,21.0,29.9,19.9
15339,4896,54215,4.8,17.7,40.9,17.7
15340,1416,129045,11.2,17.1,24.2,39.1
15341,2439,57356,13.6,17.0,45.7,19.5
15342,4456,38461,6.6,19.4,45.0,32.9
15343,2196,131328,9.0,9.6,26.3,19.9
15344,478,49256,14.9,13.1,23.0,20.8
15345,3565,143380,6.1,9.4,23.8,17.8
15346,2371,47883,7.7,6.4,46.9,38.0
15347,1146,73916,7.4,23.1,34.5,37.6
15348,1107,136336,3.4,5.9,42.5,18.5
15349,209,55671,9.1,5.9,34.6,32.0
15350,2871,65927,5.5,11.4,46.2,30.3
15351,3983,136611,4.5,11.4,34.0,20.6
15352,2700,127932,11.5,5.8,46.0,22.2
15353,3343,64284,12.2,20.3,28.1,28.3
15354,1105,94019,13.7,7.3,21.9,26.1
15355,4893,35130,14.2,6.8,28.6,24.0
15356,405,140703,13.4,6.7,38.5,25.5
15357,1058,96693,4.5,17.9,45.9,30.0
15358,1053,64126,5.7,8.4,28.1,15.1
15359,2768,142271,4.5,16.6,22.3,33.1
15360,3638,95675,7.2,9.0,33.0,21.6
15361,2777,42311,4.5,21.7,47.9,38.1
15362,1730,133007,10.8,8.7,33.0,37.8
15363,1891,75889,11.6,13.6,29.6,16.8
15364,2703,129883,4.9,16.0,40.8,25.8
15365,2071,38632,10.5,22.6,32.5,26.1
15366,166,28038,3.3,9.3,41.0,27.6
15367,934,32219,8.2,17.4,23.6,17.0
15368,305,97036,6.4,5.6,33.7,28.0
15369,2933,43105,15.0,20.5,22.4,28.0
15370,4350,142454,14.1,15.5,40.9,35.2
15371,1814,54278,4.8,23.9,42.8,36.2
15372,1632,52995,14.0,20.5,24.2,17.4
15373,3245,27825,8.0,13.0,21.9,28.1
15374,3220,48054,9.9,13.3,32.2,20.9
15375,807,68694,9.4,5.1,45.0,23.3
15376,278,66178,11.7,21.8,26.9,31.1
15377,212,132017,7.0,21.1,37.3,18.3
15378,856,41788,3.8,16.4,25.6,37.2
15379,996,144826,8.0,12.5,39.6,38.2
15380,2968,148459,9.5,21.1,25.8,21.2
15381,258,38077,9.7,17.2,30.8,21.7
15382,885,84198,12.5,8.8,41.7,19.3
15383,1903,56013,3.5,9.8,39.3,25.2
15384,1939,96694,14.9,17.1,33.1,17.2
15385,3268,111341,14.9,18.6,30.6,17.6
15386,2398,77849,4.2,7.3,46.7,21.1
15387,4178,62834,7.1,21.8,24.4,22.1
15388,1642,100563,10.1,15.1,34.3,39.1
15389,4308,57925,7.5,9.0,34.9,15.7
15390,4454,142863,8.9,16.3,30.0,32.8
15391,2254,47295,6.9,22.5,45.9,40.0
15392,674,133117,11.5,6.1,20.3,29.5
15393,3138,53253,7.4,9.4,45.2,27.0
15394,1481,130347,8.2,16.3,27.4,37.9
15395,1322,98457,9.9,5.0,20.5,27.9
15396,2574,71853,14.6,8.6,35.5,20.3
15397,1601,42189,10.7,9.7,28.1,27.1
15398,958,116417,4.2,22.7,33.4,22.4
15399,3674,68154,6.8,15.5,29.4,37.1
15400,3829,148393,8.0,17.6,29.2,25.0
15401,3065,130539,11.9,5.1,42.4,15.1
15402,3291,107423,8.4,12.7,44.4,37.3
15403,1696,146924,10.9,13.9,42.0,15.7
15404,1661,114646,13.1,21.8,35.9,30.1
15405,2622,145674,4.3,8.9,38.8,15.8
15406,2699,30183,12.2,6.3,49.2,35.0
15407,2491,44023,11.9,21.5,28.7,28.7
15408,2775,33957,12.8,9.2,22.7,19.2
15409,2283,41620,14.5,18.8,42.1,26.5
15410,376,29491,6.7,6.8,29.9,36.7
15411,3982,133500,8.1,18.5,30.3,27.2
15412,3704,63728,6.2,13.5,48.2,24.6
15413,2178,89650,6.9,23.6,28.2,39.5
15414,4442,59567,7.0,9.0,20.7,30.5
15415,4606,28387,13.4,6.3,22.5,22.8
15416,4177,41025,3.8,15.7,43.5,28.5
15417,4268,143687,5.4,23.4,44.8,33.5
15418,1220,26446,10.3,9.1,33.4,36.5
15419,4868,123435,12.2,21.7,26.5,35.1
15420,2623,129673,11.4,11.8,42.6,18.7
15421,3470,128896,3.6,7.0,24.5,28.9
15422,4482,51610,8.4,16.8,24.0,28.3
15423,2008,61981,5.2,15.4,22.5,17.4
15424,3620,54309,14.9,21.8,22.3,21.1
15425,4407,84388,15.0,7.1,33.7,15.6
15426,4596,123166,3.6,17.9,26.4,30.5
15427,4850,145747,11.0,17.4,28.0,22.8
15428,3205,55434,12.8,24.9,36.1,22.3
15429,597,135930,6.9,11.6,33.5,15.7
15430,3687,59226,11.3,5.9,28.5,31.2
15431,4293,95834,5.3,13.2,49.1,24.3
15432,2513,43406,4.5,14.3,24.3,37.9
15433,3900,59716,14.1,12.4,38.5,36.1
15434,562,47989,10.7,17.6,47.4,19.0
15435,2860,67580,12.8,10.3,21.1,30.2
15436,3557,70731,9.4,8.7,39.1,29.9
15437,372,102541,4.9,14.1,45.5,23.5
15438,1250,31861,7.5,19.5,21.3,18.4
15439,3489,65039,13.6,22.8,41.5,25.6
15440,118,35353,3.2,18.3,43.5,28.1
15441,1716,131171,5.5,12.5,22.0,30.0
15442,3278,40630,6.0,19.9,21.4,18.0
15443,4181,89050,6.2,8.8,34.5,29.1
15444,511,84101,4.2,20.0,41.3,38.8
15445,841,95254,13.2,14.6,31.9,20.0
15446,2771,127454,4.9,10.4,44.7,27.9
15447,2879,41907,13.0,18.8,44.9,38.5
15448,2724,125785,7.3,13.3,24.8,36.9
15449,614,29484,8.5,17.4,22.1,24.0
15450,306,48194,8.6,18.3,29.3,17.5
15451,1047,48886,11.6,12.9,25.8,16.0
15452,2541,33537,11.8,24.7,44.0,38.7
15453,1928,125616,10.7,14.1,36.0,20.7
15454,3698,48399,12.3,24.7,39.8,21.4
15455,2267,114191,3.1,9.7,42.7,18.5
15456,1756,116810,9.1,8.3,46.0,39.5
15457,701,123444,9.3,17.6,37.3,33.7
15458,811,31892,5.9,15.9,38.0,31.9
15459,1303,65544,9.7,15.8,40.3,35.9
15460,1491,132617,8.6,24.9,38.7,31.1
15461,2796,44267,8.7,5.0,46.9,26.7
15462,3372,65396,4.4,14.1,22.3,21.3
15463,3231,136561,8.2,11.1,28.7,32.9
15464,3830,138204,12.2,13.6,20.8,38.1
15465,2766,56340,7.9,23.8,46.1,17.7
15466,649,148914,8.8,21.2,34.8,15.1
15467,4841,122672,14.6,9.0,44.8,21.7
15468,4082,130765,13.5,19.1,37.6,20.8
15469,1344,132478,14.1,16.6,23.4,19.2
15470,3986,68404,3.9,13.2,22.3,21.4
15471,4112,61228,10.4,11.8,21.2,16.1
15472,2649,76736,5.7,17.0,28.5,36.3
15473,3304,144421,7.9,14.4,47.7,30.8
15474,945,117425,11.2,16.0,42.5,24.8
15475,4645,99884,9.9,20.5,29.3,29.6
15476,143,40637,9.1,24.3,30.7,15.3
15477,758,149457,12.8,13.2,37.3,15.4
15478,4923,101760,11.2,13.5,46.3,21.1
15479,4030,71180,12.9,21.8,42.9,38.1
15480,2967,80699,14.2,7.6,46.5,33.8
15481,3747,91843,11.5,21.0,20.5,33.8
15482,2882,106172,7.7,12.8,49.3,25.7
15483,1791,102962,5.6,13.3,27.3,37.2
15484,2325,40580,6.3,10.9,29.8,24.8
15485,3166,135660,7.8,7.5,39.3,33.0
15486,2047,93388,11.9,19.9,44.6,30.3
15487,1465,76376,3.5,23.0,30.2,31.6
15488,3230,61212,12.8,15.0,40.8,23.8
15489,4633,90220,12.1,8.8,47.7,25.3
15490,4621,136136,9.0,11.2,36.2,21.5
15491,1067,72404,7.8,6.7,36.6,26.5
15492,1504,75403,4.4,21.6,41.1,15.3
15493,585,51247,6.5,15.4,23.8,37.4
15494,1855,108315,4.3,24.6,41.4,39.6
15495,3730,116126,12.8,20.4,24.8,19.7
15496,3068,95277,9.1,19.5,48.8,23.9
15497,1679,72502,6.0,13.8,25.4,19.0
15498,2895,134710,3.2,12.0,33.7,26.0
15499,150,107676,9.3,10.5,43.8,26.4
15500,1759,51607,12.0,24.8,29.5,34.1
15501,4400,146992,12.2,9.6,35.7,28.1
15502,2887,109540,5.6,7.9,22.0,26.5
15503,4728,88543,14.9,14.4,42.1,27.8
15504,2255,137260,9.8,15.4,23.2,26.4
15505,4446,142117,7.0,8.5,41.9,16.0
15506,4330,72001,7.7,12.0,23.6,28.3
15507,3261,103294,4.5,10.9,24.0,36.4
15508,1714,67191,8.9,19.8,41.8,39.7
15509,2836,81957,12.0,14.8,29.8,29.4
15510,506,127328,7.9,20.5,28.8,26.6
15511,3479,105614,13.4,6.8,28.7,25.0
15512,4297,57802,8.7,11.3,37.6,16.6
15513,1484,130737,13.8,11.0,35.2,18.9
15514,3795,71031,11.4,14.2,22.4,32.7
15515,4599,106940,3.7,13.1,39.5,38.1
15516,3002,136755,3.8,10.2,42.6,18.0
15517,1729,142000,12.6,21.4,24.7,38.7
15518,3362,69431,7.3,23.1,26.9,26.1
15519,1126,140144,5.3,20.5,43.8,22.5
15520,3089,48671,13.4,19.0,34.2,18.8
15521,2324,65668,14.8,16.8,29.8,34.3
15522,3020,52573,12.7,11.7,29.8,22.5
15523,4415,127782,11.7,23.4,49.1,27.3
15524,4368,68542,3.0,18.0,32.4,34.5
15525,2883,91598,4.3,22.8,41.8,36.5
15526,1513,90258,11.1,14.1,27.1,15.8
15527,4697,147608,7.9,13.2,34.2,19.9
15528,3748,130431,3.2,6.5,47.7,26.3
15529,2908,130493,11.9,11.7,22.1,16.2
15530,3431,34782,8.0,12.7,22.7,21.8
15531,2278,65862,10.9,14.9,40.0,23.6
15532,897,116977,8.6,14.5,21.7,18.0
15533,2946,66006,3.3,23.4,33.7,39.4
15534,1029,144529,10.6,15.1,33.5,19.2
15535,4918,144322,12.5,21.9,27.0,17.2
15536,3191,120615,4.9,7.6,37.2,18.1
15537,2362,130953,13.7,16.4,38.5,29.0
15538,1433,112087,5.2,15.8,22.6,30.0
15539,1374,29774,8.1,8.1,39.7,27.7
15540,4683,95615,9.3,9.9,45.9,39.5
15541,3580,55715,6.8,15.0,31.9,25.1
15542,3442,37180,9.0,15.4,20.3,22.8
15543,1317,81400,11.6,23.0,35.3,27.5
15544,1564,124957,11.6,8.3,20.6,39.3
15545,4508,106964,14.1,11.1,47.2,15.6
15546,4274,127674,13.3,9.8,33.4,15.4
15547,4870,45148,14.8,20.7,20.5,19.5
15548,113,77184,10.1,9.3,34.3,20.5
15549,2393,69342,7.8,23.0,37.3,17.0
15550,2145,78479,5.9,23.6,47.2,15.7
15551,1137,57853,5.9,7.2,26.8,33.5
15552,4228,101904,4.8,9.3,37.2,36.0
15553,1559,39066,11.7,12.7,36.0,15.2
15554,356,135768,10.9,22.3,23.2,18.6
15555,4229,120977,6.5,7.4,48.9,15.4
15556,4173,141301,13.7,11.9,29.2,25.2
15557,1383,146469,9.6,19.0,41.7,26.9
15558,3587,106084,3.8,19.5,43.6,39.4
15559,2284,64995,3.7,12.1,40.7,33.8
15560,458,61059,4.7,24.3,23.5,20.0
15561,3891,33779,5.5,12.0,31.3,33.2
15562,4949,66562,13.6,17.3,44.9,19.8
15563,3287,89627,12.3,17.3,44.7,19.0
15564,4599,106687,5.4,21.0,27.3,35.9
15565,1325,89981,6.0,12.1,36.1,26.4
15566,2397,73294,10.6,13.2,44.6,26.1
15567,377,146469,13.5,13.4,38.4,21.1
15568,4307,110436,6.8,6.2,26.4,28.7
15569,2086,108176,9.3,19.7,44.0,23.7
15570,3644,35353,13.7,20.4,44.9,29.5
15571,2893,137123,12.2,21.4,47.6,22.0
15572,491,138251,13.7,19.3,45.1,16.9
15573,1068,121406,6.3,16.9,39.0,30.1
15574,2290,37871,11.3,16.3,34.0,32.3
15575,2328,109955,4.4,17.9,49.9,32.4
15576,2726,68377,10.4,5.2,49.4,23.0
15577,2945,98052,6.6,14.0,34.4,16.2
15578,4464,46670,11.4,5.8,42.7,15.8
15579,3407,35311,4.7,14.8,30.1,18.6
15580,2700,29955,11.0,8.0,25.8,31.4
15581,2780,68360,11.5,5.2,47.3,24.0
15582,4470,38322,13.3,19.6,21.3,33.9
15583,4938,148689,11.2,19.1,42.3,27.3
15584,185,134284,9.3,12.7,45.3,26.6
15585,3234,123941,12.4,6.3,41.7,34.7
15586,4599,25152,6.4,24.5,46.5,27.8
15587,2339,38473,11.1,8.0,28.2,20.9
15588,3464,96445,11.7,14.8,43.6,25.3
15589,2145,52009,7.7,10.4,41.4,17.2
15590,1154,142426,14.9,7.6,49.6,32.6
15591,3501,106039,7.3,15.3,47.4,30.3
15592,3829,90674,4.0,8.9,21.9,29.4
15593,2769,39541,6.6,12.2,23.9,27.2
15594,375,96775,4.2,17.1,50.0,23.7
15595,4846,140413,7.1,12.7,38.4,19.6
15596,4190,145388,4.5,15.4,22.8,23.1
15597,1205,136971,8.3,9.6,29.9,32.8
15598,4781,102270,12.3,18.9,31.5,29.2
15599,3032,76517,3.8,17.7,22.2,36.4
15600,228,105383,9.8,18.9,38.6,34.9
15601,4451,25018,3.5,11.8,48.4,25.0
15602,4426,67396,13.6,23.8,41.1,20.2
15603,3668,76113,14.1,17.5,45.8,15.5
15604,2502,101182,8.9,7.5,47.7,31.7
15605,1747,141539,12.2,24.5,49.4,18.0
15606,3656,64880,10.1,16.4,44.3,39.2
15607,3991,112441,7.1,19.0,35.5,32.5
15608,2293,83206,5.9,12.4,22.1,29.0
15609,2147,41484,12.1,13.8,21.6,15.1
15610,3204,115704,8.2,19.6,42.9,25.3
15611,4455,64606,14.0,22.3,27.6,29.7
15612,2234,72121,14.7,24.2,32.2,33.3
15613,942,87618,5.5,24.8,44.1,27.2
15614,2071,39464,9.7,16.9,38.5,18.1
15615,4460,97671,9.4,6.7,44.0,26.5
15616,4003,96565,13.4,16.6,36.6,16.3
15617,3713,87778,11.3,9.1,26.1,21.6
15618,491,103189,10.3,18.0,43.4,34.4
15619,2379,27509,11.1,11.7,41.2,16.7
15620,1000,71240,7.7,15.4,35.2,29.0
15621,4783,26955,14.5,18.2,36.7,30.9
15622,2594,100382,3.7,23.2,21.7,37.3
15623,1252,32078,3.3,20.9,41.3,35.1
15624,1394,130847,8.0,5.4,42.4,31.1
15625,565,78932,4.9,8.1,40.0,18.6
15626,2275,116800,9.5,22.4,33.4,26.3
15627,3345,107830,3.1,19.9,20.7,32.1
15628,587,96699,8.5,8.0,39.4,36.3
15629,3038,70601,6.5,16.8,42.7,30.6
15630,2726,49377,5.4,16.8,31.2,15.7
15631,1049,97251,8.3,20.5,32.3,32.3
15632,4601,113062,13.3,21.3,25.1,17.2
15633,1149,64373,10.9,18.5,39.3,27.5
15634,4175,140869,4.9,19.3,43.3,16.1
15635,4559,81683,9.0,18.3,38.0,35.3
15636,1490,122997,14.2,8.0,39.3,21.3
15637,1183,140292,8.3,18.7,46.2,17.8
15638,4746,80001,8.6,14.4,47.5,34.5
15639,1758,43754,14.3,24.6,40.3,20.1
15640,4487,121344,4.6,19.2,25.1,28.0
15641,1917,67970,11.8,12.5,23.5,25.0
15642,290,102863,6.6,23.2,45.1,20.7
15643,560,72055,13.4,9.6,39.5,20.9
15644,2621,38221,3.7,14.3,26.5,22.3
15645,3576,107122,14.9,6.3,26.3,26.3
15646,2805,106628,12.2,17.6,21.6,20.4
15647,4466,38870,6.4,16.2,35.2,18.7
15648,1257,123546,12.1,15.1,23.6,23.9
15649,4366,149409,14.1,9.1,31.6,37.6
15650,127,145919,4.4,14.9,26.0,27.4
15651,4331,28740,14.0,14.2,41.9,18.6
15652,3072,44105,7.3,5.4,20.2,16.8
15653,3124,145714,3.1,8.2,31.4,31.8
15654,1364,99387,4.3,23.0,21.3,23.1
15655,955,66672,13.6,20.8,21.5,32.3
15656,4125,135391,14.8,7.4,22.9,39.4
15657,1351,99902,13.7,24.5,28.2,27.5
15658,4704,128523,8.3,14.3,43.5,21.8
15659,3970,115358,14.5,20.0,36.4,32.3
15660,1426,107650,7.9,15.8,24.2,33.6
15661,1125,53519,4.4,20.3,31.7,37.3
15662,461,75712,7.1,18.2,47.4,33.3
15663,1318,83328,15.0,6.3,32.6,16.3
15664,705,33687,10.5,23.3,48.4,32.8
15665,1770,79560,7.1,20.4,47.6,20.9
15666,4911,113478,10.5,9.4,31.9,19.3
15667,2397,68622,8.1,9.5,39.5,19.0
15668,2294,84470,3.6,18.7,43.6,15.2
15669,4543,120616,5.4,19.0,25.4,18.7
15670,1377,89949,3.2,6.7,35.9,34.3
15671,498,93111,6.1,23.1,23.1,37.3
15672,2272,48892,11.9,19.9,35.1,22.9
15673,2910,26082,5.3,24.7,23.8,25.6
15674,2752,76905,9.3,13.7,43.2,16.1
15675,3039,120106,11.4,6.7,38.5,29.7
15676,921,142646,9.6,23.1,39.4,15.4
15677,1044,33735,3.2,21.3,27.4,26.7
15678,3578,36255,7.4,5.0,38.3,19.9
15679,2879,130137,8.3,15.6,42.5,28.1
15680,4529,35094,7.1,5.1,29.3,39.5
15681,4550,111234,9.6,12.0,48.4,20.3
15682,1296,85515,9.2,22.4,31.3,16.7
15683,1312,112010,5.2,18.5,30.8,23.1
15684,923,55651,12.0,22.0,31.6,16.3
15685,1996,59918,4.9,16.1,47.1,19.1
15686,4363,31103,8.5,20.5,29.2,16.1
15687,2515,107803,12.1,14.7,38.4,31.9
15688,635,142365,11.4,15.1,27.9,24.7
15689,3110,85146,8.2,17.0,43.3,27.9
15690,2727,79390,12.5,7.8,49.7,31.6
15691,3877,127279,11.6,17.9,49.2,18.9
15692,1049,74158,7.6,22.1,23.6,33.9
15693,3608,52011,13.7,8.2,44.3,25.4
15694,4402,114565,4.7,12.5,39.4,30.9
15695,643,83889,7.3,23.4,42.7,38.0
15696,4000,87267,11.4,11.2,31.5,17.0
15697,3853,128704,13.5,22.5,30.4,36.4
15698,4324,76241,6.9,17.8,33.0,29.5
15699,2182,29191,9.7,21.9,49.9,25.2
15700,2966,30623,3.1,7.9,24.9,32.8
15701,2346,27293,7.5,20.7,47.6,18.1
15702,1936,130695,7.0,5.6,36.1,31.3
15703,176,45593,13.1,12.9,39.8,21.9
15704,468,117703,3.9,10.6,22.6,19.3
15705,4721,127729,3.7,17.8,44.8,17.8
15706,448,102302,8.3,20.3,22.7,38.6
15707,4701,86384,7.9,11.9,40.5,29.3
15708,4838,60992,4.9,21.7,39.1,32.9
15709,4433,108160,6.2,16.0,49.7,34.7
15710,1555,40848,14.7,20.1,46.3,20.9
15711,2285,86173,9.2,19.5,31.5,18.1
15712,3911,137911,4.1,7.8,47.2,36.1
15713,3372,40759,3.6,19.6,22.4,22.7
15714,3782,32517,3.5,21.5,28.2,17.9
15715,1946,126797,7.7,5.7,47.9,28.7
15716,1954,55980,13.4,8.2,35.9,28.4
15717,3085,94126,13.0,15.4,29.1,33.4
15718,4550,115828,7.4,6.2,25.6,22.6
15719,2725,33455,12.3,12.3,32.3,39.6
15720,2994,31944,12.0,21.8,47.8,22.2
15721,658,123621,8.8,7.0,48.0,33.2
15722,2996,89627,7.9,7.8,38.6,33.9
15723,2017,89723,5.2,7.4,22.7,33.7
15724,1354,141895,6.3,15.9,32.9,23.9
15725,1781,52100,7.1,11.1,36.7,32.1
15726,1914,91176,12.8,21.3,42.2,17.1
15727,762,25858,9.6,16.6,47.4,36.6
15728,4216,62011,5.4,18.4,49.9,36.4
15729,3425,121054,4.1,11.2,32.3,15.1
15730,1341,132966,9.0,14.8,46.5,31.0
15731,3243,40437,11.0,12.4,44.8,20.5
15732,3137,50550,12.8,14.9,37.5,34.9
15733,261,50861,12.6,18.8,37.1,23.5
15734,4325,66011,12.9,14.0,49.4,26.8
15735,2050,53929,8.4,6.3,31.3,31.5
15736,4420,26019,13.4,12.4,33.1,18.5
15737,1881,49284,8.3,22.8,35.1,22.5
15738,4775,102350,5.0,21.5,41.5,38.4
15739,1577,135839,7.8,21.7,35.7,25.5
15740,3130,139680,7.1,8.6,38.0,32.7
15741,4086,100640,7.7,6.6,31.5,26.8
15742,206,99015,10.9,21.3,21.9,30.2
15743,2768,95909,10.9,18.3,38.2,35.6
15744,1264,57371,5.7,15.2,38.6,22.7
15745,1257,38234,6.8,18.7,29.2,27.4
15746,2346,88172,10.1,23.6,38.6,26.3
15747,766,31357,4.0,7.6,38.5,34.5
15748,2226,46595,11.3,8.4,30.8,25.6
15749,3041,70599,5.1,16.8,41.9,37.0
15750,611,32772,13.2,19.1,37.7,26.8
15751,349,105103,7.8,17.9,23.1,23.0
15752,988,78890,5.6,10.1,34.1,21.5
15753,1123,127205,11.0,17.4,46.3,30.3
15754,4794,147590,9.6,16.2,42.9,18.6
15755,4948,53684,5.1,5.5,24.2,17.4
15756,699,79085,12.9,17.4,48.6,31.8
15757,3122,84924,8.4,14.0,27.5,38.1
15758,2630,36708,4.8,22.1,30.4,25.2
15759,2983,32670,12.6,18.1,26.2,20.5
15760,2164,141237,4.6,15.9,41.9,28.1
15761,1858,139520,14.6,22.9,36.8,18.3
15762,3669,95470,8.3,18.3,37.2,30.4
15763,1342,27666,11.7,10.0,40.8,25.3
15764,4429,92989,8.4,14.4,37.7,34.8
15765,2395,141255,5.3,18.4,30.2,17.4
15766,2025,110672,12.1,21.4,47.7,21.6
15767,2162,66247,6.5,10.7,37.3,34.8
15768,3495,27473,11.2,19.5,41.9,36.7
15769,540,140123,6.1,18.7,24.6,35.7
15770,2843,50565,5.9,7.9,30.8,21.5
15771,106,47608,8.5,8.1,43.3,20.0
15772,1686,118671,12.8,15.0,30.1,23.3
15773,925,125709,10.4,13.2,41.8,37.2
15774,3924,121957,3.8,7.7,34.7,33.3
15775,1368,66214,11.8,6.8,43.9,26.3
15776,3536,55548,10.0,23.0,42.2,25.0
15777,3538,133505,10.5,8.8,27.6,32.7
15778,1410,59602,7.2,12.4,24.5,34.9
15779,4133,130346,9.7,14.3,31.1,25.6
15780,1727,119373,7.5,6.7,27.9,30.0
15781,1136,148344,4.0,7.8,30.6,31.8
15782,577,45735,13.1,15.5,22.0,23.8
15783,2778,41806,11.1,19.0,33.6,37.3
15784,814,86637,11.0,21.9,40.0,24.3
15785,1776,71292,5.3,22.3,30.4,19.6
15786,2262,54228,11.0,15.9,40.5,21.3
15787,608,129237,5.8,10.7,40.1,37.8
15788,481,72986,11.3,16.6,22.2,27.6
15789,1280,67855,7.0,17.5,44.4,23.2
15790,1945,121780,4.9,10.7,23.3,18.5
15791,4470,105947,13.9,18.3,35.2,17.2
15792,1818,50864,4.3,8.5,46.7,29.4
15793,1200,63840,12.1,10.9,47.5,28.3
15794,1960,50924,4.2,23.6,32.0,30.9
15795,2191,25554,11.2,15.2,20.0,18.2
15796,817,74158,4.3,8.0,37.1,32.9
15797,417,108685,9.1,18.4,49.9,18.4
15798,4729,92627,5.3,9.6,40.1,24.1
15799,1876,52749,13.4,5.7,26.3,24.0
15800,2384,128134,7.8,22.4,36.2,38.0
15801,1344,137195,3.2,13.7,36.7,23.2
15802,1433,75809,10.5,20.5,42.7,24.5
15803,3769,89076,8.3,22.1,45.4,25.7
15804,1300,99539,13.3,16.5,45.4,25.6
15805,1894,80246,8.2,6.9,45.9,35.4
15806,2801,32463,7.9,11.4,46.8,26.4
15807,1554,149108,8.4,10.1,31.2,17.6
15808,2033,76114,13.3,17.1,31.4,23.6
15809,846,140178,10.0,13.2,33.9,24.6
15810,940,99045,11.0,13.2,41.3,25.9
15811,2595,120402,11.6,18.1,20.7,35.9
15812,1188,103041,14.3,5.6,32.0,37.0
15813,892,49466,13.1,7.6,22.5,37.6
15814,1367,43932,14.1,22.8,39.6,16.4
15815,1650,116952,7.1,21.7,29.1,29.6
15816,2790,132712,5.6,23.8,21.9,16.7
15817,392,148212,5.4,9.2,23.3,36.2
15818,4122,140864,13.3,11.8,46.9,26.0
15819,1504,63867,13.0,7.2,45.5,36.5
15820,1748,43984,10.8,17.8,42.6,24.2
15821,2916,60862,3.8,20.6,28.4,34.3
15822,4010,139361,6.8,17.4,34.9,15.7
15823,3018,125567,11.8,16.9,48.2,20.8
15824,1497,124370,6.0,21.0,46.1,16.2
15825,1793,118544,10.5,6.8,40.9,33.7
15826,1137,79896,9.5,19.8,43.9,21.3
15827,3952,27790,6.2,22.9,20.6,22.3
15828,1662,130383,14.2,17.9,41.9,35.3
15829,1212,84805,6.1,18.7,34.4,32.1
15830,1391,69449,13.7,17.9,25.7,39.0
15831,1261,52245,9.5,21.5,48.8,34.4
15832,1129,108593,4.1,12.9,46.1,31.1
15833,4437,56336,13.0,22.2,45.3,16.5
15834,4357,76515,12.5,10.4,32.3,35.8
15835,2839,135464,13.0,7.3,26.7,25.5
15836,1078,143411,10.7,6.2,39.6,34.5
15837,617,61269,11.5,7.0,35.0,18.0
15838,882,60582,13.9,14.1,40.3,26.6
15839,2931,113562,4.5,16.9,32.4,36.2
15840,4280,123652,4.0,17.7,47.8,23.0
15841,237,125426,4.5,16.3,48.8,17.2
15842,853,88720,13.4,9.1,43.8,39.4
15843,3053,138552,9.8,22.3,29.0,26.4
15844,4908,72827,5.1,9.2,24.9,37.4
15845,2555,45517,4.7,21.5,33.2,28.7
15846,2934,72365,8.3,19.3,33.3,19.9
15847,679,118629,12.8,12.1,44.7,25.9
15848,3355,107131,12.7,13.4,20.6,36.3
15849,3366,94065,13.2,21.3,22.7,23.9
15850,4749,104497,12.2,24.7,30.1,31.5
15851,495,87430,3.7,9.9,23.6,32.8
15852,2037,147425,11.6,18.8,31.4,26.1
15853,2689,54456,9.2,6.5,26.4,31.3
15854,3134,53212,11.7,6.6,49.5,30.8
15855,269,129653,8.8,14.0,35.6,32.4
15856,2437,143788,8.8,5.4,38.9,24.0
15857,3339,90346,4.5,23.2,44.6,27.4
15858,3515,38930,13.9,12.7,35.4,25.4
15859,3668,132762,7.5,12.6,33.5,15.4
15860,3316,57915,10.0,11.5,37.6,26.8
15861,3584,90202,5.5,11.0,24.6,19.1
15862,4935,92245,7.4,6.9,44.4,39.2
15863,1941,109942,13.4,17.1,39.1,24.0
15864,3860,136938,5.5,10.1,48.0,25.3
15865,4652,56106,5.5,11.9,42.5,18.0
15866,3126,94526,6.1,11.7,28.7,35.5
15867,4065,53040,9.9,11.8,44.7,38.1
15868,1701,38962,9.2,22.6,22.9,27.1
15869,1246,98390,5.1,14.4,23.5,17.5
15870,4426,127140,11.3,15.2,47.0,15.9
15871,2784,104792,13.9,20.7,24.7,20.1
15872,211,147871,5.4,11.2,22.7,25.3
15873,692,85665,11.1,20.2,49.3,20.0
15874,2539,95059,10.0,8.6,32.4,17.3
15875,1338,123672,6.9,19.2,42.4,32.6
15876,2894,146832,10.4,7.9,42.4,29.3
15877,2514,86324,5.5,18.8,28.4,15.2
15878,2229,119855,13.0,14.4,23.0,27.9
15879,2953,141158,3.3,6.3,24.8,37.9
15880,2969,52669,9.8,17.0,32.0,36.0
15881,3698,27597,6.8,18.8,48.7,19.1
15882,3903,54210,13.6,9.0,31.5,19.1
15883,1626,85697,9.0,23.7,46.9,32.4
15884,2069,26302,12.6,9.5,44.2,28.7
15885,1051,87583,14.1,11.2,36.1,17.0
15886,1602,102052,7.0,19.7,23.3,25.3
15887,4567,125198,13.6,9.0,41.7,36.6
15888,3436,102790,11.7,23.4,40.8,34.1
15889,209,93060,4.3,17.8,33.9,32.8
15890,4086,75240,4.2,20.0,34.3,22.5
15891,2454,79857,12.8,7.4,21.3,32.1
15892,325,75478,8.6,21.4,30.9,32.3
15893,3111,32484,8.9,16.4,32.9,32.7
15894,4226,143957,13.7,20.4,25.3,16.2
15895,713,104747,13.8,6.4,26.1,33.6
15896,198,114502,4.4,17.2,28.1,22.2
15897,910,83627,7.5,18.8,35.3,37.8
15898,3437,28356,13.7,14.9,22.2,38.5
15899,2799,47600,12.8,21.7,34.7,21.9
15900,1119,124406,11.7,23.8,30.8,18.9
15901,3125,42451,4.2,9.5,35.5,32.3
15902,3628,124048,10.5,6.2,36.6,15.7
15903,3986,28074,10.0,20.5,44.9,35.7
15904,3079,76642,5.0,14.6,31.0,33.1
15905,3440,81696,12.3,6.2,44.9,23.1
15906,896,143452,6.7,6.8,22.7,26.5
15907,2057,55858,10.4,9.6,20.8,39.2
15908,3166,145709,7.3,5.1,25.5,38.4
15909,3120,60630,4.0,14.4,36.8,27.6
15910,2780,52654,9.3,12.4,43.6,35.9
15911,4541,83226,6.7,5.9,48.9,17.4
15912,4919,39189,3.9,9.8,28.1,19.4
15913,3048,80107,5.4,19.8,29.9,27.7
15914,3831,81020,10.4,21.1,27.6,31.2
15915,1201,27560,4.2,5.1,29.3,29.3
15916,1137,62559,4.0,7.1,31.8,19.0
15917,4331,127138,14.3,25.0,38.4,39.1
15918,891,142462,4.3,18.0,36.7,35.9
15919,4274,49652,7.5,18.7,21.7,29.3
15920,1878,77266,4.6,12.6,35.8,18.6
15921,4900,137539,14.3,15.1,43.2,38.4
15922,1081,89017,8.8,15.2,39.8,29.2
15923,1365,88318,4.3,12.0,39.6,21.9
15924,843,71299,12.2,18.8,22.8,26.5
15925,2531,145392,12.4,16.5,35.5,21.3
15926,474,91548,13.8,23.9,27.9,19.2
15927,1853,127589,11.5,5.1,43.1,30.9
15928,3997,132370,3.7,22.7,21.6,19.3
15929,2636,111277,9.6,24.0,38.3,21.1
15930,2091,61324,7.6,7.9,24.1,23.6
15931,3028,138280,12.0,9.4,35.4,37.2
15932,3546,27325,10.1,6.0,21.1,37.4
15933,691,81109,11.7,9.7,35.2,22.1
15934,4728,116837,5.2,17.8,39.7,21.0
15935,2669,122942,8.2,9.3,30.3,32.7
15936,2972,110908,8.2,22.0,48.3,29.1
15937,1276,43738,14.8,23.3,32.9,30.0
15938,1435,102695,3.2,5.6,29.1,39.2
15939,4793,101382,12.8,15.1,44.4,36.8
15940,212,80845,4.2,5.3,26.2,26.6
15941,3872,101955,4.0,17.4,44.0,33.4
15942,1945,70355,6.9,11.9,45.9,29.8
15943,2087,109314,11.4,21.9,28.1,38.4
15944,4929,63310,11.1,23.3,40.4,24.4
15945,2085,127825,10.5,15.0,33.4,31.4
15946,3392,41425,12.3,24.1,37.0,28.7
15947,3342,72419,5.8,22.3,37.5,32.0
15948,352,119845,10.6,6.9,26.0,16.2
15949,223,43232,10.7,12.1,45.7,28.7
15950,1336,100852,10.9,11.8,49.5,31.0
15951,723,94727,10.1,11.1,35.5,37.2
15952,3256,81582,5.7,20.9,23.9,35.3
15953,3236,77018,14.0,11.0,42.1,31.2
15954,3489,38024,14.7,12.6,24.9,35.0
15955,3517,116758,11.3,6.7,21.2,29.7
15956,1755,81045,8.3,15.4,34.1,30.2
15957,1366,82548,9.4,7.3,40.4,23.5
15958,3045,38599,4.3,22.4,34.9,27.7
15959,1260,93870,7.4,21.0,25.8,18.3
15960,2394,110579,14.7,11.0,34.4,27.5
15961,540,113999,9.6,5.1,25.0,24.0
15962,2192,140342,9.7,6.4,47.4,21.5
15963,2805,142050,14.4,9.4,33.0,34.1
15964,3859,100120,13.6,15.0,29.5,24.9
15965,653,118780,9.8,19.6,43.6,29.9
15966,1212,49459,6.2,7.0,36.4,22.8
15967,2877,46755,4.4,19.2,24.1,25.7
15968,1933,30452,13.4,15.9,23.3,20.5
15969,1414,46223,14.0,17.4,28.0,26.6
15970,3593,98129,8.9,23.6,42.9,31.5
15971,3238,105166,4.1,24.1,33.5,25.2
15972,3212,56361,10.3,19.7,25.6,26.4
15973,198,139972,7.4,18.9,21.2,25.4
15974,4025,132836,4.9,20.3,31.1,29.0
15975,1579,123815,14.0,18.5,27.1,23.9
15976,4496,134551,5.9,5.2,48.5,16.3
15977,1322,111044,11.5,24.9,26.0,34.1
15978,4683,102539,8.2,17.7,41.1,21.6
15979,1104,85709,12.9,14.8,26.9,30.3
15980,576,126382,11.4,14.1,21.9,36.2
15981,1235,127941,4.5,9.7,20.3,32.8
15982,2956,84606,8.4,14.5,28.0,23.0
15983,1805,137603,6.1,19.7,47.2,28.1
15984,617,37215,11.6,10.1,27.1,26.4
15985,1320,66174,9.5,21.9,36.6,18.5
15986,2606,54859,7.1,9.2,27.2,23.2
15987,4425,85585,7.0,22.2,41.4,25.0
15988,1291,68228,4.4,16.7,43.0,17.8
15989,3980,95655,5.6,21.8,26.3,19.0
15990,3343,143019,11.6,13.3,21.6,27.9
15991,2077,88187,10.3,11.4,23.9,37.5
15992,2342,60076,7.3,19.0,34.7,31.7
15993,3190,141525,13.0,12.3,32.1,30.6
15994,1987,147698,8.8,24.1,23.1,24.6
15995,4659,106537,12.5,19.8,23.5,26.5
15996,1073,95655,12.4,13.6,36.8,19.7
15997,165,47120,13.2,8.5,49.8,39.3
15998,3006,91101,13.2,16.1,47.8,34.0
15999,670,86035,11.1,16.9,46.6,16.5
16000,3992,65407,12.0,24.4,22.3,19.8
16001,407,37090,12.3,19.9,23.4,29.9
16002,3508,99528,5.0,10.1,41.3,39.3
16003,3842,75430,6.6,10.2,46.7,28.2
16004,882,149181,4.3,16.6,29.0,37.5
16005,4316,53206,5.3,7.4,34.9,24.5
16006,865,70701,12.3,18.9,31.7,22.0
16007,3575,48575,14.4,6.6,24.1,38.8
16008,872,95620,11.1,16.5,32.6,19.3
16009,3957,77656,13.6,24.6,32.7,33.4
16010,3285,132487,6.8,22.5,39.1,25.6
16011,639,54300,13.1,21.9,42.5,19.3
16012,2149,39062,7.1,20.0,43.6,24.8
16013,3383,68485,13.7,23.6,24.9,39.4
16014,4775,112533,12.6,23.6,38.4,20.5
16015,1763,35621,14.8,8.2,26.9,39.6
16016,1147,87258,12.9,9.6,43.2,36.9
16017,3936,47901,7.8,23.5,34.8,26.8
16018,3539,134096,4.3,10.5,30.7,30.0
16019,605,64673,13.5,12.6,46.2,18.3
16020,3347,38634,9.9,5.8,46.0,36.6
16021,3600,52736,13.3,23.0,47.8,21.1
16022,2010,133635,7.6,6.4,37.2,26.5
16023,832,90912,3.3,15.6,40.3,37.9
16024,3613,65910,3.6,9.4,32.9,18.7
16025,1671,75256,11.0,5.5,47.0,39.0
16026,4709,120873,4.4,10.8,34.6,27.4
16027,3042,80898,11.9,18.3,42.1,29.6
16028,4556,100875,8.0,6.8,45.3,37.8
16029,2421,83957,9.8,22.0,32.9,16.8
16030,3435,112594,12.6,18.8,45.2,31.0
16031,4722,63010,6.0,6.2,46.6,26.2
16032,4474,93383,8.0,13.1,20.3,18.0
16033,2853,36659,11.8,21.2,33.1,27.0
16034,1472,98750,14.0,23.6,48.7,18.3
16035,1544,142391,6.5,17.6,21.6,26.2
16036,3476,144553,10.5,18.6,33.2,15.1
16037,389,64430,14.4,22.5,44.4,36.9
16038,2165,77500,10.8,14.1,34.5,28.6
16039,163,135265,13.7,19.1,41.9,38.9
16040,4045,105990,14.3,16.6,45.8,25.4
16041,429,34110,14.2,18.9,26.1,38.2
16042,4958,100707,12.1,22.6,26.3,28.6
16043,2063,58144,9.6,20.8,42.4,15.2
16044,3188,105920,4.2,7.5,30.7,28.9
16045,2590,64202,5.7,23.6,29.0,24.5
16046,240,50826,6.1,6.0,38.4,37.9
16047,4639,67156,3.4,20.1,49.0,37.1
16048,2573,51246,4.2,10.7,25.5,31.1
16049,4003,49004,6.5,20.6,41.4,25.2
16050,549,106183,4.1,5.3,40.1,37.6
16051,1925,69100,5.0,9.4,42.7,18.8
16052,4546,36544,3.7,6.6,36.1,16.7
16053,4794,36102,8.0,20.0,43.2,29.3
16054,4906,90491,12.9,8.9,20.2,27.8
16055,969,47869,12.7,23.6,37.4,37.6
16056,3664,54541,13.9,13.2,24.0,20.6
16057,3759,124660,11.9,19.4,38.5,17.0
16058,3702,43150,5.9,21.5,42.5,32.1
16059,492,112425,11.4,24.1,33.2,17.2
16060,941,149245,12.0,14.2,40.3,25.7
16061,2548,35556,9.5,18.4,49.0,33.7
16062,2891,53552,12.7,12.3,48.6,37.5
16063,3053,128730,3.9,10.7,29.0,31.0
16064,1458,127145,10.1,18.7,26.1,16.2
16065,1090,77396,8.8,13.1,39.4,22.6
16066,1138,107463,12.7,16.4,34.5,16.8
16067,127,36463,4.5,9.0,22.9,15.2
16068,487,69623,5.6,19.3,23.1,39.9
16069,932,55560,9.7,24.4,29.1,18.3
16070,349,39410,14.4,15.8,50.0,31.4
16071,2127,112967,4.0,15.4,30.1,21.9
16072,1628,83119,11.9,22.1,22.6,32.6
16073,4293,41351,5.5,8.0,30.5,19.7
16074,1938,59388,4.3,12.9,26.5,22.0
16075,1460,127616,7.7,8.5,30.7,37.6
16076,3209,39968,10.0,15.9,35.3,35.1
16077,1423,99259,12.9,17.3,48.0,31.5
16078,2326,119656,10.6,23.3,20.9,26.6
16079,3780,65596,8.9,21.6,42.5,30.9
16080,991,138670,6.4,17.9,20.5,29.5
16081,1405,107808,6.5,20.5,23.1,19.7
16082,4648,84257,12.2,17.6,32.4,39.4
16083,4292,119168,4.4,16.4,45.5,21.9
16084,361,74544,4.8,6.0,37.1,16.2
16085,2440,67581,11.6,5.5,39.3,23.7
16086,1893,61225,14.5,22.0,21.4,28.7
16087,2396,147356,4.4,10.6,45.0,16.7
16088,2392,120378,10.3,12.0,29.9,29.7
16089,2270,27363,5.9,14.0,25.1,22.2
16090,424,121709,3.3,5.8,21.3,17.0
16091,1085,114274,13.0,24.2,45.9,26.8
16092,4882,149228,9.1,7.1,32.4,31.7
16093,3952,52436,3.3,24.4,42.8,31.2
16094,1839,58085,13.7,19.2,36.1,22.2
16095,1960,47921,9.4,23.9,37.2,23.6
16096,3237,103202,11.8,6.0,48.9,36.1
16097,3998,33896,8.1,13.9,40.0,18.6
16098,935,138433,5.2,24.1,37.8,35.3
16099,4254,38785,8.6,17.9,36.7,18.0
16100,2878,143459,6.5,15.9,36.1,20.6
16101,1496,83385,6.6,18.4,48.9,21.7
16102,1776,117986,10.7,8.7,30.3,32.3
16103,4431,111164,4.1,19.9,21.0,30.9
16104,4413,78805,7.8,10.5,23.2,22.5
16105,1937,138675,9.6,10.6,43.8,23.1
16106,3821,64653,11.5,16.9,47.7,17.1
16107,3772,68469,10.6,5.4,22.1,29.1
16108,3122,56903,13.6,6.1,22.8,24.5
16109,4784,94542,14.9,5.3,22.9,31.8
16110,1771,102538,14.2,20.3,25.4,39.4
16111,1016,118136,12.2,5.5,23.6,38.8
16112,1017,136286,11.2,6.9,31.1,19.6
16113,1233,72670,3.4,17.1,32.1,27.1
16114,1936,137905,9.4,14.5,35.7,24.6
16115,2238,111562,11.0,12.3,43.6,16.5
16116,4107,76279,8.0,12.1,37.5,26.4
16117,2005,144301,7.6,22.2,22.6,24.2
16118,4089,38950,9.5,6.6,44.2,16.8
16119,3585,54763,13.9,23.5,42.4,24.6
16120,4897,76901,6.1,9.7,43.0,15.7
16121,2220,82587,7.8,14.8,37.2,31.2
16122,2832,49584,10.8,24.1,32.6,38.7
16123,2869,73284,5.2,17.8,25.1,20.8
16124,1421,45038,13.0,10.0,48.4,27.9
16125,3816,72567,11.0,24.6,46.1,30.1
16126,3454,85037,7.2,21.3,27.5,21.0
16127,1628,67283,11.7,11.3,29.7,22.5
16128,4843,63207,6.4,17.0,21.9,22.1
16129,859,68256,12.3,16.1,42.4,32.1
16130,3512,74148,3.8,17.3,39.8,33.1
16131,1457,76522,8.1,7.4,43.6,30.1
16132,2290,60371,6.1,17.9,23.1,32.2
16133,3581,30747,12.8,9.3,23.3,39.8
16134,1048,126837,12.0,11.4,45.5,34.4
16135,2179,48949,13.1,15.9,40.6,32.8
16136,1866,131888,10.8,9.3,29.0,36.1
16137,127,75403,12.5,22.8,33.4,34.7
16138,2570,27966,8.3,13.4,32.6,30.6
16139,2638,119776,11.1,8.3,34.5,25.4
16140,259,69088,3.4,6.2,31.3,25.7
16141,2992,149046,13.6,20.6,48.7,30.9
16142,4213,121447,11.2,21.6,30.5,37.4
16143,3822,134062,13.4,6.6,31.7,29.7
16144,3831,98107,12.3,15.9,45.4,32.5
16145,2571,44391,6.4,18.1,20.3,29.6
16146,4950,81965,6.3,23.2,43.4,32.5
16147,1670,139610,12.6,6.0,27.0,36.3
16148,936,64974,5.2,12.0,37.6,39.5
16149,4038,131688,4.3,7.4,27.8,30.4
16150,2386,131822,3.2,13.6,46.2,32.7
16151,3505,121738,6.6,12.4,47.7,34.3
16152,2770,127424,4.2,16.9,25.5,33.3
16153,4212,45581,12.6,18.5,46.5,38.8
16154,4847,148542,8.8,24.3,24.0,34.5
16155,4455,70272,6.0,8.3,33.2,17.4
16156,1727,128141,10.2,21.0,20.5,15.6
16157,1966,29025,3.8,21.9,31.8,25.7
16158,304,62025,11.7,16.3,22.5,37.1
16159,3679,72390,9.0,20.8,39.7,15.4
16160,3274,144461,3.1,12.0,40.2,20.3
16161,891,132381,6.8,5.7,23.5,38.7
16162,4192,94489,12.0,8.0,44.0,25.8
16163,3847,43678,5.3,8.3,26.6,21.8
16164,1205,31317,14.5,22.5,29.0,32.1
16165,1190,61235,13.8,24.2,23.4,37.8
16166,1707,107952,12.3,13.1,45.1,32.4
16167,1939,87348,3.9,18.1,34.9,35.1
16168,3497,92007,7.2,11.1,45.6,16.1
16169,166,95649,6.6,13.9,32.8,37.1
16170,4879,56507,4.7,17.4,31.8,26.2
16171,1378,145378,15.0,22.1,33.8,32.0
16172,4258,146493,4.8,13.5,34.6,24.1
16173,913,87784,6.8,19.0,31.5,27.3
16174,502,78223,13.6,10.0,33.9,32.4
16175,2102,32739,4.7,11.6,34.4,17.4
16176,4266,91684,8.6,9.4,49.7,24.7
16177,3025,49616,14.7,22.3,38.9,38.3
16178,3093,113400,6.0,7.4,45.7,37.9
16179,1186,110676,11.4,20.4,34.7,18.2
16180,4440,90283,4.0,17.6,37.6,31.3
16181,2666,121581,10.2,18.0,21.0,25.9
16182,4588,135252,7.1,22.5,28.6,23.4
16183,871,40545,11.4,15.6,44.0,26.1
16184,3772,65176,8.2,6.5,30.1,36.0
16185,3348,36602,6.6,23.6,41.7,16.4
16186,1769,81413,9.6,11.7,20.9,29.7
16187,1656,101694,4.7,5.6,36.7,24.6
16188,3058,87526,12.8,15.7,49.7,33.9
16189,1251,103839,12.0,12.2,41.4,35.5
16190,1317,138372,9.5,23.2,41.0,23.9
16191,2331,48047,7.4,15.2,34.5,26.5
16192,4442,61564,14.0,6.1,28.5,25.3
16193,4044,93983,10.6,9.8,32.4,26.1
16194,2142,33276,6.4,9.5,35.4,35.9
16195,805,119414,12.7,20.3,41.4,27.2
16196,2769,102146,10.6,6.3,24.9,17.0
16197,2213,147520,4.5,11.5,31.1,36.1
16198,3077,37737,4.4,18.4,45.7,28.4
16199,4449,133659,14.3,17.3,20.3,18.1
16200,4478,29457,6.5,18.0,44.6,22.4
16201,522,79522,11.0,16.2,21.6,30.4
16202,2121,36151,3.4,8.5,43.3,31.9
16203,3893,100958,9.7,18.5,49.7,38.0
16204,4231,35915,5.8,24.0,42.4,33.9
16205,630,138991,4.7,5.8,36.0,25.4
16206,190,93175,12.3,12.2,23.9,34.4
16207,3472,50606,12.7,10.8,21.7,34.0
16208,2042,130991,11.6,8.0,32.1,36.2
16209,3905,38698,3.1,10.3,32.4,26.2
16210,1340,75082,6.4,5.5,27.0,26.7
16211,1858,38681,7.3,17.9,32.0,22.7
16212,197,88011,11.3,17.2,28.7,18.4
16213,1579,38050,12.1,15.1,21.7,20.9
16214,4726,117771,10.5,11.3,33.4,34.6
16215,1932,72182,12.5,24.5,34.5,21.6
16216,2685,141509,8.1,17.4,41.0,26.1
16217,3747,96438,9.5,22.7,36.5,16.1
16218,179,136836,3.8,11.1,47.1,27.5
16219,4809,112747,8.1,20.1,30.5,29.7
16220,2323,45193,8.2,5.1,26.7,18.6
16221,2669,120830,10.3,18.5,22.0,21.6
16222,1872,100321,7.5,20.0,31.6,18.4
16223,4618,104842,5.9,10.4,21.5,19.4
16224,1223,145219,5.9,25.0,34.5,39.5
16225,3911,122758,4.6,15.0,46.8,32.0
16226,3574,40017,11.4,12.4,36.1,27.9
16227,2723,99848,10.5,8.7,39.7,32.4
16228,1503,51257,10.0,8.1,46.4,30.7
16229,2678,26924,9.4,9.1,24.0,26.9
16230,431,27440,7.4,15.7,36.5,21.5
16231,4848,86907,12.2,15.7,30.8,25.0
16232,3708,113933,14.1,15.6,37.6,22.2
16233,839,61210,8.3,22.2,23.9,26.0
16234,4706,89904,7.9,5.0,30.8,25.9
16235,141,55737,5.0,10.3,41.2,39.5
16236,3978,108127,11.0,22.7,37.2,18.4
16237,2049,83510,9.7,7.0,42.3,34.2
16238,3560,96118,14.9,8.9,33.4,34.1
16239,2228,90018,10.0,11.5,25.1,28.3
16240,4597,131557,6.5,21.3,26.9,34.1
16241,2254,33354,9.8,16.7,43.1,32.8
16242,1337,95183,14.8,16.1,30.5,33.3
16243,1866,105050,11.7,23.5,32.2,29.9
16244,1941,147090,4.5,14.7,45.0,20.0
16245,605,74019,7.1,23.9,26.6,39.1
16246,1941,67043,6.6,7.7,44.4,31.2
16247,4915,38539,13.3,13.0,23.6,39.3
16248,1494,139926,10.3,21.4,24.4,16.5
16249,356,68575,12.7,8.0,30.7,27.4
16250,1820,35985,5.1,8.5,44.6,35.0
16251,1171,39419,13.9,12.6,41.7,26.5
16252,1722,127090,3.7,23.6,42.9,26.8
16253,2166,117152,7.5,8.6,25.6,16.3
16254,1169,101840,3.2,24.1,49.3,26.8
16255,550,131933,5.2,18.4,22.9,37.5
16256,997,115640,14.5,14.4,23.2,38.8
16257,4936,131600,3.9,5.4,30.8,24.0
16258,3828,72640,4.7,15.5,35.9,22.1
16259,181,70437,14.1,13.3,42.6,30.6
16260,836,65028,11.5,20.8,39.8,37.0
16261,4274,50814,7.9,16.2,46.6,39.8
16262,4044,53552,3.8,24.5,38.0,29.4
16263,2307,122975,12.4,7.2,22.2,37.2
16264,4048,100992,8.9,23.3,34.1,29.7
16265,2102,146320,6.9,12.6,43.1,21.3
16266,1791,115262,7.3,15.1,34.5,27.1
16267,1279,71453,9.1,22.1,23.8,36.9
16268,3035,125097,9.6,18.7,41.0,34.6
16269,2615,64724,12.8,23.9,41.9,36.6
16270,561,115742,12.3,24.7,42.8,31.4
16271,3001,73576,12.2,17.8,30.3,33.9
16272,216,136013,11.8,16.2,40.5,20.2
16273,1754,54317,12.1,10.1,42.1,26.0
16274,4661,35159,11.1,10.5,31.6,33.4
16275,1898,115027,13.4,10.1,32.5,21.0
16276,759,90742,9.7,20.7,34.8,38.0
16277,3337,60590,9.3,17.3,38.3,15.4
16278,2222,50409,11.4,19.7,29.1,21.0
16279,3919,135269,5.0,21.3,24.9,31.9
16280,3443,141188,12.3,22.9,27.4,23.1
16281,2650,117747,14.2,7.9,36.0,18.0
16282,4990,146395,6.6,22.5,42.4,17.6
16283,1686,45705,10.3,17.9,46.2,16.1
16284,4782,139269,3.4,23.4,46.9,24.9
16285,2847,148683,12.2,23.6,37.2,34.1
16286,734,104650,9.7,13.5,45.9,31.6
16287,2982,84201,11.1,19.3,27.8,24.3
16288,2911,80985,4.7,21.5,33.2,16.3
16289,4553,89898,12.7,10.1,26.6,22.3
16290,4115,113169,6.1,14.7,24.1,19.1
16291,2839,110067,11.2,10.2,40.0,21.6
16292,1984,62379,10.1,6.8,27.1,21.2
16293,1618,141534,10.8,19.0,37.0,37.6
16294,721,122203,3.6,16.4,22.2,21.8
16295,4677,103010,11.9,13.0,25.0,21.1
16296,1637,65902,12.5,9.3,29.2,33.4
16297,2437,72635,8.7,8.8,31.9,32.8
16298,2094,146106,7.9,10.6,27.6,28.7
16299,2170,28719,7.1,24.6,41.7,15.4
16300,2465,135530,14.1,24.3,21.9,26.4
16301,2945,113014,12.1,21.9,36.7,39.3
16302,3138,70703,11.4,6.4,20.8,28.3
16303,954,43449,14.1,21.6,47.2,15.3
16304,2828,111300,7.2,20.1,38.9,23.4
16305,1015,73429,10.6,23.8,40.5,35.7
16306,231,68939,11.2,14.3,41.0,34.9
16307,1216,38301,15.0,15.3,36.1,26.2
16308,3693,118064,8.1,16.4,23.4,35.2
16309,960,78897,7.8,15.9,32.6,31.0
16310,393,137359,4.0,11.3,42.5,37.3
16311,2788,89339,4.2,8.2,49.5,29.1
16312,1099,74089,9.1,19.2,29.2,39.1
16313,2396,49569,5.1,23.3,39.1,39.2
16314,3785,31400,3.9,18.3,49.5,28.0
16315,386,132738,14.6,21.6,37.2,30.0
16316,549,101419,14.4,15.4,44.1,23.2
16317,2438,51543,6.9,15.1,37.7,21.4
16318,3340,43788,12.5,24.7,33.0,22.8
16319,2803,139943,13.5,24.9,40.3,39.0
16320,3216,117767,8.6,17.2,45.9,33.8
16321,4671,120505,5.7,12.4,43.5,40.0
16322,352,129781,4.6,12.4,46.3,22.3
16323,1519,51412,4.7,18.4,48.5,30.1
16324,2436,65303,12.6,9.5,42.4,20.8
16325,1335,96676,7.6,24.6,45.1,38.5
16326,1099,47542,11.3,19.3,27.9,27.3
16327,3860,123482,9.5,8.2,24.7,18.1
16328,4216,81764,7.7,12.3,31.6,18.5
16329,4511,82091,4.5,9.5,29.3,27.0
16330,2711,145210,7.0,6.7,32.4,28.7
16331,1546,78335,13.1,17.9,24.2,32.2
16332,2270,129541,12.7,7.1,32.6,37.2
16333,3021,111860,3.3,12.9,44.6,24.3
16334,3783,36658,4.7,18.4,21.5,30.6
16335,2361,123331,12.1,8.2,27.6,26.6
16336,2045,72089,7.0,22.7,31.9,22.9
16337,1953,117856,10.7,8.7,37.4,17.7
16338,699,39410,9.8,17.2,33.1,25.8
16339,4987,131549,10.8,23.5,21.0,32.1
16340,4235,66280,3.6,6.9,39.1,17.2
16341,3503,126934,14.2,7.1,41.4,20.7
16342,3090,113823,3.3,7.5,23.4,36.6
16343,4843,52881,3.1,12.2,20.4,15.8
16344,4377,80925,5.7,18.4,36.6,29.4
16345,4460,121003,14.9,15.8,46.0,20.6
16346,2918,104077,3.9,11.0,42.5,33.1
16347,962,96457,13.5,17.4,35.1,35.0
16348,4627,86168,4.9,13.9,30.5,23.8
16349,4155,25331,4.3,12.1,20.8,27.6
16350,1319,125021,12.3,12.6,43.5,19.0
16351,3895,58084,13.2,12.2,26.8,33.5
16352,4704,113164,12.5,15.2,49.6,29.4
16353,4642,105119,5.9,12.6,22.2,18.2
16354,627,94087,13.6,11.4,46.7,18.8
16355,3022,63866,3.9,11.4,27.4,21.9
16356,3304,85252,7.1,9.4,47.0,26.3
16357,1262,126221,8.6,9.2,33.1,35.8
16358,4864,32792,3.8,10.7,26.9,18.2
16359,3664,53892,10.0,24.4,23.2,37.4
16360,946,50938,9.7,9.1,23.8,36.6
16361,2217,131643,14.9,13.9,48.3,22.5
16362,3186,105884,10.5,23.2,28.5,38.8
16363,1870,71978,7.8,5.2,49.2,25.1
16364,3383,114383,12.5,17.1,45.0,26.4
16365,1925,67692,7.0,22.4,42.2,26.4
16366,3423,98110,9.4,8.4,41.5,25.6
16367,545,125932,3.7,21.3,46.7,17.9
16368,1125,45957,6.9,17.9,26.8,23.5
16369,1871,39111,9.3,21.4,47.1,30.6
16370,1459,56767,11.4,6.4,33.5,31.2
16371,118,114968,4.2,6.4,42.6,22.7
16372,660,102746,12.6,7.9,43.7,21.9
16373,571,72986,13.8,24.6,45.1,22.6
16374,127,26209,6.4,22.6,33.5,26.3
16375,659,41553,12.2,16.4,27.6,27.9
16376,2755,133063,5.2,15.6,46.0,35.8
16377,3336,121693,9.3,10.1,21.9,30.5
16378,4653,56736,12.6,9.2,37.3,15.8
16379,1044,111316,7.6,9.7,43.0,23.8
16380,4048,40023,3.3,19.6,46.3,31.0
16381,3756,44819,9.5,17.7,23.6,37.3
16382,3163,92413,13.1,15.0,34.0,22.5
16383,2079,45436,4.3,21.7,40.8,39.5
16384,2816,126339,3.4,6.2,47.2,15.6
16385,915,93784,12.7,5.7,38.9,17.0
16386,2426,78025,6.2,21.4,27.2,26.6
16387,2430,100919,7.4,13.3,24.1,26.5
16388,1102,33714,4.0,18.3,32.3,19.6
16389,1642,61320,4.2,13.1,25.1,31.0
16390,4304,57235,10.4,13.8,41.1,36.4
16391,1329,112525,9.6,5.5,35.8,37.1
16392,3405,93242,6.5,15.6,27.3,37.9
16393,2629,106755,8.4,5.7,38.6,32.6
16394,1530,57668,7.7,12.0,22.8,30.3
16395,4012,93068,11.3,7.7,38.9,15.3
16396,1632,74973,13.3,9.4,40.0,18.3
16397,1992,61276,12.2,23.1,20.5,29.2
16398,3224,74346,3.1,24.4,40.1,17.8
16399,1521,41849,4.2,5.7,29.7,26.7
16400,490,60793,8.2,23.3,21.4,16.8
16401,2918,82297,13.2,22.0,32.8,21.6
16402,1969,73287,5.8,15.3,30.8,34.6
16403,3060,27537,13.5,14.7,41.1,20.3
16404,1295,57867,4.3,12.7,40.8,28.3
16405,2705,33307,3.9,18.1,33.0,33.7
16406,957,54051,14.0,8.6,39.7,21.9
16407,3327,79866,4.9,6.5,45.7,21.3
16408,1616,52447,8.6,24.6,21.7,28.6
16409,1253,35302,6.9,21.4,24.5,17.2
16410,942,96811,4.8,12.6,34.0,32.1
16411,1782,132767,10.6,6.3,45.2,18.6
16412,394,105266,14.6,24.1,35.2,16.2
16413,744,109610,10.9,6.0,25.5,25.0
16414,3733,124738,7.2,5.1,48.4,23.3
16415,2235,92438,11.5,10.8,26.7,35.0
16416,210,60791,4.7,19.9,44.8,21.8
16417,683,38739,10.0,21.9,50.0,23.9
16418,3325,146745,8.6,16.7,38.3,15.3
16419,1586,130117,7.3,14.2,25.8,17.0
16420,4964,117887,11.9,5.3,35.0,27.8
16421,1748,106221,4.4,12.0,40.4,28.9
16422,2481,80214,9.4,6.7,24.2,26.4
16423,205,109513,13.3,9.4,49.3,35.9
16424,3653,64286,5.4,6.4,48.7,20.1
16425,1794,62707,6.2,22.9,35.2,18.5
16426,1833,127697,10.9,19.2,44.5,18.8
16427,481,89790,12.3,14.1,49.7,15.8
16428,2836,32139,6.4,23.6,40.1,39.9
16429,4456,53967,7.3,9.2,37.6,25.2
16430,1416,53786,11.9,24.1,38.3,24.1
16431,2802,39828,6.4,6.5,36.0,16.4
16432,4174,32224,11.0,21.0,47.1,35.0
16433,4904,77078,4.9,11.6,24.2,27.1
16434,1006,69173,7.9,7.6,34.4,16.7
16435,762,64630,11.3,18.2,20.5,39.8
16436,562,56371,8.5,17.7,46.7,36.2
16437,3002,101394,3.2,23.7,29.4,33.4
16438,4780,129308,7.9,10.5,34.2,24.6
16439,1042,59594,6.5,20.3,39.2,30.2
16440,257,146240,4.2,23.4,23.6,35.9
16441,3409,73205,3.1,14.1,42.6,24.3
16442,1426,58793,3.5,13.3,35.2,15.1
16443,2817,91321,14.4,12.4,22.0,18.4
16444,2768,135626,12.0,24.7,24.6,22.3
16445,2668,75952,14.3,17.2,37.8,24.6
16446,3492,56114,4.4,23.4,33.0,31.8
16447,2206,52865,9.8,14.0,47.3,22.0
16448,4899,30186,4.0,22.6,40.0,26.6
16449,747,97772,3.3,14.3,37.9,35.4
16450,3422,138887,8.6,8.2,41.7,38.4
16451,3038,82704,10.8,17.0,35.4,35.5
16452,2583,64369,3.8,22.4,34.4,25.8
16453,4341,77549,7.4,5.7,49.4,39.4
16454,3006,58994,4.1,10.7,47.0,17.5
16455,3125,93176,7.3,23.9,25.4,29.8
16456,1475,144738,8.7,10.4,26.1,26.7
16457,1923,61417,7.1,13.0,27.9,24.3
16458,344,137936,9.9,11.6,41.9,32.5
16459,2448,145599,10.0,10.2,48.1,31.4
16460,967,120153,7.0,12.8,23.8,15.3
16461,2961,86700,7.7,22.0,49.9,23.8
16462,579,89276,8.3,11.6,29.7,21.5
16463,2562,63405,7.5,19.1,30.3,19.4
16464,2035,60971,12.1,9.9,36.0,24.8
16465,3473,100528,4.7,8.6,22.9,15.1
16466,3121,85740,13.3,21.1,47.7,31.8
16467,3292,130539,7.0,7.6,20.6,28.5
16468,187,32293,11.7,20.5,20.2,32.4
16469,1340,67376,13.6,17.7,49.1,31.8
16470,672,89314,13.6,15.7,32.1,39.4
16471,913,49234,8.4,14.2,27.4,38.8
16472,278,82679,6.1,15.7,28.3,30.7
16473,1825,121284,10.3,7.5,34.8,24.9
16474,262,147543,5.2,9.9,46.8,19.9
16475,2740,47322,12.5,5.4,42.4,20.2
16476,1105,125265,11.5,19.0,25.2,33.1
16477,2448,97483,12.5,21.0,30.3,34.3
16478,2521,25843,8.2,18.8,32.7,35.1
16479,2855,74145,9.7,19.2,49.7,33.2
16480,4398,51216,4.2,22.3,43.4,36.6
16481,4242,143828,11.3,19.0,34.7,26.5
16482,4658,140812,8.8,12.0,27.4,39.9
16483,3841,87689,9.1,9.8,24.7,35.4
16484,4603,80714,13.2,13.2,25.1,31.5
16485,1317,144399,12.3,14.3,30.0,30.6
16486,2574,133805,9.4,10.5,35.8,23.0
16487,1029,74916,7.3,10.9,25.1,30.5
16488,416,133196,8.4,19.2,42.1,20.9
16489,1602,68299,7.2,9.1,48.1,17.4
16490,520,89723,4.8,20.3,35.8,38.0
16491,4458,145263,10.7,10.1,31.0,39.8
16492,1549,32403,11.3,13.1,41.0,38.3
16493,527,46013,14.7,10.5,40.7,31.7
16494,496,83436,8.5,21.4,44.5,38.7
16495,895,26604,15.0,12.9,48.0,25.2
16496,206,67229,5.2,24.6,30.3,18.5
16497,4149,37862,10.9,17.0,23.9,28.8
16498,197,135828,14.9,5.3,47.2,37.1
16499,2003,36594,10.7,21.3,25.5,37.4
16500,3670,97042,8.4,18.8,30.6,24.9
16501,3401,123834,9.2,10.1,32.6,23.5
16502,142,93326,13.1,10.4,45.8,39.2
16503,1677,84856,14.3,14.8,37.5,16.3
16504,4290,75404,8.4,18.3,37.9,19.4
16505,4383,61709,12.3,23.0,43.1,17.3
16506,484,145316,14.2,8.3,49.9,24.9
16507,3571,102950,6.4,8.3,48.9,25.7
16508,3677,50233,8.9,18.9,23.9,15.7
16509,3338,74009,14.9,11.4,49.5,33.4
16510,1796,133360,7.2,9.5,41.7,32.6
16511,2234,46617,10.4,18.7,39.1,30.2
16512,3992,146074,10.9,6.2,31.9,18.8
16513,2636,132664,4.8,15.6,49.8,16.2
16514,4421,84944,12.7,17.8,29.5,34.9
16515,2492,96328,8.0,12.7,48.4,19.6
16516,4713,57723,9.0,7.5,30.7,29.4
16517,3915,109406,10.7,11.9,24.3,32.9
16518,395,73465,7.9,13.6,38.9,26.5
16519,513,68415,6.9,8.2,46.4,17.5
16520,2095,105460,9.6,14.8,48.4,23.5
16521,103,138831,7.2,11.8,44.6,21.9
16522,277,109763,8.2,23.0,31.9,17.6
16523,845,131093,4.3,6.3,43.3,35.6
16524,4454,116842,13.1,18.4,20.7,24.8
16525,751,135307,7.9,19.4,25.5,26.6
16526,3989,53618,4.0,17.2,37.2,21.3
16527,3371,44622,12.5,15.4,28.5,39.1
16528,2582,81852,3.2,7.3,40.2,21.8
16529,389,63052,10.2,17.2,40.6,27.5
16530,902,93225,11.4,16.3,38.5,32.8
16531,2630,134829,5.3,23.3,41.2,39.9
16532,333,39899,4.6,22.4,29.3,39.2
16533,507,126636,4.4,5.4,26.5,24.4
16534,793,140886,14.9,24.7,20.3,31.9
16535,1269,31954,12.1,16.3,39.7,38.3
16536,4757,130567,6.8,23.3,37.6,34.2
16537,2577,116492,7.0,8.0,30.0,29.6
16538,531,56089,10.8,18.9,30.4,25.7
16539,2644,88015,8.5,14.2,26.3,35.4
16540,1082,64818,6.3,7.7,30.3,31.4
16541,3260,73848,3.7,5.5,29.1,26.0
16542,3144,112181,12.4,9.3,49.2,16.4
16543,4024,103593,13.7,5.3,35.1,23.5
16544,3412,67150,5.5,17.0,37.5,31.4
16545,4973,98406,3.8,11.1,20.6,35.0
16546,4418,108262,4.4,24.1,44.8,29.4
16547,1788,75806,8.0,17.7,42.7,35.9
16548,567,95289,6.6,20.3,35.4,24.9
16549,2716,97672,3.9,13.7,43.3,34.7
16550,1445,145669,8.5,10.3,24.9,20.6
16551,2522,118518,5.4,20.3,33.4,23.2
16552,4607,50564,3.8,14.4,27.2,26.0
16553,4821,69505,10.9,25.0,37.8,30.6
16554,1111,139304,9.9,16.9,38.7,34.1
16555,1777,74149,12.9,21.9,49.6,18.3
16556,3797,140765,6.6,10.8,20.6,16.6
16557,4997,90657,4.6,13.5,30.7,34.7
16558,4166,77347,7.3,9.8,48.4,33.8
16559,1992,92750,12.3,20.5,49.1,30.1
16560,2969,77143,5.9,20.1,37.1,37.9
16561,4450,132329,6.1,16.9,37.0,16.8
16562,1586,84022,4.8,19.6,32.7,24.6
16563,3439,59837,14.8,12.2,26.4,26.5
16564,1516,79547,14.6,22.6,22.2,30.4
16565,4957,35076,10.9,23.4,31.5,28.2
16566,2946,102784,5.6,18.3,30.4,17.9
16567,1457,26962,12.2,12.5,36.6,35.1
16568,4160,45407,10.0,21.8,30.4,38.7
16569,4760,115519,12.0,24.6,32.9,37.8
16570,1491,119689,13.3,16.6,38.2,28.7
16571,1678,96978,6.8,18.2,41.2,33.3
16572,3849,80572,14.0,22.0,20.4,22.9
16573,3725,72919,13.8,18.5,26.3,24.9
16574,2603,109289,9.6,8.9,25.7,26.5
16575,3237,117274,11.2,13.5,32.5,25.1
16576,3009,43703,7.9,17.2,22.4,33.6
16577,2764,77391,10.9,14.3,47.1,37.7
16578,499,131260,9.6,18.6,32.7,28.5
16579,4482,30555,6.9,10.6,45.0,21.6
16580,4057,26892,6.9,8.2,47.7,30.0
16581,2333,64175,10.8,5.6,26.1,27.2
16582,1639,101025,14.5,5.8,34.9,23.8
16583,336,71541,5.4,12.1,49.1,26.5
16584,1027,105749,7.7,5.4,44.6,30.2
16585,4609,72542,12.7,10.4,21.3,33.6
16586,519,77990,4.5,15.3,49.1,25.6
16587,4224,114429,14.9,19.9,20.7,34.5
16588,2495,92025,11.1,16.8,21.0,28.1
16589,760,120289,13.9,15.7,39.3,31.2
16590,2723,51628,13.1,9.8,39.0,33.6
16591,4050,61777,12.3,5.3,44.8,18.9
16592,549,106518,3.4,7.6,29.1,22.7
16593,479,117012,7.9,24.6,34.5,20.0
16594,1350,92357,5.4,23.6,45.6,25.3
16595,2559,118022,13.5,11.2,42.7,20.6
16596,3098,103088,11.2,11.4,32.7,23.5
16597,4551,108192,4.3,22.8,45.6,36.8
16598,2401,121350,7.3,6.6,34.5,35.3
16599,826,67846,3.8,8.4,35.9,34.6
16600,1567,84176,11.9,7.4,37.6,18.2
16601,2828,101594,8.0,22.4,31.2,33.4
16602,3252,99424,5.8,5.1,28.6,24.8
16603,3620,144524,9.2,5.3,40.4,17.7
16604,3454,101092,3.5,21.3,24.7,17.8
16605,515,111134,6.1,17.7,35.0,16.9
16606,699,75921,5.1,16.3,29.6,30.5
16607,3174,44225,14.2,23.5,31.4,31.2
16608,4274,133745,7.5,14.7,33.8,20.5
16609,1667,114861,10.0,14.3,26.1,32.8
16610,1194,69084,9.0,13.4,34.7,35.6
16611,3043,125668,10.9,18.0,42.0,27.1
16612,4253,118856,6.3,11.5,27.0,37.3
16613,1547,95899,4.4,18.4,45.6,27.7
16614,1592,106836,4.0,19.1,33.0,38.5
16615,2771,26117,5.3,9.2,42.4,15.8
16616,1558,122831,8.8,16.9,40.4,21.8
16617,1308,32447,5.8,19.5,32.2,22.4
16618,2312,85507,8.2,24.2,44.3,23.1
16619,1454,42196,3.4,23.8,20.9,25.0
16620,312,123341,10.5,9.1,27.8,26.1
16621,3994,27460,13.5,16.5,20.3,17.2
16622,4702,78490,3.6,14.4,43.8,16.9
16623,3063,145171,5.6,12.0,24.0,27.4
16624,2948,137590,6.8,11.8,32.3,21.5
16625,3142,45103,6.4,24.4,38.3,26.1
16626,3134,81383,3.5,5.7,49.1,24.7
16627,1832,99582,4.3,22.1,50.0,36.1
16628,3181,69906,13.9,14.1,46.1,21.6
16629,1370,100976,11.5,16.3,36.1,27.2
16630,4968,125658,14.5,19.8,24.0,31.1
16631,1629,94578,8.3,14.1,30.8,37.7
16632,1181,84141,13.5,24.7,46.0,17.7
16633,3631,74326,12.8,22.4,48.7,24.5
16634,1251,149592,13.5,9.3,39.7,19.1
16635,1822,69023,3.5,18.4,44.2,31.2
16636,816,105865,10.8,14.5,44.0,31.8
16637,4299,146428,9.8,12.2,48.9,31.0
16638,2290,140359,9.5,12.0,44.3,31.2
16639,304,58461,9.1,8.3,30.9,18.8
16640,3929,99275,12.6,14.2,34.3,15.7
16641,3209,30976,14.6,16.9,27.3,22.6
16642,4194,124426,12.9,21.0,24.7,23.4
16643,1432,77449,13.4,10.8,30.6,25.4
16644,2148,143674,8.8,20.5,40.2,21.2
16645,1949,142284,11.3,16.1,37.8,39.7
16646,4942,29368,8.0,10.2,42.6,16.8
16647,1337,28023,7.3,20.7,46.8,37.4
16648,2118,99511,13.7,17.1,21.5,22.8
16649,617,116321,13.9,24.1,27.5,17.4
16650,1538,132435,11.2,10.8,43.4,29.4
16651,4186,86891,13.1,24.5,47.7,19.0
16652,2152,72664,7.3,16.1,48.1,34.0
16653,4468,75680,8.2,14.1,25.5,28.8
16654,4617,74245,12.9,22.5,23.1,34.5
16655,2412,34522,7.8,8.2,47.9,31.0
16656,2359,67721,3.5,14.2,22.0,38.1
16657,3249,64428,7.2,7.5,39.9,22.7
16658,881,39176,7.8,17.3,32.0,18.4
16659,2813,111969,4.9,5.8,28.4,31.7
16660,1344,109141,7.1,24.6,28.2,38.2
16661,2516,44126,14.2,5.2,30.8,30.4
16662,1075,26096,13.3,23.6,30.9,37.2
16663,3591,115111,8.4,17.9,44.5,16.2
16664,3525,54840,11.5,21.5,36.0,35.6
16665,516,79155,4.8,12.2,48.2,36.9
16666,314,71743,12.0,9.9,39.2,31.1
16667,4078,43487,8.7,8.5,32.2,25.9
16668,1235,142430,11.7,15.6,36.0,22.3
16669,3875,95265,10.7,10.3,48.2,18.0
16670,1682,105765,5.8,22.6,45.0,39.1
16671,4623,127603,13.0,5.6,47.7,19.8
16672,832,110582,9.9,6.7,41.2,31.6
16673,2846,131511,12.4,9.3,39.0,15.5
16674,2363,74277,4.1,6.6,27.4,20.7
16675,4608,89086,10.4,21.6,30.6,39.3
16676,3904,56185,6.5,5.1,21.7,30.7
16677,2527,72893,13.3,18.0,37.3,30.5
16678,331,47381,14.4,14.1,39.2,24.2
16679,4453,73555,3.7,20.5,42.5,15.6
16680,502,134918,11.7,13.2,45.7,32.6
16681,4965,79826,4.2,17.9,28.9,32.5
16682,164,94710,13.3,17.8,25.3,37.0
16683,2337,36764,4.5,12.3,23.5,32.7
16684,1049,83132,5.3,7.3,36.3,24.3
16685,272,46882,6.0,13.7,28.0,27.9
16686,2775,64175,11.7,22.5,25.9,21.9
16687,1350,60120,6.5,20.9,36.7,31.2
16688,3148,133007,10.2,12.4,38.0,25.4
16689,4105,31883,9.9,22.3,24.2,18.4
16690,737,94756,7.8,13.8,35.7,38.4
16691,1048,144525,9.5,8.9,22.8,21.2
16692,2360,53293,4.4,22.3,43.6,38.4
16693,1794,49656,13.5,14.9,37.6,35.4
16694,4947,146703,5.5,13.7,37.9,19.7
16695,4857,67604,13.6,9.7,41.5,20.4
16696,242,90710,9.2,20.3,26.5,20.8
16697,4681,148555,10.4,16.0,25.6,15.1
16698,1560,138788,6.1,9.1,29.4,29.0
16699,3987,66307,5.7,10.2,37.4,30.3
16700,392,35104,8.9,12.6,44.7,36.2
16701,1743,50966,6.2,15.7,49.7,30.8
16702,2818,75710,8.1,21.1,44.6,25.2
16703,937,42822,8.3,9.1,34.8,31.7
16704,1137,27925,6.3,19.8,37.3,35.5
16705,371,97522,6.5,23.3,28.5,19.4
16706,2058,121829,14.7,12.9,26.7,15.6
16707,2469,29819,10.0,12.3,24.3,28.9
16708,905,30371,13.0,14.6,35.5,25.4
16709,3274,95239,3.5,21.3,25.3,36.7
16710,982,36984,3.0,6.9,21.6,31.2
16711,931,113632,9.2,12.7,25.4,24.1
16712,3271,113297,12.9,5.6,31.6,29.5
16713,2291,107277,10.3,15.4,26.8,29.0
16714,2140,110317,10.4,23.9,26.6,26.9
16715,1694,34280,4.7,8.2,27.4,32.1
16716,1726,25292,14.7,10.1,46.5,22.6
16717,3684,95979,9.4,19.0,22.5,26.5
16718,373,34182,4.2,18.8,29.7,39.3
16719,689,69362,8.0,16.9,31.8,22.5
16720,2800,27576,3.9,9.8,28.4,18.8
16721,682,129582,8.0,6.3,31.4,15.4
16722,3733,25819,11.5,9.4,38.9,20.9
16723,2090,69450,6.9,17.8,24.2,16.4
16724,1358,111145,6.8,10.9,30.8,30.9
16725,2966,88399,9.2,21.8,24.1,18.5
16726,3838,77772,9.0,17.3,41.9,29.7
16727,671,49313,8.6,6.0,45.9,21.6
16728,644,97248,9.2,6.8,36.6,18.6
16729,4322,39857,3.6,10.6,21.8,32.7
16730,4928,52083,8.7,16.5,33.3,39.7
16731,4612,111608,14.9,23.7,32.6,36.6
16732,737,52565,12.2,7.1,44.0,35.2
16733,140,139265,6.5,21.6,21.7,34.4
16734,4982,138540,11.1,16.5,49.2,24.0
16735,4492,141612,7.0,12.3,26.4,19.4
16736,1720,30751,5.3,17.9,44.6,18.1
16737,3772,54285,12.3,20.7,43.8,30.0
16738,4237,96150,5.5,12.2,43.0,34.3
16739,4228,62402,13.3,23.4,23.9,39.7
16740,1399,111276,7.6,16.0,22.5,27.6
16741,4811,110564,12.1,8.1,33.4,26.0
16742,259,28207,6.1,15.9,42.2,22.8
16743,2052,139590,10.8,20.3,40.4,25.0
16744,1831,27656,5.6,16.7,43.3,23.1
16745,2546,149564,3.3,16.7,23.6,24.5
16746,3262,42634,12.8,5.6,32.8,33.6
16747,1832,67772,13.3,14.3,33.9,26.1
16748,680,51418,13.6,12.3,27.3,30.2
16749,319,104694,3.4,5.9,37.3,36.6
16750,4574,139915,12.1,18.6,21.2,32.8
16751,1849,127202,13.0,8.7,43.3,17.2
16752,1570,105632,6.7,12.0,26.5,34.0
16753,4428,117417,8.6,16.6,42.2,39.3
16754,1494,120645,7.9,13.8,22.2,34.0
16755,1021,109793,8.3,19.0,34.9,31.7
16756,2873,134787,13.2,21.9,26.6,23.8
16757,4562,57720,8.0,8.4,31.7,26.1
16758,4676,149139,6.6,10.6,46.6,29.4
16759,3534,62907,4.6,8.7,33.4,30.3
16760,3682,97103,11.1,15.0,28.2,17.3
16761,1218,129860,4.0,6.6,29.1,17.8
16762,1965,28460,3.7,19.8,39.0,15.9
16763,4411,117504,11.2,7.6,42.1,27.6
16764,824,85041,11.3,23.9,21.2,19.9
16765,811,60282,5.4,21.8,34.9,20.6
16766,1925,62052,14.5,24.4,32.6,26.3
16767,4026,55312,12.5,5.8,31.6,21.3
16768,490,118551,11.2,9.1,32.3,39.9
16769,1170,30504,12.1,24.2,41.2,30.0
16770,4587,112982,7.9,24.7,50.0,18.7
16771,2865,110089,8.5,10.6,49.3,26.1
16772,4580,146101,13.4,17.0,41.2,37.1
16773,2528,42048,3.3,9.1,27.3,27.7
16774,4594,112257,12.6,22.9,20.2,35.0
16775,2247,89783,8.4,7.7,43.3,23.7
16776,3672,138353,8.6,18.8,34.4,16.3
16777,4578,140871,6.9,10.8,28.4,33.2
16778,2854,137107,10.3,12.5,32.6,35.1
16779,3363,54100,11.1,16.0,42.4,36.7
16780,3925,105447,4.9,13.5,21.4,32.4
16781,3516,130043,9.8,15.5,35.3,24.2
16782,2157,27632,8.6,18.6,31.4,36.8
16783,2411,73699,12.4,10.9,26.2,34.2
16784,2979,93601,9.5,19.8,46.8,22.0
16785,3742,125193,8.2,13.3,41.7,33.2
16786,2709,71046,9.3,5.4,42.6,22.8
16787,1530,138298,8.9,21.9,40.5,36.4
16788,2013,52694,14.2,10.6,29.2,29.2
16789,857,135814,6.7,22.2,20.9,15.8
16790,2234,42343,3.4,19.9,37.9,35.5
16791,2012,115269,10.9,13.1,29.9,16.6
16792,1839,40406,10.2,18.0,28.3,15.2
16793,3317,59775,13.9,24.8,40.3,24.6
16794,4856,87240,4.4,11.2,30.6,19.2
16795,1234,58489,9.3,14.0,49.3,20.8
16796,3812,98236,4.8,8.0,47.2,24.7
16797,864,114438,8.5,22.4,21.3,16.8
16798,2825,105190,12.6,16.1,23.1,24.1
16799,3468,59022,13.3,7.0,36.6,21.4
16800,3597,92881,13.0,17.0,20.8,19.0
16801,1772,144228,9.6,14.4,33.4,31.2
16802,3505,123408,10.6,11.1,32.1,33.3
16803,682,59429,9.6,5.4,39.6,28.9
16804,4866,38170,9.7,9.3,33.2,25.3
16805,4733,95954,13.6,9.1,24.5,29.6
16806,1921,42475,5.5,19.3,25.4,18.3
16807,1285,132033,8.3,10.2,31.5,29.6
16808,4625,52296,10.3,24.6,27.4,27.8
16809,1737,47123,12.2,8.7,45.2,18.6
16810,2280,31960,12.1,22.9,50.0,32.5
16811,288,73723,4.4,12.3,43.7,33.1
16812,1846,83408,5.7,25.0,29.9,28.6
16813,3926,122479,13.9,21.1,33.9,21.2
16814,2720,59339,7.3,17.1,33.6,38.9
16815,4045,60783,3.0,21.6,47.6,35.1
16816,2426,97542,5.4,22.9,38.0,21.2
16817,1284,44830,14.6,25.0,41.5,26.3
16818,2893,108349,6.7,8.4,29.4,21.7
16819,3046,106129,10.4,16.7,21.4,30.1
16820,2600,104355,11.7,12.7,26.6,38.0
16821,269,41625,10.8,12.7,24.4,27.1
16822,2845,130390,7.5,17.6,33.6,17.1
16823,1180,149242,8.2,15.1,36.7,34.2
16824,1363,108987,13.1,21.2,25.5,34.5
16825,4964,116990,11.0,11.6,32.1,36.4
16826,4553,147519,3.3,15.6,35.6,29.8
16827,2348,122149,5.4,24.3,28.5,37.3
16828,4008,65106,6.4,6.8,32.5,33.4
16829,1425,40575,7.4,10.4,20.4,33.8
16830,3277,121099,9.9,7.0,32.0,24.1
16831,3973,68848,7.4,6.3,39.0,29.1
16832,2248,97423,12.9,5.3,34.3,35.3
16833,1788,62903,8.7,12.3,37.0,22.5
16834,3085,114370,9.0,22.0,43.3,31.0
16835,2176,123604,8.1,9.8,49.9,38.5
16836,1629,102988,6.7,11.5,32.6,35.4
16837,1561,126132,11.7,22.1,25.1,33.0
16838,1502,135258,5.8,8.0,49.3,20.5
16839,172,95913,11.3,9.7,28.6,27.1
16840,4449,129011,9.4,19.2,27.9,27.0
16841,4134,118800,4.2,19.8,46.1,31.6
16842,4711,60168,3.2,12.2,46.8,23.2
16843,2896,110078,5.0,5.2,30.1,27.9
16844,4616,147682,12.1,12.6,39.4,16.3
16845,2593,140708,7.6,19.3,40.7,16.9
16846,4331,124853,12.7,19.3,35.7,20.2
16847,3676,68878,9.0,13.4,37.9,33.3
16848,132,104792,3.4,12.0,30.8,23.1
16849,2794,98501,13.2,19.0,41.2,16.3
16850,4473,31902,14.2,24.0,46.7,30.3
16851,4945,107797,3.9,20.9,46.0,29.5
16852,3698,105624,5.5,9.6,44.4,37.2
16853,2492,97545,11.6,24.3,24.7,32.9
16854,4212,44464,15.0,17.2,42.9,17.9
16855,2971,28534,13.5,7.2,24.9,33.9
16856,2777,102335,4.2,11.7,43.9,30.0
16857,1501,32791,10.3,19.5,29.7,24.5
16858,917,34512,11.0,22.4,24.1,34.7
16859,1760,121187,10.6,15.6,41.8,36.9
16860,4662,46720,9.8,7.8,33.9,23.2
16861,4823,39563,6.5,7.5,36.5,32.4
16862,2538,77255,11.0,11.5,45.8,28.9
16863,3083,109756,11.7,5.8,31.0,17.1
16864,1310,129617,9.9,13.4,28.4,34.1
16865,699,87694,9.0,20.5,31.9,35.7
16866,1946,109037,5.6,14.2,39.0,33.2
16867,1955,67094,9.5,21.6,26.7,31.6
16868,1987,85504,4.5,18.1,43.8,29.3
16869,779,119209,3.9,8.9,46.5,27.1
16870,3352,55622,12.3,9.3,47.3,33.0
16871,1935,93253,11.1,12.0,38.5,18.1
16872,4130,115046,10.8,15.8,48.1,15.1
16873,2277,47798,14.1,18.6,24.1,21.0
16874,248,114361,7.6,8.5,36.8,15.2
16875,1595,52167,7.8,8.1,33.4,26.2
16876,1844,72373,8.0,5.2,49.4,29.0
16877,1746,33381,8.6,7.3,22.7,29.7
16878,3095,35961,9.2,20.0,32.0,34.9
16879,1772,126683,12.3,6.1,24.9,37.2
16880,2039,39349,5.6,17.1,30.6,37.6
16881,757,135053,8.2,17.0,46.1,15.3
16882,3767,137333,9.1,24.9,26.8,26.5
16883,1153,124873,5.0,18.6,34.8,24.1
16884,4171,110845,11.4,19.0,26.1,16.9
16885,676,42871,3.7,6.8,49.4,22.4
16886,3195,50143,10.0,22.5,22.3,19.1
16887,3131,45207,5.4,11.4,45.5,36.2
16888,4918,88412,3.1,11.3,48.0,37.5
16889,4879,94040,6.8,14.3,43.3,36.8
16890,4937,27622,8.1,19.2,31.1,15.6
16891,3072,128823,12.8,10.9,31.9,35.5
16892,4048,146423,7.9,20.6,20.9,38.5
16893,2145,54477,14.0,9.9,25.9,36.1
16894,4036,25913,13.1,7.5,47.9,31.1
16895,3048,88766,5.3,18.9,41.8,39.2
16896,1727,38055,4.9,23.4,36.5,32.0
16897,1588,128533,5.9,23.2,49.7,37.4
16898,4245,82391,7.3,6.3,42.8,27.3
16899,4298,148623,10.0,12.8,38.4,33.2
16900,4563,46585,4.5,10.7,35.5,23.3
16901,1035,52309,9.4,14.1,34.0,31.7
16902,3663,35864,10.0,6.0,45.7,34.9
16903,3729,46781,10.9,13.2,34.5,15.8
16904,1814,119588,9.6,24.2,33.1,21.1
16905,1902,103133,12.9,16.3,26.9,24.1
16906,1520,146383,10.7,9.3,39.1,27.7
16907,3691,25541,14.1,21.2,20.9,32.6
16908,3620,128166,11.4,12.9,27.6,16.5
16909,3411,56983,8.2,6.3,35.8,18.0
16910,2405,34398,5.5,12.0,29.3,25.0
16911,2095,49759,3.1,21.3,35.4,23.3
16912,2067,114641,4.1,9.4,27.1,18.8
16913,3814,86353,5.3,11.5,45.8,34.8
16914,4135,84325,5.6,10.4,23.3,21.0
16915,4585,131484,11.9,23.0,26.6,24.1
16916,4968,80761,7.6,10.9,33.9,31.4
16917,3558,46118,6.9,9.8,33.2,30.8
16918,493,104284,3.6,23.5,40.2,15.6
16919,4878,111609,9.5,25.0,41.2,31.8
16920,3830,132752,10.4,16.9,39.7,39.9
16921,4465,104668,13.5,23.7,39.1,17.1
16922,4344,101479,9.0,20.4,33.5,31.8
16923,127,45480,3.1,8.8,33.4,30.8
16924,3591,64919,3.8,18.7,22.7,19.1
16925,4361,56081,6.3,20.8,20.1,36.0
16926,1273,144502,4.7,19.9,45.6,26.1
16927,438,61548,12.2,15.6,20.3,24.0
16928,1168,99010,4.3,15.3,47.2,39.1
16929,941,143288,4.9,21.4,26.3,26.2
16930,4384,146662,11.0,18.8,36.8,24.8
16931,4846,106791,5.9,20.9,47.9,15.6
16932,393,55888,14.6,9.1,31.4,34.5
16933,1957,56608,13.4,24.3,44.1,39.7
16934,1422,34401,11.9,19.7,37.4,31.5
16935,1747,80417,7.1,13.4,32.9,24.4
16936,4998,90976,3.7,17.0,24.8,15.5
16937,3720,77959,7.0,17.8,25.1,27.6
16938,4626,70694,7.5,21.0,29.3,30.8
16939,3194,57421,4.5,19.0,46.9,24.6
16940,3591,74625,4.4,21.9,25.5,39.4
16941,3595,130593,11.0,12.9,43.5,17.3
16942,4682,141545,5.8,13.4,23.3,28.1
16943,3901,44163,11.1,8.8,44.4,23.0
16944,188,30036,9.6,15.3,22.1,26.7
16945,4466,73918,13.8,13.0,26.7,16.1
16946,2056,90521,12.6,18.3,26.9,39.1
16947,999,122193,4.8,17.1,44.7,25.6
16948,3577,45726,10.3,22.1,37.6,16.4
16949,1844,117053,10.8,8.4,39.1,39.7
16950,4473,103011,13.3,23.3,44.6,39.6
16951,2353,149426,10.7,9.4,42.9,28.3
16952,3761,102083,4.7,19.4,20.5,32.4
16953,3060,50132,6.1,15.0,29.5,15.9
16954,1733,63011,10.7,19.1,28.5,20.2
16955,961,113953,13.9,15.7,44.0,18.1
16956,4801,127646,13.7,18.0,20.3,30.6
16957,1113,69437,7.3,20.0,20.5,37.1
16958,3399,55032,13.0,8.9,26.0,21.9
16959,1606,62822,9.1,11.8,27.0,34.1
16960,3305,85574,8.6,22.3,25.0,16.6
16961,4903,143026,7.2,21.7,22.6,25.8
16962,1077,81909,11.1,18.6,39.8,17.5
16963,3561,67786,10.2,11.1,24.7,26.3
16964,1917,84542,7.5,9.1,39.1,34.5
16965,3784,52932,12.2,6.0,33.8,21.1
16966,4158,80446,7.6,23.7,45.8,29.6
16967,2734,119187,10.0,17.7,28.1,18.0
16968,4915,78371,7.7,13.3,49.6,23.4
16969,3766,49570,4.4,18.8,36.7,33.1
16970,1048,86155,4.9,14.2,49.0,34.2
16971,573,31415,10.9,12.0,39.5,39.1
16972,667,125198,12.7,15.0,27.2,21.6
16973,3532,63227,8.6,19.7,29.0,34.1
16974,4123,116864,6.9,21.8,24.8,36.8
16975,2358,87098,7.0,7.0,32.8,25.2
16976,3244,143489,10.2,6.3,29.9,29.0
16977,4410,76807,8.6,11.8,27.5,26.9
16978,2082,28518,3.0,5.8,26.0,31.2
16979,1196,128985,12.3,14.9,45.1,27.4
16980,3670,46460,4.7,21.5,45.2,28.7
16981,3490,67440,11.1,12.0,36.3,33.3
16982,2772,89042,7.1,14.5,38.2,30.7
16983,3746,84922,9.9,16.5,32.6,21.3
16984,2519,89624,13.3,23.3,38.8,27.6
16985,4379,90400,4.9,23.5,43.6,18.0
16986,3448,54396,12.3,17.6,34.7,15.3
16987,773,83897,3.5,5.2,43.7,25.1
16988,2902,140333,14.1,8.8,46.8,16.3
16989,2469,149706,5.4,9.0,49.7,24.8
16990,4630,149429,12.5,17.0,48.9,21.5
16991,1166,104935,3.8,19.2,27.5,19.3
16992,787,104240,6.9,6.8,38.3,22.8
16993,168,26698,10.6,10.8,30.7,31.2
16994,2203,147625,10.9,15.1,41.0,37.6
16995,519,110490,11.4,20.4,26.0,38.3
16996,4098,70573,7.2,11.9,28.3,31.4
16997,2697,61194,11.0,14.9,49.1,26.2
16998,4438,69664,8.1,14.9,38.2,38.0
16999,2224,36416,9.8,23.5,26.0,24.4
17000,3992,70384,9.6,21.9,31.8,21.4
17001,539,46169,5.0,22.2,30.7,23.7
17002,1386,95110,13.2,8.3,27.0,19.8
17003,1308,123694,13.4,23.0,21.8,36.2
17004,1178,72678,5.4,12.9,49.4,23.4
17005,2663,37699,8.0,15.9,31.1,35.0
17006,3723,42665,8.6,17.3,36.4,34.8
17007,1353,106472,9.6,13.6,32.1,27.5
17008,3457,120076,3.3,11.9,41.3,26.9
17009,3309,107426,12.1,10.0,42.4,38.2
17010,3649,125026,13.3,15.3,47.0,39.9
17011,714,71999,4.7,21.8,29.6,39.4
17012,3178,42341,13.8,20.3,49.4,37.1
17013,2823,129162,13.2,15.2,43.9,30.9
17014,3590,116846,9.5,11.9,25.7,21.3
17015,3643,64205,6.3,5.3,35.1,26.9
17016,4615,74914,5.5,9.2,30.2,27.6
17017,2000,96132,8.9,8.7,35.4,21.3
17018,4471,30949,9.1,16.8,29.3,36.9
17019,1812,71784,10.8,23.4,27.3,25.3
17020,2429,145950,12.6,11.3,42.3,30.5
17021,3719,120922,14.2,20.9,35.5,34.1
17022,1294,31621,12.6,11.6,36.5,33.0
17023,1478,134107,13.9,24.3,32.7,29.8
17024,1412,86037,9.0,8.9,47.4,25.7
17025,3015,84103,3.5,13.1,21.4,25.2
17026,849,93425,3.6,8.0,43.5,22.9
17027,400,65545,6.2,9.5,44.2,23.6
17028,4795,108262,10.4,7.1,31.8,38.2
17029,4082,30514,7.0,7.2,22.1,21.5
17030,4724,64983,5.0,17.6,43.5,37.7
17031,3937,53656,13.2,20.7,33.5,32.8
17032,377,100364,14.8,6.6,38.6,22.7
17033,4858,118621,3.2,9.4,44.1,38.7
17034,2658,113538,4.1,11.4,25.0,39.7
17035,4017,40281,9.0,23.7,31.0,30.5
17036,2261,56471,7.1,17.0,40.8,20.9
17037,4775,32753,12.4,7.1,30.3,25.0
17038,1489,33741,10.9,12.4,31.1,38.9
17039,790,92541,3.8,19.3,42.3,25.7
17040,4832,146559,9.5,24.6,42.4,22.9
17041,3568,76335,7.0,19.8,38.0,33.7
17042,1948,52141,14.6,8.6,32.3,28.5
17043,3916,132254,8.7,21.4,31.6,30.1
17044,1039,74475,14.1,5.1,28.8,30.9
17045,3282,97900,3.4,14.6,22.3,38.0
17046,3409,35117,4.2,11.9,21.4,27.8
17047,2150,115222,7.6,23.9,47.7,25.6
17048,1846,26823,13.6,5.9,23.8,38.8
17049,2551,45005,9.5,10.1,38.4,16.2
17050,124,26138,12.9,10.2,28.2,35.6
17051,2656,59488,6.4,13.5,39.1,25.9
17052,160,74875,4.3,23.5,40.9,36.2
17053,222,48015,6.0,18.1,43.5,27.2
17054,2202,27412,10.7,7.4,22.7,16.8
17055,1286,104331,13.5,21.5,23.1,19.1
17056,1830,124070,8.5,17.6,44.2,22.7
17057,4741,38119,5.3,5.3,48.0,17.8
17058,4189,36573,10.7,23.4,27.7,36.7
17059,2572,133656,5.4,5.9,29.2,20.8
17060,3065,100021,9.8,17.2,47.5,39.8
17061,2377,51943,4.2,17.0,43.8,22.5
17062,4187,29017,12.7,17.2,27.1,26.2
17063,3064,62038,12.7,22.0,37.5,37.4
17064,1410,88285,9.5,7.5,29.4,30.5
17065,254,114106,3.5,15.7,33.3,37.2
17066,2312,136818,6.4,16.5,41.1,30.6
17067,3353,76110,4.7,13.0,27.5,22.4
17068,1362,115048,9.3,15.6,22.2,25.0
17069,1462,53797,4.2,15.0,49.8,25.8
17070,1037,34186,13.4,20.2,32.8,20.1
17071,611,137082,13.2,7.9,41.9,23.7
17072,286,47781,4.9,5.6,49.9,39.2
17073,1945,125155,11.3,23.6,21.1,17.5
17074,1802,52552,11.4,11.3,33.3,36.6
17075,490,31910,7.8,20.8,20.6,33.9
17076,754,28871,4.8,11.4,39.5,38.0
17077,4371,39627,4.6,5.1,25.0,35.1
17078,2921,110143,11.9,9.3,48.2,37.5
17079,863,53586,5.6,7.1,46.2,17.2
17080,3500,70254,10.2,21.5,39.6,25.1
17081,4906,99950,13.4,8.4,24.8,38.2
17082,3367,131285,10.1,24.9,30.3,20.3
17083,1185,87126,14.7,17.3,49.4,20.1
17084,2029,149356,10.7,11.5,29.5,39.1
17085,4476,79029,6.8,15.1,49.8,23.4
17086,2063,116052,13.2,24.2,44.7,23.2
17087,1885,69211,6.7,17.7,36.0,30.4
17088,2374,129665,14.7,20.1,45.5,30.8
17089,2786,72733,8.7,14.9,49.2,37.5
17090,3068,140505,14.4,15.7,28.7,15.9
17091,4672,138472,5.2,24.7,23.5,33.8
17092,815,45300,3.1,17.1,22.5,27.9
17093,342,98023,5.4,15.8,38.3,31.7
17094,4015,59838,4.2,22.5,29.8,27.7
17095,1623,33828,11.8,14.0,31.5,34.4
17096,937,138747,6.2,14.5,24.7,34.2
17097,3423,128110,10.7,19.2,22.6,37.5
17098,3053,89837,11.0,8.2,29.6,38.5
17099,1445,31842,11.3,7.6,25.2,20.5
17100,2523,133872,13.0,17.4,22.0,39.6
17101,2128,45059,4.8,8.7,21.2,29.8
17102,1532,131165,3.6,13.7,21.8,32.6
17103,339,139402,3.4,21.1,41.6,31.7
17104,238,56430,4.2,11.2,38.3,36.5
17105,3293,142208,7.6,19.8,40.8,31.7
17106,519,109445,14.6,11.6,44.5,35.5
17107,403,54930,7.2,5.8,38.7,24.1
17108,2262,144705,8.4,6.8,34.4,36.8
17109,2126,130003,12.8,13.7,44.5,28.0
17110,4202,93171,14.0,11.4,38.8,21.6
17111,2326,112692,14.7,14.4,41.0,33.5
17112,1268,48221,12.9,15.5,33.0,19.1
17113,515,37406,9.0,23.9,33.5,39.1
17114,2813,128463,5.8,14.4,33.4,37.1
17115,249,25259,10.2,22.1,28.6,19.9
17116,2544,44380,5.4,22.0,38.5,24.7
17117,938,148635,3.7,22.7,33.2,24.6
17118,1796,49192,14.0,15.8,21.4,17.9
17119,4439,143789,8.8,10.7,41.0,32.3
17120,2010,146142,9.1,20.7,35.1,33.9
17121,1521,131561,10.3,11.5,25.7,22.7
17122,3101,40733,8.4,22.9,21.7,27.9
17123,1420,119189,8.3,7.1,25.7,32.1
17124,4135,142466,14.0,18.6,35.3,33.3
17125,1623,75321,12.8,14.6,22.0,38.8
17126,3978,106129,5.6,17.1,38.5,32.4
17127,652,37316,6.5,7.2,28.2,31.3
17128,3856,73948,10.9,24.4,48.9,28.9
17129,3771,106568,9.9,19.3,43.7,21.4
17130,581,124970,12.2,10.7,23.3,31.2
17131,699,115771,11.7,22.8,41.4,32.1
17132,1264,136491,11.5,14.1,44.9,30.4
17133,4778,139257,13.6,8.7,46.0,39.7
17134,4332,111919,12.2,13.6,36.4,18.8
17135,1103,118653,5.9,11.4,45.9,34.8
17136,2082,140048,13.5,19.2,42.9,28.3
17137,1734,82173,7.0,5.4,37.0,36.7
17138,3097,30714,13.9,22.6,32.7,21.9
17139,786,31043,12.9,13.6,20.1,28.0
17140,3514,81257,3.9,7.3,38.4,35.9
17141,1859,131056,12.3,20.4,27.3,15.5
17142,2580,98058,9.0,24.8,26.8,38.5
17143,1437,77949,14.7,23.1,24.3,16.5
17144,214,149953,8.5,8.3,40.5,21.3
17145,4057,36553,3.8,9.3,40.4,34.4
17146,668,133614,6.5,24.8,32.5,15.0
17147,1653,119045,8.2,9.1,34.1,27.9
17148,2789,61528,10.1,11.0,42.8,21.3
17149,4690,54784,4.8,17.5,24.6,32.1
17150,3440,98904,9.2,10.8,26.9,20.9
17151,3088,78192,8.8,12.6,48.3,17.7
17152,3251,31170,13.0,19.8,50.0,17.4
17153,3627,65896,6.6,16.9,35.4,36.3
17154,3115,100040,8.4,21.2,33.9,31.5
17155,921,130287,7.7,20.5,22.5,24.0
17156,3674,122072,10.6,21.0,40.1,20.6
17157,3887,119782,13.0,8.6,34.1,27.7
17158,1708,110919,11.1,10.1,36.2,38.7
17159,659,69007,8.6,8.7,48.0,35.7
17160,4163,99258,10.7,7.5,47.6,28.1
17161,4535,85849,6.9,22.0,47.5,24.1
17162,711,137917,4.7,5.1,23.0,38.2
17163,2263,138638,6.8,17.6,31.5,23.4
17164,1981,36609,8.3,22.5,39.9,18.2
17165,4269,69610,8.3,8.3,24.1,32.8
17166,3963,124565,11.9,23.6,48.2,31.0
17167,3808,144944,14.2,24.1,37.3,23.1
17168,1809,95818,7.7,16.6,37.9,21.1
17169,1861,44270,4.0,18.3,23.8,27.6
17170,1792,46326,3.4,8.7,20.5,27.8
17171,1345,146731,3.0,24.7,39.3,32.9
17172,225,119500,14.3,19.8,26.4,24.3
17173,4852,46531,14.9,15.3,44.6,22.5
17174,1299,82599,3.6,15.0,21.5,20.6
17175,2811,70960,7.3,17.4,25.2,30.1
17176,3546,49354,11.0,8.7,43.4,22.5
17177,1090,106519,5.1,16.9,20.4,19.6
17178,3165,63639,10.1,6.4,27.2,40.0
17179,1621,108698,12.8,17.1,41.8,18.5
17180,4828,128064,13.3,16.5,40.9,39.3
17181,2598,111280,11.5,12.2,26.1,27.3
17182,2665,125284,4.0,6.8,43.8,21.5
17183,4890,75739,7.2,16.0,32.6,27.5
17184,2697,53128,14.6,13.7,41.0,36.6
17185,215,115512,5.3,11.2,33.9,38.1
17186,1131,113523,8.4,13.6,20.3,28.8
17187,1341,70832,7.0,6.2,20.1,36.8
17188,1842,110557,5.5,6.7,49.7,31.0
17189,3738,114220,6.9,7.9,26.1,22.8
17190,4499,81316,5.3,16.1,45.7,38.0
17191,4190,50790,13.5,10.7,26.8,29.2
17192,2075,91683,5.1,9.7,33.6,15.1
17193,4283,30550,10.5,17.6,49.5,20.9
17194,4503,48769,14.3,16.9,24.0,18.9
17195,4997,135444,14.4,11.8,36.6,25.7
17196,263,125754,10.2,23.7,30.8,29.7
17197,3410,32138,6.3,13.0,37.1,17.1
17198,3488,143081,6.0,8.8,35.7,38.0
17199,1095,72404,12.0,22.8,23.9,39.0
17200,1977,85486,14.8,19.0,37.0,19.0
17201,1923,106864,3.9,20.0,30.9,21.0
17202,2395,129661,12.5,22.0,27.7,26.4
17203,3364,99601,4.5,20.9,24.2,25.6
17204,1448,79816,6.6,22.0,40.0,34.7
17205,1903,99101,9.8,9.6,41.6,39.0
17206,2351,122615,6.6,17.3,44.5,33.6
17207,3000,26194,10.8,18.5,44.5,19.4
17208,1693,64255,8.0,10.9,49.9,35.1
17209,532,77679,5.6,24.9,27.2,36.2
17210,3917,54533,9.4,21.1,37.0,33.0
17211,1170,110401,3.3,23.3,37.1,35.8
17212,4700,135892,11.9,8.0,36.1,25.8
17213,214,30615,9.3,5.8,30.6,19.1
17214,1539,130762,14.4,5.6,25.3,38.2
17215,1890,40084,4.2,22.3,37.3,27.8
17216,1094,33016,11.8,15.9,24.5,23.5
17217,4418,121692,6.6,11.2,20.4,19.7
17218,4831,51725,7.5,21.1,39.8,23.5
17219,4867,59825,7.2,17.9,33.2,38.6
17220,1057,69072,7.3,17.4,48.8,25.0
17221,195,43801,8.2,21.0,30.3,31.7
17222,2254,139813,3.3,14.4,49.7,26.3
17223,731,126136,13.2,8.2,20.3,37.4
17224,3784,62246,13.6,23.4,21.8,36.4
17225,1801,47854,3.5,22.3,39.9,22.5
17226,797,82793,12.3,10.0,39.0,27.0
17227,131,62386,3.9,11.6,36.3,27.9
17228,4974,39142,12.7,21.4,25.8,39.3
17229,648,42393,10.4,24.4,22.8,39.1
17230,2348,28778,6.7,20.5,21.8,21.4
17231,1993,124245,10.4,6.0,43.2,25.0
17232,2934,126907,9.1,13.2,46.4,16.3
17233,1803,127284,10.6,20.5,44.6,31.1
17234,1256,40318,8.7,14.3,24.5,22.1
17235,443,127672,12.3,18.5,43.4,29.6
17236,4172,72068,3.5,5.7,49.4,35.6
17237,3562,131997,7.1,9.2,38.4,16.2
17238,2348,69778,9.7,20.2,31.5,24.2
17239,1044,139150,10.1,8.9,22.8,19.9
17240,3980,123207,5.0,24.4,29.1,25.0
17241,2150,122506,3.9,12.3,37.6,26.3
17242,3385,26250,3.3,8.9,32.5,38.1
17243,2955,81161,8.0,8.9,35.4,22.3
17244,1430,68348,7.0,8.5,40.5,18.5
17245,2103,43703,9.8,11.9,33.0,18.5
17246,3715,63678,8.4,16.6,25.8,34.0
17247,1887,113458,7.7,22.7,22.3,26.6
17248,2346,77347,13.1,23.7,32.6,39.1
17249,3772,93493,10.5,17.0,46.4,25.8
17250,2255,47722,10.8,17.7,40.4,39.4
17251,3579,38894,7.6,15.4,27.0,30.0
17252,3120,82063,12.3,11.7,35.0,36.4
17253,151,50772,4.8,15.7,26.5,31.1
17254,2259,123290,7.8,8.3,24.1,23.9
17255,4490,61042,3.6,11.5,43.4,16.4
17256,3751,116168,4.4,9.0,32.8,16.9
17257,4015,133754,4.0,21.8,21.7,21.0
17258,2212,120020,8.3,8.3,44.5,26.8
17259,2721,89181,11.4,19.9,48.1,27.3
17260,4660,72856,6.8,6.3,30.3,30.8
17261,4829,60816,3.3,18.2,34.9,21.1
17262,1454,125210,11.5,20.3,42.8,32.0
17263,3854,93475,5.5,7.0,21.1,38.6
17264,309,121086,11.7,20.4,47.5,34.3
17265,337,36670,3.1,16.7,49.9,37.1
17266,435,132036,6.7,18.7,35.2,27.5
17267,3938,148397,10.5,19.5,36.0,32.2
17268,1676,120142,13.5,8.3,35.6,31.7
17269,599,86572,12.0,21.0,44.7,33.8
17270,1664,104967,8.4,20.6,35.7,18.9
17271,890,148303,11.6,17.9,39.6,23.3
17272,3640,34049,9.5,15.1,39.5,23.7
17273,3222,122229,12.8,22.0,35.9,16.0
17274,1235,143865,12.3,22.6,47.8,24.7
17275,4044,36028,14.7,11.7,45.6,15.9
17276,2448,129762,4.3,15.7,22.1,23.5
17277,4424,59520,7.1,14.0,32.3,18.1
17278,249,54587,5.3,13.5,37.6,15.8
17279,3306,81599,10.6,21.6,43.5,31.8
17280,3628,43050,11.0,18.3,30.8,17.1
17281,1724,89597,5.4,14.5,38.5,32.8
17282,2674,92399,8.1,20.8,33.1,34.5
17283,4528,29461,10.2,23.9,23.7,39.2
17284,4369,137440,10.9,13.2,49.8,15.5
17285,3384,133909,4.2,7.7,40.4,21.4
17286,2208,62980,14.1,23.4,28.8,29.9
17287,4047,27118,3.4,24.1,39.7,16.2
17288,2363,103149,14.7,13.2,28.2,26.8
17289,1712,63394,6.8,18.0,41.6,38.1
17290,3915,67309,6.8,6.8,27.1,40.0
17291,4819,118003,8.4,5.9,49.1,37.1
17292,677,32358,11.3,6.9,36.4,36.4
17293,522,137853,4.9,20.5,44.1,35.7
17294,2863,67030,6.1,14.2,41.2,38.6
17295,1329,108673,14.5,18.1,46.0,26.0
17296,3276,117248,13.5,16.1,45.1,35.6
17297,853,118970,5.5,8.9,21.8,27.8
17298,4942,81291,9.9,21.3,28.9,30.4
17299,787,54922,5.4,9.3,36.7,16.6
17300,822,149300,9.6,8.6,45.0,17.4
17301,846,129664,7.4,17.4,46.3,21.2
17302,4437,88215,7.3,22.4,32.0,34.7
17303,2812,137940,10.6,22.3,42.5,20.6
17304,807,69447,6.0,13.8,39.3,33.9
17305,534,136517,7.9,18.7,47.5,28.7
17306,4976,56572,14.1,21.5,46.0,38.3
17307,583,52517,12.1,9.3,27.4,27.3
17308,3618,45649,7.6,12.9,30.3,25.1
17309,1633,124692,5.8,17.7,28.2,16.2
17310,269,54927,10.9,21.8,35.5,29.6
17311,1120,148499,12.7,11.7,22.0,18.7
17312,947,36591,13.3,17.4,30.8,32.9
17313,795,50832,9.8,6.2,47.7,30.5
17314,3446,136273,9.2,23.7,43.0,36.0
17315,4113,110638,11.6,22.9,29.9,18.5
17316,131,88524,5.1,23.4,33.2,32.2
17317,276,97450,13.2,24.4,41.3,30.7
17318,3064,63289,3.9,21.9,48.0,35.9
17319,2212,140698,10.2,9.2,43.2,24.1
17320,3986,101411,10.1,16.6,49.4,34.4
17321,1602,25425,6.7,8.6,49.8,36.9
17322,2415,55600,3.4,5.4,25.8,21.1
17323,2744,135520,11.6,7.9,20.8,15.6
17324,165,105279,3.3,21.8,45.1,25.3
17325,4328,97454,5.2,19.9,46.8,29.5
17326,2028,32008,9.5,20.2,33.6,22.1
17327,684,66176,14.3,13.1,21.9,18.4
17328,1848,129617,3.8,5.5,25.1,19.6
17329,2304,33801,9.9,11.4,23.5,32.1
17330,3730,37645,6.9,14.1,25.3,20.0
17331,1992,123489,11.0,12.2,22.4,34.6
17332,2529,50300,14.4,15.0,23.5,25.9
17333,3193,38157,6.2,17.2,41.2,38.8
17334,1073,34015,14.5,7.4,21.0,25.5
17335,4124,84111,13.4,23.2,45.9,31.0
17336,2742,100705,10.3,16.2,45.0,15.3
17337,1542,41273,12.1,22.1,38.6,21.2
17338,4429,136270,13.4,14.5,47.5,32.2
17339,1577,53465,12.6,19.6,22.7,37.3
17340,870,108104,6.9,22.9,27.7,37.4
17341,405,86723,12.8,17.0,34.4,21.3
17342,101,49759,6.8,13.2,24.1,30.0
17343,370,110528,13.4,16.5,38.8,16.3
17344,4616,105013,6.1,8.3,45.0,31.1
17345,3314,127070,9.9,19.0,45.5,16.7
17346,963,100347,11.3,5.7,29.0,23.3
17347,2839,62094,8.1,14.0,24.5,38.8
17348,3014,49019,12.4,15.9,43.3,22.6
17349,206,106798,14.1,13.1,30.6,37.5
17350,3268,27435,5.2,14.7,39.6,39.2
17351,4744,25734,3.4,8.5,22.4,38.5
17352,2699,57925,10.5,6.6,34.7,19.0
17353,2335,83685,10.2,13.9,29.0,29.5
17354,2899,128608,7.1,23.7,40.3,24.2
17355,1611,143180,12.4,8.6,38.3,16.1
17356,118,142942,12.9,10.7,33.6,28.5
17357,958,74146,7.0,22.6,48.0,34.6
17358,1516,123295,11.2,10.3,36.4,37.6
17359,3132,32764,10.7,12.7,20.4,28.4
17360,4605,42459,7.1,7.0,35.7,32.3
17361,1526,95658,14.6,5.9,21.8,19.0
17362,2631,137716,7.2,18.2,48.8,18.9
17363,4819,55342,10.4,8.0,42.3,34.3
17364,4851,67821,7.6,16.2,20.2,20.7
17365,4963,65958,3.1,13.6,34.6,30.2
17366,4138,84973,4.1,6.9,48.3,32.8
17367,4213,81993,5.8,13.6,43.9,29.0
17368,2331,48135,12.7,10.0,28.2,39.9
17369,2552,144823,8.3,22.2,40.3,31.9
17370,2946,80525,10.1,10.3,43.0,35.4
17371,3302,144687,14.3,19.0,39.5,17.5
17372,1916,93500,4.8,18.7,46.9,28.3
17373,1880,116000,13.3,8.9,27.0,38.2
17374,4203,104114,7.6,16.1,42.4,32.6
17375,804,71385,7.0,21.8,38.1,25.8
17376,1441,114942,10.5,7.0,49.0,26.8
17377,3562,62893,13.8,17.2,40.5,24.4
17378,3690,91669,7.2,8.4,33.0,16.5
17379,1259,62006,12.1,9.8,23.5,24.5
17380,4726,145714,3.2,18.0,39.1,35.6
17381,3822,30786,10.5,17.8,48.7,24.7
17382,3538,53878,10.6,18.3,30.0,36.0
17383,3660,80724,9.7,15.9,39.7,19.9
17384,3182,131661,14.3,20.7,43.6,16.1
17385,1815,105131,14.3,18.0,46.3,25.7
17386,2343,113013,7.1,9.3,43.0,25.4
17387,1860,102484,8.5,7.0,32.4,34.7
17388,4107,82464,12.5,5.2,20.3,36.6
17389,1896,142685,13.1,5.1,37.7,16.2
17390,2775,70468,8.0,7.1,36.6,31.7
17391,3336,101939,7.2,13.7,32.7,15.2
17392,143,133471,12.8,5.1,39.0,31.8
17393,588,129615,7.5,12.7,21.3,32.8
17394,4376,126459,7.9,20.5,47.3,26.8
17395,3248,107340,4.6,7.6,29.1,17.5
17396,4823,100457,9.5,20.8,23.7,26.7
17397,1056,60603,6.9,8.8,25.9,30.9
17398,2214,144051,10.1,9.6,37.9,34.8
17399,1215,92621,8.4,9.9,43.3,34.2
17400,1881,64837,12.0,11.5,24.7,36.0
17401,2926,48854,6.3,15.0,40.4,21.5
17402,750,125689,5.1,18.6,24.5,30.8
17403,1976,116889,11.4,20.5,41.5,22.2
17404,440,43761,7.6,5.4,40.7,23.0
17405,3050,119406,9.8,7.9,45.8,27.8
17406,3475,77009,14.3,20.0,40.0,20.6
17407,2545,102828,8.8,20.4,22.0,26.0
17408,2850,26455,4.8,23.9,45.3,23.6
17409,2244,83332,8.1,10.8,39.6,18.4
17410,1454,38682,8.7,9.5,26.3,20.5
17411,3376,103718,12.2,16.5,48.2,31.7
17412,548,26890,5.3,6.6,46.4,19.6
17413,4272,72206,7.2,19.5,32.7,24.7
17414,4744,66609,3.6,14.6,37.7,32.8
17415,897,84172,11.4,19.2,40.1,24.4
17416,3596,60196,11.9,8.2,45.3,20.0
17417,2282,96745,8.5,14.3,30.7,28.9
17418,3426,119786,9.5,11.9,40.3,32.0
17419,745,76469,12.0,14.4,41.3,32.3
17420,819,82390,6.2,16.2,31.1,39.0
17421,1622,56635,10.3,18.7,32.7,15.3
17422,1169,65816,14.6,22.3,32.7,37.3
17423,4843,81499,10.9,9.7,32.2,24.1
17424,4987,141803,3.9,13.5,36.2,35.9
17425,4774,32282,6.5,7.3,21.4,38.3
17426,3175,130497,9.2,11.7,49.9,27.8
17427,3907,106454,3.9,12.6,29.2,33.8
17428,3461,35446,11.1,13.8,36.2,33.3
17429,2256,41456,10.9,23.5,28.6,21.0
17430,4655,120490,13.5,23.2,48.1,15.7
17431,2413,28457,9.0,6.4,49.2,38.5
17432,3605,141710,11.3,13.3,49.4,20.3
17433,4239,106832,5.2,11.4,33.1,20.5
17434,732,61853,3.0,12.2,38.2,36.0
17435,2299,68037,5.1,20.0,44.7,39.0
17436,3163,130892,3.7,8.9,24.6,33.0
17437,3010,116138,8.1,20.1,31.5,20.0
17438,722,137136,8.6,23.3,29.2,24.8
17439,460,75695,10.7,18.9,34.6,36.5
17440,2467,119728,4.7,13.2,43.9,24.9
17441,309,40223,5.6,6.3,38.8,35.4
17442,3567,45880,12.6,7.1,23.5,37.5
17443,1030,129087,9.9,19.3,26.1,16.9
17444,4684,121199,3.4,7.3,24.0,15.1
17445,4043,100764,13.2,13.3,26.5,19.2
17446,4796,95285,10.6,22.4,20.9,17.6
17447,4969,30045,5.2,15.7,46.5,26.2
17448,977,58615,6.0,11.7,45.3,35.5
17449,4895,86424,9.6,9.6,36.7,23.5
17450,2599,116607,9.7,15.8,43.1,19.2
17451,2623,140622,12.7,11.8,50.0,22.1
17452,4451,124699,7.3,24.2,37.5,23.7
17453,491,113494,9.6,5.3,38.4,25.5
17454,4002,107458,10.0,23.9,45.9,22.7
17455,2421,118531,9.7,9.2,35.9,24.3
17456,4081,82414,3.9,16.5,21.5,23.9
17457,238,120713,7.9,10.3,30.4,17.2
17458,202,55426,7.1,21.4,41.5,34.5
17459,583,39113,14.9,19.0,41.1,17.6
17460,4419,82599,8.6,9.7,49.8,19.0
17461,4173,89614,8.2,16.3,42.2,30.9
17462,1948,100922,8.8,23.2,22.2,30.9
17463,1984,91437,14.0,9.5,48.6,34.0
17464,3305,115781,10.3,21.3,20.9,33.3
17465,2261,43267,7.7,20.9,39.3,39.1
17466,1564,98867,14.0,12.7,27.7,27.2
17467,743,76854,14.2,5.8,27.4,38.1
17468,3536,101396,6.2,8.3,37.0,31.6
17469,4653,149326,7.7,14.5,20.9,29.2
17470,710,36110,14.6,14.4,28.4,16.9
17471,4402,45543,9.5,7.1,27.0,20.0
17472,1643,67254,8.2,10.7,32.2,32.4
17473,3639,120929,5.3,12.6,21.3,34.7
17474,1566,148747,7.6,21.3,29.7,28.4
17475,1016,101610,10.6,23.0,25.4,24.3
17476,1281,120238,3.5,17.1,26.2,38.1
17477,2246,42800,4.0,10.5,44.9,39.0
17478,2372,36264,3.1,18.7,49.8,17.6
17479,951,134828,5.6,23.9,33.2,33.1
17480,4636,88534,5.2,7.2,22.9,35.0
17481,819,111883,13.2,10.6,43.3,21.3
17482,4780,79025,5.2,15.9,45.0,26.9
17483,2114,112041,10.9,11.8,28.8,34.4
17484,3572,125886,4.4,22.3,33.6,37.1
17485,3742,107278,10.1,10.2,30.6,38.3
17486,3970,26500,8.2,22.7,49.2,16.1
17487,163,65887,7.9,21.7,45.4,16.4
17488,4963,141626,13.3,8.4,28.2,19.0
17489,659,120653,5.0,6.9,40.1,23.1
17490,1833,25814,10.1,18.5,38.7,27.0
17491,769,132091,12.9,13.0,34.5,20.7
17492,3994,39539,11.6,9.6,41.5,33.5
17493,1642,62834,14.8,23.3,44.8,35.9
17494,1371,82570,3.0,6.8,48.4,31.8
17495,2515,101723,13.6,21.6,34.1,19.4
17496,2891,77987,10.4,16.2,39.6,20.1
17497,4813,144600,3.0,7.4,42.2,26.4
17498,3154,31086,8.6,12.5,35.3,28.0
17499,2558,129598,12.2,15.7,44.8,22.5
17500,3165,36510,5.2,8.4,20.5,25.5
17501,1263,104665,11.1,7.6,40.9,29.3
17502,4659,59832,4.7,10.5,25.3,24.3
17503,2849,76503,12.6,16.2,32.0,39.1
17504,2048,39200,9.8,20.4,44.7,38.4
17505,159,51113,3.4,24.2,44.1,23.9
17506,3202,130668,4.1,8.0,33.7,34.1
17507,432,55141,13.4,5.2,20.9,20.8
17508,4271,124668,3.4,24.6,31.3,33.6
17509,289,134324,6.6,7.7,30.2,33.0
17510,3660,140772,9.8,20.0,26.0,20.4
17511,395,107186,5.6,20.5,23.9,33.7
17512,2648,82303,5.7,6.7,29.5,15.4
17513,276,38408,12.3,21.2,32.3,32.6
17514,899,38594,6.5,10.0,41.8,18.1
17515,905,67230,3.5,20.9,37.0,24.7
17516,1842,33226,11.7,11.4,36.9,19.5
17517,314,128185,14.5,20.0,45.4,19.3
17518,1979,57212,13.0,21.8,47.0,26.7
17519,2800,25067,9.6,5.1,32.0,38.5
17520,696,107108,8.1,15.5,45.3,28.6
17521,1817,143824,14.1,11.8,44.6,21.7
17522,1455,70663,12.2,21.9,26.8,37.1
17523,4323,74834,9.8,14.7,21.5,24.3
17524,1392,38232,13.6,12.6,47.7,16.2
17525,2698,101682,10.2,8.0,49.6,33.5
17526,3537,60906,14.7,10.7,37.9,19.3
17527,4814,71002,13.3,24.9,30.3,34.3
17528,241,67291,9.6,22.1,39.8,34.2
17529,3316,28190,14.1,11.1,21.6,28.5
17530,2939,124156,7.1,17.4,42.6,29.2
17531,4440,106578,11.4,25.0,26.2,22.7
17532,3613,97889,5.1,18.8,22.9,16.6
17533,2850,54645,13.7,11.8,47.0,17.0
17534,1814,114157,6.0,5.8,36.7,21.6
17535,1235,118170,14.4,21.0,34.7,23.6
17536,3821,115868,3.2,10.7,38.5,38.9
17537,2009,135492,11.2,7.9,49.8,39.8
17538,2347,141382,4.8,7.3,25.8,16.9
17539,4616,132803,12.2,7.1,26.3,21.0
17540,4202,38930,8.9,7.3,41.2,15.3
17541,1648,121177,13.9,15.3,44.8,30.4
17542,2739,27595,11.6,20.3,48.1,32.8
17543,4866,112387,12.2,22.9,44.0,21.0
17544,4611,89402,4.4,18.7,35.7,18.5
17545,2931,26218,4.2,6.9,41.4,16.0
17546,1106,112819,13.2,23.9,36.0,32.2
17547,3321,33675,5.7,5.1,39.7,26.4
17548,3162,88447,13.4,20.0,22.3,35.3
17549,4623,111603,4.7,24.6,39.4,32.4
17550,3152,48831,6.7,22.9,29.5,32.6
17551,4529,49384,14.1,19.3,36.2,28.0
17552,2419,87811,13.1,15.5,24.0,33.5
17553,3639,65527,3.7,25.0,36.5,31.0
17554,2466,119100,8.4,17.5,40.0,22.6
17555,626,102277,13.9,21.6,26.0,39.2
17556,2907,83465,3.2,8.6,22.9,30.5
17557,1295,41665,4.3,17.8,31.3,38.1
17558,1853,66589,10.7,5.3,33.6,39.0
17559,1772,60234,4.3,21.2,39.2,23.5
17560,2128,53894,8.4,13.3,25.3,37.3
17561,1754,89763,9.1,10.2,34.1,26.2
17562,4649,61943,13.3,10.2,47.5,37.4
17563,4941,62689,14.5,24.6,32.5,31.0
17564,4141,68689,9.1,22.3,25.2,21.9
17565,947,64324,9.1,20.8,45.2,37.3
17566,967,90180,11.7,15.1,32.7,34.7
17567,873,53040,5.3,13.0,38.9,22.3
17568,642,142069,14.3,16.8,46.4,21.8
17569,4517,93472,3.0,15.9,38.7,36.3
17570,885,50927,3.0,22.7,45.3,28.7
17571,3405,38514,10.5,24.5,39.5,23.7
17572,4735,133801,7.1,23.6,44.4,23.5
17573,2983,81058,7.8,20.4,33.7,33.1
17574,548,69398,5.7,13.1,49.4,35.3
17575,3410,114233,7.9,20.2,36.3,30.3
17576,4685,115948,12.9,20.6,40.5,23.3
17577,2005,31139,11.4,8.4,25.8,26.0
17578,4659,77601,4.1,21.4,32.4,24.1
17579,4509,137056,3.7,23.2,34.0,30.3
17580,3351,86894,9.1,20.0,44.8,38.5
17581,484,147262,11.8,18.6,43.2,30.9
17582,394,104634,11.0,9.4,36.3,38.0
17583,1338,100794,13.4,17.8,44.2,39.3
17584,4957,44385,4.6,17.6,44.3,31.3
17585,2916,129303,10.3,12.5,39.8,27.0
17586,1198,95610,12.2,7.3,48.3,39.1
17587,1837,115544,14.3,13.7,45.7,34.6
17588,2289,112468,4.2,23.4,26.5,38.9
17589,2865,45731,5.9,20.6,30.4,30.0
17590,1322,63887,7.3,12.1,23.8,35.7
17591,3342,103619,9.5,8.9,32.7,19.1
17592,3999,86258,7.9,14.2,30.2,21.9
17593,4423,36825,13.3,20.2,43.5,37.9
17594,510,97586,14.4,18.7,44.1,22.2
17595,3099,112862,3.8,22.7,33.7,23.9
17596,3045,121904,11.4,11.2,35.3,32.5
17597,4886,101685,4.4,14.9,46.3,25.4
17598,977,68745,13.8,10.1,35.9,37.8
17599,886,98948,4.7,20.5,48.0,20.3
17600,2209,117272,14.9,13.4,45.1,29.6
17601,2086,138812,8.1,13.6,33.6,25.2
17602,978,111575,7.6,21.3,48.1,27.4
17603,1707,112097,10.0,19.6,43.5,32.8
17604,2503,51820,7.7,14.4,48.7,27.4
17605,170,45192,5.8,12.5,26.3,34.5
17606,2410,81968,10.5,18.8,40.7,18.2
17607,4501,65642,11.7,23.8,47.6,22.2
17608,3395,145525,14.3,13.5,20.1,36.9
17609,861,73145,7.9,5.8,22.9,21.2
17610,4783,140467,11.5,22.6,23.6,15.7
17611,2221,76414,13.0,8.3,32.2,26.3
17612,3682,65653,13.0,23.0,46.3,23.4
17613,4297,62499,3.4,21.6,34.4,24.3
17614,1729,75191,7.3,18.2,22.4,23.9
17615,4388,138316,3.2,21.9,26.6,21.2
17616,1185,121915,9.7,10.2,30.5,34.5
17617,2557,114875,13.4,22.1,46.4,16.2
17618,4495,130870,12.8,16.2,26.0,27.6
17619,3366,60048,12.7,8.5,41.1,27.9
17620,553,104896,7.2,10.1,45.5,16.2
17621,2721,120632,3.6,20.8,35.4,15.2
17622,718,149683,5.1,21.9,38.5,27.9
17623,736,75540,11.0,22.5,36.2,35.3
17624,2448,146769,4.6,8.7,42.8,19.6
17625,4974,122574,4.5,23.0,35.7,15.9
17626,3136,81314,7.2,14.9,48.3,23.5
17627,2349,131423,4.1,24.9,46.0,24.9
17628,2821,94044,7.0,14.5,42.5,24.4
17629,2449,92654,14.6,10.0,30.0,38.9
17630,4532,86127,3.2,6.2,38.1,17.0
17631,2094,70015,13.0,18.3,23.9,25.4
17632,2920,75734,14.9,5.1,31.9,21.8
17633,1171,39360,8.2,21.7,36.2,26.6
17634,2131,147580,14.3,11.2,30.4,23.5
17635,1349,126749,6.1,18.3,22.7,17.9
17636,1395,90056,14.8,15.0,29.4,23.9
17637,3656,148337,13.3,18.1,47.7,35.5
17638,427,56957,13.6,6.1,38.3,26.9
17639,896,121796,4.6,8.9,25.9,35.8
17640,2961,126122,13.4,22.9,43.9,25.1
17641,4860,87502,14.3,13.4,47.2,19.1
17642,2893,118443,12.8,16.3,36.8,33.9
17643,3194,74828,4.1,14.1,33.0,35.2
17644,3077,68102,4.0,23.2,30.8,32.2
17645,1062,34605,7.3,9.0,24.9,25.1
17646,1368,96899,11.5,21.8,21.7,33.6
17647,472,116017,3.1,6.2,26.5,30.2
17648,4480,63155,14.4,22.1,34.5,35.1
17649,2668,137109,9.3,23.1,21.6,29.2
17650,4842,47133,7.3,20.8,49.4,37.0
17651,3793,71145,9.7,10.5,40.9,23.4
17652,1704,47720,11.6,7.3,30.3,33.2
17653,195,52967,6.3,15.0,32.8,24.8
17654,4469,73674,6.5,18.3,49.7,28.6
17655,4041,102719,8.6,21.4,30.6,26.1
17656,1300,35414,11.0,15.1,24.6,37.4
17657,4044,90647,11.5,15.9,33.1,37.8
17658,4979,28379,6.9,23.7,26.0,26.0
17659,231,143561,6.9,6.0,37.6,26.2
17660,3215,81659,8.8,11.4,31.4,28.6
17661,1490,28151,9.5,13.8,27.9,18.8
17662,1249,130949,10.8,17.8,28.8,37.1
17663,3610,88598,10.4,6.9,48.9,33.2
17664,3747,79758,7.5,22.5,31.3,26.0
17665,907,141632,6.6,11.3,48.1,16.5
17666,4939,76652,6.7,8.7,36.6,25.1
17667,150,99140,10.7,16.8,36.9,15.7
17668,3308,135564,8.2,7.8,22.5,18.0
17669,155,93187,4.6,11.6,49.3,36.8
17670,3764,120167,3.1,22.2,35.7,23.4
17671,843,41308,3.4,20.8,45.5,38.8
17672,4638,49761,13.4,10.6,40.7,19.7
17673,2976,100304,8.5,13.4,34.6,28.6
17674,179,28158,10.9,15.2,40.7,32.1
17675,4572,48775,14.1,16.3,23.3,34.9
17676,4040,61845,4.5,11.0,21.7,17.5
17677,3066,123354,8.4,15.7,30.7,30.5
17678,3828,40485,9.5,20.5,25.7,24.5
17679,4636,140857,13.1,18.7,46.6,17.1
17680,225,89552,14.9,24.0,29.0,22.8
17681,318,135946,11.5,9.8,39.9,32.9
17682,1047,147300,10.7,18.6,47.3,23.8
17683,4473,138002,14.0,24.0,21.9,21.8
17684,694,121791,13.0,6.9,41.3,31.5
17685,240,90326,13.4,16.2,20.3,37.3
17686,2993,46787,3.0,24.7,45.8,20.4
17687,3155,115147,9.2,6.2,49.5,34.1
17688,1730,115388,12.4,12.3,26.9,39.0
17689,976,129119,5.2,6.7,24.8,15.5
17690,4305,73793,12.0,16.7,35.0,23.0
17691,2760,32153,3.1,22.1,48.5,39.9
17692,3490,64093,9.9,9.8,29.0,38.0
17693,4991,80766,13.2,9.1,29.5,27.5
17694,2129,30931,8.2,15.6,38.6,32.5
17695,4924,52040,11.9,12.1,41.4,25.3
17696,2652,139329,9.4,21.5,36.3,23.7
17697,3711,42272,10.8,7.7,26.7,37.2
17698,1140,90939,9.2,23.3,47.1,25.6
17699,414,37801,8.7,21.2,35.7,33.9
17700,3559,131280,13.1,5.3,48.4,34.5
17701,4272,84957,4.1,10.6,34.3,39.4
17702,3125,52064,10.0,23.3,24.1,27.6
17703,3046,28985,4.4,22.1,31.0,19.2
17704,3336,106796,9.8,14.9,36.3,30.3
17705,3780,120477,14.6,15.9,25.8,16.1
17706,4907,52615,3.7,6.6,32.2,26.9
17707,3206,120277,8.1,21.0,23.2,36.5
17708,1637,84466,12.6,6.5,46.8,34.6
17709,3972,149052,7.4,17.9,48.7,16.7
17710,1967,31549,9.2,7.3,33.7,28.1
17711,1261,113066,4.4,13.7,46.8,15.9
17712,4020,95664,5.7,12.2,25.3,34.7
17713,3982,37801,11.2,13.3,22.1,38.4
17714,2856,138901,12.9,16.5,29.8,21.7
17715,2012,76739,10.8,7.8,27.2,33.0
17716,364,123593,13.0,9.5,27.1,25.8
17717,4528,76380,10.3,7.1,43.4,22.7
17718,1402,73442,12.7,18.1,44.4,25.1
17719,1294,35505,14.8,6.1,36.9,16.0
17720,1626,102906,4.0,18.2,41.7,19.0
17721,3704,84228,8.8,24.5,28.5,20.6
17722,4494,102564,5.3,22.8,40.9,22.3
17723,2348,105129,8.6,11.5,42.6,21.7
17724,1258,116695,9.0,9.3,48.3,24.4
17725,4467,133165,10.5,24.2,22.6,35.2
17726,4730,88275,8.3,13.9,45.4,25.4
17727,3613,54621,6.9,12.0,24.8,22.3
17728,2178,100974,3.5,7.5,32.9,34.9
17729,1244,79563,3.4,8.3,20.2,38.0
17730,168,58415,5.1,19.8,48.6,23.5
17731,3817,44538,8.4,9.0,48.9,35.6
17732,3108,123569,8.0,8.6,48.7,39.1
17733,926,94024,5.3,11.4,22.7,23.5
17734,1269,40332,12.9,23.3,29.3,17.6
17735,1083,101645,11.2,16.8,32.0,25.6
17736,4676,44162,7.1,20.5,49.4,18.6
17737,4077,111876,12.6,19.4,43.6,20.2
17738,3434,49594,14.9,24.0,39.4,31.2
17739,2440,36793,5.9,18.8,31.5,27.5
17740,2115,45850,7.4,7.5,49.2,32.9
17741,1552,90202,14.9,9.0,41.4,25.4
17742,2233,85438,4.7,19.1,35.6,40.0
17743,1139,48936,3.9,9.3,35.5,29.7
17744,4823,137442,9.3,21.5,22.3,23.0
17745,4313,28827,8.6,22.6,31.4,20.4
17746,3566,119826,3.9,13.3,24.1,22.5
17747,3126,58410,6.5,12.6,42.1,21.0
17748,4357,83889,8.0,7.4,46.3,27.4
17749,2847,71790,12.9,23.8,47.9,36.0
17750,4362,91352,11.5,14.7,49.3,25.2
17751,4495,85215,14.0,19.2,26.5,23.0
17752,3595,84481,7.0,8.2,35.4,27.3
17753,3955,125495,6.7,15.8,42.1,24.4
17754,661,47310,8.6,20.5,39.3,16.1
17755,2303,60436,3.1,17.0,50.0,23.5
17756,3519,83207,5.5,12.6,27.6,23.2
17757,1244,86643,5.5,17.3,37.6,32.7
17758,2799,69587,3.7,24.9,28.1,19.4
17759,1651,102319,8.5,18.7,40.1,16.7
17760,4121,98095,13.9,15.1,28.7,16.2
17761,660,143060,3.0,22.1,41.7,17.8
17762,1287,67890,10.5,14.4,39.2,15.6
17763,3233,120736,13.6,14.0,25.2,34.3
17764,3511,32008,4.3,16.1,26.7,38.9
17765,1789,84544,14.0,11.4,34.4,18.6
17766,4507,132024,12.8,6.4,41.1,17.5
17767,2523,61830,5.6,12.5,24.7,30.4
17768,1469,135930,13.9,19.6,28.6,23.5
17769,680,48276,12.6,14.8,23.7,30.1
17770,1076,135079,4.3,22.1,22.7,33.1
17771,4372,80222,13.0,8.6,32.9,38.7
17772,4709,98038,9.5,9.4,26.7,37.3
17773,2456,149412,12.8,17.9,28.7,17.7
17774,218,87519,10.4,21.4,38.9,16.2
17775,1642,148435,7.7,18.9,40.3,16.6
17776,4962,78044,10.2,13.9,21.0,31.7
17777,3143,44184,10.6,22.7,30.2,26.2
17778,1072,75082,12.2,18.5,30.8,21.1
17779,1015,101326,13.0,21.7,46.3,25.0
17780,1537,46633,11.0,23.1,33.5,34.9
17781,686,61961,14.9,15.6,30.3,28.8
17782,450,50368,12.3,16.8,25.3,33.9
17783,4691,52045,13.9,18.3,45.3,37.4
17784,2662,78187,6.8,24.4,46.3,31.3
17785,1970,70135,6.8,21.1,49.2,19.6
17786,372,94919,7.3,5.7,46.6,19.9
17787,3027,134390,8.3,13.6,43.1,21.5
17788,4458,116881,14.5,22.4,34.8,17.1
17789,3539,86261,3.9,5.7,41.7,36.8
17790,3141,80464,9.0,17.6,38.0,25.8
17791,4048,126454,4.9,23.9,42.5,21.8
17792,1864,45742,12.7,11.2,41.2,15.0
17793,4390,148591,3.4,19.4,33.7,39.9
17794,1870,48250,8.5,11.2,34.2,35.7
17795,1622,27577,7.7,17.8,39.6,39.8
17796,931,95416,4.1,23.7,46.0,19.6
17797,661,29305,7.5,12.4,33.6,15.5
17798,3640,78202,12.7,24.2,31.3,24.4
17799,4236,117276,4.6,12.6,45.6,21.6
17800,1579,39951,14.8,12.8,28.7,39.8
17801,4566,44532,3.7,20.3,47.5,16.0
17802,1305,103138,6.5,12.2,36.2,17.7
17803,756,113074,12.3,11.6,30.9,16.8
17804,4040,65828,7.3,8.7,32.0,36.0
17805,689,87514,8.8,6.8,36.4,25.6
17806,4426,95662,5.2,21.8,29.6,27.5
17807,1471,43330,11.6,14.5,43.3,21.6
17808,4674,38242,5.2,18.0,49.4,18.5
17809,3851,59340,13.2,14.6,44.6,32.3
17810,3859,119468,9.5,12.5,23.7,38.1
17811,2200,85989,9.6,13.2,29.9,35.7
17812,1984,38823,14.2,6.6,35.4,33.4
17813,847,107119,12.3,18.5,46.5,24.5
17814,563,142065,11.9,15.2,33.9,38.2
17815,853,94604,13.3,6.3,29.6,38.2
17816,682,33281,4.1,17.6,43.3,31.3
17817,2305,140278,11.7,9.2,42.2,25.0
17818,4214,96734,5.8,7.8,24.2,32.9
17819,4250,112951,6.4,24.5,24.9,29.0
17820,4127,145028,3.2,6.6,35.2,23.7
17821,4916,66051,13.7,19.6,45.7,28.8
17822,3453,135153,11.9,18.9,28.4,20.0
17823,2908,117215,4.7,15.4,39.0,31.7
17824,3703,82283,6.9,6.7,32.9,37.7
17825,4013,84309,8.8,10.8,20.7,28.3
17826,1519,37348,8.9,8.2,34.1,23.0
17827,2267,88335,10.1,24.7,39.1,39.1
17828,2244,68124,8.7,7.0,46.0,30.9
17829,2267,107509,10.8,5.3,28.6,28.0
17830,1660,149960,13.6,9.4,37.7,25.1
17831,1276,110558,7.8,20.7,47.8,28.7
17832,1368,77466,13.5,21.9,38.1,27.4
17833,3687,74937,5.6,19.0,47.2,35.4
17834,1266,49459,4.5,13.7,37.8,37.4
17835,3675,136689,5.9,20.8,38.3,34.6
17836,2941,70076,5.5,18.5,41.5,23.2
17837,1970,35080,14.8,24.9,42.5,30.3
17838,4029,61813,7.6,13.8,35.2,38.2
17839,2367,45168,10.8,8.8,39.4,38.4
17840,2986,108097,11.4,6.3,40.9,37.7
17841,259,124581,8.3,17.5,24.7,22.7
17842,2758,56892,5.7,23.7,29.1,31.2
17843,3863,27965,8.3,20.7,46.8,28.9
17844,4834,57438,8.7,19.6,27.2,26.7
17845,1155,33493,14.4,15.4,39.1,39.8
17846,433,92880,9.8,8.6,21.6,23.7
17847,3696,130962,14.6,10.5,44.7,20.7
17848,991,70828,9.9,10.6,37.8,29.0
17849,3087,128467,4.7,18.3,35.1,17.1
17850,4547,110135,7.6,22.1,42.2,33.4
17851,1462,52891,12.5,7.7,42.9,15.1
17852,1025,65955,8.1,5.7,27.4,19.4
17853,2543,136010,4.2,15.2,49.3,39.6
17854,2677,41445,4.2,23.0,47.3,18.5
17855,4080,58625,5.8,24.2,26.4,15.9
17856,2505,115649,9.8,14.6,29.8,20.8
17857,1519,108260,13.0,10.0,31.3,21.4
17858,2975,145242,9.4,20.3,43.5,17.3
17859,159,121068,12.0,8.4,30.0,21.9
17860,2624,136287,10.7,21.5,40.1,27.2
17861,3897,50393,9.3,22.4,39.7,25.6
17862,2759,87844,5.6,11.2,37.0,17.0
17863,4196,52683,13.6,8.7,38.6,23.0
17864,1678,46399,6.3,7.2,26.8,32.1
17865,4506,107894,6.0,17.2,24.6,25.7
17866,3205,127941,6.1,24.6,30.1,22.3
17867,807,45036,4.1,13.9,34.6,18.4
17868,1880,142991,9.0,10.3,36.0,24.3
17869,2513,108631,6.9,21.6,25.2,34.4
17870,3506,74941,9.3,19.3,41.0,25.3
17871,2261,51656,8.4,6.5,22.9,27.2
17872,3639,58348,9.2,10.2,49.6,33.7
17873,708,51617,6.6,12.5,43.7,18.6
17874,408,66311,12.8,9.3,47.1,37.1
17875,4407,125606,9.4,22.7,33.9,36.9
17876,2464,124377,5.5,8.7,48.6,25.3
17877,284,133527,13.8,20.9,49.5,32.9
17878,345,56766,4.3,19.8,34.2,27.3
17879,338,145061,11.8,5.2,45.1,17.1
17880,619,98097,11.1,10.6,40.1,18.1
17881,4007,120907,3.9,15.2,26.1,16.2
17882,376,135864,13.8,9.4,32.1,16.0
17883,4128,121948,6.8,21.4,41.5,39.2
17884,4409,43266,11.9,7.7,24.7,18.8
17885,705,29345,6.3,8.3,29.7,18.7
17886,4673,42644,9.3,16.8,29.9,33.6
17887,4703,97583,14.7,5.5,32.5,30.1
17888,4153,90767,10.3,24.9,20.0,36.5
17889,2812,72531,6.6,15.6,29.1,33.4
17890,241,99684,8.5,18.0,26.3,32.4
17891,3761,62497,11.1,10.1,48.2,30.7
17892,2469,132590,8.3,24.1,45.0,18.8
17893,1817,69889,13.9,11.7,35.8,33.0
17894,4656,44920,13.4,7.6,22.7,30.7
17895,4865,143180,4.8,14.1,48.4,29.1
17896,3527,79271,12.4,7.5,31.7,33.7
17897,2424,140990,14.3,24.2,43.1,18.1
17898,1944,94850,6.8,15.1,26.8,33.6
17899,499,115808,5.9,17.0,38.9,36.9
17900,4863,107226,3.1,14.7,33.2,19.5
17901,2663,133519,4.4,9.7,35.2,32.5
17902,1622,82657,14.5,8.4,26.1,37.3
17903,1434,28474,7.7,24.3,46.2,18.1
17904,2723,138562,7.6,11.3,40.6,32.9
17905,338,112768,6.2,6.2,32.3,31.3
17906,3315,49039,5.0,15.1,31.0,20.5
17907,3747,39104,9.1,9.9,21.7,22.4
17908,1716,42786,11.7,19.1,31.8,39.3
17909,2529,111296,9.6,12.6,26.8,24.5
17910,3752,71716,3.4,23.7,45.2,39.1
17911,1821,69358,12.6,13.7,28.9,22.8
17912,1372,147914,14.2,18.5,37.5,17.2
17913,3239,76269,8.3,22.0,39.4,35.2
17914,2978,148239,7.4,22.3,38.4,36.9
17915,1635,47193,5.8,16.1,38.6,20.4
17916,635,112950,6.6,21.1,43.6,25.7
17917,1048,41791,10.7,10.0,33.3,23.3
17918,2742,96216,12.2,17.0,24.7,37.6
17919,4041,144363,7.0,5.7,34.8,22.2
17920,1121,105390,7.1,11.7,20.4,32.2
17921,533,103429,8.4,11.9,41.8,31.4
17922,1503,128807,5.0,22.5,22.9,22.9
17923,3611,31224,14.1,14.5,28.5,24.6
17924,3035,130909,11.5,19.8,30.6,23.9
17925,4978,52685,8.2,14.4,45.6,23.5
17926,4364,119045,4.5,11.3,43.1,24.1
17927,4904,43476,13.2,23.8,46.0,22.4
17928,3433,147214,8.8,17.5,49.8,32.8
17929,1702,139824,12.6,17.8,37.0,26.6
17930,328,101598,3.4,14.8,24.4,17.9
17931,4622,132474,6.3,8.7,34.9,36.7
17932,4317,136411,10.5,21.7,45.5,27.7
17933,2296,26484,8.9,19.8,28.9,20.7
17934,2999,117526,6.5,12.6,37.3,38.5
17935,210,44760,5.4,23.7,24.7,17.4
17936,1344,146060,6.6,11.9,24.6,21.5
17937,4259,31326,11.9,5.8,38.1,23.6
17938,2785,58234,5.2,10.2,48.3,25.6
17939,3901,95469,10.1,12.4,27.8,33.1
17940,3967,105075,8.1,21.4,40.5,38.1
17941,1477,58742,12.2,20.8,43.5,25.6
17942,1871,70678,5.4,13.6,27.8,21.3
17943,112,149802,6.2,19.0,27.2,25.7
17944,4434,95723,7.8,9.6,44.1,24.1
17945,3361,130316,5.0,22.8,22.1,33.6
17946,762,137325,8.5,6.2,29.8,19.5
17947,3192,81624,8.0,13.0,35.7,35.6
17948,793,93187,14.9,21.2,28.1,39.4
17949,3490,108719,10.1,15.2,23.1,25.8
17950,1281,39963,3.8,21.3,46.9,34.7
17951,3118,107935,8.5,8.3,33.6,36.7
17952,1604,31238,13.5,10.0,24.9,20.2
17953,2002,116860,13.4,13.0,49.1,24.0
17954,4271,83028,14.5,22.2,47.2,28.1
17955,428,72900,13.7,24.1,28.2,20.0
17956,1539,85494,5.1,6.1,21.1,16.9
17957,3946,132952,3.0,23.8,29.7,33.4
17958,4267,89791,10.4,19.0,23.1,15.9
17959,324,73788,11.4,14.7,33.1,24.7
17960,2620,66328,4.6,9.9,37.0,39.4
17961,3814,80574,5.0,10.7,21.8,23.4
17962,2507,86790,14.6,18.3,49.3,15.8
17963,910,123203,14.3,13.4,34.9,34.2
17964,3217,96583,4.9,5.6,39.6,15.1
17965,4873,80701,6.0,24.3,27.9,19.3
17966,3390,97125,13.7,18.3,38.0,15.1
17967,4486,137962,8.2,20.8,34.4,19.5
17968,2351,105501,12.6,17.9,45.7,39.2
17969,4761,145904,7.8,19.3,26.5,20.8
17970,2629,37805,11.8,5.8,20.1,25.4
17971,4706,91880,7.8,12.8,25.4,31.0
17972,1023,111037,13.8,23.7,26.8,28.6
17973,3152,148058,6.9,24.1,33.2,19.0
17974,115,52331,9.3,23.4,31.3,17.5
17975,3696,99860,9.3,25.0,28.2,25.6
17976,2503,98075,10.8,6.4,28.7,26.0
17977,4551,65632,6.7,6.3,26.2,17.4
17978,4110,141167,10.7,23.7,22.3,20.6
17979,2746,120798,4.7,5.6,43.3,26.0
17980,1201,112268,13.7,22.7,21.0,38.8
17981,3075,38225,4.7,22.5,38.8,17.2
17982,1190,77218,13.1,15.8,45.9,35.7
17983,3006,64859,11.3,22.6,31.3,36.6
17984,1846,135524,7.1,18.8,38.1,28.7
17985,4409,144314,6.9,8.4,38.8,33.6
17986,1820,84755,14.6,21.9,23.6,34.8
17987,548,51496,5.3,13.0,26.7,35.2
17988,3112,109392,11.7,9.3,26.3,22.4
17989,3604,25958,5.2,24.5,23.3,32.5
17990,1668,118399,13.9,18.7,39.9,15.6
17991,3286,148951,11.9,8.7,33.8,24.2
17992,3591,108408,14.2,22.4,31.2,38.6
17993,2646,111687,13.5,21.5,46.0,33.3
17994,4905,90457,9.6,7.1,48.4,19.8
17995,4575,43317,4.8,7.5,34.7,35.4
17996,1147,38584,5.7,9.5,45.3,28.8
17997,4734,63495,5.4,23.0,47.4,32.8
17998,4948,51592,5.6,19.5,29.3,33.7
17999,4730,62917,8.7,23.0,20.7,16.5
18000,4868,112672,13.4,21.9,41.8,20.8
18001,1164,81308,3.3,15.7,29.0,34.1
18002,3921,62742,5.9,6.0,20.7,16.3
18003,667,114010,10.2,19.4,32.0,23.8
18004,1536,45321,13.4,17.3,34.5,16.3
18005,4610,61029,6.6,9.6,31.8,19.9
18006,4644,133695,7.6,23.5,28.3,15.4
18007,4805,149279,7.5,18.7,45.7,15.7
18008,2805,133798,6.5,21.0,35.3,36.8
18009,2583,146534,11.4,20.5,43.7,24.8
18010,4900,146485,10.9,7.5,30.1,19.6
18011,4929,136349,13.1,10.6,29.1,28.9
18012,3879,122313,14.0,20.2,44.0,29.4
18013,4995,53858,13.8,16.7,47.2,25.1
18014,2894,66838,9.5,7.5,41.9,25.0
18015,1960,63336,5.2,13.5,30.2,21.3
18016,3436,89597,5.7,9.8,48.2,24.6
18017,1990,29768,10.1,19.9,42.4,34.3
18018,4926,136467,14.0,7.8,38.4,21.9
18019,4391,143901,9.4,17.3,35.6,17.2
18020,1197,102422,14.2,5.6,39.0,16.6
18021,1738,30177,6.1,18.8,21.3,24.1
18022,1758,56761,4.0,6.8,39.5,35.1
18023,1225,98582,12.6,7.6,28.6,23.9
18024,363,75022,13.6,14.6,32.2,18.2
18025,3092,56883,8.4,5.2,37.4,30.4
18026,260,31601,4.2,24.6,29.0,29.2
18027,1356,99433,3.5,10.4,25.9,29.8
18028,4965,44073,3.8,5.1,26.3,27.5
18029,410,81261,8.3,22.3,49.1,39.0
18030,326,68219,5.8,6.3,24.6,36.4
18031,372,29581,8.5,22.5,42.4,23.5
18032,4512,135363,8.9,21.0,48.1,28.1
18033,2022,146975,8.5,7.4,46.8,28.1
18034,3257,64802,10.4,7.3,36.2,33.4
18035,2438,149457,11.2,19.8,31.1,23.8
18036,1701,54698,7.8,20.7,34.3,33.3
18037,3818,76119,7.0,12.5,20.6,24.4
18038,2522,99980,7.4,22.5,40.1,37.7
18039,2025,99980,3.8,9.0,38.2,21.6
18040,666,85393,6.9,17.2,32.9,22.7
18041,3015,30080,5.4,13.3,49.3,24.9
18042,351,127742,6.5,11.7,25.2,23.5
18043,2454,89652,11.6,15.8,37.5,38.9
18044,3601,93664,14.9,11.1,36.8,29.6
18045,4870,145023,14.1,9.5,23.2,21.8
18046,2411,133162,12.9,15.8,34.2,24.2
18047,2215,87577,11.8,15.5,21.4,26.3
18048,1702,47206,14.3,21.2,32.7,31.9
18049,3370,55450,12.0,18.0,20.5,25.5
18050,613,103117,8.7,11.7,24.5,33.3
18051,541,139490,10.2,18.8,33.8,36.0
18052,100,147907,6.7,7.3,42.4,21.1
18053,1002,69569,3.0,8.6,35.2,34.3
18054,1320,34811,7.2,16.7,35.9,25.9
18055,2421,118018,7.9,16.1,31.4,21.9
18056,955,75496,11.8,15.6,38.1,30.3
18057,1117,102641,13.3,17.7,44.6,39.1
18058,2320,118897,14.6,8.1,47.2,35.7
18059,4780,111588,7.2,21.0,49.8,18.8
18060,3604,36960,14.5,22.5,42.6,21.3
18061,4650,81832,12.6,15.4,23.4,35.3
18062,295,116039,3.4,18.7,24.4,34.1
18063,4794,43162,10.1,21.4,34.9,29.9
18064,1432,93639,7.4,18.0,40.3,24.1
18065,4751,63634,3.4,13.7,23.8,33.0
18066,1617,30530,9.4,18.7,31.9,23.7
18067,4634,117556,10.0,23.6,37.5,35.0
18068,2797,93624,6.0,10.7,26.0,35.2
18069,4554,147779,14.3,21.0,41.0,29.7
18070,3207,48128,10.3,24.9,30.2,26.5
18071,1157,95707,5.1,20.3,28.1,25.9
18072,2805,29465,11.7,11.2,22.2,19.8
18073,2163,115275,9.0,7.4,40.5,20.7
18074,2892,54998,8.7,15.9,26.5,27.0
18075,520,129897,13.0,7.3,23.6,18.7
18076,4748,119111,4.7,14.2,29.1,38.3
18077,2914,113607,8.9,11.7,41.9,19.9
18078,2940,52333,12.4,14.5,28.5,39.8
18079,1131,118685,10.9,11.3,20.9,32.3
18080,1591,90886,3.1,21.9,38.3,31.7
18081,1985,31522,12.4,13.7,37.4,16.9
18082,609,71518,14.3,7.1,46.1,31.8
18083,1959,123504,11.5,17.9,25.0,26.2
18084,1958,114194,13.5,20.6,48.5,37.0
18085,1013,60320,7.3,13.5,21.5,21.0
18086,2165,81307,7.2,17.1,37.0,24.5
18087,3066,98087,6.9,13.9,43.4,31.6
18088,4989,73975,11.8,9.0,42.9,39.8
18089,3937,135424,14.3,16.9,39.7,38.7
18090,1696,138959,13.6,19.0,48.9,19.2
18091,4542,58819,4.8,10.0,32.9,25.8
18092,1155,119544,10.5,19.2,39.7,24.6
18093,1123,82630,15.0,22.2,23.7,25.0
18094,3304,101406,6.5,23.3,30.7,31.5
18095,675,81662,10.6,8.5,23.5,24.2
18096,298,138305,13.9,8.3,37.0,30.5
18097,1465,133291,13.8,22.4,46.5,18.9
18098,2098,28558,6.9,18.7,30.7,36.0
18099,1116,88082,4.1,7.6,40.9,18.0
18100,3718,89762,10.8,14.9,27.5,24.5
18101,125,98834,14.4,20.2,36.7,36.6
18102,1658,76705,9.1,9.0,24.3,26.4
18103,3824,28513,8.5,23.2,20.3,34.4
18104,3558,147996,13.4,22.3,49.7,34.1
18105,3456,34460,8.1,16.9,45.2,37.6
18106,2467,80374,11.2,20.6,38.9,29.6
18107,570,50316,7.7,8.0,28.0,23.3
18108,2567,98189,7.5,10.0,42.3,38.1
18109,4846,90558,5.3,20.5,23.1,16.0
18110,985,138860,4.1,13.9,39.0,21.5
18111,975,74512,13.6,8.6,44.1,30.9
18112,1041,53669,5.2,10.8,40.2,34.2
18113,3141,128099,3.7,17.4,42.8,24.2
18114,671,124754,10.0,5.8,22.2,16.2
18115,4249,82560,9.6,8.0,21.2,16.3
18116,704,56709,9.8,9.1,32.9,33.1
18117,4520,90270,8.6,22.7,43.7,25.9
18118,3629,112705,4.7,22.8,29.0,25.0
18119,4460,126058,3.3,9.2,42.2,32.5
18120,481,42011,3.6,17.0,22.2,20.2
18121,1336,44651,14.3,12.2,39.7,27.3
18122,2480,25566,9.4,6.0,47.7,22.8
18123,3879,61526,7.8,8.1,33.8,25.6
18124,2205,139641,7.9,5.1,21.7,26.6
18125,1617,133986,10.8,24.7,41.6,20.5
18126,1633,27020,7.5,18.0,46.5,18.4
18127,3394,94066,12.6,7.7,30.9,16.6
18128,3540,43890,6.1,19.7,31.2,39.2
18129,3589,102283,7.4,17.2,29.9,36.9
18130,4045,100919,14.2,9.1,23.2,22.4
18131,4742,144097,6.1,14.9,29.2,15.8
18132,970,68882,10.9,17.2,32.7,26.2
18133,2250,50304,7.4,12.2,32.6,40.0
18134,3332,143016,8.7,24.2,26.2,27.3
18135,3331,72742,3.5,6.9,36.7,39.8
18136,3866,107393,5.0,7.5,36.2,31.4
18137,3307,87124,4.2,22.1,31.5,24.3
18138,4593,58373,13.1,10.0,48.0,17.7
18139,4587,116354,14.5,7.6,49.0,32.9
18140,3926,63451,3.8,12.7,40.4,33.2
18141,1712,77754,3.9,8.4,28.6,17.6
18142,1177,38669,9.6,15.1,48.1,34.5
18143,1400,97940,9.0,19.7,41.6,15.2
18144,2258,127058,10.8,20.1,33.2,16.9
18145,2371,45754,11.8,11.1,46.4,36.0
18146,2629,127182,12.6,18.8,24.6,28.6
18147,3360,149779,4.8,24.3,40.0,29.9
18148,463,127047,3.5,5.1,28.3,36.1
18149,945,29847,13.7,17.9,36.5,18.4
18150,3132,106472,8.6,15.0,28.7,31.2
18151,1427,133760,14.7,12.9,37.4,32.1
18152,3262,63446,9.4,9.2,32.9,19.4
18153,491,122676,9.1,7.5,37.5,30.1
18154,3355,85489,10.5,23.4,22.3,37.1
18155,2159,129401,5.0,5.6,20.1,28.4
18156,3337,140363,6.0,14.4,43.5,27.1
18157,2146,94589,13.9,9.1,28.3,39.0
18158,4341,91245,5.5,7.9,40.9,37.7
18159,1405,25922,5.8,12.1,21.2,25.6
18160,2994,126703,9.1,11.3,39.8,19.2
18161,2132,123711,10.7,14.2,41.5,26.7
18162,864,135739,3.0,14.9,41.2,23.1
18163,598,75261,8.5,15.1,45.5,23.2
18164,3468,61360,7.8,7.6,45.9,32.1
18165,3044,37790,13.4,8.4,26.0,26.2
18166,3904,116900,13.1,11.5,37.4,38.1
18167,4313,39567,13.9,6.6,20.6,26.9
18168,4560,45343,13.1,21.7,22.7,19.8
18169,235,80793,12.4,7.0,32.6,24.5
18170,1200,56142,13.3,9.6,21.2,23.4
18171,1971,26490,5.1,17.7,30.4,30.1
18172,4133,105118,7.1,23.6,39.2,20.4
18173,4213,85928,11.2,7.7,44.5,24.1
18174,4112,53426,14.1,13.8,33.1,31.5
18175,304,143888,11.0,10.9,34.6,23.6
18176,4694,108401,5.5,14.6,20.2,37.9
18177,2471,59048,14.3,13.8,46.0,16.2
18178,4790,72578,12.1,16.6,49.5,34.6
18179,661,120824,11.6,5.9,33.5,18.9
18180,3414,122914,12.2,21.6,29.1,32.8
18181,4060,56723,10.9,5.7,25.3,37.6
18182,2626,41178,3.3,16.4,41.7,15.1
18183,2311,86286,6.0,21.3,32.3,21.8
18184,2471,62622,14.5,7.3,30.2,35.5
18185,4835,66834,6.5,18.6,37.7,37.6
18186,2781,33055,12.3,9.2,44.3,23.3
18187,2906,49687,8.1,9.0,41.3,26.6
18188,3869,80318,13.9,5.9,44.3,39.6
18189,2355,64848,9.7,12.4,35.9,33.0
18190,4510,65829,10.6,22.9,37.3,25.2
18191,1000,129762,5.9,19.1,20.4,21.0
18192,1850,98929,3.7,16.4,32.9,16.8
18193,4999,106396,12.1,21.4,44.1,39.2
18194,3395,68613,3.8,21.7,38.6,21.2
18195,3259,148874,11.7,16.9,40.7,28.7
18196,1552,111672,9.7,11.2,24.5,28.3
18197,1343,108451,12.8,22.6,47.4,25.6
18198,2422,34581,5.5,12.0,42.5,34.8
18199,1770,132026,9.5,8.5,46.9,37.6
18200,2127,106617,10.4,16.2,28.7,22.7
18201,1868,108537,3.9,6.7,37.5,38.8
18202,3763,70101,11.9,9.2,44.1,39.0
18203,2402,128458,7.7,22.0,32.5,20.4
18204,1269,145342,4.5,13.3,30.2,23.3
18205,4810,49940,7.6,14.8,32.2,34.5
18206,2532,138109,4.2,15.8,39.1,34.9
18207,486,93907,13.7,14.9,31.1,38.4
18208,2530,36016,8.5,9.4,26.6,35.7
18209,3448,47943,4.7,23.3,35.2,24.7
18210,1505,79617,6.0,18.6,22.1,29.3
18211,223,108292,11.7,18.0,47.1,21.7
18212,4097,138338,12.4,21.7,48.0,26.8
18213,3552,101585,3.5,18.5,49.5,33.6
18214,3996,27237,3.7,7.4,42.7,22.6
18215,1724,126778,14.0,11.8,44.1,39.5
18216,1281,90263,7.0,12.5,45.2,23.6
18217,827,94980,5.3,18.4,25.2,23.7
18218,3984,45852,4.5,19.1,26.2,39.2
18219,3770,30758,8.7,16.1,44.6,32.9
18220,1241,126880,12.3,13.0,32.5,19.7
18221,2475,69322,9.3,22.5,43.8,33.9
18222,4131,70003,3.2,16.1,24.3,23.8
18223,458,110895,8.8,21.5,21.5,34.8
18224,3842,34176,6.7,23.5,31.9,18.8
18225,2944,54658,11.2,13.5,28.1,25.7
18226,4638,30674,9.3,10.8,44.4,28.0
18227,2311,42910,14.6,12.4,47.5,38.6
18228,1072,52948,10.2,6.7,39.6,21.0
18229,460,80941,10.6,12.0,23.2,39.2
18230,2732,91572,9.2,15.1,20.5,23.1
18231,3290,144306,6.7,9.1,43.4,30.3
18232,1724,52749,10.6,8.6,46.1,19.7
18233,4028,149869,7.0,11.3,48.4,39.3
18234,1856,117356,11.6,7.0,41.5,26.5
18235,340,51678,5.8,14.9,21.0,17.7
18236,4861,92766,7.4,17.7,34.4,37.1
18237,1075,42426,10.0,16.8,34.7,25.8
18238,4418,70418,10.5,10.6,21.3,32.1
18239,2413,65709,11.0,22.2,47.3,16.7
18240,1405,53680,11.4,7.2,42.9,37.2
18241,887,134203,6.8,5.0,26.2,20.5
18242,2528,31168,13.7,7.7,39.6,25.3
18243,655,124633,3.4,19.5,44.4,16.5
18244,2209,94191,5.3,20.8,45.6,38.7
18245,2749,128857,3.8,20.3,46.0,18.2
18246,1659,72076,11.1,11.5,43.5,30.4
18247,4335,128845,6.3,22.5,38.6,32.6
18248,1463,127209,5.4,22.8,22.6,22.5
18249,4059,26080,8.8,21.4,27.8,32.2
18250,689,102333,10.4,19.7,36.0,32.3
18251,1849,74975,10.4,21.8,31.0,30.1
18252,640,143307,9.7,18.2,41.3,25.5
18253,2522,61018,14.9,24.3,23.5,18.1
18254,390,92651,13.3,17.6,48.3,30.1
18255,2190,110487,5.9,8.3,30.2,16.4
18256,4035,128424,12.1,8.7,35.5,19.4
18257,4058,98775,9.8,13.6,30.1,36.5
18258,3959,108360,3.8,19.4,44.0,16.2
18259,1355,36927,3.6,7.8,24.6,22.3
18260,107,25944,12.6,8.9,30.6,26.8
18261,1757,77420,9.5,6.5,38.5,31.0
18262,4678,44503,9.9,8.4,21.4,38.2
18263,4528,47456,7.0,9.4,38.3,36.6
18264,1356,35175,14.2,16.2,40.9,27.7
18265,4050,49930,11.6,12.8,48.5,29.0
18266,1139,28305,14.1,6.9,49.3,33.6
18267,2216,105881,4.2,8.2,27.8,27.9
18268,784,78947,10.0,15.4,40.1,33.6
18269,4118,125221,10.7,7.6,22.5,35.6
18270,1897,64537,4.5,19.6,41.6,23.6
18271,1924,135681,7.2,6.9,30.0,19.3
18272,3634,58136,5.6,8.8,26.4,22.6
18273,162,52562,14.8,22.5,20.5,24.7
18274,360,124496,9.5,15.7,35.8,38.3
18275,3671,141074,6.8,24.8,25.4,16.6
18276,3292,69953,11.0,8.0,37.4,36.1
18277,1588,101730,10.9,6.5,35.3,28.3
18278,1230,100624,7.2,6.5,38.6,17.6
18279,4375,114264,14.9,23.7,27.3,20.2
18280,454,76699,12.7,17.9,23.5,21.9
18281,2874,144487,7.8,11.7,43.5,25.8
18282,688,137772,10.9,12.7,49.7,39.4
18283,704,146003,11.5,19.0,31.4,17.4
18284,2328,108473,5.1,17.3,31.6,15.4
18285,273,44194,13.5,12.1,46.0,25.4
18286,453,105312,12.9,18.8,25.2,15.3
18287,3390,134528,12.1,11.9,30.4,17.4
18288,533,123415,5.7,14.0,28.4,24.6
18289,3052,110992,4.6,22.0,23.8,30.2
18290,358,107983,5.2,7.4,36.3,25.9
18291,967,78349,4.1,13.6,38.8,23.6
18292,2706,124696,14.3,6.8,46.4,32.3
18293,3745,108117,13.2,5.8,39.5,27.8
18294,695,86241,4.1,24.3,21.5,18.8
18295,493,123644,11.1,16.3,21.5,25.3
18296,4531,95551,5.9,24.5,21.8,38.6
18297,2210,60629,3.2,22.2,27.6,28.8
18298,3964,70251,6.5,24.7,27.5,22.8
18299,4239,38895,8.3,23.7,43.3,21.0
18300,2300,83549,3.2,22.6,21.5,22.5
18301,4097,139416,6.9,19.5,38.3,34.9
18302,3953,121032,11.4,19.7,37.9,29.5
18303,3854,120344,5.7,23.9,35.4,19.7
18304,4470,147707,8.8,24.5,20.7,19.4
18305,3529,145482,13.7,23.9,44.8,18.8
18306,4621,83918,3.3,14.7,31.3,34.8
18307,4678,142994,12.4,22.5,33.4,34.7
18308,313,37792,7.6,15.2,40.1,21.8
18309,2226,88406,9.5,16.3,39.9,23.4
18310,238,40430,5.8,21.5,28.3,34.8
18311,4293,64130,9.9,21.6,20.3,36.7
18312,4060,67500,11.8,21.5,44.2,21.1
18313,763,96844,5.4,21.6,42.7,21.5
18314,2932,94120,7.1,13.5,39.2,24.2
18315,1173,86397,9.8,15.6,48.0,35.0
18316,4674,146212,8.0,10.1,26.1,16.7
18317,4122,79455,6.5,14.3,23.1,36.0
18318,261,76078,8.4,24.2,50.0,34.9
18319,1600,56088,6.5,21.3,46.1,24.5
18320,3278,94055,6.6,12.3,21.2,21.5
18321,4590,137647,10.3,17.7,29.9,22.1
18322,4996,131091,8.7,10.1,35.5,32.5
18323,285,34597,11.1,9.1,38.8,29.3
18324,4753,130853,13.0,13.4,32.5,27.4
18325,2080,27013,14.3,8.4,22.6,33.8
18326,4641,123751,4.8,16.1,34.2,23.1
18327,4088,108640,10.5,13.5,36.4,33.1
18328,929,118979,10.0,7.8,29.4,29.2
18329,3619,38465,13.4,19.0,24.8,17.5
18330,3611,111013,13.8,19.4,35.5,38.0
18331,3428,90569,12.1,22.8,28.3,35.5
18332,3448,140184,10.1,19.2,27.2,19.0
18333,2585,52487,5.4,9.3,41.7,17.3
18334,4711,91939,6.3,18.3,36.8,22.1
18335,1325,28219,10.2,24.5,42.3,16.0
18336,4951,33077,4.7,22.0,33.4,37.4
18337,2944,27710,5.2,13.7,22.3,34.1
18338,2833,51178,13.9,18.9,34.8,38.0
18339,4520,71994,14.5,5.3,37.9,21.4
18340,4096,136181,3.1,9.4,43.3,16.2
18341,2770,123023,13.3,13.0,37.5,17.9
18342,4882,128974,14.3,13.2,43.9,17.8
18343,1598,37964,9.3,22.6,35.4,15.3
18344,1788,112138,8.4,24.8,38.4,18.8
18345,2547,53288,14.0,14.1,20.7,21.3
18346,967,55714,3.1,12.8,45.8,29.6
18347,4412,28602,13.1,7.6,25.0,39.7
18348,3108,113024,6.6,9.7,42.2,36.9
18349,3624,29096,10.7,7.8,33.3,22.0
18350,2112,125638,6.9,11.9,46.8,38.2
18351,339,96652,9.3,19.9,29.1,37.9
18352,147,106075,12.7,5.4,49.2,30.3
18353,4149,54610,5.2,22.4,42.1,32.8
18354,3557,91815,11.0,19.5,38.4,18.5
18355,3379,142933,13.8,12.4,48.2,31.1
18356,3328,128253,13.8,15.5,36.2,37.1
18357,1348,90585,13.7,7.2,30.9,25.2
18358,1267,63419,9.2,20.6,40.9,25.7
18359,3590,117776,12.2,20.6,27.3,15.4
18360,1997,67734,8.4,12.6,35.7,35.4
18361,3636,146898,8.5,10.2,46.8,30.1
18362,2279,143276,6.4,16.7,33.2,35.4
18363,4820,127350,6.4,11.5,32.7,22.8
18364,2070,106985,3.5,19.1,30.1,19.7
18365,4796,31539,9.4,19.3,39.7,34.7
18366,2820,46754,6.7,24.6,28.0,26.5
18367,2481,29223,5.3,12.1,44.2,26.0
18368,2043,52320,4.5,6.1,39.0,38.4
18369,3246,74339,7.2,22.7,48.7,31.5
18370,3583,30302,13.8,5.2,47.7,28.8
18371,3796,88046,9.2,14.0,29.5,32.1
18372,2925,136169,9.7,10.1,44.7,23.9
18373,1927,119151,3.7,13.2,21.6,26.8
18374,322,109808,9.2,8.5,29.8,20.1
18375,1846,46241,11.0,18.5,43.1,34.2
18376,629,58434,4.8,16.2,22.2,20.7
18377,233,81731,14.8,13.1,37.9,30.2
18378,3903,66892,14.0,18.3,42.8,32.3
18379,4586,55798,14.9,6.7,41.2,29.3
18380,201,30138,7.3,22.2,43.3,23.7
18381,3823,139141,12.9,14.1,24.9,37.7
18382,2828,149850,6.9,17.3,29.5,38.8
18383,2645,127156,12.0,10.5,42.8,35.6
18384,2658,94676,14.4,24.4,37.6,34.7
18385,3141,73901,4.9,14.0,22.6,27.1
18386,2100,38533,4.7,8.7,47.7,20.7
18387,1048,133672,4.3,8.2,25.1,15.5
18388,1668,58385,12.6,10.6,37.8,35.9
18389,2153,136354,11.0,20.5,26.2,33.7
18390,3105,104480,9.3,11.2,44.5,23.0
18391,293,122509,12.3,6.6,37.5,24.5
18392,841,74944,13.2,13.9,32.3,20.2
18393,4006,83594,14.4,9.3,42.0,30.4
18394,3059,102721,5.4,23.4,30.5,24.4
18395,4668,92980,8.3,12.5,20.1,24.7
18396,2363,35514,14.1,11.3,22.7,25.8
18397,3520,45617,8.5,14.0,21.8,31.9
18398,3023,26350,8.9,5.6,26.6,35.0
18399,3354,117942,14.3,15.6,47.3,21.2
18400,3339,72318,11.8,24.7,25.6,20.3
18401,3965,109195,9.6,11.9,37.5,25.3
18402,137,113170,7.3,23.7,43.6,28.5
18403,1798,76358,14.0,7.4,42.2,30.0
18404,4666,125221,3.1,16.8,29.8,20.0
18405,4126,86178,6.9,8.4,34.3,33.9
18406,3313,100805,14.4,22.6,22.3,18.9
18407,1883,83465,9.0,19.5,22.9,31.8
18408,2066,25608,10.5,22.5,27.4,32.5
18409,202,115880,9.4,18.8,24.5,17.2
18410,141,140471,7.8,18.4,22.0,15.1
18411,3094,101657,11.0,15.6,27.8,19.5
18412,3318,73650,12.2,15.9,36.0,33.4
18413,3090,64834,7.4,20.7,26.3,23.9
18414,4388,125693,10.1,16.5,28.4,34.0
18415,3469,25167,4.0,13.7,44.7,36.1
18416,1161,73338,9.6,19.2,42.5,30.8
18417,2649,144467,12.0,24.3,20.9,21.0
18418,1776,64543,10.0,23.2,22.4,34.7
18419,3789,28256,13.5,11.5,47.8,18.8
18420,4097,27479,6.4,12.7,30.8,39.7
18421,425,114511,8.9,24.1,20.7,33.4
18422,1220,86478,4.0,9.7,31.7,19.0
18423,207,66939,11.4,7.6,42.9,23.2
18424,2778,52010,8.3,14.5,47.1,22.3
18425,434,126120,9.4,13.9,41.0,33.6
18426,2139,33982,4.5,16.0,28.2,39.1
18427,903,136333,15.0,5.6,49.6,16.0
18428,1948,75626,12.3,9.1,24.6,23.3
18429,866,82277,7.8,21.1,31.1,26.7
18430,3627,134682,9.8,12.2,30.7,27.3
18431,2406,127305,10.4,23.3,34.8,35.2
18432,2929,101176,14.5,16.4,23.5,26.7
18433,1588,130775,12.2,5.4,38.4,37.4
18434,4229,135170,7.2,24.6,39.1,29.5
18435,3666,98276,14.7,11.3,33.6,24.4
18436,2473,50702,6.6,12.4,22.9,17.1
18437,936,84094,9.9,23.2,42.8,29.2
18438,3409,86541,11.4,22.6,47.8,26.4
18439,3712,129330,6.3,18.7,30.6,31.3
18440,4934,46134,14.5,5.2,27.1,25.1
18441,2891,36353,5.6,5.1,48.6,26.7
18442,4312,101917,8.3,8.6,24.2,32.1
18443,4083,130610,5.2,20.3,34.4,38.8
18444,3868,40238,13.5,21.7,40.8,32.1
18445,1604,87766,5.7,9.5,21.3,27.2
18446,2550,132247,3.4,6.6,44.3,35.5
18447,3144,71596,3.5,13.5,40.1,22.6
18448,2133,108152,8.0,23.6,42.4,31.2
18449,1799,39422,9.3,15.5,26.3,21.9
18450,2380,145769,3.5,19.7,28.1,27.5
18451,1407,132354,4.1,19.2,49.9,20.6
18452,2627,144102,4.2,22.1,30.8,19.1
18453,3938,143548,11.0,24.7,20.7,29.1
18454,1075,54638,6.6,24.6,30.6,17.2
18455,2156,72990,9.8,15.8,31.4,24.9
18456,4910,95264,3.9,11.7,46.5,37.7
18457,2526,89756,13.7,20.8,28.3,33.0
18458,3774,86285,6.7,19.1,43.8,18.5
18459,2528,87553,12.3,20.7,23.3,32.5
18460,3833,49029,12.9,11.0,35.3,20.2
18461,459,76851,14.9,16.7,32.2,34.5
18462,2323,130583,11.9,8.7,29.8,30.8
18463,584,82226,8.3,9.4,43.3,26.9
18464,1528,144733,4.8,12.4,38.1,21.1
18465,2180,43384,3.6,19.2,48.5,26.5
18466,795,55089,13.6,11.1,30.8,27.1
18467,4760,112926,8.4,11.6,23.7,33.9
18468,301,58007,12.0,21.0,27.1,26.3
18469,3957,114359,9.0,23.3,40.5,26.8
18470,1298,92726,13.6,21.8,39.7,36.5
18471,1367,138593,12.0,8.7,38.9,38.0
18472,3070,88182,4.0,14.2,41.6,31.5
18473,173,143902,12.0,19.1,23.2,19.2
18474,195,62459,6.2,19.2,28.7,20.1
18475,4368,90411,12.3,12.9,37.2,31.4
18476,3577,27015,14.4,13.4,33.1,28.5
18477,2302,112290,14.2,16.5,35.2,36.3
18478,357,107082,4.5,18.6,26.4,35.1
18479,3758,78901,3.7,6.5,38.3,38.1
18480,4525,131845,12.3,17.9,30.1,18.1
18481,2906,25030,11.5,15.2,44.0,24.2
18482,4356,31601,5.1,5.8,37.6,19.1
18483,285,49389,11.2,6.2,49.9,28.6
18484,242,68098,3.2,9.0,37.8,16.5
18485,3453,109095,10.6,12.1,21.6,31.3
18486,739,76978,13.0,20.2,26.5,38.2
18487,3849,143307,10.7,11.3,27.6,39.3
18488,2174,111985,3.8,20.3,20.8,36.4
18489,4068,42231,14.9,15.0,47.6,17.9
18490,301,74943,7.3,9.2,38.8,26.2
18491,3192,49276,7.6,20.5,44.4,30.6
18492,3265,140196,4.0,19.4,37.6,25.0
18493,3179,146767,5.0,5.7,45.7,15.4
18494,4667,119952,6.3,19.7,38.8,25.7
18495,2202,70795,12.6,18.4,22.5,34.1
18496,1010,88344,11.3,12.5,20.9,16.1
18497,1671,98513,10.0,17.6,33.3,16.9
18498,3548,127636,13.4,8.0,39.3,28.7
18499,2259,39294,15.0,16.8,45.4,23.6
18500,4425,87996,7.6,8.5,46.9,28.7
